"Time_Iter","Outer_Iter","Inner_Iter",    "rms[Rho]"    ,    "rms[RhoU]"   ,    "rms[RhoV]"   ,    "rms[RhoE]"   
          0,           0,           0,       -2.82181759,     -0.9466002197,     -0.2858390826,       2.657591458
          0,           0,           1,      -2.962760929,      -1.200176388,     -0.2369313952,        2.51957171
          0,           0,           2,      -3.066944673,      -1.191808141,      -0.739484283,       2.414149971
          0,           0,           3,      -3.220884249,      -1.248499745,     -0.7249479111,       2.258815645
          0,           0,           4,      -3.517342271,      -1.473820349,       -1.01748819,       1.963593084
          0,           0,           5,      -3.571732325,      -1.591385424,     -0.9692330292,       1.908904519
          0,           0,           6,      -3.832122242,      -1.877767793,      -1.171344166,       1.649369118
          0,           0,           7,      -4.011073888,      -2.016543818,      -1.478502424,       1.467735862
          0,           0,           8,      -4.152060763,      -2.197049463,      -1.601037487,       1.329543812
          0,           0,           9,      -4.610234722,      -2.284880552,      -2.144399796,      0.8632403388
          0,           0,          10,      -4.943894164,      -2.335697714,      -2.397990759,      0.5398339648
          0,           0,          11,       -4.76467931,      -2.387227843,      -2.258393732,      0.7198713215
          0,           0,          12,       -5.25978495,      -2.399609335,      -2.586697817,      0.2233403846
          0,           0,          13,      -5.146375648,      -2.410862981,       -2.53476726,      0.3370835315
          0,           0,          14,      -5.033535666,      -2.431554848,      -2.451183912,      0.4502115576
          0,           0,          15,      -4.959015975,      -2.463368083,      -2.413002579,      0.5235707972
          0,           0,          16,      -5.358508662,       -2.46737693,      -2.736075544,      0.1257078237
          0,           0,          17,      -5.265408629,       -2.47665216,      -2.673421202,      0.2175355752
          0,           0,          18,      -5.183414737,      -2.493031067,      -2.617287079,      0.2983477684
          0,           0,          19,      -5.136625977,      -2.517684895,      -2.614271274,      0.3442534443
          0,           0,          20,      -5.473525984,      -2.522139847,       -2.86093685,     0.00564910913
          0,           0,          21,       -5.39428392,      -2.528082171,      -2.809136105,     0.08506230845
          0,           0,          22,       -5.32387872,      -2.539500762,      -2.763027366,      0.1563298407
          0,           0,          23,       -5.27497494,      -2.559216763,      -2.753177345,      0.2060016154
          0,           0,          24,      -5.556438346,      -2.561719476,      -2.943281295,    -0.07687019644
          0,           0,          25,      -5.505343751,      -2.567693222,      -2.906977362,    -0.02596242003
          0,           0,          26,      -5.414307768,      -2.577616411,      -2.838748971,     0.06675973823
          0,           0,          27,      -5.342174928,      -2.595460633,      -2.802397456,       0.139794348
          0,           0,          28,      -5.384894901,      -2.612702857,       -2.83939069,     0.09716904833
          0,           0,          29,      -5.273839421,      -2.642292862,      -2.784695491,      0.2082414814
          0,           0,          30,      -5.162478772,      -2.688777357,      -2.701923709,      0.3194568998
          0,           0,          31,       -5.56989608,      -2.697007266,      -2.961072394,    -0.09079933514
          0,           0,          32,      -5.516058633,       -2.70722038,       -2.93693244,    -0.03500364388
          0,           0,          33,       -5.44237654,      -2.726407051,      -2.915416801,     0.03915622245
          0,           0,          34,      -5.744653152,      -2.727484086,      -3.120545421,      -0.263792699
          0,           0,          35,      -5.655949508,      -2.731468546,      -3.048369344,      -0.175066446
          0,           0,          36,      -5.585386088,      -2.739714344,      -3.003142129,     -0.1045272544
          0,           0,          37,      -5.616325228,      -2.747079494,      -3.036714865,     -0.1351905094
          0,           0,          38,        -5.6457361,       -2.75454128,      -3.068557606,     -0.1645436857
          0,           0,          39,      -5.673822451,      -2.761923511,      -3.099661035,     -0.1926290336
          0,           0,          40,      -5.703196157,      -2.769163013,      -3.130366176,     -0.2220507837
          0,           0,          41,      -5.731306649,      -2.776162693,      -3.157499693,     -0.2502131063
          0,           0,          42,      -5.753824894,       -2.78285776,      -3.177696258,     -0.2727394738
          0,           0,          43,      -5.769795765,      -2.789257403,      -3.191499544,     -0.2886216797
          0,           0,          44,      -5.781101705,      -2.795443131,      -3.202057133,     -0.2997399631
          0,           0,          45,      -5.791066708,      -2.801528658,      -3.213144947,     -0.3094646718
          0,           0,          46,      -5.712482756,       -2.81377907,      -3.179230651,     -0.2303582712
          0,           0,          47,      -5.991359018,      -2.814328028,      -3.392021078,     -0.5090815163
          0,           0,          48,      -5.935566152,      -2.816657568,      -3.342212015,     -0.4535809281
          0,           0,          49,      -5.875218017,      -2.822101242,      -3.296069695,     -0.3931500967
          0,           0,          50,      -5.811331106,      -2.832048769,      -3.274780487,     -0.3291025448
          0,           0,          51,      -5.846612171,      -2.841073065,      -3.311603609,     -0.3639727242
          0,           0,          52,      -5.715712097,      -2.858020461,      -3.256891413,     -0.2332107879
          0,           0,          53,      -6.042062956,      -2.859152651,      -3.423539412,     -0.5617666534
          0,           0,          54,      -5.966284132,       -2.86154357,      -3.368197003,       -0.48361775
          0,           0,          55,      -5.894644848,      -2.868761344,       -3.33667194,     -0.4117753342
          0,           0,          56,      -6.136897194,      -2.869090032,      -3.525937833,     -0.6516919253
          0,           0,          57,      -6.056861562,      -2.871107646,      -3.452450065,     -0.5726956232
          0,           0,          58,      -5.974011419,      -2.875791641,      -3.395029041,     -0.4908138132
          0,           0,          59,      -5.992803047,      -2.879979191,      -3.417955325,     -0.5092902265
          0,           0,          60,      -5.918710786,      -2.888387929,      -3.389888981,     -0.4351547176
          0,           0,          61,      -6.198467552,      -2.888744798,      -3.588576802,     -0.7130626447
          0,           0,          62,      -6.129311864,      -2.890227502,      -3.528446239,     -0.6435130116
          0,           0,          63,      -6.068505089,      -2.894814283,      -3.492131884,     -0.5834189386
          0,           0,          64,      -5.981829801,       -2.90296824,      -3.461095374,     -0.4968754329
          0,           0,          65,      -6.253402617,      -2.902998579,      -3.640709479,     -0.7652726392
          0,           0,          66,      -6.175703841,      -2.904534159,      -3.574987156,     -0.6881968156
          0,           0,          67,       -6.11807723,      -2.908955224,      -3.543495402,     -0.6310294251
          0,           0,          68,      -6.022495591,       -2.91693721,      -3.505018461,     -0.5362263485
          0,           0,          69,      -6.285037381,      -2.917054909,      -3.685355651,     -0.7952455631
          0,           0,          70,       -6.21761543,      -2.918547063,      -3.625730001,     -0.7284989875
          0,           0,          71,      -6.159329004,      -2.922832172,      -3.590642933,     -0.6708179367
          0,           0,          72,      -6.070127743,      -2.930694457,       -3.56390963,     -0.5825113732
          0,           0,          73,      -6.338868718,      -2.930953939,      -3.731582778,     -0.8482281854
          0,           0,          74,      -6.267981784,      -2.932210581,      -3.673438933,     -0.7768774315
          0,           0,          75,      -6.221413854,      -2.936280668,      -3.655219546,     -0.7299895573
          0,           0,          76,      -6.127632746,       -2.94395775,      -3.641606651,     -0.6376161684
          0,           0,          77,       -6.39249447,      -2.944111366,      -3.782542758,     -0.8977132492
          0,           0,          78,      -6.308303286,      -2.945343435,      -3.712869635,     -0.8145692265
          0,           0,          79,      -6.246256748,      -2.949328454,      -3.686425431,     -0.7533921431
          0,           0,          80,      -6.132917658,      -2.956845801,       -3.65108333,     -0.6427881586
          0,           0,          81,      -6.418950858,      -2.956977129,      -3.818125422,     -0.9213492169
          0,           0,          82,      -6.338162394,      -2.958150902,      -3.747981443,     -0.8422190465
          0,           0,          83,      -6.258103324,      -2.962128332,      -3.702860208,     -0.7649683757
          0,           0,          84,      -6.263004811,      -2.965689247,      -3.711327842,     -0.7700272646
          0,           0,          85,      -6.278249725,       -2.96902044,      -3.726543904,     -0.7842148212
          0,           0,          86,       -6.29162723,      -2.972371155,      -3.740341523,     -0.7967130829
          0,           0,          87,      -6.161895472,      -2.979507984,      -3.677969942,     -0.6709307178
          0,           0,          88,      -6.474155843,        -2.9794971,      -3.876303156,      -0.971345617
          0,           0,          89,      -6.403934188,      -2.980657111,      -3.818238606,     -0.9027773837
          0,           0,          90,      -6.327203404,       -2.98454219,      -3.779062776,     -0.8295828248
          0,           0,          91,      -6.180478001,      -2.991681808,      -3.699497215,     -0.6889496018
          0,           0,          92,      -6.494470807,      -2.991615118,      -3.906328194,     -0.9897724128
          0,           0,          93,      -6.432298839,      -2.992725927,      -3.852679717,      -0.928628417
          0,           0,          94,      -6.361219679,      -2.996600294,       -3.81712104,     -0.8613791987
          0,           0,          95,      -6.221173199,      -3.003682316,      -3.754083277,     -0.7279634145
          0,           0,          96,      -6.534668742,      -3.003605835,      -3.943609901,      -1.027086136
          0,           0,          97,      -6.467837882,      -3.004631678,      -3.889226805,      -0.961176361
          0,           0,          98,      -6.414966332,       -3.00843286,      -3.879481798,       -0.91054112
          0,           0,          99,      -6.272118572,      -3.015445745,      -3.835065711,     -0.7760982018
          0,           0,         100,      -6.581943734,       -3.01531703,      -3.993047997,      -1.068781628
          0,           0,         101,       -6.50362498,       -3.01631878,      -3.928561737,     -0.9933915733
          0,           0,         102,      -6.444319978,      -3.020075511,      -3.918802335,     -0.9375435006
          0,           0,         103,      -6.280590134,      -3.027012736,      -3.847214051,      -0.784781326
          0,           0,         104,      -6.606654219,      -3.026862265,       -4.02537591,      -1.090654551
          0,           0,         105,      -6.527196043,      -3.027825609,      -3.957249069,      -1.014831303
          0,           0,         106,      -6.447335231,      -3.031565625,      -3.923268551,     -0.9416053718
          0,           0,         107,      -6.265865112,      -3.038416375,      -3.814104213,      -0.772059814
          0,           0,         108,      -6.624542432,      -3.038226223,      -4.046713543,      -1.106874646
          0,           0,         109,      -6.557846741,      -3.039162709,      -3.992269965,      -1.042093979
          0,           0,         110,       -6.46619082,      -3.042900731,      -3.947053903,     -0.9596001826
          0,           0,         111,      -6.267458476,       -3.04967939,        -3.8090849,     -0.7744797067
          0,           0,         112,      -6.639090358,      -3.049414391,      -4.069033171,      -1.119903533
          0,           0,         113,      -6.583553952,      -3.050358219,      -4.023165887,      -1.064917804
          0,           0,         114,      -6.486268705,       -3.05410902,      -3.971431015,     -0.9787566967
          0,           0,         115,      -6.285960967,      -3.060850952,      -3.831019315,     -0.7928852677
          0,           0,         116,      -6.652836901,      -3.060530712,       -4.08753609,      -1.133286923
          0,           0,         117,      -6.597782276,      -3.061453795,      -4.040141421,       -1.07853878
          0,           0,         118,      -6.515213058,       -3.06520254,      -4.005137303,      -1.005814569
          0,           0,         119,      -6.325341463,      -3.071929711,      -3.890394736,      -0.830877023
          0,           0,         120,       -6.36957605,      -3.077686146,      -3.961141375,      -0.872798754
          0,           0,         121,       -6.12874805,      -3.089348692,      -3.769927553,     -0.6419033181
          0,           0,         122,      -6.558486664,      -3.088490804,      -4.009395112,      -1.059431964
          0,           0,         123,      -6.568616817,      -3.090118258,      -4.047428965,      -1.058469328
          0,           0,         124,      -6.421332952,       -3.09574409,      -3.969747554,     -0.9244536029
          0,           0,         125,      -6.745302683,      -3.095598459,      -4.188109961,      -1.216017951
          0,           0,         126,      -6.672011073,      -3.096677311,      -4.122003009,      -1.147808562
          0,           0,         127,      -6.563739335,      -3.100331623,      -4.068461787,      -1.054982326
          0,           0,         128,      -6.349933787,      -3.106989691,      -3.914890125,     -0.8581872963
          0,           0,         129,      -6.742431974,      -3.106457332,       -4.19638615,      -1.216887447
          0,           0,         130,       -6.68486177,       -3.10730629,      -4.144886905,      -1.159385146
          0,           0,         131,      -6.592048603,      -3.111091502,      -4.107815779,      -1.081688616
          0,           0,         132,       -6.35649384,      -3.117743678,       -3.92043891,     -0.8655566055
          0,           0,         133,      -6.752389548,      -3.117135462,      -4.210371759,       -1.22688645
          0,           0,         134,      -6.699139892,      -3.117983768,      -4.164578358,      -1.173027602
          0,           0,         135,      -6.615052296,      -3.121791662,      -4.139857172,      -1.103688628
          0,           0,         136,      -6.372737058,      -3.128436528,      -3.940348967,     -0.8820950416
          0,           0,         137,      -6.757926207,      -3.127791101,      -4.220711498,      -1.234068778
          0,           0,         138,       -6.70475659,      -3.128636091,       -4.17297494,      -1.180231152
          0,           0,         139,      -6.629830577,      -3.132436331,      -4.157018482,      -1.118780659
          0,           0,         140,      -6.396279134,      -3.139084888,      -3.974285105,     -0.9056544496
          0,           0,         141,      -6.437441594,      -3.144590983,      -4.045682532,     -0.9455961077
          0,           0,         142,      -6.188315469,       -3.15596322,      -3.819264658,      -0.704908644
          0,           0,         143,       -6.62052242,      -3.154536341,      -4.095736467,      -1.125174524
          0,           0,         144,      -6.767321761,      -3.153746045,      -4.210425785,      -1.238919388
          0,           0,         145,      -6.769675345,      -3.155496937,      -4.238534692,      -1.238480546
          0,           0,         146,      -6.618368936,      -3.159529827,      -4.141330014,      -1.116049325
          0,           0,         147,      -6.404836669,      -3.166143394,      -3.977745585,     -0.9174594916
          0,           0,         148,      -6.819042888,      -3.165308873,       -4.30203737,      -1.294722738
          0,           0,         149,      -6.859444017,      -3.164955987,       -4.31401972,      -1.308777309
          0,           0,         150,      -6.834230096,      -3.166885356,      -4.318371164,      -1.292266744
          0,           0,         151,      -6.641849169,      -3.170867256,      -4.176485307,      -1.139375822
          0,           0,         152,      -6.414611158,      -3.177426211,      -3.989473167,     -0.9278772619
          0,           0,         153,      -6.832880301,      -3.176536334,      -4.321713345,      -1.308208504
          0,           0,         154,      -6.790454642,      -3.177340649,      -4.283847166,      -1.261973816
          0,           0,         155,      -6.705011468,      -3.181250154,      -4.271686576,      -1.196620046
          0,           0,         156,      -6.431143592,      -3.187904906,      -4.011633351,     -0.9448846257
          0,           0,         157,      -6.837262305,      -3.186992488,      -4.327822829,      -1.314975153
          0,           0,         158,      -6.872274356,      -3.186611135,      -4.335307511,      -1.324683672
          0,           0,         159,      -6.869643652,      -3.188555827,      -4.373089307,      -1.326095822
          0,           0,         160,      -6.682426349,      -3.192544217,      -4.235189385,      -1.179864477
          0,           0,         161,       -6.44649771,      -3.199088455,      -4.031139199,     -0.9607217794
          0,           0,         162,      -6.236179068,      -3.210418403,      -3.866576159,      -0.755540718
          0,           0,         163,      -6.665847468,      -3.208529682,      -4.157009097,      -1.173884515
          0,           0,         164,      -6.833634914,      -3.207674508,      -4.293797926,      -1.304118832
          0,           0,         165,      -6.855193856,      -3.209510785,      -4.352422285,      -1.322456996
          0,           0,         166,      -6.669603805,      -3.213623812,      -4.205809569,      -1.173178467
          0,           0,         167,      -6.447704803,      -3.220229532,      -4.021582967,     -0.9644672038
          0,           0,         168,       -6.86985757,      -3.219173627,      -4.372963546,      -1.351707793
          0,           0,         169,      -6.920665042,      -3.218744012,      -4.390773405,      -1.370924067
          0,           0,         170,      -6.911156937,      -3.220726279,      -4.423877489,      -1.369977938
          0,           0,         171,      -6.702209028,      -3.224775912,      -4.256273508,       -1.20518616
          0,           0,         172,      -6.468929826,      -3.231349294,      -4.055345484,     -0.9861021358
          0,           0,         173,      -6.888734843,      -3.230240388,      -4.400125615,      -1.369813774
          0,           0,         174,      -6.933811254,      -3.229798874,      -4.411254823,      -1.383779996
          0,           0,         175,      -6.934164497,      -3.231795704,      -4.462650505,       -1.39114805
          0,           0,         176,      -6.736306984,      -3.235855315,       -4.31424549,      -1.238474344
          0,           0,         177,      -6.488077731,      -3.242419145,      -4.084094704,      -1.005753067
          0,           0,         178,      -6.900614278,      -3.241287366,      -4.417603719,      -1.382725945
          0,           0,         179,      -6.943525399,      -3.240845813,      -4.426069872,       -1.39490753
          0,           0,         180,      -6.953993244,      -3.242827236,      -4.499403842,      -1.410215756
          0,           0,         181,      -6.749827143,      -3.246874569,        -4.3346167,      -1.252853612
          0,           0,         182,      -6.493989104,       -3.25342306,      -4.085326244,      -1.012364545
          0,           0,         183,      -6.907199124,      -3.252282554,      -4.425982484,      -1.391195086
          0,           0,         184,      -6.954266154,      -3.251837886,       -4.43819241,      -1.406713988
          0,           0,         185,      -6.962040398,      -3.253809237,      -4.507519306,      -1.420638179
          0,           0,         186,      -6.748745707,      -3.257844604,      -4.323129058,      -1.253881874
          0,           0,         187,      -6.500750205,      -3.264383221,      -4.089542801,      -1.019863567
          0,           0,         188,      -6.918835756,      -3.263215727,      -4.439302043,      -1.403934981
          0,           0,         189,      -6.969177268,      -3.262758978,      -4.454351067,      -1.421381683
          0,           0,         190,      -7.033619608,      -3.263383564,      -4.527338456,      -1.463556323
          0,           0,         191,       -7.00716479,       -3.26568989,      -4.563305514,      -1.463923771
          0,           0,         192,      -6.726272144,      -3.269563225,      -4.285563327,      -1.235103374
          0,           0,         193,      -6.528985778,      -3.276043674,      -4.137293161,      -1.048617286
          0,           0,         194,      -6.945413493,       -3.27485328,       -4.47941469,      -1.429629168
          0,           0,         195,      -6.996055367,      -3.274409452,      -4.489707742,      -1.445699274
          0,           0,         196,      -6.999325401,      -3.276366898,      -4.565172276,      -1.457863945
          0,           0,         197,      -6.789223261,      -3.280381801,      -4.391651817,       -1.29571304
          0,           0,         198,      -7.045606198,      -3.280237354,      -4.583879881,      -1.504434559
          0,           0,         199,      -7.072232553,      -3.280388884,       -4.58061671,      -1.507518988
          0,           0,         200,      -7.006931911,      -3.282230726,      -4.575617761,      -1.468767468
          0,           0,         201,      -6.797898273,      -3.286045611,      -4.405730574,      -1.303922001
          0,           0,         202,      -7.062255288,      -3.285874652,      -4.613339984,      -1.516818929
          0,           0,         203,      -7.092039069,      -3.286044495,       -4.61245454,      -1.522017568
          0,           0,         204,      -7.025251598,      -3.287916678,      -4.609631621,      -1.484654416
          0,           0,         205,      -6.801778466,      -3.291723841,      -4.409164453,        -1.3082929
          0,           0,         206,      -7.068165047,      -3.291549232,      -4.621313487,       -1.52313014
          0,           0,         207,      -7.097876721,      -3.291714075,      -4.620367022,      -1.528192572
          0,           0,         208,      -7.030328352,      -3.293577641,      -4.615841377,       -1.49038849
          0,           0,         209,       -6.80541097,      -3.297374496,       -4.41047439,      -1.312414208
          0,           0,         210,      -7.073673663,      -3.297201216,      -4.627405598,      -1.529259573
          0,           0,         211,      -7.104117054,      -3.297366236,      -4.627506757,      -1.534902425
          0,           0,         212,      -7.034158382,      -3.299221997,      -4.618481563,      -1.495394039
          0,           0,         213,      -6.811088331,      -3.303005149,      -4.417041486,      -1.318528734
          0,           0,         214,       -7.08307158,      -3.302827698,      -4.641314325,      -1.538321166
          0,           0,         215,      -7.115588798,      -3.302991377,      -4.644014959,      -1.545057346
          0,           0,         216,      -7.046113438,      -3.304841869,      -4.639565112,      -1.506574145
          0,           0,         217,       -6.82325919,      -3.308614774,      -4.439334845,      -1.330788946
          0,           0,         218,      -7.097534492,      -3.308432847,      -4.666539548,      -1.551242324
          0,           0,         219,      -7.131603334,       -3.30859505,      -4.669560582,      -1.558280561
          0,           0,         220,      -7.063497143,      -3.310437497,       -4.67504109,        -1.5218565
          0,           0,         221,      -6.836784639,      -3.314200334,       -4.46574247,      -1.344341712
          0,           0,         222,      -6.584446128,      -3.320665045,      -4.211112262,      -1.106191156
          0,           0,         223,      -7.016266907,      -3.319453983,      -4.581841372,      -1.500940831
          0,           0,         224,        -7.0771539,      -3.318999474,      -4.598846301,      -1.520714651
          0,           0,         225,      -7.146366992,      -3.319567328,      -4.697655419,      -1.563574726
          0,           0,         226,      -7.123206877,      -3.321771186,      -4.814575877,      -1.573110287
          0,           0,         227,      -7.208662202,      -3.322397584,      -4.831903882,      -1.629483717
          0,           0,         228,      -7.190821375,      -3.322995249,      -4.767061558,      -1.613200472
          0,           0,         229,      -7.019636702,      -3.324756037,      -4.590543303,      -1.496882762
          0,           0,         230,      -6.817717898,      -3.328327377,      -4.414757706,       -1.32844391
          0,           0,         231,      -7.124017531,      -3.328088524,       -4.71440667,       -1.57687737
          0,           0,         232,      -7.173648185,      -3.328240298,      -4.740095596,      -1.592995613
          0,           0,         233,      -7.213484488,      -3.328878635,      -4.810618308,      -1.615645281
          0,           0,         234,      -7.099067392,      -3.330924291,      -4.742409475,      -1.560157149
          0,           0,         235,      -7.199716172,      -3.331444799,      -4.806528412,      -1.626031605
          0,           0,         236,      -7.194876801,      -3.331995372,      -4.769137234,       -1.61684048
          0,           0,         237,      -7.199802467,      -3.332635629,      -4.777247947,      -1.617324531
          0,           0,         238,      -7.057139647,      -3.334496896,      -4.650791864,      -1.528864571
          0,           0,         239,      -7.194412157,      -3.334925731,      -4.795548708,      -1.620889617
          0,           0,         240,      -7.209208097,      -3.335451682,      -4.798369308,      -1.623600064
          0,           0,         241,      -7.223293163,      -3.336127137,       -4.82601287,      -1.631274289
          0,           0,         242,      -7.082865132,      -3.338042193,      -4.703455847,      -1.550458668
          0,           0,         243,      -6.844924088,      -3.341666811,      -4.461518045,      -1.356165775
          0,           0,         244,      -6.614349751,      -3.348064226,      -4.248519195,      -1.137543522
          0,           0,         245,       -7.04474687,      -3.346828046,      -4.619294701,      -1.532143392
          0,           0,         246,      -7.108546638,      -3.346371649,       -4.63863177,      -1.553730014
          0,           0,         247,      -7.179086262,      -3.346924962,       -4.74486691,      -1.598156856
          0,           0,         248,      -7.255245643,      -3.347836556,       -4.88538501,      -1.653218708
          0,           0,         249,      -7.109595575,      -3.349965513,      -4.760921386,      -1.579730066
          0,           0,         250,      -7.210854172,      -3.350450296,      -4.828586281,      -1.646612484
          0,           0,         251,      -7.214169618,      -3.350934165,      -4.804245725,      -1.639683441
          0,           0,         252,       -7.23273825,      -3.351523374,      -4.841426223,      -1.646880925
          0,           0,         253,      -7.256540195,      -3.352197686,      -4.897524709,      -1.660267386
          0,           0,         254,      -7.108409608,      -3.354102072,      -4.754628515,      -1.576734869
          0,           0,         255,      -7.234202456,      -3.354549216,      -4.883085968,      -1.658699079
          0,           0,         256,      -7.244724007,      -3.355073648,       -4.86947829,      -1.658331428
          0,           0,         257,      -7.253846991,      -3.355725868,      -4.888517091,      -1.662306501
          0,           0,         258,      -7.101716372,       -3.35760485,      -4.733636933,      -1.572903571
          0,           0,         259,      -7.232093919,      -3.358033516,      -4.870933694,      -1.658656655
          0,           0,         260,      -7.244392755,       -3.35854883,       -4.86408436,      -1.659104146
          0,           0,         261,      -7.256642418,      -3.359203114,       -4.89114022,      -1.665113061
          0,           0,         262,      -7.267607183,      -3.359922008,      -4.917764985,      -1.672879053
          0,           0,         263,       -7.10657357,      -3.361816557,      -4.741582896,      -1.578573667
          0,           0,         264,      -6.861412258,      -3.365394577,      -4.475124246,      -1.375151382
          0,           0,         265,      -7.164842481,      -3.365117231,      -4.774082333,      -1.622295771
          0,           0,         266,      -7.215626939,      -3.365241016,      -4.802848196,      -1.638181803
          0,           0,         267,      -7.259325546,      -3.365855887,      -4.893160042,      -1.663333215
          0,           0,         268,      -7.291579587,      -3.366665655,      -4.973830934,      -1.688102553
          0,           0,         269,      -7.126947119,      -3.368659517,      -4.785276727,      -1.598619123
          0,           0,         270,      -7.239082927,      -3.369103146,      -4.879670851,      -1.672041375
          0,           0,         271,      -7.246392335,      -3.369591447,      -4.861089364,      -1.668246166
          0,           0,         272,      -7.262551343,      -3.370203548,      -4.897546218,      -1.675184321
          0,           0,         273,      -7.280750695,      -3.370892489,      -4.945108728,        -1.6862335
          0,           0,         274,      -7.130725968,      -3.372778413,      -4.792452793,      -1.601233738
          0,           0,         275,      -7.256620679,      -3.373209477,      -4.925117625,      -1.682984148
          0,           0,         276,      -7.268898941,      -3.373721323,       -4.91462985,      -1.683238403
          0,           0,         277,      -7.281185867,      -3.374364175,       -4.94542878,      -1.689051555
          0,           0,         278,      -7.292884792,      -3.375069679,      -4.978765029,      -1.697006933
          0,           0,         279,      -7.134220336,      -3.376943542,      -4.798436507,      -1.605875261
          0,           0,         280,      -7.262189597,      -3.377362294,      -4.937374642,      -1.688822837
          0,           0,         281,      -7.276200014,      -3.377864545,      -4.931071554,      -1.689656123
          0,           0,         282,      -7.289831145,      -3.378503987,      -4.967362311,      -1.696139278
          0,           0,         283,      -7.301791366,      -3.379210754,       -5.00348544,      -1.704388974
          0,           0,         284,      -7.141009342,      -3.381085276,      -4.811473908,      -1.612687848
          0,           0,         285,      -7.267819703,      -3.381505968,      -4.948688068,      -1.694770164
          0,           0,         286,      -7.281134014,      -3.382007675,      -4.939477006,      -1.695149867
          0,           0,         287,       -7.29371347,      -3.382643853,      -4.973070515,      -1.700971197
          0,           0,         288,      -7.304887643,      -3.383346668,      -5.006822349,      -1.708716235
          0,           0,         289,      -7.142045943,      -3.385215803,      -4.807718996,      -1.614945092
          0,           0,         290,      -7.270096546,      -3.385634944,       -4.94868543,      -1.698389357
          0,           0,         291,       -7.28395545,      -3.386135131,      -4.941115693,      -1.699152244
          0,           0,         292,      -7.296393369,      -3.386769677,      -4.974224422,      -1.704973558
          0,           0,         293,      -7.307317886,      -3.387470668,      -5.007173472,      -1.712654239
          0,           0,         294,      -7.309595735,      -3.388192722,      -5.014242164,      -1.716024872
          0,           0,         295,      -7.136690542,      -3.390042222,      -4.788567318,      -1.612781357
          0,           0,         296,      -7.269959328,      -3.390441853,      -4.941801316,      -1.700735116
          0,           0,         297,      -7.287513491,      -3.390929057,      -4.945148417,       -1.70346521
          0,           0,         298,      -7.302520573,      -3.391561387,      -4.986501812,      -1.710904133
          0,           0,         299,      -7.314431289,      -3.392265893,      -5.024111802,      -1.719507382
          0,           0,         300,      -7.316513516,      -3.392991549,      -5.031047132,       -1.72311857
          0,           0,         301,       -7.31226336,      -3.393708255,      -5.016739608,      -1.722385524
          0,           0,         302,      -7.307626288,      -3.394404289,      -5.001397903,      -1.720303238
          0,           0,         303,      -7.306084897,      -3.395083876,      -4.995982238,      -1.719288844
          0,           0,         304,       -7.30787255,      -3.395758124,       -5.00109084,      -1.720083232
          0,           0,         305,      -7.311341601,      -3.396436059,      -5.011848008,      -1.722121743
          0,           0,         306,      -7.314656225,      -3.397120775,      -5.022392707,       -1.72443816
          0,           0,         307,       -7.31679117,      -3.397810398,        -5.0289979,      -1.726319622
          0,           0,         308,      -7.317678386,      -3.398501157,      -5.031176291,      -1.727526519
          0,           0,         309,      -7.317842211,      -3.399190088,      -5.030725181,      -1.728211813
          0,           0,         310,      -7.317912976,      -3.399876205,      -5.029898981,      -1.728699466
          0,           0,         311,      -7.318281517,      -3.400560192,      -5.030084624,       -1.72926262
          0,           0,         312,      -7.319003511,      -3.401243392,      -5.031476333,       -1.73000903
          0,           0,         313,      -7.319906884,      -3.401926872,      -5.033468762,      -1.730894541
          0,           0,         314,      -7.320769056,      -3.402610998,      -5.035274646,      -1.731806982
          0,           0,         315,      -7.321448203,      -3.403295531,      -5.036391616,      -1.732649329
          0,           0,         316,      -7.321924146,      -3.403979973,      -5.036757188,      -1.733382799
          0,           0,         317,      -7.322266343,      -3.404663912,      -5.036634194,      -1.734026259
          0,           0,         318,      -7.322572673,      -3.405347185,      -5.036384499,       -1.73462911
          0,           0,         319,      -7.322918577,      -3.406029858,      -5.036284085,      -1.735240056
          0,           0,         320,      -7.323336049,      -3.406712103,      -5.036450926,      -1.735887843
          0,           0,         321,      -7.323820534,       -3.40739407,      -5.036873217,       -1.73657845
          0,           0,         322,      -7.324351411,      -3.408075824,      -5.037483242,      -1.737303608
          0,           0,         323,       -7.32491091,      -3.408757345,      -5.038223586,      -1.738052095
          0,           0,         324,      -7.158063079,      -3.410561434,      -4.819612008,      -1.636658746
          0,           0,         325,      -7.294719808,      -3.410950759,      -4.989470697,      -1.727254942
          0,           0,         326,      -7.314272402,      -3.411436898,      -4.997644367,      -1.731342357
          0,           0,         327,      -7.327754605,      -3.412067778,      -5.039529928,       -1.73831346
          0,           0,         328,      -7.337298944,      -3.412766585,      -5.073534245,      -1.745885164
          0,           0,         329,      -7.337536309,      -3.413482291,      -5.074067584,      -1.748476774
          0,           0,         330,      -7.332349348,      -3.414186809,      -5.054615223,      -1.747021256
          0,           0,         331,      -7.327512919,      -3.414870681,      -5.036944188,      -1.744615119
          0,           0,         332,      -7.326048873,      -3.415539434,      -5.030967019,      -1.743534719
          0,           0,         333,      -7.327784984,      -3.416204276,      -5.035862581,      -1.744298966
          0,           0,         334,      -7.330916077,      -3.416873575,      -5.045840833,      -1.746207814
          0,           0,         335,      -7.333667692,      -3.417549641,      -5.054770607,      -1.748273819
          0,           0,         336,      -7.335168048,      -3.418230128,      -5.059210099,      -1.749830644
          0,           0,         337,      -7.335488754,       -3.41891121,      -5.059213351,      -1.750707358
          0,           0,         338,      -7.335229361,      -3.419590157,      -5.057006837,      -1.751115715
          0,           0,         339,      -7.335025104,      -3.420266277,      -5.054983067,      -1.751407708
          0,           0,         340,      -7.335226295,      -3.420940444,      -5.054436665,       -1.75185106
          0,           0,         341,       -7.33583875,      -3.421614037,      -5.055390065,      -1.752529175
          0,           0,         342,       -7.33665729,      -3.422288051,      -5.057100155,      -1.753373022
          0,           0,         343,      -7.337450052,      -3.422962753,      -5.058718411,      -1.754256032
          0,           0,         344,      -7.338082141,      -3.423637834,      -5.059744542,      -1.755078498
          0,           0,         345,      -7.338543803,      -3.424312788,      -5.060141509,      -1.755805617
          0,           0,         346,      -7.171158301,      -3.426105181,      -4.835100137,      -1.652846533
          0,           0,         347,      -7.307674384,      -3.426486245,      -5.007586124,      -1.744330001
          0,           0,         348,      -7.327603005,      -3.426964995,      -5.016551576,      -1.748640164
          0,           0,         349,      -7.340893996,      -3.427588612,         -5.058862,      -1.755639951
          0,           0,         350,       -7.35002944,      -3.428280522,      -5.092463177,      -1.763132703
          0,           0,         351,      -7.349876294,      -3.428989612,      -5.091560579,      -1.765548677
          0,           0,         352,      -7.344382326,      -3.429687539,      -5.070477954,      -1.763864223
          0,           0,         353,       -7.33931989,      -3.430364699,      -5.051563628,      -1.761243665
          0,           0,         354,      -7.337691569,      -3.431026628,      -5.044756632,      -1.760010177
          0,           0,         355,      -7.339305211,      -3.431684627,      -5.049109641,      -1.760688672
          0,           0,         356,      -7.342341344,      -3.432347149,      -5.058728984,      -1.762558365
          0,           0,         357,      -7.345019965,      -3.433016542,      -5.067426607,      -1.764606661
          0,           0,         358,       -7.34647242,       -3.43369044,      -5.071744712,      -1.766152194
          0,           0,         359,      -7.346777738,      -3.434364984,      -5.071746883,      -1.767022543
          0,           0,         360,      -7.346540784,      -3.435037412,      -5.069672675,      -1.767436515
          0,           0,         361,      -7.346395784,      -3.435707023,      -5.067915581,      -1.767753575
          0,           0,         362,      -7.346685666,      -3.436374703,      -5.067754899,      -1.768243515
          0,           0,         363,      -7.347405311,      -3.437041846,      -5.069183145,      -1.768985388
          0,           0,         364,       -7.34833845,      -3.437709458,      -5.071416777,       -1.76990205
          0,           0,         365,      -7.349244172,      -3.438377811,      -5.073562968,       -1.77085851
          0,           0,         366,      -7.349981022,      -3.439046595,      -5.075081247,      -1.771748531
          0,           0,         367,      -7.350534326,      -3.439715299,      -5.075903927,      -1.772533114
          0,           0,         368,      -7.350973145,      -3.440383536,      -5.076284254,      -1.773232639
          0,           0,         369,      -7.351385158,      -3.441051187,      -5.076550054,      -1.773894481
          0,           0,         370,      -7.351828688,       -3.44171835,      -5.076920843,      -1.774560589
          0,           0,         371,      -7.352317721,      -3.442385209,       -5.07745132,      -1.775250373
          0,           0,         372,      -7.352833996,      -3.443051908,      -5.078076624,      -1.775961082
          0,           0,         373,      -7.185623425,      -3.444832888,      -4.850164247,      -1.671294241
          0,           0,         374,      -6.938627161,      -3.448283182,      -4.559590639,      -1.459249409
          0,           0,         375,      -6.691119466,      -3.454436947,      -4.302862748,       -1.21870274
          0,           0,         376,      -6.710212986,      -3.459226571,      -4.336631424,      -1.239318218
          0,           0,         377,      -6.423137921,      -3.469365295,      -4.007815529,     -0.9497818131
          0,           0,         378,      -6.951960605,      -3.466756775,       -4.49957301,      -1.473640445
          0,           0,         379,      -7.160331932,      -3.465613178,      -4.683478421,      -1.631349928
          0,           0,         380,      -7.250206387,       -3.46595738,      -4.800286913,      -1.695141604
          0,           0,         381,       -7.17169725,      -3.468277595,      -4.770234929,      -1.668612627
          0,           0,         382,      -6.809108934,      -3.472024457,      -4.332837358,      -1.333859604
          0,           0,         383,      -7.178697162,      -3.471588046,      -4.730402971,      -1.672360631
          0,           0,         384,      -7.272733946,      -3.471522273,      -4.831840311,      -1.723856547
          0,           0,         385,      -7.330986251,      -3.472056286,      -4.939974173,      -1.762704362
          0,           0,         386,      -7.171499251,      -3.474139165,      -4.769052718,      -1.670422929
          0,           0,         387,      -6.859288791,      -3.477777968,      -4.403143799,      -1.384811317
          0,           0,         388,      -7.185084313,      -3.477287432,      -4.739663154,      -1.678518197
          0,           0,         389,      -7.254895214,       -3.47724764,      -4.801725586,       -1.71334942
          0,           0,         390,      -7.309705258,      -3.477815961,      -4.893374631,      -1.752048244
          0,           0,         391,      -7.189499401,      -3.479912614,      -4.804772354,       -1.68790923
          0,           0,         392,      -6.909739522,      -3.483564108,      -4.486311682,      -1.436513839
          0,           0,         393,      -7.205147077,      -3.483074377,      -4.776233737,      -1.698179862
          0,           0,         394,      -7.256101667,      -3.483056684,      -4.807318474,      -1.717853892
          0,           0,         395,       -7.31110471,      -3.483626272,      -4.900811601,      -1.756951066
          0,           0,         396,      -7.349583658,      -3.484439087,      -4.981919143,      -1.792111789
          0,           0,         397,      -7.198718207,      -3.486481908,      -4.838581505,      -1.701222118
          0,           0,         398,      -6.943758516,      -3.490020372,      -4.550070287,      -1.471470556
          0,           0,         399,      -7.236787451,      -3.489534356,      -4.840189043,      -1.727165691
          0,           0,         400,      -7.284968582,      -3.489546083,      -4.862876992,      -1.742673538
          0,           0,         401,       -7.33730092,      -3.490127536,      -4.963685768,      -1.779413043
          0,           0,         402,      -7.375098811,      -3.490937822,      -5.059335999,      -1.814203975
          0,           0,         403,      -7.379736694,       -3.49176818,      -5.080443024,      -1.826834695
          0,           0,         404,      -7.362047621,      -3.492521298,      -5.033562959,      -1.818462229
          0,           0,         405,      -7.176380669,      -3.494323634,      -4.791336866,      -1.682591662
          0,           0,         406,      -7.321783526,      -3.494600359,      -4.967690681,      -1.791076557
          0,           0,         407,      -7.346877787,      -3.495013892,      -4.989147692,      -1.797997847
          0,           0,         408,      -7.371525978,      -3.495626474,      -5.052423959,      -1.813826528
          0,           0,         409,      -7.386788102,      -3.496337832,      -5.100610893,      -1.827673702
          0,           0,         410,      -7.386985108,      -3.497071053,      -5.102282326,      -1.832011959
          0,           0,         411,      -7.378548781,      -3.497781719,      -5.074817719,      -1.828626679
          0,           0,         412,      -7.370592034,       -3.49845704,      -5.049202422,      -1.823317282
          0,           0,         413,      -7.368150631,      -3.499108275,      -5.039983714,      -1.820644624
          0,           0,         414,      -7.370994546,      -3.499754665,      -5.046295239,      -1.821604612
          0,           0,         415,      -7.376100225,      -3.500409906,      -5.060182231,       -1.82473397
          0,           0,         416,      -7.380483729,      -3.501077411,       -5.07288756,      -1.828077444
          0,           0,         417,      -7.382707992,      -3.501752889,      -5.079222989,      -1.830376278
          0,           0,         418,      -7.382940409,        -3.5024297,      -5.079100552,      -1.831350023
          0,           0,         419,      -7.382227391,      -3.503103151,      -5.075767522,      -1.831447194
          0,           0,         420,      -7.381655753,      -3.503772052,      -5.072781681,      -1.831368617
          0,           0,         421,      -7.381814804,      -3.504437903,      -5.072087116,      -1.831631215
          0,           0,         422,      -7.382703355,      -3.505103078,      -5.073751818,      -1.832381412
          0,           0,         423,      -7.383963511,      -3.505769302,      -5.076700603,      -1.833470342
          0,           0,         424,      -7.385196961,       -3.50643706,      -5.079668817,      -1.834646031
          0,           0,         425,      -7.386173107,      -3.507105842,      -5.081873223,       -1.83571545
          0,           0,         426,       -7.38687203,      -3.507774779,      -5.083199933,      -1.836611684
          0,           0,         427,      -7.387409844,      -3.508443195,      -5.083995729,      -1.837375102
          0,           0,         428,      -7.387929666,      -3.509110859,      -5.084716865,      -1.838091916
          0,           0,         429,      -7.388523342,       -3.50977791,      -5.085666321,      -1.838835304
          0,           0,         430,      -7.389208624,      -3.510444643,      -5.086911324,      -1.839635898
          0,           0,         431,      -7.389950449,      -3.511111298,      -5.088345752,       -1.84048412
          0,           0,         432,      -7.390698559,      -3.511777961,      -5.089808602,      -1.841350523
          0,           0,         433,      -7.391417086,      -3.512444578,       -5.09118066,      -1.842207274
          0,           0,         434,      -7.392095429,      -3.513111032,       -5.09242295,      -1.843040255
          0,           0,         435,      -7.392742886,      -3.513777218,      -5.093562089,      -1.843849947
          0,           0,         436,      -7.393376107,      -3.514443085,      -5.094650559,      -1.844645155
          0,           0,         437,      -7.394008097,      -3.515108638,      -5.095730592,      -1.845435346
          0,           0,         438,      -7.394643279,      -3.515773907,      -5.096817205,      -1.846225696
          0,           0,         439,      -7.395278513,      -3.516438922,        -5.0979007,       -1.84701611
          0,           0,         440,      -7.395907211,      -3.517103698,      -5.098959675,      -1.847803079
          0,           0,         441,      -7.230064562,      -3.518928599,      -4.881777404,      -1.734736999
          0,           0,         442,      -6.987259303,      -3.522442817,      -4.601196171,      -1.516211493
          0,           0,         443,      -7.296994824,      -3.522027147,      -4.940410268,      -1.787577616
          0,           0,         444,        -7.3605726,      -3.522077634,      -4.989789619,      -1.812790024
          0,           0,         445,      -7.403150549,      -3.522643849,      -5.100712071,      -1.842116867
          0,           0,         446,      -7.426840707,      -3.523417198,      -5.190885333,      -1.867491618
          0,           0,         447,       -7.41931644,      -3.524213991,      -5.168544495,      -1.871359768
          0,           0,         448,      -7.212944705,      -3.526089572,      -4.836694849,      -1.723337573
          0,           0,         449,      -7.348437727,      -3.526392506,      -4.997085373,       -1.82650436
          0,           0,         450,      -7.373228673,      -3.526793778,      -5.016083482,      -1.833137388
          0,           0,         451,       -7.39629151,      -3.527371782,      -5.075916433,      -1.847289253
          0,           0,         452,      -7.411609385,      -3.528050267,      -5.126554319,      -1.860647534
          0,           0,         453,      -7.412453683,      -3.528763335,      -5.132238444,      -1.865243781
          0,           0,         454,      -7.404362799,       -3.52946566,      -5.106328404,      -1.862293678
          0,           0,         455,      -7.395742478,      -3.530137782,      -5.078729228,      -1.856839019
          0,           0,         456,      -7.391811565,      -3.530784534,      -5.065388478,      -1.853368671
          0,           0,         457,      -7.393141474,      -3.531422151,      -5.067529555,      -1.853405627
          0,           0,         458,      -7.397359688,      -3.532064792,      -5.078885492,      -1.855960899
          0,           0,         459,      -7.401637099,      -3.532718079,      -5.091455137,      -1.859220936
          0,           0,         460,      -7.404309756,       -3.53337984,      -5.099650707,      -1.861820893
          0,           0,         461,      -7.405197245,      -3.534044456,      -5.102223714,      -1.863279481
          0,           0,         462,      -7.405066551,      -3.534707099,      -5.101330865,      -1.863854911
          0,           0,         463,      -7.239438572,      -3.536524027,       -4.88588582,      -1.748133926
          0,           0,         464,      -7.000142773,      -3.540018508,      -4.613503658,      -1.530618564
          0,           0,         465,      -7.307881157,      -3.539582866,       -4.94968841,      -1.802637574
          0,           0,         466,      -7.370831929,      -3.539621999,      -4.997863081,      -1.827994895
          0,           0,         467,      -7.413857544,      -3.540183638,      -5.108468574,      -1.858611236
          0,           0,         468,      -7.437772733,      -3.540954687,      -5.199250232,      -1.885045216
          0,           0,         469,      -7.430644174,      -3.541748286,       -5.18015277,      -1.889401132
          0,           0,         470,      -7.407767647,      -3.542475885,      -5.103283885,      -1.876129431
          0,           0,         471,      -7.391744581,      -3.543124527,      -5.053946455,      -1.862715014
          0,           0,         472,      -7.390602782,      -3.543729901,      -5.047105027,      -1.858836538
          0,           0,         473,      -7.399548023,      -3.544336158,      -5.069319443,       -1.86316962
          0,           0,         474,      -7.410161056,      -3.544968264,      -5.100258994,      -1.870369124
          0,           0,         475,      -7.416705924,      -3.545626917,      -5.121761785,      -1.876148501
          0,           0,         476,      -7.417891191,      -3.546298438,      -5.126171479,      -1.878709031
          0,           0,         477,      -7.247576031,      -3.548127366,      -4.893207826,      -1.758954183
          0,           0,         478,      -7.002568991,      -3.551611502,      -4.608547632,      -1.533851015
          0,           0,         479,      -6.765883699,      -3.557756653,      -4.369581262,      -1.298225886
          0,           0,         480,       -7.21712243,       -3.55619399,      -4.820770027,      -1.734862393
          0,           0,         481,      -7.310549529,      -3.555570905,      -4.874852972,      -1.778768488
          0,           0,         482,      -7.383088872,      -3.556047654,      -5.005349968,      -1.833706069
          0,           0,         483,      -7.441906535,      -3.556924593,      -5.168421652,       -1.89353908
          0,           0,         484,      -7.248013331,      -3.559040212,      -4.884378566,      -1.766816854
          0,           0,         485,      -6.948909811,      -3.562507065,      -4.509463969,      -1.479616596
          0,           0,         486,      -7.291064899,      -3.561961548,      -4.892598816,       -1.79401885
          0,           0,         487,      -7.249421398,      -3.563104937,      -4.877795588,       -1.75654752
          0,           0,         488,       -7.40370768,      -3.563392696,      -5.091145752,      -1.875751854
          0,           0,         489,      -7.417656687,      -3.563952951,      -5.084257398,      -1.884384726
          0,           0,         490,      -7.411232759,      -3.564665355,       -5.06811957,      -1.884528832
          0,           0,         491,      -7.398610486,      -3.565373777,      -5.037639993,       -1.87778296
          0,           0,         492,      -7.388549474,      -3.566031552,      -5.013283866,      -1.869563701
          0,           0,         493,      -7.387501907,      -3.566652796,      -5.009939618,      -1.866931747
          0,           0,         494,       -7.39422757,       -3.56726707,      -5.025214819,      -1.870612634
          0,           0,         495,      -7.403285577,      -3.567895624,      -5.047862204,      -1.877149212
          0,           0,         496,      -7.410104506,      -3.568543495,      -5.066565006,      -1.883062922
          0,           0,         497,      -7.413185539,      -3.569203328,      -5.075950723,      -1.886688734
          0,           0,         498,      -7.413555079,       -3.56986429,      -5.077685615,      -1.888137809
          0,           0,         499,      -7.413209857,      -3.570519293,      -5.076986419,      -1.888554884
          0,           0,         500,      -7.252670045,      -3.572341485,      -4.883931341,      -1.770164831
          0,           0,         501,      -7.025449342,      -3.575837617,      -4.639401454,      -1.559649886
          0,           0,         502,      -6.792300501,      -3.581994378,      -4.405001973,      -1.326344176
          0,           0,         503,      -6.536600751,       -3.59214426,      -4.131067994,      -1.066159248
          0,           0,         504,      -7.036630377,      -3.588940548,      -4.584288318,      -1.566299018
          0,           0,         505,      -7.132682065,      -3.590326048,      -4.803173186,      -1.662852779
          0,           0,         506,      -6.812511322,      -3.595832402,      -4.365368675,      -1.345643958
          0,           0,         507,      -6.574443668,      -3.604450601,      -4.133568001,      -1.104080117
          0,           0,         508,      -7.098498063,      -3.601494286,       -4.65232742,       -1.62763579
          0,           0,         509,      -7.142130786,      -3.602257987,      -4.736591938,      -1.664706733
          0,           0,         510,      -6.889807293,      -3.607144265,      -4.436352225,      -1.424782834
          0,           0,         511,      -6.637966964,       -3.61457613,      -4.186467782,      -1.168556622
          0,           0,         512,      -6.693471213,       -3.62018649,      -4.272932496,      -1.227159169
          0,           0,         513,      -6.456786852,      -3.631885072,      -4.035408263,     -0.9858675738
          0,           0,         514,      -6.904204512,      -3.627249857,       -4.42263166,      -1.433717461
          0,           0,         515,      -7.178432448,      -3.625604437,      -4.675803039,      -1.678370071
          0,           0,         516,      -7.271470896,      -3.625970384,      -4.768181947,      -1.758878773
          0,           0,         517,      -7.375568856,      -3.627239665,      -4.914747328,      -1.870862988
          0,           0,         518,      -7.372665131,      -3.628531962,      -4.929543517,      -1.891983003
          0,           0,         519,      -7.309220662,      -3.629508631,      -4.834983599,      -1.834717229
          0,           0,         520,      -7.280684341,      -3.630176944,      -4.790141717,      -1.801329274
          0,           0,         521,      -7.294377242,      -3.630706032,      -4.804950354,      -1.807382074
          0,           0,         522,      -7.327375059,      -3.631260278,      -4.851001318,      -1.833161748
          0,           0,         523,      -7.355724303,      -3.631914575,      -4.895694375,      -1.858237216
          0,           0,         524,      -7.368282339,      -3.632654807,      -4.918484717,      -1.872588043
          0,           0,         525,      -7.367200368,      -3.633424086,      -4.919130246,      -1.875506478
          0,           0,         526,      -7.360448908,      -3.634171801,       -4.90955405,      -1.871613931
          0,           0,         527,       -7.35596758,      -3.634878827,      -4.902747347,      -1.867682507
          0,           0,         528,      -7.357912894,      -3.635555198,      -4.905950567,      -1.868432168
          0,           0,         529,      -7.365813247,      -3.636223067,      -4.919363858,      -1.874474622
          0,           0,         530,      -7.376505862,      -3.636900335,      -4.938739307,      -1.883613953
          0,           0,         531,      -7.386812413,      -3.637593155,      -4.959004579,      -1.893199135
          0,           0,         532,      -7.395141333,      -3.638297401,      -4.976926572,       -1.90158984
          0,           0,         533,      -7.401548578,      -3.639004738,      -4.991853276,      -1.908400901
          0,           0,         534,      -7.406956508,      -3.639708432,       -5.00491967,       -1.91409027
          0,           0,         535,      -7.412329421,      -3.640406084,      -5.017758129,      -1.919391085
          0,           0,         536,      -7.418170426,      -3.641099113,      -5.031459941,      -1.924838111
          0,           0,         537,      -7.424417331,      -3.641790522,      -5.046124864,      -1.930549646
          0,           0,         538,      -7.430646351,      -3.642482758,      -5.061011244,      -1.936292424
          0,           0,         539,      -7.436381486,      -3.643176688,      -5.075039927,       -1.94169853
          0,           0,         540,      -7.441321359,      -3.643871761,      -5.087320608,      -1.946470241
          0,           0,         541,      -7.445406184,      -3.644566814,      -5.097455985,      -1.950483236
          0,           0,         542,      -7.448755021,      -3.645260859,      -5.105544948,      -1.953781412
          0,           0,         543,      -7.451550544,       -3.64595349,      -5.111967579,       -1.95650345
          0,           0,         544,      -7.453942206,      -3.646644848,      -5.117122478,       -1.95879614
          0,           0,         545,      -7.456004855,      -3.647335334,      -5.121263521,      -1.960758524
          0,           0,         546,      -7.457751288,      -3.648025314,      -5.124483354,      -1.962432202
          0,           0,         547,      -7.459172145,      -3.648714964,      -5.126796574,      -1.963825067
          0,           0,         548,      -7.460272679,      -3.649404261,      -5.128238995,      -1.964943468
          0,           0,         549,      -7.461088659,      -3.650093083,      -5.128921036,      -1.965812911
          0,           0,         550,      -7.295345832,      -3.652082832,       -4.92153375,      -1.831524298
          0,           0,         551,      -7.062277824,      -3.655849267,      -4.660691008,      -1.603947473
          0,           0,         552,      -7.359504835,      -3.655177415,      -4.981908644,      -1.887327025
          0,           0,         553,      -7.421105267,      -3.655122165,       -5.01991714,      -1.915233696
          0,           0,         554,      -7.468821402,      -3.655700312,      -5.120145956,      -1.956104009
          0,           0,         555,      -7.492682506,      -3.656529222,      -5.196112861,      -1.989114421
          0,           0,         556,      -7.482032417,      -3.657380299,      -5.176192747,      -1.991480714
          0,           0,         557,      -7.456591046,      -3.658147559,      -5.109415531,      -1.972039809
          0,           0,         558,      -7.440147061,      -3.658819699,      -5.066464719,      -1.954693911
          0,           0,         559,      -7.439710215,      -3.659442387,      -5.060792665,      -1.950367189
          0,           0,         560,      -7.449490862,      -3.660068256,      -5.080205894,      -1.956278606
          0,           0,         561,       -7.46046789,      -3.660725353,      -5.106204122,      -1.965333514
          0,           0,         562,      -7.466762832,      -3.661413019,      -5.123367053,      -1.972106078
          0,           0,         563,       -7.46739741,      -3.662114572,      -5.126274707,      -1.974582468
          0,           0,         564,      -7.464644812,      -3.662812729,      -5.119476461,      -1.973592465
          0,           0,         565,      -7.461572093,      -3.663498803,      -5.111017984,      -1.971396863
          0,           0,         566,      -7.460257628,      -3.664173667,       -5.10657831,      -1.970072998
          0,           0,         567,      -7.461154445,      -3.664843436,      -5.107694623,      -1.970502377
          0,           0,         568,      -7.463488531,      -3.665514265,      -5.112803063,      -1.972380222
          0,           0,         569,      -7.466117335,      -3.666189249,      -5.119172411,      -1.974848629
          0,           0,         570,      -7.468233226,      -3.666868087,      -5.124592965,      -1.977137309
          0,           0,         571,      -7.469615324,      -3.667548564,      -5.128215617,      -1.978886649
          0,           0,         572,      -7.470491445,      -3.668228386,      -5.130426443,       -1.98014417
          0,           0,         573,      -7.471241949,      -3.668906322,      -5.132155165,      -1.981174738
          0,           0,         574,      -7.311662525,      -3.670864569,      -4.937109672,      -1.850245856
          0,           0,         575,      -7.083024146,      -3.674587146,      -4.684185362,      -1.625918724
          0,           0,         576,      -7.374924571,      -3.673931488,      -4.997970336,      -1.905634799
          0,           0,         577,      -7.435393025,      -3.673877491,      -5.036180988,      -1.933512315
          0,           0,         578,      -7.482641235,       -3.67444322,      -5.137881362,      -1.975141907
          0,           0,         579,      -7.506403276,      -3.675256535,      -5.216916597,       -2.00892723
          0,           0,         580,      -7.497036123,      -3.676093315,      -5.201503168,      -2.012543577
          0,           0,         581,      -7.298481256,      -3.678102936,      -4.906272559,      -1.840080332
          0,           0,         582,      -7.427563792,      -3.678328769,      -5.056822684,      -1.954578952
          0,           0,         583,      -7.451237872,      -3.678688548,      -5.070030748,      -1.961422204
          0,           0,         584,      -7.476891194,      -3.679262804,      -5.126247682,      -1.981837209
          0,           0,         585,       -7.49274134,      -3.679957792,      -5.172616243,      -1.999716258
          0,           0,         586,      -7.492801898,      -3.680692355,      -5.178366007,       -2.00502485
          0,           0,         587,      -7.318142558,      -3.682685675,      -4.940908643,      -1.859822161
          0,           0,         588,      -7.080153396,      -3.686361552,      -4.669929116,      -1.622760067
          0,           0,         589,      -6.860854285,      -3.692723812,       -4.45628095,      -1.398723316
          0,           0,         590,      -6.620691001,      -3.703017477,      -4.208533091,      -1.152435289
          0,           0,         591,      -7.101664375,      -3.699148616,      -4.646929806,      -1.638016951
          0,           0,         592,       -7.19265289,      -3.700579344,      -4.838928921,      -1.735255869
          0,           0,         593,      -6.891543099,       -3.70634668,      -4.443362223,       -1.42926123
          0,           0,         594,      -6.660408112,       -3.71508603,       -4.21806487,      -1.192339152
          0,           0,         595,      -7.156558916,      -3.711565533,      -4.703008953,       -1.69390388
          0,           0,         596,       -7.19253617,      -3.712305843,       -4.76809976,        -1.7261305
          0,           0,         597,      -6.971279473,      -3.717459771,      -4.519928263,       -1.51221753
          0,           0,         598,      -6.722726954,      -3.725040942,      -4.270424591,      -1.255860775
          0,           0,         599,      -7.199445468,      -3.722017963,      -4.743614407,      -1.739046029
          0,           0,         600,      -7.292857942,      -3.720562716,      -4.795591408,      -1.794070669
          0,           0,         601,      -7.380913884,      -3.721092405,      -4.898530147,      -1.877372225
          0,           0,         602,      -7.450046818,       -3.72230936,      -5.004526833,       -1.96904958
          0,           0,         603,      -7.437242988,      -3.723519092,      -5.004404576,      -1.982568703
          0,           0,         604,      -7.183478359,      -3.725756718,      -4.700309911,      -1.725937897
          0,           0,         605,      -7.003438114,      -3.729356941,       -4.53471176,        -1.5420705
          0,           0,         606,      -7.321354077,       -3.72836927,      -4.866415977,      -1.857243502
          0,           0,         607,       -7.38257615,      -3.728149978,      -4.912441614,      -1.893034642
          0,           0,         608,      -7.437042188,      -3.728790557,      -4.992054211,      -1.947837945
          0,           0,         609,      -7.330269255,       -3.73125206,      -4.926350812,      -1.882325212
          0,           0,         610,      -7.411951593,      -3.731632857,      -4.990781779,      -1.960010949
          0,           0,         611,      -7.401351593,      -3.732066658,      -4.951237926,      -1.937640672
          0,           0,         612,      -7.417192625,       -3.73261541,      -4.972742669,      -1.949073283
          0,           0,         613,      -7.300885447,      -3.734635421,      -4.878843063,      -1.848061212
          0,           0,         614,      -7.118646706,      -3.738530161,      -4.720889249,      -1.668349715
          0,           0,         615,      -6.906616467,      -3.745068488,      -4.515956282,      -1.448714012
          0,           0,         616,      -7.294807872,      -3.742739913,      -4.877344281,      -1.844334891
          0,           0,         617,       -7.35912078,      -3.741811554,      -4.887694725,      -1.870879804
          0,           0,         618,      -7.436332082,      -3.742300774,      -4.995405548,      -1.944805606
          0,           0,         619,       -7.50254047,      -3.743300047,      -5.127406708,      -2.030461567
          0,           0,         620,      -7.510879688,      -3.744331258,      -5.174569941,      -2.062725899
          0,           0,         621,      -7.475390252,      -3.745183555,      -5.099634605,      -2.030182454
          0,           0,         622,      -7.451252872,      -3.745841771,      -5.043605913,      -1.998526162
          0,           0,         623,      -7.455287203,      -3.746405145,      -5.043239818,      -1.995000356
          0,           0,         624,      -7.476130991,      -3.746980832,      -5.079941847,      -2.010955098
          0,           0,         625,      -7.496689826,      -3.747621951,      -5.124464073,      -2.030620727
          0,           0,         626,      -7.506709914,      -3.748323313,      -5.151188239,      -2.043356679
          0,           0,         627,      -7.505807548,      -3.749049321,      -5.152032332,      -2.046156184
          0,           0,         628,      -7.499203152,      -3.749765497,      -5.137075913,      -2.041738938
          0,           0,         629,      -7.492837877,      -3.750456228,      -5.121173477,      -2.035514645
          0,           0,         630,      -7.490326161,       -3.75112531,      -5.113431198,       -2.03195559
          0,           0,         631,       -7.49205735,      -3.751786163,       -5.11541205,      -2.032493613
          0,           0,         632,      -7.496202531,      -3.752451144,      -5.123737416,      -2.035970811
          0,           0,         633,      -7.500485042,      -3.753125754,      -5.133510754,      -2.040310706
          0,           0,         634,      -7.503509412,      -3.753808609,      -5.141128063,      -2.043925837
          0,           0,         635,      -7.505101359,      -3.754494818,      -5.145560064,      -2.046269684
          0,           0,         636,      -7.505883235,      -3.755179756,      -5.147870149,      -2.047659845
          0,           0,         637,      -7.506636703,      -3.755861219,      -5.149823459,      -2.048771207
          0,           0,         638,      -7.507855682,      -3.756539542,      -5.152709999,      -2.050162806
          0,           0,         639,      -7.509617178,      -3.757216418,      -5.156892141,      -2.052045518
          0,           0,         640,      -7.511701332,      -3.757893521,      -5.161973278,      -2.054309521
          0,           0,         641,      -7.513805848,      -3.758571675,      -5.167249225,      -2.056694804
          0,           0,         642,       -7.51571542,      -3.759250766,      -5.172129936,      -2.058964646
          0,           0,         643,      -7.517362718,      -3.759930147,      -5.176351504,      -2.060999025
          0,           0,         644,      -7.518795894,      -3.760609137,      -5.179957974,       -2.06279788
          0,           0,         645,      -7.520106253,      -3.761287348,      -5.183148521,      -2.064429353
          0,           0,         646,      -7.521366148,      -3.761964741,      -5.186114709,      -2.065968486
          0,           0,         647,      -7.522601668,      -3.762641494,      -5.188948675,       -2.06745811
          0,           0,         648,      -7.523798736,      -3.763317821,      -5.191637482,      -2.068901226
          0,           0,         649,      -7.524926402,      -3.763993842,      -5.194112338,      -2.070275975
          0,           0,         650,       -7.52595958,      -3.764669559,       -5.19630806,      -2.071557283
          0,           0,         651,      -7.526890723,      -3.765344892,      -5.198200472,      -2.072732377
          0,           0,         652,      -7.527729206,      -3.766019745,      -5.199811924,       -2.07380513
          0,           0,         653,      -7.528493372,      -3.766694059,      -5.201193814,      -2.074791377
          0,           0,         654,      -7.529201702,      -3.767367819,      -5.202402703,      -2.075710686
          0,           0,         655,      -7.529867441,      -3.768041047,       -5.20348331,      -2.076579664
          0,           0,         656,      -7.530497741,      -3.768713776,      -5.204463456,      -2.077409218
          0,           0,         657,      -7.531095884,      -3.769386033,      -5.205358385,      -2.078205442
          0,           0,         658,      -7.531664261,      -3.770057827,      -5.206178591,      -2.078972196
          0,           0,         659,      -7.532206361,      -3.770729158,      -5.206935829,      -2.079713452
          0,           0,         660,      -7.532727205,      -3.771400021,      -5.207645211,      -2.080434347
          0,           0,         661,      -7.377486867,      -3.773397895,      -5.003854327,      -1.936669559
          0,           0,         662,      -7.152541832,      -3.777186385,      -4.747514964,      -1.703328706
          0,           0,         663,      -7.439012816,      -3.776419066,         -5.067362,      -1.994588243
          0,           0,         664,       -7.50145049,      -3.776307014,      -5.111696336,      -2.028051292
          0,           0,         665,      -7.546195107,       -3.77685872,      -5.212747258,       -2.07419381
          0,           0,         666,      -7.564495238,      -3.777676643,      -5.283727428,       -2.10913518
          0,           0,         667,      -7.551738315,      -3.778519228,      -5.260045852,      -2.109442942
          0,           0,         668,       -7.36005064,      -3.780570824,      -4.964996404,      -1.920176065
          0,           0,         669,      -7.484393167,      -3.780750066,      -5.115451114,      -2.042151138
          0,           0,         670,      -7.508489809,      -3.781078096,      -5.130057166,      -2.050752598
          0,           0,         671,      -7.533669493,      -3.781638365,      -5.185184363,      -2.074221786
          0,           0,         672,      -7.548046666,      -3.782329559,      -5.229050029,      -2.093869764
          0,           0,         673,       -7.54705991,      -3.783063147,       -5.23343617,      -2.098953853
          0,           0,         674,      -7.538177676,      -3.783779361,      -5.211992227,      -2.093021793
          0,           0,         675,      -7.530087841,      -3.784455135,      -5.189854711,      -2.084671547
          0,           0,         676,      -7.527305709,      -3.785099064,      -5.180247923,      -2.080221507
          0,           0,         677,      -7.529661947,       -3.78573288,      -5.183894993,      -2.081085827
          0,           0,         678,      -7.534407651,      -3.786374189,      -5.195035151,      -2.085296857
          0,           0,         679,      -7.538719834,      -3.787029168,      -5.206655875,      -2.090078963
          0,           0,         680,       -7.54118157,      -3.787694354,      -5.214185822,      -2.093567458
          0,           0,         681,      -7.541895548,      -3.788362484,      -5.216901235,      -2.095299664
          0,           0,         682,      -7.541783188,      -3.789027731,      -5.216834746,      -2.095853961
          0,           0,         683,       -7.38974278,      -3.791001948,      -5.017179014,      -1.952308684
          0,           0,         684,      -7.169171224,      -3.794748074,      -4.766852875,      -1.721622608
          0,           0,         685,      -7.452359297,      -3.793975617,      -5.084691164,      -2.012099538
          0,           0,         686,      -7.513358104,      -3.793857219,      -5.127772651,      -2.044875257
          0,           0,         687,       -7.55743903,      -3.794400301,      -5.229772163,      -2.091678611
          0,           0,         688,      -7.575546895,      -3.795208766,      -5.302982235,      -2.127484441
          0,           0,         689,      -7.563597902,      -3.796041543,      -5.281820959,       -2.12870133
          0,           0,         690,      -7.540573265,      -3.796784599,      -5.216602887,      -2.106529508
          0,           0,         691,      -7.365114541,      -3.798699087,      -4.962945772,      -1.925520676
          0,           0,         692,       -7.16231417,      -3.802351041,      -4.748349041,      -1.713396482
          0,           0,         693,      -7.454665883,      -3.801556249,      -5.082856551,      -2.014378875
          0,           0,         694,      -7.398946326,      -3.802762147,      -5.022680559,      -1.954308841
          0,           0,         695,      -7.541595883,      -3.802954957,      -5.230090523,      -2.098974107
          0,           0,         696,      -7.408568419,      -3.804826172,       -5.04338017,      -1.974884856
          0,           0,         697,      -7.517289394,      -3.805070831,      -5.173101927,      -2.084525755
          0,           0,         698,      -7.525615994,      -3.805479791,      -5.155185955,      -2.080239073
          0,           0,         699,      -7.537663468,      -3.806057987,      -5.179592299,      -2.091338914
          0,           0,         700,       -7.39864355,      -3.808046025,       -5.01913081,      -1.963384478
          0,           0,         701,      -7.516874586,      -3.808268185,      -5.171402462,      -2.083085682
          0,           0,         702,      -7.532471323,      -3.808650484,      -5.170117969,      -2.086123803
          0,           0,         703,      -7.547315016,      -3.809229031,      -5.203280459,      -2.101188117
          0,           0,         704,      -7.556036489,      -3.809900913,      -5.230284374,      -2.114514051
          0,           0,         705,      -7.555465128,      -3.810596363,      -5.233413721,      -2.117779958
          0,           0,         706,      -7.550820626,      -3.811276293,        -5.2229887,      -2.114513353
          0,           0,         707,       -7.54756847,      -3.811929057,      -5.214019322,      -2.110818532
          0,           0,         708,      -7.547847641,      -3.812563316,      -5.213399628,      -2.110133972
          0,           0,         709,      -7.550871049,       -3.81319415,        -5.2203661,       -2.11261177
          0,           0,         710,      -7.554687828,      -3.813831924,      -5.230539415,      -2.116632875
          0,           0,         711,      -7.557722998,      -3.814478841,      -5.239523313,      -2.120453559
          0,           0,         712,      -7.559432257,      -3.815131377,      -5.245098583,      -2.123123731
          0,           0,         713,      -7.411780371,       -3.81709369,      -5.047364279,      -1.980508637
          0,           0,         714,      -7.191508628,      -3.820812805,      -4.791709285,      -1.746498045
          0,           0,         715,      -6.968303871,      -3.827180261,      -4.561248308,      -1.511341093
          0,           0,         716,      -6.730254191,      -3.837299388,      -4.311916681,      -1.264304115
          0,           0,         717,       -7.20977228,      -3.833071687,      -4.763821023,      -1.755896252
          0,           0,         718,      -7.293864803,      -3.834445099,      -4.941368704,      -1.852053875
          0,           0,         719,      -6.990778153,      -3.840226349,      -4.537815186,      -1.532909235
          0,           0,         720,      -6.763692582,       -3.84880241,      -4.315070664,      -1.297643785
          0,           0,         721,      -7.254875481,      -3.844957162,      -4.805158117,       -1.80264868
          0,           0,         722,      -7.288618711,      -3.845609896,      -4.862468891,      -1.835008187
          0,           0,         723,      -7.477735992,      -3.845583184,       -5.04307103,      -2.034022242
          0,           0,         724,      -7.317769239,       -3.84768095,      -4.847101986,      -1.874535212
          0,           0,         725,      -7.075080667,      -3.851568364,      -4.593317535,      -1.617563313
          0,           0,         726,      -7.387563846,      -3.850521976,      -4.923271697,       -1.94234281
          0,           0,         727,      -7.454873519,      -3.850184974,      -4.980170239,      -1.988514675
          0,           0,         728,      -7.507916596,      -3.850735839,      -5.059138765,       -2.04696263
          0,           0,         729,      -7.525244353,      -3.851649337,      -5.098835758,      -2.083527189
          0,           0,         730,      -7.507357989,      -3.852578282,      -5.079511488,      -2.077269606
          0,           0,         731,      -7.481522818,      -3.853362776,      -5.040288153,      -2.050483035
          0,           0,         732,      -7.470413479,      -3.853996319,      -5.021140454,      -2.034453159
          0,           0,         733,      -7.478289243,      -3.854557866,       -5.03170358,      -2.038649721
          0,           0,         734,       -7.49690175,      -3.855131397,       -5.06241961,      -2.056318623
          0,           0,         735,      -7.515379243,       -3.85575922,      -5.097593434,      -2.076736694
          0,           0,         736,      -7.527532448,      -3.856437815,      -5.125218598,      -2.092785133
          0,           0,         737,      -7.533358872,      -3.857138845,      -5.142232023,      -2.102761544
          0,           0,         738,      -7.536015398,      -3.857833993,      -5.152415366,      -2.108474971
          0,           0,         739,      -7.538734818,       -3.85850958,      -5.161442168,      -2.112903007
          0,           0,         740,       -7.54330274,      -3.859167658,       -5.17340597,      -2.118397244
          0,           0,         741,      -7.549769141,      -3.859818547,      -5.189429226,      -2.125727903
          0,           0,         742,      -7.557039047,      -3.860472229,      -5.208022304,      -2.134243524
          0,           0,         743,      -7.563816054,      -3.861133422,      -5.226484879,      -2.142703094
          0,           0,         744,       -7.56929153,      -3.861801288,      -5.242414164,      -2.150054985
          0,           0,         745,      -7.573315457,      -3.862472008,      -5.254618383,      -2.155804726
          0,           0,         746,       -7.57619185,      -3.863141809,      -5.263218386,       -2.16000958
          0,           0,         747,      -7.578365835,      -3.863808764,      -5.269139772,      -2.163060164
          0,           0,         748,      -7.580181932,      -3.864472972,      -5.273410503,        -2.1654015
          0,           0,         749,      -7.581783947,      -3.865135687,      -5.276667176,       -2.16732861
          0,           0,         750,      -7.583147141,       -3.86579823,      -5.279052945,      -2.168930332
          0,           0,         751,      -7.584180402,       -3.86646132,      -5.280422318,      -2.170159051
          0,           0,         752,      -7.584824212,      -3.867124965,      -5.280634481,      -2.170945543
          0,           0,         753,      -7.585097906,      -3.867788746,      -5.279745301,       -2.17128398
          0,           0,         754,      -7.585090762,      -3.868452194,      -5.278025796,      -2.171253862
          0,           0,         755,      -7.584920713,      -3.869115045,      -5.275853144,      -2.170988912
          0,           0,         756,      -7.584691633,      -3.869777293,      -5.273574446,      -2.170626267
          0,           0,         757,      -7.584469957,      -3.870439102,      -5.271422465,       -2.17026803
          0,           0,         758,      -7.584284677,      -3.871100668,      -5.269505649,      -2.169969661
          0,           0,         759,      -7.584142012,      -3.871762122,       -5.26784887,      -2.169750861
          0,           0,         760,      -7.584042257,      -3.872423503,      -5.266446114,      -2.169615153
          0,           0,         761,      -7.583990064,      -3.873084779,      -5.265296462,      -2.169565494
          0,           0,         762,      -7.583996043,      -3.873745897,      -5.264414521,      -2.169610349
          0,           0,         763,      -7.584072676,       -3.87440682,      -5.263822244,      -2.169761599
          0,           0,         764,      -7.584229209,      -3.875067536,      -5.263535408,      -2.170029162
          0,           0,         765,       -7.58446856,      -3.875728057,       -5.26355418,      -2.170416617
          0,           0,         766,      -7.584787456,      -3.876388399,      -5.263862181,      -2.170920149
          0,           0,         767,      -7.585178569,      -3.877048573,       -5.26443156,      -2.171530238
          0,           0,         768,      -7.585633011,      -3.877708575,      -5.265229702,      -2.172234411
          0,           0,         769,      -7.586142289,      -3.878368391,      -5.266224881,      -2.173019939
          0,           0,         770,      -7.440895927,      -3.880396079,      -5.067693688,      -2.020751569
          0,           0,         771,      -7.226482485,        -3.8842285,       -4.81959731,      -1.785779336
          0,           0,         772,      -7.500242286,      -3.883350446,      -5.134620237,      -2.081728977
          0,           0,         773,      -7.560344632,      -3.883173514,      -5.178702567,      -2.117888079
          0,           0,         774,      -7.602323037,      -3.883708003,      -5.277225904,      -2.168970038
          0,           0,         775,      -7.617054847,      -3.884529639,      -5.343310408,      -2.206280078
          0,           0,         776,      -7.603729585,      -3.885377016,      -5.319924725,      -2.205137275
          0,           0,         777,      -7.581465452,       -3.88612647,      -5.257861429,      -2.179850452
          0,           0,         778,      -7.568728173,      -3.886766337,      -5.219245535,      -2.159667674
          0,           0,         779,      -7.570140511,       -3.88735081,      -5.215885452,      -2.155894403
          0,           0,         780,      -7.579915747,      -3.887940581,      -5.236146055,      -2.164221051
          0,           0,         781,      -7.589904012,       -3.88856704,      -5.262294755,      -2.175882152
          0,           0,         782,      -7.595213142,      -3.889228562,      -5.279669957,      -2.184295325
          0,           0,         783,      -7.595476352,      -3.889905654,      -5.283283064,      -2.187175588
          0,           0,         784,      -7.593020277,      -3.890578695,      -5.277612684,      -2.185827358
          0,           0,         785,      -7.590568501,      -3.891238176,      -5.270361985,      -2.183190716
          0,           0,         786,      -7.589784722,      -3.891885428,      -5.266897311,      -2.181761025
          0,           0,         787,      -7.590878972,      -3.892527498,      -5.268597732,      -2.182467259
          0,           0,         788,      -7.593059558,      -3.893171247,      -5.273885911,      -2.184819187
          0,           0,         789,      -7.595312454,      -3.893819978,      -5.280109214,      -2.187725115
          0,           0,         790,       -7.59698893,      -3.894473215,      -5.285170456,      -2.190262049
          0,           0,         791,      -7.597973001,      -3.895128436,       -5.28831631,       -2.19204264
          0,           0,         792,      -7.598517044,      -3.895783119,      -5.289981868,       -2.19317961
          0,           0,         793,      -7.598967812,      -3.896435968,       -5.29109867,       -2.19402945
          0,           0,         794,      -7.456957346,      -3.898442636,      -5.091145162,      -2.041651166
          0,           0,         795,      -7.244110867,      -3.902244901,       -4.84047043,      -1.805495191
          0,           0,         796,      -7.026370609,      -3.908700105,      -4.614367803,      -1.572336631
          0,           0,         797,      -6.795128824,      -3.918830824,      -4.373618745,      -1.330780953
          0,           0,         798,        -7.2649618,      -3.914293642,      -4.821186307,      -1.816944903
          0,           0,         799,      -7.344190438,      -3.915669435,      -4.985482055,      -1.911242033
          0,           0,         800,      -7.050240671,      -3.921559693,       -4.59642815,      -1.595515426
          0,           0,         801,      -6.827409369,      -3.930142902,      -4.376964976,      -1.362925063
          0,           0,         802,      -6.851114153,      -3.936328897,      -4.410297903,      -1.388555572
          0,           0,         803,      -6.628656604,      -3.948396361,       -4.18532679,      -1.159438267
          0,           0,         804,       -7.06099881,      -3.941711883,      -4.577386104,      -1.597365067
          0,           0,         805,      -7.155241288,       -3.94576891,      -4.714529074,      -1.708647497
          0,           0,         806,      -6.844867597,      -3.953749017,      -4.363363415,      -1.379700538
          0,           0,         807,      -6.713354297,      -3.965447017,      -4.274217875,      -1.246708966
          0,           0,         808,      -7.105432441,      -3.958556354,      -4.613260907,      -1.643329902
          0,           0,         809,      -7.177478261,      -3.961557464,      -4.719707609,       -1.72778805
          0,           0,         810,      -6.932734939,      -3.969167458,      -4.456254996,      -1.471494386
          0,           0,         811,      -6.795817165,      -3.979834187,      -4.359876109,      -1.332084144
          0,           0,         812,      -6.805033405,      -3.987059313,      -4.372639294,      -1.342127779
          0,           0,         813,      -6.620733466,       -4.00080255,      -4.198438111,      -1.152613859
          0,           0,         814,       -6.94538418,      -3.991256017,      -4.452425375,      -1.477558827
          0,           0,         815,      -7.088616976,      -3.997991962,      -4.657885152,      -1.640238618
          0,           0,         816,       -7.34098657,      -3.995280003,       -4.85182207,      -1.905847359
          0,           0,         817,      -7.366458842,      -3.994503454,          -4.83818,       -1.91348005
          0,           0,         818,      -7.286942031,      -3.997439277,      -4.779145871,      -1.839432797
          0,           0,         819,      -7.112472629,      -4.002799632,       -4.61760994,      -1.657932221
          0,           0,         820,      -6.961034573,       -4.01029362,      -4.489008999,      -1.501070255
          0,           0,         821,      -6.842425099,       -4.02152709,      -4.415764581,      -1.381075665
          0,           0,         822,      -6.669616981,      -4.035878632,      -4.260531373,      -1.203070451
          0,           0,         823,      -6.973767526,      -4.025454406,      -4.482998095,      -1.506895246
          0,           0,         824,       -7.11972385,      -4.032401689,      -4.701425059,      -1.674038192
          0,           0,         825,      -6.841812653,        -4.0425853,      -4.371739557,      -1.377718406
          0,           0,         826,      -6.732143602,      -4.056581464,      -4.306369662,      -1.267103069
          0,           0,         827,      -7.034542589,      -4.046491069,      -4.538258259,      -1.569588176
          0,           0,         828,      -7.124345695,      -4.052050599,      -4.662286504,      -1.673078437
          0,           0,         829,      -6.890873414,      -4.061845965,      -4.408853451,      -1.427530816
          0,           0,         830,      -6.792582408,      -4.075003648,      -4.354871107,      -1.328932006
          0,           0,         831,      -6.780107549,      -4.083011541,      -4.333895604,       -1.31560212
          0,           0,         832,      -6.641577474,       -4.09828822,      -4.219050723,      -1.174094054
          0,           0,         833,      -6.900590331,      -4.085111309,      -4.402320388,      -1.431091647
          0,           0,         834,      -7.024567972,      -4.095709479,      -4.565872926,      -1.569685118
          0,           0,         835,      -6.790291804,      -4.107623139,      -4.310656631,      -1.323881833
          0,           0,         836,      -6.718844035,      -4.123756529,      -4.293890529,      -1.253477086
          0,           0,         837,      -6.955837454,      -4.110549879,       -4.45033474,      -1.487256867
          0,           0,         838,      -7.312689622,      -4.107759048,      -4.784941788,      -1.847789058
          0,           0,         839,        -7.3809441,      -4.108065047,      -4.833253207,      -1.916155589
          0,           0,         840,      -7.451867054,      -4.110690517,      -4.914316393,      -2.010821164
          0,           0,         841,      -7.457496023,      -4.113522048,      -4.937671045,      -2.034902364
          0,           0,         842,      -7.423254519,      -4.115680473,      -4.904600833,      -1.995943166
          0,           0,         843,      -7.407188983,      -4.117147189,      -4.884182718,      -1.972379775
          0,           0,         844,      -7.420483563,      -4.118276498,       -4.89666215,      -1.982796072
          0,           0,         845,      -7.449101908,      -4.119396745,      -4.929447299,      -2.013128996
          0,           0,         846,      -7.475894453,      -4.120653412,      -4.963805281,      -2.044945297
          0,           0,         847,      -7.492055861,      -4.122028374,      -4.988111547,      -2.067104225
          0,           0,         848,      -7.498830568,      -4.123428923,      -5.001562085,      -2.078538193
          0,           0,         849,      -7.502246122,      -4.124773778,      -5.009962664,      -2.084684778
          0,           0,         850,      -7.507786665,      -4.126034714,      -5.019960859,      -2.092054712
          0,           0,         851,      -7.517815894,      -4.127230256,      -5.035348864,      -2.104327674
          0,           0,         852,      -7.531574789,      -4.128396343,      -5.056198929,      -2.121505562
          0,           0,         853,      -7.546720484,      -4.129560656,      -5.080137599,       -2.14132297
          0,           0,         854,      -7.561080037,      -4.130732512,      -5.104303202,      -2.161185987
          0,           0,         855,      -7.573611638,      -4.131906407,      -5.126758535,        -2.1794365
          0,           0,         856,       -7.58436806,      -4.133071474,       -5.14688409,      -2.195627649
          0,           0,         857,      -7.593927878,      -4.134219618,      -5.165000859,       -2.21013001
          0,           0,         858,      -7.602828992,      -4.135348806,       -5.18171407,       -2.22352877
          0,           0,         859,      -7.611268828,      -4.136461878,      -5.197363114,       -2.23615149
          0,           0,         860,      -7.619099794,      -4.137563383,      -5.211797207,      -2.247901722
          0,           0,         861,      -7.626012296,      -4.138656871,      -5.224501473,      -2.258385501
          0,           0,         862,      -7.631748986,      -4.139743812,      -5.234919792,      -2.267176847
          0,           0,         863,      -7.636230475,      -4.140823986,      -5.242752838,      -2.274043397
          0,           0,         864,       -7.63956061,      -4.141896532,      -5.248078666,      -2.279030291
          0,           0,         865,      -7.641950885,      -4.142960861,      -5.251276413,      -2.282401492
          0,           0,         866,      -7.643628876,      -4.144017052,      -5.252847407,      -2.284510792
          0,           0,         867,       -7.64477775,      -4.145065732,      -5.253253301,       -2.28568596
          0,           0,         868,      -7.645521637,      -4.146107736,      -5.252841207,      -2.286174779
          0,           0,         869,      -7.645943918,      -4.147143781,      -5.251853035,      -2.286151596
          0,           0,         870,      -7.646114756,      -4.148174327,      -5.250474031,      -2.285752834
          0,           0,         871,      -7.646109288,      -4.149199598,      -5.248875217,       -2.28510851
          0,           0,         872,      -7.646010246,      -4.150219696,      -5.247228309,      -2.284353252
          0,           0,         873,      -7.645899529,      -4.151234714,      -5.245696545,      -2.283618768
          0,           0,         874,      -7.645847306,      -4.152244794,      -5.244417054,      -2.283019177
          0,           0,         875,      -7.645905265,      -4.153250121,      -5.243488593,      -2.282640145
          0,           0,         876,      -7.646106086,      -4.154250897,      -5.242970348,      -2.282536576
          0,           0,         877,      -7.498466208,      -4.157428337,      -5.063052318,      -2.092933254
          0,           0,         878,      -7.620303775,      -4.157568116,      -5.212721558,      -2.251946294
          0,           0,         879,      -7.632220478,      -4.158017763,      -5.209200293,      -2.252935381
          0,           0,         880,      -7.649660036,      -4.158867898,      -5.237667364,      -2.278088559
          0,           0,         881,      -7.658217146,       -4.15990342,      -5.257838387,       -2.29638239
          0,           0,         882,      -7.656255219,      -4.160976024,      -5.258537282,      -2.297912543
          0,           0,         883,      -7.650837567,      -4.162007499,      -5.249926764,      -2.290991499
          0,           0,         884,      -7.647806391,      -4.162980964,      -5.243548082,      -2.285485852
          0,           0,         885,      -7.648872281,      -4.163917766,      -5.244060806,      -2.285534025
          0,           0,         886,       -7.65274003,      -4.164847017,      -5.250300626,      -2.290300064
          0,           0,         887,      -7.657200152,      -4.165786136,      -5.258682306,      -2.296895423
          0,           0,         888,      -7.660697715,      -4.166737255,      -5.266043693,      -2.302769692
          0,           0,         889,       -7.66285377,      -4.167693343,      -5.271067452,      -2.306837986
          0,           0,         890,      -7.664135889,      -4.168646098,      -5.274184219,      -2.309394401
          0,           0,         891,      -7.665241679,      -4.169590814,      -5.276601992,      -2.311364174
          0,           0,         892,      -7.666644835,      -4.170527196,      -5.279349108,      -2.313557419
          0,           0,         893,      -7.668451725,        -4.1714576,      -5.282824158,      -2.316303804
          0,           0,         894,      -7.670498639,      -4.172384727,       -5.28684928,      -2.319482594
          0,           0,         895,       -7.67253983,      -4.173310167,      -5.290980186,      -2.322760359
          0,           0,         896,      -7.674397909,      -4.174234114,      -5.294819211,      -2.325833459
          0,           0,         897,      -7.676019464,      -4.175155891,      -5.298182464,      -2.328557923
          0,           0,         898,      -7.538874609,      -4.178126454,      -5.121872807,      -2.145073939
          0,           0,         899,      -7.351004006,      -4.183455671,      -4.911998112,      -1.920490813
          0,           0,         900,      -7.603456256,       -4.18188699,      -5.197719229,      -2.226471717
          0,           0,         901,      -7.649922831,       -4.18143805,      -5.223489264,      -2.259221015
          0,           0,         902,      -7.577658807,      -4.184349307,      -5.179076715,       -2.19380405
          0,           0,         903,      -7.365030859,       -4.18996201,      -4.929340899,      -1.937812284
          0,           0,         904,       -7.16327587,      -4.198052279,      -4.715998879,      -1.713300294
          0,           0,         905,      -7.005766822,      -4.209930198,      -4.574460367,      -1.548082431
          0,           0,         906,      -6.816317945,      -4.224140615,      -4.381839781,      -1.350832348
          0,           0,         907,      -7.155038343,      -4.212839345,      -4.669716469,      -1.693079562
          0,           0,         908,      -7.254134734,       -4.22003788,      -4.811632269,      -1.813072143
          0,           0,         909,      -6.965626217,      -4.229903918,      -4.479080596,        -1.5019236
          0,           0,         910,      -6.870528307,      -4.243602769,      -4.422843645,      -1.406418164
          0,           0,         911,      -6.842875981,      -4.251085007,      -4.380224608,      -1.376950024
          0,           0,         912,      -6.721059812,      -4.264842663,      -4.281839271,      -1.252991249
          0,           0,         913,      -6.972786924,      -4.250007471,      -4.469465442,      -1.503062696
          0,           0,         914,      -7.062703296,      -4.263198158,      -4.581238038,      -1.604247192
          0,           0,         915,      -6.854849283,      -4.274810192,      -4.366848808,      -1.387520203
          0,           0,         916,      -6.801088776,      -4.290637538,      -4.363902246,      -1.335389636
          0,           0,         917,      -7.009606229,      -4.274867469,      -4.499805383,      -1.540204101
          0,           0,         918,      -7.101859382,      -4.286723973,      -4.616234007,       -1.64346215
          0,           0,         919,      -6.913207888,      -4.298943921,      -4.423284465,      -1.447026058
          0,           0,         920,      -6.874962461,      -4.314880286,      -4.437388528,      -1.411501082
          0,           0,         921,      -6.840108278,      -4.321713563,       -4.38350481,      -1.374125897
          0,           0,         922,      -6.855651476,      -4.330030609,      -4.400857643,      -1.390443076
          0,           0,         923,      -6.828873513,      -4.336778457,      -4.358084135,      -1.361783407
          0,           0,         924,      -6.761409045,      -4.351221404,      -4.321056028,      -1.294300986
          0,           0,         925,      -6.917677173,      -4.333074663,      -4.409266639,      -1.446045004
          0,           0,         926,       -6.98676033,      -4.351986396,      -4.492825442,      -1.521933697
          0,           0,         927,      -6.848993809,      -4.365883615,      -4.358113383,      -1.380477722
          0,           0,         928,      -6.834541614,      -4.383233667,      -4.392590877,      -1.368918372
          0,           0,         929,      -6.970884141,      -4.365354371,      -4.459106504,      -1.499608537
          0,           0,         930,       -7.04756171,      -4.383115969,      -4.553526134,      -1.583564357
          0,           0,         931,      -6.910640348,      -4.397796944,      -4.418341159,      -1.442773272
          0,           0,         932,      -6.900216195,      -4.415291199,       -4.45223125,      -1.435602246
          0,           0,         933,      -6.862018534,      -4.421059651,      -4.395823095,      -1.394665897
          0,           0,         934,      -6.873840878,      -4.429400203,       -4.40634226,      -1.406744553
          0,           0,         935,      -7.054012272,      -4.415036346,       -4.54375726,      -1.583636976
          0,           0,         936,       -7.38247499,      -4.412312504,      -4.832621544,      -1.918772945
          0,           0,         937,      -7.424284451,      -4.413267404,      -4.855827479,      -1.959092836
          0,           0,         938,      -7.350013913,      -4.423998845,      -4.805069111,      -1.891959281
          0,           0,         939,      -7.174114589,      -4.437609415,      -4.646771692,      -1.709148444
          0,           0,         940,      -7.471300162,       -4.43638136,      -4.926201581,      -2.024875513
          0,           0,         941,       -7.49457052,      -4.436156913,      -4.940373865,      -2.039313544
          0,           0,         942,      -7.546072819,      -4.438482567,      -4.994760847,      -2.096992944
          0,           0,         943,      -7.577633395,      -4.441852451,       -5.03564002,      -2.139234158
          0,           0,         944,      -7.586003413,      -4.445311492,       -5.05461952,      -2.154755741
          0,           0,         945,      -7.432201303,      -4.452693568,      -4.916873117,      -1.984122818
          0,           0,         946,      -7.303282874,      -4.462786713,      -4.805768251,      -1.847043353
          0,           0,         947,      -7.606254358,      -4.460780899,      -5.103786457,      -2.185804771
          0,           0,         948,      -7.631331066,       -4.46028246,       -5.11434066,      -2.198942936
          0,           0,         949,       -7.67965838,      -4.462133128,      -5.174257152,      -2.260270544
          0,           0,         950,      -7.710854083,       -4.46485537,      -5.225421434,      -2.311489829
          0,           0,         951,       -7.71915111,      -4.467608085,      -5.249751255,      -2.331786788
          0,           0,         952,       -7.72047496,      -4.470037238,      -5.258361935,      -2.336160464
          0,           0,         953,      -7.728144326,      -4.472149982,      -5.270007325,      -2.345426026
          0,           0,         954,      -7.744084247,      -4.474107647,      -5.291886575,      -2.365870045
          0,           0,         955,      -7.763074641,      -4.476049966,       -5.31991126,      -2.392558848
          0,           0,         956,       -7.77909971,      -4.478031454,      -5.346066457,      -2.417402535
          0,           0,         957,      -7.789231566,      -4.480038336,      -5.364399543,      -2.434768449
          0,           0,         958,      -7.794025743,      -4.482031902,      -5.373650546,      -2.443675684
          0,           0,         959,      -7.795760799,        -4.4839829,      -5.376358795,      -2.446688658
          0,           0,         960,        -7.7965974,      -4.485883884,      -5.376156426,      -2.447243715
          0,           0,         961,      -7.797668736,      -4.487743804,      -5.375574438,      -2.447619603
          0,           0,         962,       -7.79908049,      -4.489576483,      -5.375417998,      -2.448444872
          0,           0,         963,       -7.80039554,      -4.491392046,        -5.3753129,        -2.4492739
          0,           0,         964,       -7.80116291,       -4.49319425,      -5.374586597,      -2.449428977
          0,           0,         965,      -7.801219766,      -4.494982124,       -5.37289454,      -2.448576476
          0,           0,         966,      -7.800715368,      -4.496753081,       -5.37039065,      -2.446869289
          0,           0,         967,      -7.799963734,      -4.498505305,      -5.367550361,      -2.444767537
          0,           0,         968,      -7.799271141,       -4.50023864,       -5.36488857,      -2.442766393
          0,           0,         969,      -7.798832707,      -4.501954249,      -5.362762839,      -2.441208739
          0,           0,         970,      -7.798717264,      -4.503653774,      -5.361321774,      -2.440237432
          0,           0,         971,      -7.798909872,      -4.505338622,      -5.360559421,      -2.439848681
          0,           0,         972,      -7.799368172,      -4.507009645,      -5.360404689,      -2.439978111
          0,           0,         973,      -7.800061348,      -4.508667201,      -5.360791107,      -2.440567165
          0,           0,         974,      -7.800981833,      -4.510311388,      -5.361685297,      -2.441589473
          0,           0,         975,      -7.802136936,      -4.511942282,      -5.363080927,       -2.44304426
          0,           0,         976,      -7.803533611,      -4.513560069,      -5.364977379,      -2.444935409
          0,           0,         977,      -7.805167144,      -4.515165054,      -5.367360704,      -2.447253236
          0,           0,         978,      -7.807017978,      -4.516757608,      -5.370195637,      -2.449967145
          0,           0,         979,      -7.663437533,      -4.521609677,      -5.201787906,      -2.255142901
          0,           0,         980,      -7.486393503,      -4.529631049,      -5.012663279,      -2.046747093
          0,           0,         981,      -7.746084819,      -4.527505184,      -5.294780059,       -2.36397697
          0,           0,         982,      -7.784103223,      -4.526774921,      -5.313894807,      -2.392340245
          0,           0,         983,       -7.82377385,      -4.527878994,      -5.372909769,      -2.454001532
          0,           0,         984,       -7.83601859,      -4.529724355,       -5.40571461,      -2.489535932
          0,           0,         985,      -7.824224074,       -4.53165303,      -5.397176656,      -2.480561892
          0,           0,         986,      -7.661922171,      -4.536480653,      -5.196638422,      -2.252660732
          0,           0,         987,      -7.786679096,       -4.53670338,      -5.344591797,      -2.422767563
          0,           0,         988,      -7.801058722,      -4.537239885,      -5.349080681,      -2.429686688
          0,           0,         989,       -7.82475942,      -4.538417135,      -5.384730877,      -2.465411175
          0,           0,         990,      -7.837939496,      -4.539925247,      -5.412043264,      -2.492329241
          0,           0,         991,      -7.838596302,      -4.541523328,      -5.419425454,      -2.498844611
          0,           0,         992,      -7.834495624,      -4.543067477,      -5.415642252,      -2.494148589
          0,           0,         993,      -7.832262561,      -4.544515735,      -5.412146435,      -2.489964795
          0,           0,         994,      -7.834170967,      -4.545895762,      -5.414476781,      -2.491702985
          0,           0,         995,      -7.839155321,      -4.547253813,       -5.42233335,       -2.49889168
          0,           0,         996,      -7.844935898,      -4.548620458,      -5.432556975,      -2.508358004
          0,           0,         997,      -7.849739005,      -4.550002506,      -5.441954444,      -2.517013374
          0,           0,         998,      -7.852985839,      -4.551391328,      -5.448906672,      -2.523346121
          0,           0,         999,      -7.855048836,      -4.552774859,      -5.453521995,      -2.527505218
          0,           0,        1000,      -7.856632429,      -4.554145486,      -5.456835545,      -2.530502039
          0,           0,        1001,      -7.722746982,      -4.558488701,      -5.283512905,      -2.331916757
          0,           0,        1002,       -7.83951462,      -4.558689658,        -5.4378658,      -2.507959017
          0,           0,        1003,      -7.849778308,      -4.559245236,      -5.435611318,      -2.509369659
          0,           0,        1004,      -7.865407291,      -4.560368288,      -5.462227276,      -2.536288917
          0,           0,        1005,      -7.872650462,      -4.561755473,       -5.48070917,      -2.554878572
          0,           0,        1006,      -7.737657873,       -4.56617809,      -5.303386877,      -2.352658645
          0,           0,        1007,      -7.553307858,      -4.573426918,      -5.090428024,      -2.122188461
          0,           0,        1008,      -7.393787931,        -4.5836114,      -4.925606407,      -1.944522699
          0,           0,        1009,      -7.745849961,      -4.578646269,      -5.302797937,      -2.358139835
          0,           0,        1010,      -7.812535426,      -4.576105449,      -5.341643109,      -2.412111979
          0,           0,        1011,      -7.768866734,      -4.580209301,      -5.329247591,      -2.384578426
          0,           0,        1012,      -7.557354039,      -4.588196042,       -5.08659014,      -2.126462056
          0,           0,        1013,      -7.370998671,      -4.597673703,      -4.890034707,      -1.917895868
          0,           0,        1014,      -7.264781995,      -4.610533418,      -4.798725213,      -1.807530712
          0,           0,        1015,      -7.594798614,       -4.60114556,      -5.111659243,      -2.157481563
          0,           0,        1016,       -7.76960949,      -4.597651821,      -5.276229681,      -2.346209152
          0,           0,        1017,      -7.730012583,      -4.601808239,      -5.256092369,      -2.322557302
          0,           0,        1018,      -7.526085664,      -4.610194857,      -5.036859624,      -2.086870038
          0,           0,        1019,      -7.359490296,        -4.6193452,      -4.870089164,      -1.903948607
          0,           0,        1020,      -7.723507152,      -4.614319196,      -5.247511613,      -2.318008993
          0,           0,        1021,      -7.775544812,      -4.611421269,      -5.273214794,      -2.354286326
          0,           0,        1022,      -7.734356999,      -4.615693913,      -5.258021775,      -2.327180358
          0,           0,        1023,      -7.552972712,      -4.623844728,      -5.072071121,      -2.117691591
          0,           0,        1024,      -7.391393645,      -4.633073048,       -4.91094212,      -1.938759692
          0,           0,        1025,      -7.303448555,      -4.645557941,      -4.844255105,      -1.848314188
          0,           0,        1026,      -7.180399287,      -4.658212236,      -4.727719636,      -1.719853067
          0,           0,        1027,      -7.443230453,      -4.644231171,      -4.953489172,      -1.985936582
          0,           0,        1028,      -7.759902666,       -4.64071703,      -5.272098731,      -2.333753002
          0,           0,        1029,      -7.717481209,      -4.644600584,      -5.231028749,       -2.29826148
          0,           0,        1030,      -7.525473183,        -4.6537863,      -5.027536585,      -2.082361133
          0,           0,        1031,      -7.366407811,      -4.662940094,      -4.870199189,      -1.909166908
          0,           0,        1032,      -7.736978386,      -4.657861333,      -5.253011593,      -2.328719499
          0,           0,        1033,      -7.782953458,      -4.654769993,      -5.272990695,      -2.358045506
          0,           0,        1034,        -7.7358121,      -4.659387017,      -5.248385716,      -2.321862579
          0,           0,        1035,      -7.557564916,      -4.667930858,      -5.069128146,      -2.118712304
          0,           0,        1036,      -7.407907631,       -4.67715965,      -4.923950145,      -1.954363267
          0,           0,        1037,      -7.768350832,      -4.671979431,       -5.30119867,      -2.371539291
          0,           0,        1038,      -7.812466701,      -4.668957878,      -5.316954955,      -2.397353952
          0,           0,        1039,      -7.868023801,      -4.669707751,      -5.392698183,      -2.479453335
          0,           0,        1040,      -7.891713977,      -4.671877289,      -5.448832916,      -2.542862849
          0,           0,        1041,      -7.758950259,      -4.677325434,      -5.303734549,      -2.365269702
          0,           0,        1042,      -7.586191626,      -4.684235436,      -5.113651157,      -2.151114809
          0,           0,        1043,      -7.847831134,      -4.681875556,      -5.415569527,       -2.48821057
          0,           0,        1044,      -7.884403859,      -4.680773172,      -5.438068429,        -2.5163565
          0,           0,        1045,      -7.924568049,      -4.681649615,      -5.508193509,       -2.58813189
          0,           0,        1046,      -7.938911036,      -4.683323482,      -5.555454757,      -2.637285953
          0,           0,        1047,      -7.932609115,      -4.685061834,      -5.561167064,      -2.641062502
          0,           0,        1048,      -7.799462823,      -4.689363339,      -5.372367819,       -2.42177526
          0,           0,        1049,      -7.646290447,      -4.695997259,      -5.194129187,      -2.223461018
          0,           0,        1050,      -7.890511846,      -4.693697496,      -5.497559901,      -2.561404589
          0,           0,        1051,      -7.927062806,      -4.692717891,      -5.518462086,       -2.59104502
          0,           0,        1052,      -7.960097296,      -4.693555495,      -5.586335961,      -2.660305872
          0,           0,        1053,      -7.967787259,      -4.695113237,      -5.625546459,      -2.702069945
          0,           0,        1054,      -7.956619397,      -4.696727804,      -5.615920344,      -2.692425805
          0,           0,        1055,      -7.943461674,      -4.698108839,      -5.587990649,        -2.6639928
          0,           0,        1056,      -7.938908396,      -4.699253981,      -5.572445998,        -2.6485224
          0,           0,        1057,      -7.943565308,       -4.70029363,      -5.576195002,      -2.652114502
          0,           0,        1058,        -7.9522588,      -4.701347234,      -5.591821171,      -2.667020137
          0,           0,        1059,      -7.959569182,      -4.702464161,       -5.60847557,       -2.68273648
          0,           0,        1060,      -7.963062976,      -4.703633033,      -5.618778869,      -2.692353237
          0,           0,        1061,       -7.96333102,      -4.704817336,      -5.621509073,       -2.69480484
          0,           0,        1062,      -7.962287483,      -4.705986621,      -5.619823388,      -2.693122653
          0,           0,        1063,      -7.961612298,      -4.707129884,      -5.617692066,      -2.691080102
          0,           0,        1064,       -7.96205654,      -4.708252529,      -5.617525494,      -2.690941198
          0,           0,        1065,      -7.963493348,      -4.709366205,      -5.619712474,      -2.693036705
          0,           0,        1066,      -7.965357279,      -4.710480146,       -5.62333181,      -2.696468654
          0,           0,        1067,      -7.967109122,      -4.711597687,      -5.627156194,      -2.700074233
          0,           0,        1068,      -7.968491226,      -4.712717257,      -5.630374795,      -2.703100139
          0,           0,        1069,      -7.969533624,      -4.713835313,      -5.632814286,      -2.705396301
          0,           0,        1070,      -7.970415886,       -4.71494893,      -5.634755172,      -2.707234219
          0,           0,        1071,       -7.97131664,      -4.716056952,      -5.636603799,      -2.708996774
          0,           0,        1072,      -7.972328439,      -4.717159795,      -5.638642872,      -2.710946025
          0,           0,        1073,      -7.973449439,      -4.718258584,      -5.640946521,      -2.713146769
          0,           0,        1074,      -7.974622928,       -4.71935432,      -5.643428898,       -2.71551507
          0,           0,        1075,      -7.975786031,      -4.720447473,      -5.645947272,      -2.717915987
          0,           0,        1076,      -7.976900962,      -4.721537992,      -5.648389149,      -2.720244721
          0,           0,        1077,      -7.977961367,      -4.722625569,      -5.650709501,      -2.722460235
          0,           0,        1078,      -7.978981296,      -4.723709911,      -5.652921298,       -2.72457542
          0,           0,        1079,      -7.979979277,      -4.724790887,      -5.655062907,      -2.726626282
          0,           0,        1080,      -7.980967115,      -4.725868543,      -5.657167645,      -2.728643489
          0,           0,        1081,      -7.981946689,      -4.726943026,      -5.659248551,      -2.730638638
          0,           0,        1082,      -7.874532032,      -4.730658116,      -5.480916086,      -2.529249502
          0,           0,        1083,       -7.96612499,      -4.730681186,      -5.634533718,      -2.702557198
          0,           0,        1084,      -7.976337825,      -4.731020336,      -5.633183915,      -2.704976304
          0,           0,        1085,      -7.987996999,      -4.731888472,       -5.65981314,      -2.731720949
          0,           0,        1086,      -7.992280009,      -4.733008615,      -5.677312282,      -2.749297254
          0,           0,        1087,      -7.989999438,      -4.734184876,      -5.676818391,      -2.748993089
          0,           0,        1088,      -7.986211326,      -4.735314022,      -5.668316763,      -2.740716228
          0,           0,        1089,      -7.984414453,      -4.736373951,      -5.662134787,      -2.734658463
          0,           0,        1090,      -7.985317445,      -4.737391325,        -5.6620977,      -2.734498787
          0,           0,        1091,      -7.987822728,      -4.738401597,      -5.666903206,      -2.738935693
          0,           0,        1092,      -7.990462072,      -4.739425134,      -5.673312497,      -2.744872115
          0,           0,        1093,      -7.992346723,      -4.740463844,      -5.678649386,      -2.749792161
          0,           0,        1094,      -7.993368541,      -4.741509263,      -5.681918878,      -2.752777595
          0,           0,        1095,      -7.993897654,      -4.742552028,      -5.683592287,      -2.754281523
          0,           0,        1096,       -7.99437785,      -4.743587199,      -5.684720754,      -2.755291935
          0,           0,        1097,      -7.995073725,      -4.744614759,       -5.68614594,      -2.756593643
          0,           0,        1098,      -7.996020548,      -4.745637359,      -5.688174616,      -2.758467788
          0,           0,        1099,      -7.997107273,      -4.746657769,      -5.690661566,      -2.760774528
          0,           0,        1100,      -7.998193614,      -4.747677447,      -5.693272702,      -2.763201664
          0,           0,        1101,      -7.999190063,      -4.748696419,      -5.695724259,      -2.765486922
          0,           0,        1102,      -8.000078665,      -4.749713907,      -5.697896167,      -2.767521017
          0,           0,        1103,      -7.898602335,      -4.753277023,      -5.518172359,      -2.565790675
          0,           0,        1104,      -7.743244281,      -4.759538611,      -5.310397603,      -2.340619227
          0,           0,        1105,      -7.952203881,      -4.757465954,      -5.601813634,      -2.661860087
          0,           0,        1106,      -7.989314942,      -4.756578624,      -5.630909941,       -2.69975194
          0,           0,        1107,      -8.015499003,      -4.757238671,      -5.698224847,      -2.767751827
          0,           0,        1108,      -8.018227113,      -4.758535954,      -5.730368395,       -2.80317984
          0,           0,        1109,       -8.00610106,      -4.759902564,      -5.712121642,      -2.786831329
          0,           0,        1110,       -7.88641915,       -4.76354033,      -5.490201189,       -2.54318374
          0,           0,        1111,      -7.975033324,      -4.763464958,      -5.637127255,      -2.709361299
          0,           0,        1112,       -7.88747774,      -4.766079443,      -5.483697846,      -2.536850411
          0,           0,        1113,      -7.991268834,      -4.765954636,      -5.666668156,      -2.737483023
          0,           0,        1114,      -8.002367469,      -4.766301363,      -5.674742611,      -2.748084409
          0,           0,        1115,      -7.913654922,      -4.769809954,      -5.534529555,      -2.585956736
          0,           0,        1116,      -7.754244111,      -4.776075088,      -5.320917163,      -2.353275983
          0,           0,        1117,      -7.956598895,      -4.773989083,      -5.602072484,      -2.665285304
          0,           0,        1118,      -7.990946995,       -4.77305857,      -5.626023117,      -2.697572182
          0,           0,        1119,      -8.018243182,      -4.773664668,      -5.693628418,      -2.765920652
          0,           0,        1120,      -8.023232789,      -4.774916001,      -5.730948895,      -2.805758833
          0,           0,        1121,      -7.914645193,        -4.7788101,      -5.538544991,      -2.590635788
          0,           0,        1122,      -7.985664498,      -4.778847069,      -5.660977682,      -2.732925563
          0,           0,        1123,      -7.993247257,      -4.779069143,      -5.652295959,      -2.727428226
          0,           0,        1124,      -8.007876839,       -4.77974574,      -5.683702652,       -2.75829467
          0,           0,        1125,      -8.017127139,      -4.780690638,      -5.713883636,      -2.787262395
          0,           0,        1126,       -7.92383215,      -4.784266152,      -5.553716404,      -2.603139869
          0,           0,        1127,      -7.768441125,      -4.790332597,      -5.340074043,      -2.370675118
          0,           0,        1128,      -7.614835076,       -4.79912969,      -5.165992556,      -2.183287951
          0,           0,        1129,      -7.928224119,      -4.794441165,      -5.554185156,      -2.603705964
          0,           0,        1130,      -7.991188646,       -4.79186941,      -5.600829195,      -2.664505334
          0,           0,        1131,      -8.031932329,      -4.792285595,      -5.694634302,      -2.762364839
          0,           0,        1132,      -8.036199166,      -4.793845475,      -5.747184934,      -2.826060835
          0,           0,        1133,      -7.915278418,      -4.798074787,      -5.531101966,      -2.588474479
          0,           0,        1134,      -7.979186806,      -4.798116668,      -5.632913298,      -2.710486887
          0,           0,        1135,      -7.986502052,      -4.798237231,       -5.62209961,      -2.702423434
          0,           0,        1136,       -8.00533009,      -4.798799432,      -5.657830232,      -2.737796261
          0,           0,        1137,      -8.018929114,      -4.799670365,       -5.69590407,       -2.77452633
          0,           0,        1138,      -7.928205025,       -4.80322838,      -5.549302168,      -2.603275209
          0,           0,        1139,      -8.004690434,      -4.803221659,      -5.690906876,      -2.762840263
          0,           0,        1140,      -8.011204547,      -4.803477942,      -5.684066724,      -2.758747045
          0,           0,        1141,      -8.021623884,      -4.804196549,         -5.709226,      -2.783660318
          0,           0,        1142,      -8.027546248,      -4.805145101,      -5.731632006,      -2.805228951
          0,           0,        1143,      -8.028580353,      -4.806159114,      -5.740997042,      -2.813449135
          0,           0,        1144,       -8.02807941,      -4.807146851,      -5.742929212,      -2.814263666
          0,           0,        1145,      -8.028529612,      -4.808082699,      -5.744928983,      -2.815233812
          0,           0,        1146,      -8.030518301,      -4.808983906,      -5.750417176,      -2.819666858
          0,           0,        1147,      -8.033386634,      -4.809878135,      -5.758908828,      -2.827048998
          0,           0,        1148,      -8.036203846,      -4.810782605,      -5.768154179,      -2.835233032
          0,           0,        1149,      -8.038401494,      -4.811700029,      -5.776096649,      -2.842299623
          0,           0,        1150,      -8.039906322,      -4.812624474,      -5.781861225,      -2.847446753
          0,           0,        1151,       -8.04094811,      -4.813548814,      -5.785707929,      -2.850917803
          0,           0,        1152,       -8.04180531,      -4.814469081,      -5.788411953,      -2.853419607
          0,           0,        1153,      -8.042648987,      -4.815385026,      -5.790656608,       -2.85556623
          0,           0,        1154,      -8.043514036,      -4.816298477,      -5.792755591,      -2.857629901
          0,           0,        1155,      -8.044350833,      -4.817211422,      -5.794692217,      -2.859581827
          0,           0,        1156,      -8.045094704,      -4.818124922,      -5.796307483,      -2.861265904
          0,           0,        1157,      -8.045711391,      -4.819038998,      -5.797475789,      -2.862558634
          0,           0,        1158,      -8.046207376,      -4.819953088,      -5.798187458,      -2.863443143
          0,           0,        1159,      -8.046616016,      -4.820866582,       -5.79853823,      -2.863999297
          0,           0,        1160,      -8.046976744,      -4.821779129,      -5.798670541,      -2.864350429
          0,           0,        1161,      -8.047320191,      -4.822690689,      -5.798715667,      -2.864611116
          0,           0,        1162,      -8.047663291,      -4.823601403,      -5.798762994,      -2.864859362
          0,           0,        1163,      -8.048012258,      -4.824511439,      -5.798858971,      -2.865135547
          0,           0,        1164,      -8.048368479,      -4.825420899,      -5.799022708,      -2.865456307
          0,           0,        1165,       -8.04873338,      -4.826329788,        -5.7992639,      -2.865830582
          0,           0,        1166,      -8.049110405,       -4.82723805,      -5.799593684,       -2.86626917
          0,           0,        1167,      -8.049504549,      -4.828145612,       -5.80002699,      -2.866786664
          0,           0,        1168,      -8.049920708,      -4.829052419,      -5.800578993,       -2.86739814
          0,           0,        1169,      -8.050362193,       -4.82995844,      -5.801260486,      -2.868114755
          0,           0,        1170,       -8.05083011,      -4.830863665,      -5.802074905,      -2.868941025
          0,           0,        1171,      -8.051323607,      -4.831768092,      -5.803018319,      -2.869874744
          0,           0,        1172,      -8.051840522,      -4.832671714,      -5.804080984,       -2.87090845
          0,           0,        1173,      -8.052378091,      -4.833574517,      -5.805249969,      -2.872031655
          0,           0,        1174,      -8.052933427,      -4.834476481,      -5.806511078,        -2.8732327
          0,           0,        1175,      -8.053503676,      -4.835377586,      -5.807849933,      -2.874499669
          0,           0,        1176,       -8.05408602,       -4.83627781,       -5.80925233,      -2.875820739
          0,           0,        1177,      -8.054677617,       -4.83717714,      -5.810704233,      -2.877184145
          0,           0,        1178,      -8.055275592,      -4.838075564,      -5.812191743,      -2.878578163
          0,           0,        1179,       -8.05587713,      -4.838973075,      -5.813701371,      -2.879991387
          0,           0,        1180,      -8.056479563,      -4.839869667,      -5.815220344,      -2.881412965
          0,           0,        1181,      -8.057080484,      -4.840765336,      -5.816737032,      -2.882832984
          0,           0,        1182,      -8.057677855,      -4.841660077,      -5.818241369,      -2.884242906
          0,           0,        1183,      -8.058270007,      -4.842553889,      -5.819724978,      -2.885635596
          0,           0,        1184,      -7.974134053,      -4.845799724,      -5.636543468,      -2.682599198
          0,           0,        1185,      -7.833241306,      -4.851606557,      -5.423296748,      -2.452572186
          0,           0,        1186,      -8.018009222,       -4.84960664,      -5.718212067,      -2.775088601
          0,           0,        1187,      -8.052588999,      -4.848721561,      -5.751807377,       -2.81690038
          0,           0,        1188,      -8.073326707,      -4.849292697,      -5.822119796,      -2.886782275
          0,           0,        1189,      -8.073697419,      -4.850467674,      -5.854048467,      -2.922097147
          0,           0,        1190,      -8.062701627,      -4.851706648,      -5.832542435,      -2.903557369
          0,           0,        1191,      -7.961938191,      -4.855043822,       -5.60373498,       -2.65554728
          0,           0,        1192,      -8.036338094,      -4.854918585,      -5.750825775,      -2.820582456
          0,           0,        1193,      -8.049573792,      -4.855040786,      -5.758589004,      -2.830680257
          0,           0,        1194,      -8.062937634,      -4.855684881,      -5.797903785,      -2.868526745
          0,           0,        1195,      -8.068022011,      -4.856613592,       -5.82581358,      -2.895358613
          0,           0,        1196,       -8.06616234,      -4.857626192,      -5.829597703,      -2.898953033
          0,           0,        1197,      -8.062367672,      -4.858598092,      -5.820339623,      -2.889862688
          0,           0,        1198,      -8.060247421,      -4.859491532,      -5.811964916,      -2.881520091
          0,           0,        1199,      -8.060849053,      -4.860330623,      -5.811063738,       -2.88022283
          0,           0,        1200,      -8.063317886,      -4.861157196,      -5.817266376,      -2.885567203
          0,           0,        1201,      -8.066184121,      -4.861999581,      -5.826787604,      -2.893983323
          0,           0,        1202,      -8.068401254,      -4.862864348,      -5.835699701,      -2.901852531
          0,           0,        1203,      -8.069695177,      -4.863743356,      -5.841889618,      -2.907267306
          0,           0,        1204,      -8.070346233,      -4.864624812,      -5.845355923,      -2.910247582
          0,           0,        1205,      -8.070793634,      -4.865500935,      -5.847300719,      -2.911895681
          0,           0,        1206,      -7.990513956,      -4.868686434,       -5.66451138,      -2.709130588
          0,           0,        1207,      -7.854459853,      -4.874394012,      -5.452188889,      -2.480091072
          0,           0,        1208,      -8.033705194,      -4.872395061,      -5.749479532,      -2.804734605
          0,           0,        1209,      -8.067133923,      -4.871505466,      -5.782741125,      -2.846151889
          0,           0,        1210,      -8.086699681,      -4.872061837,      -5.854366285,      -2.916885032
          0,           0,        1211,       -8.08676415,      -4.873216565,      -5.887188489,      -2.953021583
          0,           0,        1212,      -7.994710613,      -4.876805801,      -5.670092432,       -2.71893855
          0,           0,        1213,      -7.839560421,      -4.882378691,       -5.42131031,      -2.455348009
          0,           0,        1214,      -7.701667056,      -4.890760473,      -5.261220042,      -2.280166911
          0,           0,        1215,      -7.556205148,      -4.902015861,      -5.105949633,      -2.114087518
          0,           0,        1216,      -7.409097913,      -4.913414314,      -4.952547414,      -1.954358695
          0,           0,        1217,      -7.275991461,      -4.920340797,      -4.816344696,      -1.813817723
          0,           0,        1218,      -7.532646894,      -4.906318625,      -5.038331401,      -2.074250882
          0,           0,        1219,      -7.538375282,      -4.920393691,       -5.04504931,      -2.087558995
          0,           0,        1220,      -7.353462873,       -4.92677117,      -4.852566609,       -1.89007443
          0,           0,        1221,      -7.308254797,      -4.936625562,      -4.833393883,      -1.845747997
          0,           0,        1222,      -7.282032073,      -4.936914919,      -4.798287344,      -1.817074884
          0,           0,        1223,      -7.292928844,      -4.939824864,      -4.808787654,      -1.828193132
          0,           0,        1224,      -7.231050128,      -4.942185377,      -4.757065416,      -1.765028638
          0,           0,        1225,      -7.372376701,      -4.926657006,      -4.859048288,      -1.903077755
          0,           0,        1226,      -7.374892638,      -4.945147294,      -4.863667356,      -1.908806244
          0,           0,        1227,        -7.2952571,      -4.953551398,      -4.791990566,      -1.827566125
          0,           0,        1228,      -7.284935093,      -4.962575223,      -4.805139499,      -1.818953231
          0,           0,        1229,      -7.404939068,      -4.949300753,      -4.888204264,      -1.934994397
          0,           0,        1230,      -7.425985251,      -4.968985018,       -4.91565762,      -1.959827613
          0,           0,        1231,      -7.344520317,      -4.980053217,      -4.840372064,       -1.87660019
          0,           0,        1232,      -7.344783898,       -4.99190567,        -4.8632374,       -1.87909887
          0,           0,        1233,      -7.315373968,      -4.996728828,      -4.847103484,      -1.849375988
          0,           0,        1234,      -7.393674266,      -4.986038693,      -4.885498036,       -1.92288628
          0,           0,        1235,      -7.397990744,      -5.006026212,      -4.892076862,      -1.929343569
          0,           0,        1236,      -7.343433194,      -5.016160061,      -4.841997938,      -1.873966451
          0,           0,        1237,      -7.334046735,      -5.025180534,      -4.845156102,      -1.865234163
          0,           0,        1238,      -7.438389862,      -5.021317034,      -4.923490733,      -1.966733706
          0,           0,        1239,      -7.439717645,      -5.042734979,      -4.927475364,      -1.969799511
          0,           0,        1240,      -7.388545003,      -5.055448508,      -4.881935881,      -1.918038292
          0,           0,        1241,      -7.389209606,      -5.067445307,      -4.895638743,      -1.919732598
          0,           0,        1242,      -7.378669879,      -5.074478685,      -4.892291929,      -1.909101116
          0,           0,        1243,      -7.437856014,      -5.072940227,      -4.925466017,      -1.965033662
          0,           0,        1244,      -7.431857496,      -5.093145078,      -4.918708974,      -1.959878735
          0,           0,        1245,      -7.396100909,      -5.104408535,      -4.885757236,      -1.923717912
          0,           0,        1246,      -7.393502897,      -5.114717591,      -4.889549476,      -1.921305437
          0,           0,        1247,      -7.491974355,      -5.121064638,      -4.972380053,      -2.018319386
          0,           0,        1248,      -7.844987524,      -5.120745663,      -5.290481958,      -2.376132257
          0,           0,        1249,      -7.922754812,      -5.120363405,      -5.341156668,      -2.450683026
          0,           0,        1250,      -7.967477663,      -5.126754421,      -5.382482636,      -2.497720994
          0,           0,        1251,      -8.004484213,      -5.135484952,      -5.424660358,      -2.540045028
          0,           0,        1252,       -8.02581317,      -5.143964486,      -5.453725848,      -2.565300347
          0,           0,        1253,      -8.048292908,      -5.151162739,      -5.481911698,      -2.590052402
          0,           0,        1254,       -8.08224092,      -5.157187023,      -5.519979755,      -2.626364991
          0,           0,        1255,      -8.124208641,      -5.162533262,      -5.566536583,      -2.671935533
          0,           0,        1256,      -8.165833576,      -5.167595448,      -5.614608364,      -2.718711698
          0,           0,        1257,      -8.202045056,       -5.17253555,      -5.659397081,      -2.761304103
          0,           0,        1258,      -8.233151528,      -5.177344767,       -5.70065375,      -2.799498033
          0,           0,        1259,      -8.262062209,        -5.1819646,      -5.740556584,      -2.835960701
          0,           0,        1260,      -8.291159005,      -5.186371426,      -5.781108812,      -2.873241144
          0,           0,        1261,      -8.320971669,      -5.190590322,      -5.822871961,      -2.912202211
          0,           0,        1262,      -8.350326248,      -5.194667064,      -5.864762136,      -2.951792388
          0,           0,        1263,      -8.377244978,      -5.198639602,      -5.904503307,      -2.989649817
          0,           0,        1264,      -8.399954308,      -5.202527299,      -5.939417869,       -3.02305403
          0,           0,        1265,      -8.417488105,      -5.206335042,      -5.967210822,      -3.049784933
          0,           0,        1266,      -8.429750626,      -5.210062485,      -5.986548218,      -3.068652327
          0,           0,        1267,      -8.437261187,      -5.213710957,      -5.997348593,      -3.079654862
          0,           0,        1268,      -8.440843148,      -5.217285553,      -6.000679878,      -3.083781912
          0,           0,        1269,      -8.441381781,      -5.220793697,      -5.998276051,      -3.082558128
          0,           0,        1270,      -8.439680773,      -5.224242738,      -5.991956493,      -3.077566839
          0,           0,        1271,      -8.436410992,       -5.22763839,      -5.983254577,      -3.070161539
          0,           0,        1272,      -8.432123058,      -5.230984462,      -5.973327171,      -3.061398583
          0,           0,        1273,      -8.427281818,      -5.234283419,      -5.963024569,      -3.052090621
          0,           0,        1274,      -8.422289975,       -5.23753713,      -5.952985022,      -3.042874688
          0,           0,        1275,      -8.417490645,      -5.240747369,      -5.943691566,      -3.034248268
          0,           0,        1276,      -8.413157445,      -5.243915988,      -5.935492501,      -3.026578079
          0,           0,        1277,      -8.409486572,      -5.247044852,        -5.9286109,      -3.020104323
          0,           0,        1278,      -8.406599981,      -5.250135699,      -5.923161083,      -3.014955895
          0,           0,        1279,      -8.404558679,       -5.25319005,        -5.9191743,      -3.011176312
          0,           0,        1280,      -8.403380619,       -5.25620918,      -5.916627706,      -3.008753299
          0,           0,        1281,      -8.403056267,      -5.259194159,      -5.915468088,      -3.007642921
          0,           0,        1282,      -8.403558687,      -5.262145921,      -5.915626616,      -3.007784574
          0,           0,        1283,      -8.404847835,      -5.265065321,      -5.917024845,      -3.009106871
          0,           0,        1284,      -8.406871865,      -5.267953181,      -5.919575672,      -3.011528672
          0,           0,        1285,      -8.409567149,      -5.270810303,      -5.923181932,      -3.014957816
          0,           0,        1286,      -8.412859192,       -5.27363748,      -5.927735877,      -3.019290779
          0,           0,        1287,      -8.262636395,      -5.280929472,      -5.770204917,      -2.832405502
          0,           0,        1288,      -8.399951852,      -5.282371605,      -5.919655556,      -3.007934223
          0,           0,        1289,      -8.410954939,      -5.283944866,      -5.921617202,      -3.012686286
          0,           0,        1290,      -8.429041921,      -5.286288999,        -5.9441443,      -3.036272546
          0,           0,        1291,      -8.440091163,      -5.289005089,      -5.962384067,      -3.054516045
          0,           0,        1292,       -8.44244731,      -5.291810139,      -5.969264679,      -3.060364599
          0,           0,        1293,      -8.442190476,      -5.294553457,      -5.970870843,      -3.060831103
          0,           0,        1294,      -8.444004641,      -5.297195885,      -5.973866682,      -3.063093676
          0,           0,        1295,      -8.448876848,      -5.299764182,      -5.980626237,      -3.069453957
          0,           0,        1296,      -8.455478758,      -5.302299067,      -5.990105581,      -3.078632295
          0,           0,        1297,      -8.462041336,      -5.304825206,      -6.000087961,      -3.088256075
          0,           0,        1298,      -8.467494347,      -5.307346733,      -6.008861869,      -3.096585237
          0,           0,        1299,      -8.471685673,      -5.309856424,      -6.015852544,      -3.103102151
          0,           0,        1300,      -8.475016942,      -5.312346152,      -6.021385285,      -3.108207522
          0,           0,        1301,      -8.477974158,      -5.314812283,      -6.026099216,      -3.112586025
          0,           0,        1302,      -8.480849772,      -5.317255735,      -6.030483135,      -3.116732178
          0,           0,        1303,      -8.483700636,      -5.319679467,      -6.034715679,      -3.120805947
          0,           0,        1304,      -8.486444609,      -5.322086114,      -6.038741321,        -3.1247287
          0,           0,        1305,      -8.488980504,      -5.324476975,      -6.042430479,      -3.128354525
          0,           0,        1306,      -8.491262091,       -5.32685219,       -6.04570489,      -3.131597591
          0,           0,        1307,      -8.493311734,      -5.329211413,      -6.048582855,      -3.134473671
          0,           0,        1308,       -8.49519502,       -5.33155439,      -6.051158362,      -3.137074572
          0,           0,        1309,      -8.348806424,      -5.337920236,      -5.878577622,      -2.935573768
          0,           0,        1310,      -8.170435656,      -5.347868375,       -5.68574224,      -2.726213281
          0,           0,        1311,      -8.434429821,      -5.346786178,      -5.973367455,      -3.053042306
          0,           0,        1312,      -8.471826864,      -5.346267484,      -5.992928325,      -3.082126754
          0,           0,        1313,      -8.507083474,      -5.347854638,      -6.041852883,      -3.134272622
          0,           0,        1314,      -8.515773882,      -5.350363992,      -6.065963229,      -3.159538054
          0,           0,        1315,      -8.356765935,      -5.357147852,      -5.881514017,      -2.944345194
          0,           0,        1316,      -8.165514647,      -5.366718032,      -5.674203278,      -2.719071522
          0,           0,        1317,      -8.021716125,      -5.378287876,      -5.528671164,       -2.56342275
          0,           0,        1318,      -7.896720074,      -5.389822286,      -5.401929403,      -2.432306265
          0,           0,        1319,      -7.790096586,      -5.397507833,      -5.291892507,      -2.321942607
          0,           0,        1320,      -8.079817225,       -5.39488191,      -5.571031035,      -2.618252291
          0,           0,        1321,      -8.050914797,      -5.406374888,      -5.536282367,       -2.59116248
          0,           0,        1322,      -7.869136967,       -5.41650728,      -5.350919193,      -2.400989084
          0,           0,        1323,      -7.807275347,      -5.426256916,      -5.298000569,      -2.338248787
          0,           0,        1324,      -7.747099452,      -5.431454477,      -5.242494271,      -2.276933666
          0,           0,        1325,      -7.713789622,       -5.43377308,      -5.212489955,      -2.243006282
          0,           0,        1326,      -7.678124889,      -5.430984486,       -5.17451377,      -2.205990893
          0,           0,        1327,       -7.76944375,      -5.434943577,       -5.25144695,      -2.296219409
          0,           0,        1328,      -7.733337974,      -5.446721933,      -5.212303129,      -2.260019185
          0,           0,        1329,      -7.700629221,      -5.451684106,      -5.182525961,      -2.226882934
          0,           0,        1330,      -7.695235363,      -5.456203469,      -5.181396093,      -2.221315973
          0,           0,        1331,      -7.697824557,      -5.459833125,       -5.18625437,      -2.223501907
          0,           0,        1332,      -7.691966636,      -5.461605609,      -5.177659293,      -2.216740526
          0,           0,        1333,      -7.688596597,      -5.465658262,      -5.172151089,       -2.21269273
          0,           0,        1334,      -7.682855418,      -5.470293626,      -5.163109012,      -2.206277169
          0,           0,        1335,      -7.689158503,       -5.47912267,      -5.167308195,      -2.212225159
          0,           0,        1336,      -7.695921858,      -5.490154969,      -5.172404372,      -2.218763267
          0,           0,        1337,      -7.713127641,      -5.504933652,      -5.188811246,      -2.235896519
          0,           0,        1338,      -7.729251239,       -5.52133715,       -5.20427761,      -2.251965027
          0,           0,        1339,      -7.752181077,      -5.540492057,      -5.226839351,      -2.274898616
          0,           0,        1340,      -7.770803913,      -5.560489579,      -5.244918709,      -2.293495259
          0,           0,        1341,      -7.792996421,      -5.582266833,      -5.266907237,      -2.315700308
          0,           0,        1342,      -7.812598853,       -5.60474865,      -5.286113874,      -2.335284907
          0,           0,        1343,      -7.840504612,      -5.629591081,      -5.313946385,      -2.363228419
          0,           0,        1344,      -7.865364293,      -5.654806661,      -5.338927939,      -2.388100014
          0,           0,        1345,      -7.899280009,      -5.682112948,      -5.373580637,      -2.422094971
          0,           0,        1346,      -7.929907631,      -5.709425334,      -5.405042377,      -2.452765702
          0,           0,        1347,       -7.96849671,      -5.738345308,      -5.444826914,      -2.491455169
          0,           0,        1348,      -7.998065236,      -5.766305259,      -5.475267344,      -2.521041023
          0,           0,        1349,      -8.033569136,      -5.795381563,      -5.511615217,      -2.556605052
          0,           0,        1350,      -8.056143107,      -5.823035003,      -5.534203435,      -2.579129551
          0,           0,        1351,      -8.087227233,      -5.852135173,      -5.565362361,      -2.610234769
          0,           0,        1352,      -8.106714173,      -5.879816136,      -5.584383904,       -2.62965063
          0,           0,        1353,      -8.139675323,      -5.909620107,      -5.617505657,      -2.662649616
          0,           0,        1354,      -8.162563485,      -5.937980532,      -5.640363502,      -2.685491945
          0,           0,        1355,       -8.20106374,      -5.968867529,      -5.679502122,      -2.724069567
          0,           0,        1356,       -8.22705185,      -5.997864717,      -5.705747213,       -2.75002644
          0,           0,        1357,      -8.268120643,      -6.029188029,      -5.747522823,      -2.791185632
          0,           0,        1358,      -8.291752019,      -6.057953109,      -5.771019825,      -2.814753958
          0,           0,        1359,      -8.331202366,      -6.089002871,      -5.810750722,      -2.854274032
          0,           0,        1360,      -8.349677548,      -6.117202138,      -5.828351343,      -2.872642712
          0,           0,        1361,      -8.387877077,      -6.148211221,      -5.866449487,      -2.910904633
          0,           0,        1362,      -8.403873205,      -6.176251132,      -5.881354042,       -2.92678766
          0,           0,        1363,      -8.443727386,      -6.207681253,      -5.921211745,      -2.966725372
          0,           0,        1364,      -8.459592097,      -6.235810223,      -5.936300211,      -2.982487525
          0,           0,        1365,      -8.501593663,      -6.267669427,      -5.978535369,       -3.02459366
          0,           0,        1366,      -8.516297896,      -6.295637553,      -5.992719461,      -3.039189024
          0,           0,        1367,       -8.55980731,      -6.327816238,      -6.036568928,       -3.08281539
          0,           0,        1368,      -8.572929265,      -6.355402912,      -6.049329273,      -3.095811778
          0,           0,        1369,      -8.619813651,      -6.388178386,      -6.096803533,      -3.142838266
          0,           0,        1370,      -8.633596246,      -6.415631875,      -6.110472023,      -3.156488507
          0,           0,        1371,      -8.686600418,      -6.449369062,      -6.164469593,      -3.209682042
          0,           0,        1372,      -8.701302937,       -6.47693997,      -6.179074765,      -3.224241536
          0,           0,        1373,      -8.759797186,       -6.51122794,       -6.23882442,      -3.282969216
          0,           0,        1374,      -8.770679771,      -6.538461935,      -6.249114974,      -3.293658544
          0,           0,        1375,      -8.830254544,      -6.572280513,      -6.309988784,      -3.353465319
          0,           0,        1376,      -8.831107319,      -6.598592724,      -6.309151989,      -3.354040682
          0,           0,        1377,      -8.887622802,      -6.631857314,      -6.366396209,      -3.410752493
          0,           0,        1378,      -8.878410471,      -6.657276931,      -6.354521204,      -3.401224513
          0,           0,        1379,      -8.932946841,      -6.690847058,      -6.408994524,      -3.455947281
          0,           0,        1380,      -8.921025967,      -6.715559553,      -6.394944065,      -3.443739482
          0,           0,        1381,      -8.978561256,      -6.750223468,      -6.452306149,      -3.501487849
          0,           0,        1382,      -8.970936461,       -6.77462003,      -6.444014535,      -3.493611559
          0,           0,        1383,      -9.035479167,       -6.81095587,       -6.50879424,      -3.558420875
          0,           0,        1384,      -9.035972781,      -6.835973294,      -6.509440675,      -3.558667326
          0,           0,        1385,      -9.109189423,      -6.874157995,      -6.583385674,      -3.632239064
          0,           0,        1386,      -9.126796606,      -6.901732894,      -6.599311158,      -3.649562591
          0,           0,        1387,      -9.204319773,      -6.940643209,      -6.677888895,      -3.727559653
          0,           0,        1388,       -9.26692831,      -6.968193259,      -6.730761515,      -3.789798838
          0,           0,        1389,      -9.333676525,      -7.006024652,      -6.798501523,      -3.857148804
          0,           0,        1390,      -9.312269969,      -7.030941798,      -6.784106643,      -3.835430542
          0,           0,        1391,      -9.389662276,      -7.062867403,      -6.864897036,      -3.913218586
          0,           0,        1392,      -9.367606468,      -7.085512771,      -6.843417227,      -3.890724965
          0,           0,        1393,      -9.500206143,      -7.113302606,      -6.963034777,      -4.023346599
          0,           0,        1394,      -9.475206624,      -7.144064527,      -6.938190762,      -3.998329243
          0,           0,        1395,       -9.50178521,      -7.170684177,      -6.964677723,      -4.024875602
          0,           0,        1396,      -9.472189143,      -7.193251592,      -6.938379449,       -3.99508552
          0,           0,        1397,      -9.665224442,      -7.212144798,      -7.108141053,      -4.188151778
          0,           0,        1398,      -9.634049484,      -7.239414308,      -7.081538457,      -4.157131681
          0,           0,        1399,      -9.574016416,      -7.261672326,      -7.032411433,      -4.096911851
          0,           0,        1400,      -9.602054553,      -7.284534283,      -7.062687523,      -4.124962368
          0,           0,        1401,      -9.576420593,      -7.303750531,      -7.043586582,      -4.099237003
          0,           0,        1402,      -9.797253863,      -7.319296301,      -7.239602195,      -4.319990146
          0,           0,        1403,      -9.770521801,      -7.344611798,      -7.216881698,      -4.293694261
          0,           0,        1404,      -9.711569548,      -7.365512607,       -7.17134039,      -4.234619333
          0,           0,        1405,      -9.748976914,      -7.386165471,      -7.209433461,      -4.272060225
          0,           0,        1406,      -9.775618481,      -7.405522618,        -7.2344769,      -4.298638855
          0,           0,        1407,      -9.801261863,      -7.424174481,      -7.257604955,      -4.324189731
          0,           0,        1408,      -9.820081737,      -7.441985354,       -7.27457266,      -4.342851957
          0,           0,        1409,       -9.84293809,      -7.460163512,       -7.29575998,       -4.36560958
          0,           0,        1410,      -9.861299257,       -7.47837787,      -7.312696143,      -4.383893276
          0,           0,        1411,      -9.878264601,      -7.496757884,      -7.327865304,      -4.400829255
          0,           0,        1412,      -9.889289279,      -7.514826121,      -7.336691144,      -4.411835799
          0,           0,        1413,      -9.896107388,      -7.532267579,      -7.341130974,       -4.41863367
          0,           0,        1414,      -9.898480842,      -7.548720028,      -7.341710431,      -4.420960372
          0,           0,        1415,      -9.899797365,      -7.564314395,      -7.342306585,      -4.422213499
          0,           0,        1416,       -9.90222128,      -7.579440943,      -7.345307551,      -4.424573452
          0,           0,        1417,      -9.908497725,      -7.594753257,      -7.353145618,      -4.430809108
          0,           0,        1418,      -9.864302263,      -7.607931868,      -7.318219287,      -4.386625832
          0,           0,        1419,      -10.09343638,      -7.617146613,      -7.518139121,      -4.615253386
          0,           0,        1420,      -10.05987518,      -7.637878723,      -7.488718225,      -4.582280325
          0,           0,        1421,      -9.993460723,      -7.655725767,      -7.439356286,      -4.516035944
          0,           0,        1422,      -9.974675202,      -7.670215609,      -7.431875412,      -4.497269264
          0,           0,        1423,      -10.20071564,       -7.67618417,      -7.613816266,      -4.723019049
          0,           0,        1424,      -10.17620973,       -7.69089101,      -7.591808104,      -4.698684138
          0,           0,        1425,      -10.11383744,      -7.707251056,      -7.548933819,      -4.636439875
          0,           0,        1426,       -10.3786196,      -7.704276775,      -7.761396187,      -4.900097478
          0,           0,        1427,      -10.31499708,      -7.711006044,      -7.706411258,      -4.836319485
          0,           0,        1428,      -10.27586272,      -7.728133063,      -7.679251725,      -4.798277772
          0,           0,        1429,      -10.21266023,      -7.743504301,      -7.640239939,      -4.735339108
          0,           0,        1430,      -10.46024307,      -7.742519379,      -7.833555383,      -4.982494554
          0,           0,        1431,      -10.39524267,      -7.746531364,      -7.778421186,      -4.916693851
          0,           0,        1432,      -10.35444835,      -7.761243558,      -7.750089506,      -4.876962801
          0,           0,        1433,      -10.27740399,      -7.774754247,      -7.699993494,       -4.80003512
          0,           0,        1434,      -10.27998942,      -7.784872237,      -7.703743749,      -4.802409324
          0,           0,        1435,      -10.28560753,      -7.795451594,      -7.707393065,       -4.80793897
          0,           0,        1436,      -10.27921298,      -7.805480062,      -7.701396948,      -4.801424016
          0,           0,        1437,      -10.27294137,      -7.815519379,      -7.696438069,      -4.795063435
          0,           0,        1438,      -10.26971317,      -7.825867023,      -7.694783155,      -4.791798116
          0,           0,        1439,      -10.19427362,        -7.8379303,      -7.634671002,      -4.716442541
          0,           0,        1440,      -10.44899091,      -7.838379141,      -7.844818474,      -4.970656658
          0,           0,        1441,      -10.40292014,      -7.846283868,      -7.802813734,      -4.924690629
          0,           0,        1442,      -10.32279411,      -7.861561384,      -7.743704704,      -4.845101616
          0,           0,        1443,      -10.24959058,      -7.873003027,      -7.691585517,      -4.771878904
          0,           0,        1444,      -10.27058861,      -7.884236446,      -7.713519559,       -4.79286293
          0,           0,        1445,      -10.28060028,      -7.894688558,      -7.722580875,      -4.802810994
          0,           0,        1446,       -10.2884044,      -7.904976728,      -7.728798472,      -4.810531715
          0,           0,        1447,      -10.54697607,      -7.902329141,      -7.935126489,      -5.068265312
          0,           0,        1448,      -10.48571282,      -7.909112662,      -7.880159262,      -5.007011892
          0,           0,        1449,      -10.42423241,      -7.924435787,      -7.835365384,      -4.946302791
          0,           0,        1450,      -10.35678189,      -7.937215774,      -7.789308396,      -4.879052859
          0,           0,        1451,      -10.63482821,      -7.936361801,      -8.009906757,       -5.15696184
          0,           0,        1452,       -10.5699991,      -7.938792879,      -7.954642023,      -5.091292305
          0,           0,        1453,      -10.52761423,      -7.952247267,      -7.924895345,      -5.049893905
          0,           0,        1454,      -10.44791683,      -7.964405633,      -7.872409247,      -4.970449273
          0,           0,        1455,      -10.46172756,      -7.973651148,      -7.887173067,       -4.98421098
          0,           0,        1456,      -10.40340162,      -7.984950133,      -7.843805219,      -4.925939557
          0,           0,        1457,      -10.63764409,       -7.98245319,      -8.028151615,      -5.159387489
          0,           0,        1458,      -10.59255003,      -7.990091974,      -7.987430483,      -5.114481444
          0,           0,        1459,      -10.50886034,      -8.003533269,      -7.926847155,      -5.031309895
          0,           0,        1460,       -10.4986947,       -8.01156906,      -7.922808722,      -5.021018727
          0,           0,        1461,      -10.43372162,      -8.023083686,      -7.873872533,      -4.956135569
          0,           0,        1462,      -10.70226617,      -8.022089884,       -8.08832586,      -5.224488901
          0,           0,        1463,      -10.64588278,      -8.026284097,      -8.038946984,      -5.167706136
          0,           0,        1464,      -10.57529676,      -8.039264474,       -7.98854924,      -5.097740351
          0,           0,        1465,      -10.48144421,      -8.049195566,      -7.921018178,      -5.003777336
          0,           0,        1466,      -10.49897485,      -8.058650067,      -7.939171121,      -5.021258928
          0,           0,        1467,       -10.5036426,      -8.067540605,      -7.942833814,      -5.025841116
          0,           0,        1468,      -10.50515825,      -8.076348164,       -7.94307103,      -5.027266199
          0,           0,        1469,      -10.50666945,      -8.085313259,      -7.943458755,      -5.028706624
          0,           0,        1470,      -10.51240018,      -8.094799027,       -7.94793002,      -5.034421362
          0,           0,        1471,      -10.52035399,      -8.104655534,       -7.95480164,       -5.04240128
          0,           0,        1472,      -10.53040285,      -8.114763894,      -7.963893582,      -5.052508554
          0,           0,        1473,      -10.47651724,      -8.125269771,      -7.921935628,      -4.998740597
          0,           0,        1474,      -10.70699901,      -8.125722857,      -8.108339058,      -5.228916242
          0,           0,        1475,      -10.67982092,       -8.13447245,      -8.082884144,      -5.201833199
          0,           0,        1476,      -10.59326721,      -8.147850238,      -8.018818395,      -5.115622907
          0,           0,        1477,      -10.59770932,      -8.156719652,      -8.026786422,      -5.120042899
          0,           0,        1478,      -10.54060713,      -8.167396707,      -7.983794425,      -5.063043044
          0,           0,        1479,      -10.79721582,      -8.165728551,      -8.195359868,      -5.318971008
          0,           0,        1480,      -10.75483893,      -8.173932767,      -8.156511717,      -5.276856244
          0,           0,        1481,      -10.67393391,      -8.187949532,      -8.097648116,      -5.196538609
          0,           0,        1482,      -10.59602795,      -8.197932872,      -8.041273609,      -5.118587073
          0,           0,        1483,      -10.61480524,      -8.207969633,      -8.061456248,      -5.137359022
          0,           0,        1484,      -10.62126962,      -8.217364265,      -8.067843898,        -5.1437553
          0,           0,        1485,      -10.55130077,        -8.2232316,      -8.009564413,      -5.073517015
          0,           0,        1486,      -10.80037573,      -8.227761055,      -8.211566298,      -5.322421198
          0,           0,        1487,      -10.75881336,      -8.238784249,      -8.173593869,      -5.281042142
          0,           0,        1488,      -10.65915905,      -8.249858429,      -8.096928881,      -5.181357339
          0,           0,        1489,      -10.95219749,      -8.248658373,        -8.3355644,      -5.473906303
          0,           0,        1490,      -10.88384503,      -8.252593241,      -8.275665686,      -5.405162567
          0,           0,        1491,      -10.82542078,      -8.266260302,      -8.232436633,      -5.347713656
          0,           0,        1492,      -10.74125804,      -8.277946763,      -8.173887407,      -5.263742195
          0,           0,        1493,      -10.76284864,      -8.287251172,      -8.195803976,      -5.285338215
          0,           0,        1494,       -10.7108963,      -8.298048342,      -8.156997794,      -5.233430531
          0,           0,        1495,      -10.95084638,      -8.296845295,      -8.345594626,      -5.473088861
          0,           0,        1496,       -10.9155358,       -8.30353649,      -8.312905652,       -5.43767313
          0,           0,        1497,      -10.83133886,      -8.316221242,      -8.251917232,       -5.35386821
          0,           0,        1498,      -10.73943274,      -8.325559931,       -8.18142062,      -5.261840251
          0,           0,        1499,      -11.01949558,      -8.324237556,      -8.410744191,       -5.54137674
          0,           0,        1500,       -10.9697691,      -8.329961851,      -8.365034104,      -5.491668652
          0,           0,        1501,      -10.88626892,      -8.343159947,      -8.303305685,      -5.408861721
          0,           0,        1502,      -10.78403928,        -8.3529833,       -8.22616789,      -5.306541392
          0,           0,        1503,      -11.09245721,      -8.352958104,      -8.474630162,      -5.615315859
          0,           0,        1504,      -11.02727017,      -8.355105081,      -8.418493522,       -5.54919985
          0,           0,        1505,      -10.96380738,       -8.36708538,      -8.373061344,      -5.486519477
          0,           0,        1506,      -10.85486774,       -8.37682031,      -8.294860512,      -5.377432598
          0,           0,        1507,       -10.7872107,      -8.385169272,      -8.244845983,      -5.309530033
          0,           0,        1508,      -11.06504476,      -8.386379258,      -8.467361493,      -5.587218714
          0,           0,        1509,      -11.02438004,      -8.393258388,      -8.428897371,      -5.546605943
          0,           0,        1510,      -10.91565992,      -8.404615584,      -8.346702215,      -5.438002279
          0,           0,        1511,      -10.90963602,      -8.412086368,      -8.344186153,      -5.431823679
          0,           0,        1512,      -10.84332846,      -8.422239143,      -8.291258972,      -5.365528272
          0,           0,        1513,      -11.12342056,      -8.422356123,      -8.517385904,      -5.645543516
          0,           0,        1514,      -11.07172724,      -8.426825594,      -8.469468073,      -5.593555353
          0,           0,        1515,       -10.9862893,      -8.438976493,       -8.40528757,      -5.508677039
          0,           0,        1516,      -10.89135725,      -8.448395236,      -8.333418682,      -5.413684733
          0,           0,        1517,      -11.20116716,      -8.447964755,      -8.583660161,      -5.723733027
          0,           0,        1518,       -11.1375654,      -8.450450148,      -8.529034678,      -5.659286358
          0,           0,        1519,       -11.0695087,       -8.46206345,      -8.480357693,      -5.592020098
          0,           0,        1520,      -10.95698235,       -8.47194248,      -8.396270909,      -5.479503699
          0,           0,        1521,      -11.26466856,      -8.470821821,      -8.645426601,      -5.787227083
          0,           0,        1522,       -11.1910691,      -8.472971781,      -8.582348543,      -5.712851242
          0,           0,        1523,      -11.12666128,      -8.484033342,      -8.535081994,      -5.649405255
          0,           0,        1524,      -11.01020823,      -8.493969238,      -8.449439441,      -5.532935096
          0,           0,        1525,      -11.30791634,      -8.493170583,      -8.686366149,      -5.831149832
          0,           0,        1526,      -11.23260176,      -8.494814929,        -8.6235923,      -5.754691874
          0,           0,        1527,      -11.17107784,      -8.505094395,       -8.58018873,      -5.693988808
          0,           0,        1528,      -11.05023697,      -8.514365726,      -8.492757479,      -5.572910175
          0,           0,        1529,      -11.06097034,      -8.522177766,      -8.505474111,      -5.583531664
          0,           0,        1530,      -10.96557433,      -8.530163204,      -8.425504251,      -5.487789845
          0,           0,        1531,       -11.2613701,      -8.531010624,      -8.665867501,      -5.783664516
          0,           0,        1532,       -11.2121693,      -8.536354742,      -8.619054113,      -5.734357203
          0,           0,        1533,      -11.09052343,      -8.546933414,      -8.523268735,      -5.612799874
          0,           0,        1534,      -11.07807455,      -8.553767886,      -8.514817667,      -5.600215556
          0,           0,        1535,       -11.0021369,      -8.563287456,      -8.452499149,      -5.524288361
          0,           0,        1536,      -11.31156512,      -8.563846016,      -8.706931663,      -5.834109317
          0,           0,        1537,      -11.25091735,      -8.566661683,      -8.652132011,      -5.772780024
          0,           0,        1538,      -11.16051536,      -8.577807586,      -8.583021227,      -5.682928162
          0,           0,        1539,      -11.05188895,      -8.586805211,      -8.498576515,      -5.574227735
          0,           0,        1540,      -11.07098204,      -8.595847345,      -8.518856832,      -5.593397502
          0,           0,        1541,      -10.98996471,      -8.603548835,      -8.449872696,       -5.51225007
          0,           0,        1542,      -11.27525637,      -8.605626429,      -8.691763621,      -5.797624582
          0,           0,        1543,      -11.23587613,      -8.613352004,      -8.653718113,      -5.758402328
          0,           0,        1544,       -11.1133466,      -8.624412414,      -8.555449095,      -5.635891049
          0,           0,        1545,       -11.1175184,      -8.632503903,      -8.563215005,      -5.640025007
          0,           0,        1546,      -11.04357126,      -8.641336874,      -8.502824726,      -5.565953156
          0,           0,        1547,      -11.04159665,      -8.649598997,      -8.502516873,      -5.563874173
          0,           0,        1548,      -10.96139207,       -8.65272056,      -8.429960066,       -5.48335399
          0,           0,        1549,      -11.24470981,      -8.663237113,       -8.67500389,      -5.767121561
          0,           0,        1550,       -11.1920257,      -8.673898125,      -8.625243395,      -5.714445049
          0,           0,        1551,      -11.07293803,      -8.682554498,       -8.52551248,      -5.595075403
          0,           0,        1552,      -11.09587499,      -8.692854736,      -8.549842577,      -5.618028968
          0,           0,        1553,      -11.03373007,      -8.699780924,      -8.497355905,      -5.555726823
          0,           0,        1554,       -11.2984807,      -8.705334736,       -8.72424956,       -5.82039497
          0,           0,        1555,      -11.26725915,      -8.716980339,      -8.692024219,      -5.789559948
          0,           0,        1556,      -11.16163989,      -8.729036693,      -8.606813045,      -5.683951878
          0,           0,        1557,      -11.10353199,      -8.737977639,      -8.562373328,      -5.625753462
          0,           0,        1558,      -11.11367989,      -8.748467812,      -8.572972254,      -5.635918565
          0,           0,        1559,      -11.11598238,      -8.758817749,      -8.573573249,      -5.638221378
          0,           0,        1560,      -11.03554952,      -8.761290349,      -8.498900634,      -5.557492165
          0,           0,        1561,      -11.29272104,      -8.775088298,      -8.726908392,       -5.81498937
          0,           0,        1562,      -11.23065088,      -8.789190468,      -8.669108169,      -5.752994191
          0,           0,        1563,      -11.12339499,      -8.798160172,      -8.577499124,      -5.645521435
          0,           0,        1564,      -11.14886097,      -8.811127714,      -8.605002562,      -5.671039163
          0,           0,        1565,      -11.08580887,      -8.816914915,      -8.550627099,       -5.60780399
          0,           0,        1566,      -11.10064968,      -8.829053036,      -8.566473308,      -5.622614875
          0,           0,        1567,      -11.10955603,      -8.841268273,      -8.574548825,      -5.631473061
          0,           0,        1568,      -11.12329694,      -8.854611635,      -8.586584417,      -5.645177867
          0,           0,        1569,      -11.13594141,      -8.867945572,      -8.597371232,      -5.657768399
          0,           0,        1570,      -11.15437338,      -8.882185191,      -8.613957016,      -5.676157586
          0,           0,        1571,      -11.17105311,      -8.896535432,      -8.629222796,      -5.692782596
          0,           0,        1572,      -11.19002125,      -8.911776595,       -8.64710182,      -5.711709721
          0,           0,        1573,      -11.20567671,      -8.927748057,       -8.66180234,      -5.727340773
          0,           0,        1574,      -11.22090592,      -8.944771417,      -8.675836157,      -5.742579031
          0,           0,        1575,      -11.18010892,      -8.954381715,      -8.639102371,      -5.701658879
          0,           0,        1576,      -11.37735634,      -8.980205403,      -8.810302348,      -5.899188952
          0,           0,        1577,        -11.336993,      -9.000109109,      -8.773468602,      -5.858937316
          0,           0,        1578,      -11.27211298,       -9.01286471,      -8.719909109,      -5.793997805
          0,           0,        1579,      -11.23820921,      -9.022233951,        -8.6936954,      -5.760005399
          0,           0,        1580,      -11.47281564,      -9.044305965,      -8.902403283,      -5.994667565
          0,           0,        1581,      -11.41844698,      -9.064751171,      -8.856396532,      -5.940520822
          0,           0,        1582,      -11.35437443,      -9.078211358,      -8.806947645,       -5.87642244
          0,           0,        1583,      -11.32578234,      -9.089427314,      -8.788198393,      -5.847706816
          0,           0,        1584,      -11.58192266,      -9.112021851,      -9.013592993,      -6.103854595
          0,           0,        1585,      -11.54239367,      -9.132712029,       -8.97965596,      -6.064746088
          0,           0,        1586,      -11.48147019,      -9.146852202,      -8.934471162,      -6.003701372
          0,           0,        1587,      -11.45506935,      -9.157548247,      -8.918812156,      -5.976968071
          0,           0,        1588,      -11.70240145,      -9.174008278,      -9.119123794,      -6.224417655
          0,           0,        1589,       -11.6704579,      -9.190019007,      -9.090954679,      -6.192485579
          0,           0,        1590,      -11.59904645,      -9.203094828,      -9.040472038,      -6.120841786
          0,           0,        1591,      -11.86185032,      -9.204207842,      -9.258259446,      -6.382174417
          0,           0,        1592,      -11.82192793,       -9.21554468,      -9.219778273,       -6.34294993
          0,           0,        1593,      -11.76669685,      -9.233228948,       -9.18133217,      -6.288516737
          0,           0,        1594,      -11.69854604,      -9.247251298,      -9.135882526,      -6.220344954
          0,           0,        1595,      -11.97205573,      -9.250230419,       -9.35267818,      -6.493738387
          0,           0,        1596,      -11.91601804,      -9.254944832,      -9.301967435,      -6.437232746
          0,           0,        1597,      -11.86499609,      -9.269272666,      -9.264725332,       -6.38687873
          0,           0,        1598,      -11.77235036,       -9.28126084,      -9.198851748,      -6.294114828
          0,           0,        1599,      -12.04694451,      -9.280866822,      -9.417689474,      -6.567986191
