"Time_Iter","Outer_Iter","Inner_Iter",    "rms[Rho]"    ,    "rms[RhoU]"   ,    "rms[RhoV]"   ,    "rms[RhoE]"   
          0,           0,           0,       -2.82181759,     -0.9466002197,     -0.2858390826,        2.70828689
          0,           0,           1,      -2.962329041,       -1.22426376,     -0.2883929204,       2.607398266
          0,           0,           2,      -3.203394734,      -1.451245496,     -0.8773617783,       2.396354906
          0,           0,           3,      -3.264129241,       -1.50432197,     -0.9669968885,       2.030511819
          0,           0,           4,      -3.283928352,       -1.60853116,      -1.105055109,       1.830685209
          0,           0,           5,      -3.333242556,      -1.704436522,      -1.185774754,       1.720902748
          0,           0,           6,      -3.417228792,      -1.851393534,      -1.510282906,       1.382966092
          0,           0,           7,       -3.47143311,      -1.913521943,      -1.654377564,       1.295166228
          0,           0,           8,      -3.506408561,      -1.948127621,      -1.541427847,       1.375591291
          0,           0,           9,      -3.546866883,      -2.035838325,      -1.655332721,       1.232597951
          0,           0,          10,      -3.586622023,      -2.130131172,      -1.943746734,      0.9275439732
          0,           0,          11,      -3.618988523,      -2.161500405,      -1.904396675,       1.013194613
          0,           0,          12,      -3.650795418,      -2.171204104,      -1.804380516,       1.099919522
          0,           0,          13,      -3.686666276,      -2.201505179,      -1.863835873,       1.021921048
          0,           0,          14,      -3.722126451,      -2.239986476,      -2.041531393,      0.8196178716
          0,           0,          15,      -3.752206654,      -2.268882047,      -2.219203613,      0.6247907912
          0,           0,          16,      -3.777503117,      -2.291759836,      -2.257066166,      0.5942504657
          0,           0,          17,      -3.800763413,      -2.315457088,      -2.288491155,      0.5563279221
          0,           0,          18,      -3.823217131,      -2.337055756,      -2.332480013,      0.5137203558
          0,           0,          19,      -3.845162213,      -2.353035859,      -2.325882348,      0.5405979295
          0,           0,          20,      -3.866946607,      -2.365694074,       -2.30859008,      0.5678256849
          0,           0,          21,      -3.888566281,      -2.378431225,      -2.328600882,      0.5466794817
          0,           0,          22,      -3.909451176,      -2.391990591,      -2.383008262,      0.4874483496
          0,           0,          23,      -3.929042792,      -2.405677638,      -2.446567163,      0.4203118934
          0,           0,          24,      -3.947268587,      -2.418931754,      -2.497188008,      0.3696911302
          0,           0,          25,      -3.964427342,      -2.431366144,      -2.529285139,      0.3408155193
          0,           0,          26,      -3.980865845,      -2.442623372,      -2.545444976,      0.3300026661
          0,           0,          27,      -3.996816237,       -2.45264801,       -2.55157233,      0.3293319798
          0,           0,          28,      -4.012374056,      -2.461769555,       -2.55747701,      0.3272549538
          0,           0,          29,      -4.027519146,      -2.470407337,      -2.570720805,      0.3162521609
          0,           0,          30,      -4.042169153,      -2.478810371,      -2.592336292,      0.2962782339
          0,           0,          31,      -4.056253187,      -2.487041292,      -2.618483563,      0.2720182092
          0,           0,          32,      -4.069759605,      -2.495070056,      -2.644069227,      0.2488861042
          0,           0,          33,      -4.082734371,      -2.502845318,      -2.665624856,      0.2302044675
          0,           0,          34,      -4.095249398,      -2.510329171,      -2.682569362,      0.2161984927
          0,           0,          35,      -4.107370125,      -2.517512872,      -2.696720845,       0.204769166
          0,           0,          36,      -4.119138322,      -2.524414773,      -2.710707352,      0.1932313281
          0,           0,          37,      -4.130570837,       -2.53106637,      -2.726378665,      0.1798638298
          0,           0,          38,      -4.141669199,       -2.53750049,      -2.744157492,      0.1644245148
          0,           0,          39,      -4.152432637,      -2.543747212,      -2.763366847,      0.1477169809
          0,           0,          40,      -4.162867386,      -2.549832967,      -2.782998093,      0.1307932048
          0,           0,          41,      -4.172988915,      -2.555779045,      -2.802369164,      0.1143238431
          0,           0,          42,      -4.182818389,      -2.561600487,      -2.821364317,     0.09840295572
          0,           0,          43,      -4.192377148,      -2.567307079,      -2.840257799,     0.08274903076
          0,           0,          44,      -4.201682568,      -2.572905826,      -2.859352376,     0.06705840904
          0,           0,          45,       -4.21074688,      -2.578402981,      -2.878696069,     0.05125978948
          0,           0,          46,      -4.219578546,      -2.583804581,      -2.898014573,     0.03555526118
          0,           0,          47,      -4.228184706,      -2.589115715,      -2.916842806,     0.02028762672
          0,           0,          48,      -4.236573313,      -2.594339066,      -2.934754477,    0.005761204919
          0,           0,          49,      -4.244753722,      -2.599474901,      -2.951530296,    -0.00788269018
          0,           0,          50,      -4.252736057,       -2.60452276,      -2.967189185,    -0.02068367752
          0,           0,          51,       -4.26053026,      -2.609483427,      -2.981913905,    -0.03279166205
          0,           0,          52,      -4.268145379,      -2.614360308,      -2.995935237,    -0.04437439095
          0,           0,          53,      -4.275589357,      -2.619159527,      -3.009446218,    -0.05556065081
          0,           0,          54,       -4.28286922,      -2.623888835,      -3.022569609,    -0.06642769311
          0,           0,          55,       -4.28999141,      -2.628555983,       -3.03536064,    -0.07701229918
          0,           0,          56,      -4.296962035,      -2.633167309,      -3.047816788,    -0.08732194917
          0,           0,          57,      -4.303786972,      -2.637726993,      -3.059880888,    -0.09733627603
          0,           0,          58,      -4.310471844,      -2.642237046,      -3.071443374,     -0.1070045345
          0,           0,          59,      -4.317021979,      -2.646697828,      -3.082357763,     -0.1162510183
          0,           0,          60,      -4.323442416,      -2.651108809,      -3.092478702,     -0.1249950003
          0,           0,          61,      -4.329738005,      -2.655469174,      -3.101717352,     -0.1331858107
          0,           0,          62,      -4.335913426,      -2.659778345,      -3.110078702,      -0.140830629
          0,           0,          63,      -4.341973248,      -2.664036573,      -3.117668641,     -0.1479827711
          0,           0,          64,      -4.347921973,      -2.668245145,       -3.12469094,     -0.1547461737
          0,           0,          65,      -4.353763985,      -2.672406362,      -3.131408599,     -0.1612660654
          0,           0,          66,      -4.359503497,      -2.676523292,       -3.13810135,     -0.1677065272
          0,           0,          67,       -4.36514449,      -2.680599378,      -3.145025273,     -0.1742256916
          0,           0,          68,      -4.370690651,      -2.684638006,      -3.152379183,     -0.1809546199
          0,           0,          69,      -4.376145336,      -2.688642096,      -3.160283575,     -0.1879824779
          0,           0,          70,      -4.381511565,      -2.692613798,      -3.168773602,     -0.1953491981
          0,           0,          71,      -4.390529321,      -2.703649903,      -3.073652485,     0.02856490789
          0,           0,          72,      -4.396492419,      -2.704776293,      -3.082907921,     -0.2038550627
          0,           0,          73,      -4.404996718,      -2.715146553,      -3.075351707,   -0.006487949458
          0,           0,          74,      -4.410905875,      -2.715870776,      -3.119382299,     -0.2294616095
          0,           0,          75,      -4.419664246,      -2.726022512,      -3.116224169,    -0.03420868815
          0,           0,          76,      -4.425040459,      -2.726764831,      -3.148371126,     -0.2555229089
          0,           0,          77,      -4.433572533,      -2.736754105,      -3.145063821,    -0.05867441841
          0,           0,          78,      -4.438504711,      -2.737420966,      -3.173102018,     -0.2761067787
          0,           0,          79,      -4.446943094,      -2.747129363,      -3.169941493,    -0.08061565714
          0,           0,          80,       -4.45150705,      -2.747730951,      -3.197587547,      -0.296705435
          0,           0,          81,      -4.459828614,      -2.757195872,      -3.197253101,     -0.1032912379
          0,           0,          82,      -4.464026924,       -2.75775259,      -3.223011113,     -0.3178741655
          0,           0,          83,      -4.472213165,      -2.766981163,      -3.224167497,     -0.1252336742
          0,           0,          84,      -4.476083702,      -2.767499455,      -3.248008475,     -0.3383424953
          0,           0,          85,      -4.484140032,      -2.776479228,       -3.25007226,     -0.1462781369
          0,           0,          86,      -4.487720333,      -2.776962353,      -3.272126027,     -0.3578696996
          0,           0,          87,      -4.495644164,      -2.785692723,      -3.274217788,     -0.1663258782
          0,           0,          88,      -4.498961572,      -2.786146935,      -3.294490637,     -0.3759146934
          0,           0,          89,      -4.506747779,      -2.794632014,      -3.295302465,     -0.1850360969
          0,           0,          90,      -4.509829538,      -2.795061406,      -3.314650407,     -0.3922344052
          0,           0,          91,      -4.517478692,      -2.803305764,      -3.313403078,     -0.2024682442
          0,           0,          92,      -4.520349769,      -2.803714805,      -3.333302584,     -0.4073992522
          0,           0,          93,      -4.527865414,      -2.811729965,      -3.330304482,     -0.2192067724
          0,           0,          94,      -4.530545748,      -2.812123953,      -3.351873082,     -0.4225260291
          0,           0,          95,      -4.537933255,      -2.819926144,      -3.348253907,     -0.2360296685
          0,           0,          96,       -4.54043733,      -2.820308593,      -3.371443859,     -0.4384851921
          0,           0,          97,      -4.547702738,      -2.827914152,      -3.368352876,     -0.2533584552
          0,           0,          98,      -4.550041118,      -2.828284962,      -3.392051438,     -0.4553286129
          0,           0,          99,      -4.557189494,      -2.835707281,      -3.390180042,     -0.2711135383
          0,           0,         100,      -4.559371245,      -2.836063278,      -3.412842356,      -0.472396407
          0,           0,         101,      -4.566406082,      -2.843312533,      -3.412323949,     -0.2888354447
          0,           0,         102,      -4.568440418,      -2.843650224,      -3.432865454,     -0.4889547492
          0,           0,         103,      -4.575364848,      -2.850733794,      -3.433431954,     -0.3060222403
          0,           0,         104,      -4.577261497,      -2.851052832,       -3.45193704,      -0.504748698
          0,           0,         105,      -4.584078313,      -2.857976818,      -3.453276688,     -0.3225126464
          0,           0,         106,      -4.585847996,      -2.858279699,      -3.470436917,     -0.5199536452
          0,           0,         107,      -4.592559545,      -2.865049511,      -3.472537935,     -0.3385082802
          0,           0,         108,      -4.594212949,      -2.865340096,       -3.48887257,     -0.5349354868
          0,           0,         109,      -4.600820445,      -2.871960874,      -3.491727144,     -0.3541984059
          0,           0,         110,      -4.602367806,      -2.872242352,      -3.507331925,     -0.5498175354
          0,           0,         111,      -4.608872437,      -2.878718735,      -3.510541614,     -0.3695257299
          0,           0,         112,       -4.61032289,      -2.878992954,      -3.525315308,     -0.5643163802
          0,           0,         113,      -4.616725256,      -2.885330419,      -3.528088189,     -0.3842644235
          0,           0,         114,      -4.618087834,      -2.885598063,      -3.542195389,     -0.5780321507
          0,           0,         115,      -4.624388585,      -2.891802769,      -3.543895087,     -0.3983045518
          0,           0,         116,      -4.625671763,      -2.892064742,      -3.557950985,      -0.590947637
          0,           0,         117,      -4.631872985,      -2.898143321,       -3.55855498,      -0.411812112
          0,           0,         118,      -4.633083639,      -2.898401177,      -3.573328621,     -0.6035084332
          0,           0,         119,      -4.639188807,       -2.90436095,      -3.573504788,     -0.4251711818
          0,           0,         120,      -4.640331903,       -2.90461616,      -3.589301356,     -0.6163361082
          0,           0,         121,      -4.646345447,      -2.910464013,      -3.590021434,     -0.4387489357
          0,           0,         122,      -4.647423795,      -2.910717403,      -3.606357205,     -0.6297806088
          0,           0,         123,      -4.653350192,      -2.916459026,      -3.608366728,      -0.452653035
          0,           0,         124,      -4.654365293,      -2.916710282,      -3.624161731,     -0.6436644235
          0,           0,         125,      -4.660207877,      -2.922350442,      -3.627766701,      -0.466710734
          0,           0,         126,      -4.661161474,      -2.922598022,      -3.641837176,     -0.6574353344
          0,           0,         127,      -4.666923205,      -2.928140327,      -3.646889206,     -0.4805539392
          0,           0,         128,      -4.667817451,      -2.928383112,      -3.658691499,     -0.6706570862
          0,           0,         129,      -4.673500725,      -2.933830453,      -3.664789342,     -0.4938977409
          0,           0,         130,      -4.674338649,      -2.934068368,      -3.674688153,     -0.6832275965
          0,           0,         131,      -4.679945518,       -2.93942307,       -3.68150118,     -0.5067170235
          0,           0,         132,      -4.680730989,      -2.939656741,      -3.690171636,     -0.6953231631
          0,           0,         133,      -4.686262875,      -2.944920803,      -3.697608388,     -0.5191732432
          0,           0,         134,      -4.687000124,      -2.945150929,      -3.705516536,     -0.7071903034
          0,           0,         135,      -4.692458105,      -2.950326154,      -3.713467192,     -0.5313772414
          0,           0,         136,      -4.693151231,      -2.950552962,      -3.720826245,     -0.7189330282
          0,           0,         137,      -4.698536553,      -2.955641202,        -3.7289557,     -0.5433198322
          0,           0,         138,      -4.699189192,      -2.955864457,      -3.735871054,     -0.7304506555
          0,           0,         139,      -4.704502461,       -2.96086875,      -3.743761559,     -0.5549492474
          0,           0,         140,      -4.705118368,      -2.961087843,      -3.750419761,     -0.7416046597
          0,           0,         141,      -4.710360452,      -2.966011417,      -3.757985372,     -0.5663038021
          0,           0,         142,      -4.710942978,      -2.966226007,       -3.76466675,     -0.7524913087
          0,           0,         143,      -4.716115465,      -2.971072151,      -3.772340295,     -0.5775382492
          0,           0,         144,      -4.716666982,      -2.971282364,      -3.779207475,     -0.7633984732
          0,           0,         145,      -4.721772241,       -2.97605426,      -3.787783612,      -0.588841732
          0,           0,         146,      -4.722293989,      -2.976260467,      -3.794551215,     -0.7745921633
          0,           0,         147,      -4.727334964,      -2.980960778,      -3.804805076,      -0.600308982
          0,           0,         148,       -4.72782714,       -2.98116337,      -3.810711491,      -0.786099462
          0,           0,         149,      -4.732806491,       -2.98579447,      -3.823043638,      -0.611872009
          0,           0,         150,      -4.733269064,      -2.985993411,       -3.82712891,     -0.7976452904
          0,           0,         151,      -4.738188727,      -2.990557786,      -3.841510597,     -0.6233289299
          0,           0,         152,      -4.738621981,      -2.990752794,      -3.842983901,       -0.80882866
          0,           0,         153,      -4.743483978,      -2.995251961,      -3.858941379,     -0.6344263867
          0,           0,         154,       -4.74388859,      -2.995443056,      -3.857799955,     -0.8194135052
          0,           0,         155,      -4.748694249,      -2.999878563,      -3.874664331,     -0.6450240936
          0,           0,         156,      -4.749071617,      -3.000066063,      -3.871593427,     -0.8293848482
          0,           0,         157,      -4.753822101,       -3.00443913,       -3.88881869,     -0.6551559144
          0,           0,         158,      -4.754174113,      -3.004623459,      -3.884675814,     -0.8389015814
          0,           0,         159,      -4.758870302,      -3.008935239,      -3.901957901,     -0.6649493721
          0,           0,         160,      -4.759199061,       -3.00911669,       -3.89740932,     -0.8481596746
          0,           0,         161,      -4.763841873,      -3.013368337,      -3.914557797,     -0.6745134179
          0,           0,         162,      -4.764149402,      -3.013546903,      -3.910039565,     -0.8572956058
          0,           0,         163,      -4.768739612,      -3.017740086,      -3.926921098,     -0.6839228982
          0,           0,         164,      -4.769027826,      -3.017915454,      -3.922661921,     -0.8663559519
          0,           0,         165,      -4.773565891,      -3.022052452,      -3.939361445,     -0.6932511421
          0,           0,         166,       -4.77383662,      -3.022224209,      -3.935394071,     -0.8753739473
          0,           0,         167,      -4.778323318,      -3.026307093,      -3.952424779,     -0.7026030127
          0,           0,         168,      -4.778578033,      -3.026474958,      -3.948552019,     -0.8844754356
          0,           0,         169,      -4.783014554,      -3.030505604,      -3.966787451,     -0.7120767437
          0,           0,         170,      -4.783254064,      -3.030669583,      -3.962521517,     -0.8937967052
          0,           0,         171,      -4.787642097,      -3.034649574,      -3.982905786,     -0.7217116681
          0,           0,         172,      -4.787866516,      -3.034809904,      -3.977412514,      -0.903372112
          0,           0,         173,      -4.792207916,      -3.038740605,      -4.000599598,     -0.7314497947
          0,           0,         174,      -4.792416961,       -3.03889753,      -3.992878176,     -0.9130586316
          0,           0,         175,      -4.796713032,      -3.042780603,       -4.01903084,     -0.7411457813
          0,           0,         176,      -4.796906512,      -3.042934235,      -4.008182805,     -0.9225666019
          0,           0,         177,      -4.801158758,       -3.04677071,      -4.036872604,     -0.7505921745
          0,           0,         178,      -4.801336641,      -3.046921177,      -4.022536941,     -0.9316148223
          0,           0,         179,      -4.805546153,      -3.050711905,      -4.052828014,     -0.7596140613
          0,           0,         180,       -4.80570879,      -3.050859473,      -4.035541757,      -0.940059911
          0,           0,         181,      -4.809876336,       -3.05460525,      -4.066284602,     -0.7681403072
          0,           0,         182,      -4.810024549,      -3.054750206,      -4.047196897,     -0.9479180227
          0,           0,         183,      -4.814150808,      -3.058451695,      -4.077428593,      -0.776220553
          0,           0,         184,      -4.814285691,      -3.058594271,      -4.057810296,     -0.9553250935
          0,           0,         185,      -4.818371288,      -3.062252185,      -4.086935258,     -0.7839706036
          0,           0,         186,      -4.818494045,      -3.062392448,      -4.067826512,     -0.9624613069
          0,           0,         187,      -4.822539611,      -3.066007712,      -4.095632185,     -0.7915228192
          0,           0,         188,      -4.822651414,       -3.06614553,      -4.077695943,     -0.9694961359
          0,           0,         189,      -4.826657426,      -3.069719498,      -4.104368083,     -0.7990101183
          0,           0,         190,      -4.826759397,      -3.069854581,      -4.087812246,     -0.9765602278
          0,           0,         191,      -4.830726283,      -3.073388763,      -4.114005933,     -0.8065648027
          0,           0,         192,      -4.830819337,      -3.073520862,       -4.09854488,     -0.9837663784
          0,           0,         193,      -4.832028994,      -3.074457618,      -4.181314302,      -1.007400682
          0,           0,         194,      -4.833608217,      -3.075601367,      -4.222923263,      -1.002868808
          0,           0,         195,      -4.835051781,      -3.076826835,      -4.242063707,      -1.007103578
          0,           0,         196,      -4.836385963,      -3.078084042,      -4.252727106,      -1.012600793
          0,           0,         197,      -4.837701344,      -3.079336698,      -4.257725677,      -1.015958512
          0,           0,         198,      -4.841668961,      -3.083062453,      -4.192075434,     -0.8254786885
          0,           0,         199,      -4.841586134,      -3.083259398,      -4.130177393,       -1.00436012
          0,           0,         200,      -4.842711507,      -3.084150839,      -4.211755414,      -1.027800852
          0,           0,         201,      -4.846864185,      -3.087702894,      -4.206804467,     -0.8354818477
          0,           0,         202,      -4.846846275,      -3.087887462,      -4.157919412,      -1.016035605
          0,           0,         203,      -4.847924455,       -3.08880181,      -4.250551625,      -1.042205563
          0,           0,         204,      -4.849409075,      -3.089898576,       -4.29868343,      -1.036655245
          0,           0,         205,      -4.850783996,       -3.09106655,      -4.319468829,      -1.040101001
          0,           0,         206,      -4.852057016,      -3.092262652,        -4.3301321,      -1.045127042
          0,           0,         207,      -4.855844159,      -3.095874642,      -4.277036262,     -0.8571682082
          0,           0,         208,      -4.855714672,      -3.096079656,      -4.183453672,      -1.033976479
          0,           0,         209,      -4.856789141,      -3.096939482,      -4.265548647,      -1.055668184
          0,           0,         210,      -4.858281496,      -3.097964162,      -4.311658209,       -1.04962431
          0,           0,         211,       -4.85965002,       -3.09907113,      -4.340311338,      -1.054041946
          0,           0,         212,      -4.860895092,      -3.100229448,      -4.358173254,      -1.059969988
          0,           0,         213,      -4.862102204,      -3.101405158,      -4.365220498,      -1.063610327
          0,           0,         214,      -4.863314028,      -3.102569907,      -4.362787602,      -1.065344341
          0,           0,         215,      -4.864542898,      -3.103708887,      -4.357191426,      -1.066216306
          0,           0,         216,      -4.865786119,      -3.104823826,      -4.354691061,      -1.067225122
          0,           0,         217,      -4.867033067,       -3.10592616,      -4.357537667,      -1.068947822
          0,           0,         218,      -4.868272627,      -3.107027229,      -4.364390668,      -1.071365609
          0,           0,         219,      -4.869499028,      -3.108132539,      -4.372584236,      -1.074118956
          0,           0,         220,      -4.870712826,      -3.109241403,      -4.380022547,      -1.076849809
          0,           0,         221,       -4.87191814,      -3.110349776,      -4.385927598,      -1.079368449
          0,           0,         222,      -4.873119203,      -3.111453591,      -4.390670938,      -1.081666539
          0,           0,         223,      -4.874318271,      -3.112550772,      -4.395179973,      -1.083853723
          0,           0,         224,      -4.875515353,      -3.113641475,      -4.400294894,        -1.0860626
          0,           0,         225,      -4.876709144,      -3.114727126,      -4.406364168,      -1.088370161
          0,           0,         226,      -4.877898224,      -3.115809223,      -4.413208401,      -1.090773744
          0,           0,         227,      -4.879081841,      -3.116888578,      -4.420353765,      -1.093217168
          0,           0,         228,      -4.880260059,      -3.117965197,      -4.427325274,      -1.095633992
          0,           0,         229,      -4.881433431,       -3.11903861,      -4.433838534,      -1.097979363
          0,           0,         230,      -4.882602559,       -3.12010831,      -4.439831636,      -1.100239423
          0,           0,         231,      -4.883767801,      -3.121174033,       -4.44537627,      -1.102422407
          0,           0,         232,      -4.884929223,      -3.122235803,      -4.450560284,      -1.104543261
          0,           0,         233,      -4.886086709,      -3.123293819,       -4.45541522,      -1.106612139
          0,           0,         234,      -4.887240112,      -3.124348301,      -4.459910541,      -1.108631081
          0,           0,         235,      -4.888389369,      -3.125399388,      -4.463992639,      -1.110597232
          0,           0,         236,      -4.889534518,      -3.126447116,      -4.467630639,      -1.112508143
          0,           0,         237,       -4.89067567,      -3.127491453,      -4.470841526,      -1.114365493
          0,           0,         238,      -4.891812947,       -3.12853235,      -4.473688603,      -1.116175894
          0,           0,         239,      -4.892946449,      -3.129569788,      -4.476263442,       -1.11794948
          0,           0,         240,      -4.894076235,       -3.13060378,      -4.478665563,      -1.119697718
          0,           0,         241,      -4.895202339,      -3.131634366,      -4.480988994,      -1.121431625
          0,           0,         242,      -4.896324784,      -3.132661591,      -4.483317376,      -1.123160866
          0,           0,         243,      -4.897443603,      -3.133685496,      -4.485724368,       -1.12489361
          0,           0,         244,       -4.89855884,      -3.134706108,      -4.488275223,      -1.126636731
          0,           0,         245,      -4.899670544,      -3.135723444,      -4.491027111,      -1.128395978
          0,           0,         246,      -4.900778772,      -3.136737517,       -4.49402774,      -1.130175911
          0,           0,         247,      -4.901883573,      -3.137748342,      -4.497312735,      -1.131979636
          0,           0,         248,      -4.902984992,      -3.138755939,      -4.500902638,      -1.133808499
          0,           0,         249,      -4.904083065,      -3.139760332,      -4.504800633,      -1.135661908
          0,           0,         250,      -4.905177824,       -3.14076155,      -4.508991836,      -1.137537358
          0,           0,         251,        -4.9062693,       -3.14175962,      -4.513444174,      -1.139430639
          0,           0,         252,      -4.907357518,      -3.142754574,      -4.518110323,      -1.141336151
          0,           0,         253,      -4.908442505,      -3.143746439,      -4.522930189,      -1.143247275
          0,           0,         254,      -4.909524289,      -3.144735242,      -4.527833884,      -1.145156757
          0,           0,         255,      -4.910602892,       -3.14572101,      -4.532745399,      -1.147057137
          0,           0,         256,      -4.911678338,      -3.146703771,      -4.537586734,      -1.148941183
          0,           0,         257,      -4.912750647,      -3.147683554,      -4.542281998,      -1.150802263
          0,           0,         258,      -4.913819835,      -3.148660387,      -4.546761414,      -1.152634661
          0,           0,         259,      -4.914885923,        -3.1496343,      -4.550965323,      -1.154433825
          0,           0,         260,      -4.915948929,      -3.150605319,      -4.554847825,      -1.156196588
          0,           0,         261,      -4.917008876,      -3.151573468,      -4.558379523,      -1.157921287
          0,           0,         262,      -4.918065785,      -3.152538771,      -4.561549013,      -1.159607804
          0,           0,         263,      -4.919119681,      -3.153501249,      -4.564363038,      -1.161257503
          0,           0,         264,      -4.920170589,      -3.154460923,      -4.566845453,      -1.162873095
          0,           0,         265,      -4.921218533,      -3.155417812,      -4.569035176,      -1.164458444
          0,           0,         266,       -4.92226354,      -3.156371936,      -4.570983403,      -1.166018336
          0,           0,         267,      -4.923305637,      -3.157323312,      -4.572750256,      -1.167558216
          0,           0,         268,      -4.924344849,       -3.15827196,      -4.574401165,      -1.169083906
          0,           0,         269,      -4.925381205,      -3.159217896,      -4.576003167,      -1.170601316
          0,           0,         270,      -4.926414731,       -3.16016114,      -4.577621396,       -1.17211616
          0,           0,         271,      -4.927445453,      -3.161101707,      -4.579315943,      -1.173633687
          0,           0,         272,      -4.928473399,      -3.162039616,      -4.581139224,       -1.17515844
          0,           0,         273,      -4.929498594,      -3.162974882,      -4.583133908,      -1.176694052
          0,           0,         274,      -4.930521064,      -3.163907524,      -4.585331377,       -1.17824309
          0,           0,         275,      -4.931540834,      -3.164837556,      -4.587750696,      -1.179806958
          0,           0,         276,      -4.932557928,      -3.165764998,      -4.590398102,      -1.181385873
          0,           0,         277,      -4.933572368,      -3.166689866,      -4.593267067,      -1.182978903
          0,           0,         278,      -4.936641435,      -3.169587992,      -4.506678085,      -1.007897174
          0,           0,         279,      -4.936465908,       -3.16972261,      -4.409432951,      -1.172109613
          0,           0,         280,      -4.939442694,       -3.17231677,      -4.424998099,      -1.012795432
          0,           0,         281,      -4.939412339,       -3.17236584,      -4.414459134,      -1.175445254
          0,           0,         282,      -4.942415037,      -3.174953547,      -4.466600885,      -1.019927522
          0,           0,         283,      -4.942346047,      -3.175030314,      -4.431821516,      -1.181758092
          0,           0,         284,      -4.945308756,      -3.177626364,      -4.478000119,      -1.025145315
          0,           0,         285,      -4.945237581,      -3.177697331,       -4.43542364,      -1.185676504
          0,           0,         286,      -4.948201017,      -3.180263207,      -4.473015473,      -1.028827183
          0,           0,         287,      -4.948136908,      -3.180322718,      -4.438893157,      -1.189225726
          0,           0,         288,      -4.951090819,      -3.182869627,      -4.479047806,       -1.03349647
          0,           0,         289,      -4.951022249,       -3.18292854,      -4.445325127,      -1.193398104
          0,           0,         290,      -4.953960417,      -3.185461898,      -4.483346981,       -1.03810954
          0,           0,         291,      -4.953889264,      -3.185519106,       -4.45005653,      -1.197331372
          0,           0,         292,      -4.956814586,      -3.188035294,      -4.484053694,       -1.04242219
          0,           0,         293,      -4.956742852,      -3.188089629,      -4.454066923,      -1.201102584
          0,           0,         294,      -4.959654583,      -3.190589213,      -4.485413469,      -1.046787998
          0,           0,         295,      -4.959581315,      -3.190641884,      -4.458417656,      -1.204936567
          0,           0,         296,      -4.960478961,      -3.191232629,      -4.559533043,      -1.222601388
          0,           0,         297,      -4.961583017,      -3.192030573,      -4.627158143,      -1.219738407
          0,           0,         298,      -4.962581439,      -3.192896466,      -4.665161092,      -1.223372314
          0,           0,         299,      -4.963512461,      -3.193784441,      -4.677428469,      -1.227175418
          0,           0,         300,      -4.966391573,      -3.196542113,      -4.561441127,      -1.057191961
          0,           0,         301,      -4.966196955,      -3.196653151,      -4.465796889,      -1.214574851
          0,           0,         302,      -4.969040152,      -3.199061507,      -4.452811421,      -1.058816103
          0,           0,         303,      -4.969006242,      -3.199076245,      -4.465926471,      -1.216562386
          0,           0,         304,      -4.971863942,      -3.201487869,      -4.507713504,      -1.067478874
          0,           0,         305,      -4.971777782,      -3.201545956,      -4.489920937,      -1.223861602
          0,           0,         306,      -4.972641638,      -3.202128306,      -4.593355943,      -1.241421768
          0,           0,         307,      -4.973702862,      -3.202913556,       -4.66004431,      -1.238555329
          0,           0,         308,         -4.974667,      -3.203759103,      -4.696018621,      -1.241889247
          0,           0,         309,      -4.977473673,      -3.206460393,      -4.607890542,      -1.077327649
          0,           0,         310,      -4.977260411,      -3.206578832,      -4.498014191,       -1.23265241
          0,           0,         311,      -4.978092978,      -3.207138017,      -4.575133769,      -1.247811729
          0,           0,         312,      -4.979184267,      -3.207866003,      -4.633035622,      -1.243619696
          0,           0,         313,      -4.980176942,      -3.208661189,      -4.686495468,      -1.247878988
          0,           0,         314,       -4.98108482,      -3.209496682,      -4.721224907,      -1.252844271
          0,           0,         315,      -4.981965356,      -3.210349196,      -4.729087047,       -1.25575102
          0,           0,         316,      -4.982850484,      -3.211194617,      -4.716606421,      -1.256847525
          0,           0,         317,      -4.983751481,      -3.212020055,      -4.699623466,      -1.257033391
          0,           0,         318,       -4.98466624,      -3.212827261,      -4.689863472,      -1.257295975
          0,           0,         319,      -4.985585592,      -3.213625926,      -4.690110624,      -1.258206382
          0,           0,         320,      -4.986500353,      -3.214425288,      -4.697019881,      -1.259742353
          0,           0,         321,      -4.987406027,      -3.215229607,      -4.705356551,      -1.261556451
          0,           0,         322,      -4.988303273,      -3.216038098,      -4.711237604,      -1.263307465
          0,           0,         323,      -4.989195484,      -3.216847378,      -4.713506681,      -1.264820192
          0,           0,         324,      -4.990085985,      -3.217654194,      -4.713255402,      -1.266096361
          0,           0,         325,      -4.990976421,       -3.21845698,      -4.712402349,      -1.267248012
          0,           0,         326,      -4.991866647,      -3.219255946,      -4.712421636,      -1.268404231
          0,           0,         327,      -4.992755554,       -3.22005225,      -4.713807233,      -1.269641045
          0,           0,         328,      -4.993642032,      -3.220847033,      -4.716233327,      -1.270964203
          0,           0,         329,      -4.994525552,      -3.221640853,      -4.719040626,      -1.272334581
          0,           0,         330,      -4.995406218,      -3.222433644,      -4.721682267,       -1.27370529
          0,           0,         331,      -4.996284481,      -3.223225001,      -4.723934944,      -1.275046952
          0,           0,         332,      -4.997160796,      -3.224014516,      -4.725868839,      -1.276354227
          0,           0,         333,      -4.998035413,      -3.224801983,      -4.727686824,       -1.27763826
          0,           0,         334,      -4.998908354,       -3.22558742,      -4.729563175,      -1.278914185
          0,           0,         335,      -4.999779511,      -3.226370973,      -4.731560759,      -1.280191614
          0,           0,         336,      -5.000648768,      -3.227152795,      -4.733635557,      -1.281471578
          0,           0,         337,      -5.001516076,      -3.227932971,      -4.735691291,       -1.28274888
          0,           0,         338,      -5.002381466,      -3.228711509,      -4.737637973,      -1.284016554
          0,           0,         339,      -5.003245012,      -3.229488372,        -4.7394252,      -1.285269463
          0,           0,         340,      -5.004106794,      -3.230263514,         -4.741045,      -1.286505699
          0,           0,         341,      -5.004966868,      -3.231036917,      -4.742515631,      -1.287726063
          0,           0,         342,      -5.005825261,      -3.231808586,      -4.743862066,      -1.288932634
          0,           0,         343,      -5.006681982,      -3.232578545,      -4.745103846,      -1.290127496
          0,           0,         344,      -5.007537034,       -3.23334682,      -4.746252798,      -1.291312128
          0,           0,         345,      -5.008390431,      -3.234113431,       -4.74731721,      -1.292487454
          0,           0,         346,      -5.009242192,      -3.234878388,      -4.748307325,      -1.293654225
          0,           0,         347,      -5.010092345,      -3.235641695,      -4.749238522,      -1.294813396
          0,           0,         348,      -5.010940916,      -3.236403354,      -4.750131234,      -1.295966277
          0,           0,         349,      -5.011787929,      -3.237163372,      -4.751008586,      -1.297114474
          0,           0,         350,      -5.012633405,      -3.237921755,      -4.751893438,      -1.298259683
          0,           0,         351,       -5.01347736,      -3.238678513,      -4.752806069,      -1.299403487
          0,           0,         352,      -5.014319811,      -3.239433659,      -4.753762961,      -1.300547203
          0,           0,         353,      -5.015160773,      -3.240187202,      -4.754776474,      -1.301691825
          0,           0,         354,      -5.016000263,      -3.240939151,      -4.755854973,      -1.302838023
          0,           0,         355,      -5.016838298,      -3.241689516,      -4.757003023,      -1.303986163
          0,           0,         356,      -5.017674894,      -3.242438304,      -4.758221519,      -1.305136342
          0,           0,         357,      -5.018510065,      -3.243185524,      -4.759507773,        -1.3062884
          0,           0,         358,      -5.019343828,      -3.243931186,      -4.760855694,      -1.307441941
          0,           0,         359,      -5.020176194,      -3.244675297,      -4.762256134,      -1.308596354
          0,           0,         360,      -5.021007178,      -3.245417869,      -4.763697437,       -1.30975085
          0,           0,         361,      -5.021836791,      -3.246158908,      -4.765166138,      -1.310904509
          0,           0,         362,      -5.022665047,      -3.246898425,       -4.76664775,      -1.312056335
          0,           0,         363,      -5.023491957,      -3.247636427,      -4.768127562,      -1.313205316
          0,           0,         364,      -5.024317533,      -3.248372923,      -4.769591411,      -1.314350484
          0,           0,         365,      -5.025141786,      -3.249107922,      -4.771026375,      -1.315490957
          0,           0,         366,       -5.02596473,       -3.24984143,      -4.772421391,       -1.31662599
          0,           0,         367,      -5.026786373,      -3.250573457,      -4.773767741,      -1.317755004
          0,           0,         368,      -5.027606728,      -3.251304008,      -4.775059417,      -1.318877609
          0,           0,         369,      -5.028425806,      -3.252033093,      -4.776293317,      -1.319993616
          0,           0,         370,      -5.029243618,      -3.252760717,      -4.777469283,      -1.321103039
          0,           0,         371,      -5.030060174,      -3.253486888,      -4.778589978,      -1.322206085
          0,           0,         372,      -5.030875486,      -3.254211612,      -4.779660596,      -1.323303135
          0,           0,         373,      -5.031689565,      -3.254934897,      -4.780688466,      -1.324394717
          0,           0,         374,      -5.032502421,      -3.255656747,       -4.78168256,      -1.325481473
          0,           0,         375,      -5.033314066,       -3.25637717,      -4.782652925,      -1.326564119
          0,           0,         376,      -5.034124509,      -3.257096172,      -4.783610113,      -1.327643406
          0,           0,         377,      -5.034933762,      -3.257813759,      -4.784564591,      -1.328720082
          0,           0,         378,      -5.035741836,      -3.258529936,       -4.78552621,      -1.329794851
          0,           0,         379,       -5.03654874,      -3.259244711,      -4.786503713,       -1.33086834
          0,           0,         380,      -5.038992401,      -3.261562793,      -4.650187502,      -1.176772592
          0,           0,         381,      -5.038829989,      -3.261632933,      -4.615086681,      -1.320636281
          0,           0,         382,      -5.041256447,      -3.263669266,      -4.579716743,      -1.178620569
          0,           0,         383,      -5.041209468,      -3.263671145,       -4.61527456,      -1.322276221
          0,           0,         384,      -5.043649165,      -3.265714186,      -4.617519754,      -1.184599547
          0,           0,         385,      -5.043567695,      -3.265743426,      -4.631485264,      -1.327039683
          0,           0,         386,      -5.045979242,      -3.267798349,       -4.61987924,      -1.187948321
          0,           0,         387,      -5.045899811,      -3.267822161,      -4.629802533,      -1.329452973
          0,           0,         388,      -5.048317989,      -3.269855653,      -4.610366087,      -1.190017175
          0,           0,         389,      -5.048246774,      -3.269870312,      -4.629805533,      -1.331705411
          0,           0,         390,      -5.050661514,      -3.271893385,      -4.612643794,      -1.193234261
          0,           0,         391,      -5.050588776,      -3.271908207,      -4.633667182,      -1.334633194
          0,           0,         392,      -5.052995593,      -3.273924689,      -4.613789591,      -1.196441455
          0,           0,         393,      -5.052923507,      -3.273938127,      -4.636024557,      -1.337416339
          0,           0,         394,      -5.055325041,      -3.275944758,      -4.613057621,      -1.199468109
          0,           0,         395,      -5.055255005,      -3.275955939,      -4.638254015,      -1.340148165
          0,           0,         396,      -5.057650455,      -3.277953298,      -4.613921516,      -1.202653061
          0,           0,         397,      -5.057581509,      -3.277963287,       -4.64122395,      -1.342998241
          0,           0,         398,      -5.058354892,      -3.278387461,      -4.720306951,      -1.356417213
          0,           0,         399,      -5.059255276,      -3.279014933,      -4.783979304,      -1.355360705
          0,           0,         400,      -5.060063951,      -3.279704841,      -4.826295242,      -1.359157138
          0,           0,         401,      -5.060823399,      -3.280412003,      -4.836916274,      -1.362315512
          0,           0,         402,      -5.061580716,      -3.281114717,        -4.8246399,        -1.3634422
          0,           0,         403,      -5.062353894,      -3.281800189,      -4.806237283,      -1.363385448
          0,           0,         404,      -5.063142539,      -3.282468007,      -4.794923431,      -1.363321542
          0,           0,         405,       -5.06551638,      -3.284662272,      -4.646428318,      -1.213022106
          0,           0,         406,      -5.065381299,      -3.284703189,      -4.647905124,      -1.353088445
          0,           0,         407,      -5.067731078,      -3.286630755,      -4.602866392,      -1.216265839
          0,           0,         408,      -5.067693074,      -3.286620341,       -4.65490369,      -1.355896824
          0,           0,         409,      -5.068470389,      -3.287023219,      -4.739525034,      -1.369582335
          0,           0,         410,      -5.069349662,      -3.287642678,       -4.81370184,      -1.369622218
          0,           0,         411,       -5.07167105,      -3.289877605,      -4.725726787,      -1.227066203
          0,           0,         412,      -5.071487782,      -3.289961659,      -4.678659658,      -1.364555045
          0,           0,         413,      -5.072212012,      -3.290380239,      -4.728617467,      -1.375328512
          0,           0,         414,       -5.07311756,      -3.290960154,      -4.773720885,      -1.372018533
          0,           0,         415,      -5.073942638,      -3.291595687,      -4.823346011,      -1.375721901
          0,           0,         416,      -5.074704568,      -3.292262571,      -4.854838871,      -1.379769167
          0,           0,         417,      -5.075445723,      -3.292943829,      -4.859950647,      -1.382074364
          0,           0,         418,      -5.076190907,      -3.293619845,      -4.847537619,      -1.382877727
          0,           0,         419,      -5.076949539,      -3.294280118,        -4.8323974,      -1.382937926
          0,           0,         420,      -5.077719917,       -3.29492627,      -4.824142079,      -1.383074132
          0,           0,         421,      -5.078494627,      -3.295566156,      -4.824634935,      -1.383746838
          0,           0,         422,      -5.079266448,       -3.29620703,      -4.830704056,      -1.384933989
          0,           0,         423,      -5.080031979,      -3.296852088,      -4.837764918,      -1.386351577
          0,           0,         424,      -5.080791822,      -3.297500579,      -4.842560911,      -1.387718544
          0,           0,         425,      -5.081548616,      -3.298149824,      -4.844249353,      -1.388890138
          0,           0,         426,      -5.082304857,      -3.298797346,      -4.843875727,      -1.389869393
          0,           0,         427,       -5.08306171,      -3.299442022,      -4.843090168,      -1.390749392
          0,           0,         428,      -5.083818988,      -3.300084083,      -4.843077522,      -1.391634037
          0,           0,         429,      -5.084575819,       -3.30072443,      -4.844163498,      -1.392581828
          0,           0,         430,      -5.085331378,      -3.301363904,      -4.846005453,      -1.393594289
          0,           0,         431,      -5.086085303,      -3.302002884,       -4.84802717,      -1.394638079
          0,           0,         432,      -5.086837698,      -3.302641281,      -4.849788722,       -1.39567534
          0,           0,         433,      -5.087588905,      -3.303278774,      -4.851141199,       -1.39668372
          0,           0,         434,      -5.088339247,      -3.303915062,      -4.852178118,      -1.397660829
          0,           0,         435,      -5.089088887,      -3.304550007,      -4.853089002,       -1.39861737
          0,           0,         436,      -5.089837821,      -3.305183635,      -4.854026658,      -1.399566726
          0,           0,         437,      -5.090585961,      -3.305816054,      -4.855047431,      -1.400517413
          0,           0,         438,      -5.091333223,       -3.30644737,      -4.856123246,      -1.401470945
          0,           0,         439,      -5.092079576,      -3.307077637,      -4.857189635,      -1.402423963
          0,           0,         440,      -5.092825047,       -3.30770685,      -4.858191632,      -1.403371849
          0,           0,         441,      -5.093569692,      -3.308334974,       -4.85910643,      -1.404311498
          0,           0,         442,      -5.094313566,      -3.308961977,       -4.85994169,      -1.405242258
          0,           0,         443,      -5.095056702,      -3.309587842,      -4.860720483,      -1.406165359
          0,           0,         444,      -5.095799116,      -3.310212576,      -4.861465612,      -1.407082704
          0,           0,         445,      -5.096540812,      -3.310836193,      -4.862190986,      -1.407995856
          0,           0,         446,      -5.097281789,      -3.311458711,      -4.862901048,      -1.408905624
          0,           0,         447,      -5.098022058,       -3.31208014,      -4.863594986,      -1.409812176
          0,           0,         448,      -5.098761631,      -3.312700485,      -4.864271616,      -1.410715409
          0,           0,         449,      -5.099500525,      -3.313319746,      -4.864932251,      -1.411615288
          0,           0,         450,      -5.100238758,      -3.313937925,      -4.865581039,       -1.41251201
          0,           0,         451,      -5.100976343,      -3.314555024,       -4.86622367,      -1.413405978
          0,           0,         452,      -5.101713293,      -3.315171046,      -4.866865747,       -1.41429768
          0,           0,         453,      -5.102449616,         -3.315786,      -4.867511719,      -1.415187565
          0,           0,         454,      -5.103185323,       -3.31639989,      -4.868164598,      -1.416075979
          0,           0,         455,      -5.103920422,      -3.317012724,      -4.868826245,      -1.416963154
          0,           0,         456,      -5.104654923,      -3.317624506,       -4.86949781,      -1.417849237
          0,           0,         457,      -5.105388835,      -3.318235241,      -4.870180059,      -1.418734327
          0,           0,         458,      -5.106122169,      -3.318844934,      -4.870873486,      -1.419618497
          0,           0,         459,      -5.106854933,       -3.31945359,      -4.871578281,      -1.420501802
          0,           0,         460,      -5.107587136,      -3.320061213,      -4.872294241,       -1.42138427
          0,           0,         461,      -5.108318786,      -3.320667808,      -4.873020742,      -1.422265899
          0,           0,         462,      -5.109049891,      -3.321273381,      -4.873756766,      -1.423146654
          0,           0,         463,      -5.109780458,      -3.321877937,      -4.874500979,      -1.424026464
          0,           0,         464,      -5.110510494,       -3.32248148,      -4.875251827,      -1.424905238
          0,           0,         465,      -5.111240008,      -3.323084015,      -4.876007623,      -1.425782864
          0,           0,         466,      -5.111969006,      -3.323685546,      -4.876766608,      -1.426659225
          0,           0,         467,      -5.112697496,      -3.324286079,      -4.877527012,      -1.427534196
          0,           0,         468,      -5.113425484,      -3.324885616,      -4.878287104,      -1.428407659
          0,           0,         469,      -5.114152976,      -3.325484164,      -4.879045246,      -1.429279497
          0,           0,         470,       -5.11487998,      -3.326081725,      -4.879799943,      -1.430149606
          0,           0,         471,      -5.115606501,      -3.326678305,      -4.880549886,      -1.431017895
          0,           0,         472,      -5.116332547,      -3.327273908,      -4.881293994,      -1.431884288
          0,           0,         473,      -5.117058122,      -3.327868537,      -4.882031428,      -1.432748729
          0,           0,         474,      -5.117783233,      -3.328462196,       -4.88276161,      -1.433611182
          0,           0,         475,      -5.118507887,      -3.329054891,      -4.883484216,       -1.43447163
          0,           0,         476,      -5.119232088,      -3.329646624,      -4.884199181,      -1.435330076
          0,           0,         477,      -5.119955844,        -3.3302374,      -4.884906666,      -1.436186543
          0,           0,         478,      -5.120679158,      -3.330827223,      -4.885607056,      -1.437041069
          0,           0,         479,      -5.121402037,      -3.331416096,      -4.886300922,      -1.437893709
          0,           0,         480,      -5.122124487,      -3.332004024,      -4.886988984,      -1.438744527
          0,           0,         481,      -5.122846513,       -3.33259101,      -4.887672084,      -1.439593598
          0,           0,         482,      -5.124960617,      -3.334558037,      -4.715142091,      -1.299945195
          0,           0,         483,      -5.124874836,      -3.334583895,      -4.744427914,      -1.429796779
          0,           0,         484,      -5.127017522,      -3.336279848,      -4.662757512,      -1.300028832
          0,           0,         485,      -5.127030196,      -3.336247349,      -4.744530791,      -1.430846574
          0,           0,         486,      -5.129177658,      -3.337958711,      -4.697960368,      -1.305898914
          0,           0,         487,      -5.129157452,      -3.337953913,      -4.760590278,      -1.435019668
          0,           0,         488,      -5.131283536,      -3.339677116,      -4.695644846,       -1.30810665
          0,           0,         489,      -5.131268061,      -3.339666384,      -4.755622383,      -1.436597864
          0,           0,         490,      -5.133403926,      -3.341371652,      -4.685885907,      -1.309248659
          0,           0,         491,      -5.133396796,      -3.341353323,       -4.75402135,      -1.438192357
          0,           0,         492,       -5.13553197,      -3.343052211,      -4.686920646,       -1.31168417
          0,           0,         493,      -5.135524564,      -3.343034587,      -4.756250781,      -1.440443648
          0,           0,         494,      -5.137655835,      -3.344729682,      -4.686436237,      -1.314036949
          0,           0,         495,      -5.137650663,      -3.344710845,      -4.756769264,      -1.442528931
          0,           0,         496,      -5.139780472,       -3.34639919,      -4.684888199,       -1.31625743
          0,           0,         497,      -5.139778537,      -3.346378552,      -4.757516106,      -1.444610989
          0,           0,         498,       -5.14190598,      -3.348060881,      -4.685181899,      -1.318705521
          0,           0,         499,      -5.141906363,      -3.348039423,      -4.759238001,      -1.446842874
          0,           0,         500,      -5.142643839,      -3.348357742,      -4.817968228,      -1.457529841
          0,           0,         501,      -5.143459429,      -3.348876324,      -4.875663548,      -1.457891229
          0,           0,         502,      -5.144189995,      -3.349455641,      -4.916812154,      -1.461989312
          0,           0,         503,      -5.144881249,      -3.350049034,      -4.923987472,      -1.464728265
          0,           0,         504,      -5.145574294,      -3.350635789,        -4.9083918,      -1.465304954
          0,           0,         505,      -5.146284215,      -3.351204891,      -4.889574888,      -1.464835141
          0,           0,         506,      -5.147009359,      -3.351757632,      -4.879792942,      -1.464567296
          0,           0,         507,      -5.147740688,      -3.352303162,       -4.88124492,      -1.465118797
          0,           0,         508,      -5.149823461,      -3.354187971,      -4.716035613,      -1.329285479
          0,           0,         509,      -5.149770171,      -3.354197773,      -4.767189553,      -1.456456179
          0,           0,         510,      -5.150499899,      -3.354497617,      -4.812990394,      -1.466140878
          0,           0,         511,      -5.151331157,      -3.354985945,       -4.87229669,      -1.466325975
          0,           0,         512,      -5.152072895,      -3.355542036,      -4.927777108,      -1.471163038
          0,           0,         513,      -5.154094027,      -3.357468807,      -4.768530793,      -1.339722676
          0,           0,         514,      -5.154010548,      -3.357507342,      -4.785598665,      -1.463840285
          0,           0,         515,      -5.154728858,      -3.357813133,      -4.815011632,      -1.471448311
          0,           0,         516,      -5.155566691,      -3.358287072,      -4.862580034,      -1.470282072
          0,           0,         517,      -5.156321114,      -3.358822982,      -4.917647917,      -1.474884133
          0,           0,         518,      -5.157018878,      -3.359390373,      -4.947170628,      -1.478832453
          0,           0,         519,      -5.157701057,      -3.359968549,      -4.945473773,      -1.480630813
          0,           0,         520,      -5.158391593,      -3.360537479,      -4.927831741,      -1.480798774
          0,           0,         521,      -5.159098168,      -3.361088911,      -4.911229536,      -1.480355773
          0,           0,         522,      -5.159816834,      -3.361627016,      -4.904074143,      -1.480244423
          0,           0,         523,      -5.160538915,      -3.362160887,      -4.906354437,      -1.480849985
          0,           0,         524,      -5.161257341,      -3.362697575,       -4.91354308,      -1.482004462
          0,           0,         525,      -5.161969623,      -3.363239346,      -4.920542461,      -1.483325709
          0,           0,         526,      -5.162677217,      -3.363784574,      -4.924354454,      -1.484508657
          0,           0,         527,      -5.163383116,      -3.364330208,      -4.924779569,      -1.485436609
          0,           0,         528,      -5.164089671,      -3.364873906,      -4.923412748,      -1.486160309
          0,           0,         529,      -5.164797667,      -3.365414922,      -4.922098389,      -1.486810292
          0,           0,         530,       -5.16550658,      -3.365953819,      -4.921901505,      -1.487501954
          0,           0,         531,      -5.166215399,      -3.366491637,      -4.922906756,      -1.488283002
          0,           0,         532,      -5.166923347,      -3.367029165,      -4.924579981,      -1.489136261
          0,           0,         533,       -5.16763019,      -3.367566641,      -4.926276478,      -1.490014346
          0,           0,         534,       -5.16833614,       -3.36810386,      -4.927594902,      -1.490874951
          0,           0,         535,      -5.169041574,      -3.368640457,      -4.928470365,      -1.491699149
          0,           0,         536,      -5.169746781,      -3.369176154,      -4.929066019,      -1.492491049
          0,           0,         537,      -5.170451861,      -3.369710866,       -4.92959783,      -1.493266522
          0,           0,         538,      -5.171156758,      -3.370244663,      -4.930206484,       -1.49404075
          0,           0,         539,      -5.171861357,      -3.370777673,      -4.930919792,      -1.494821136
          0,           0,         540,      -5.172565575,      -3.371309994,      -4.931685974,      -1.495606886
          0,           0,         541,      -5.173269394,      -3.371841659,      -4.932431835,      -1.496392762
          0,           0,         542,      -5.173972848,      -3.372372648,      -4.933107321,      -1.497173471
          0,           0,         543,      -5.174675992,       -3.37290292,      -4.933700736,      -1.497946308
          0,           0,         544,      -5.175378869,      -3.373432445,      -4.934229587,      -1.498711508
          0,           0,         545,      -5.176081502,      -3.373961213,      -4.934721661,      -1.499471077
          0,           0,         546,       -5.17678389,      -3.374489237,      -4.935199503,      -1.500227283
          0,           0,         547,      -5.177486029,      -3.375016533,      -4.935674135,      -1.500981651
          0,           0,         548,      -5.178187916,      -3.375543116,      -4.936147002,      -1.501734736
          0,           0,         549,      -5.178889554,      -3.376068995,      -4.936615519,      -1.502486444
          0,           0,         550,      -5.179590953,      -3.376594171,      -4.937077949,      -1.503236511
          0,           0,         551,      -5.180292126,      -3.377118645,      -4.937535513,      -1.503984847
          0,           0,         552,      -5.180993084,      -3.377642415,      -4.937991892,      -1.504731629
          0,           0,         553,      -5.181693834,      -3.378165485,      -4.938451511,      -1.505477216
          0,           0,         554,      -5.182394383,      -3.378687859,      -4.938917934,      -1.506221988
          0,           0,         555,      -5.183094733,      -3.379209543,      -4.939393132,      -1.506966226
          0,           0,         556,      -5.183794891,      -3.379730544,      -4.939877565,      -1.507710073
          0,           0,         557,      -5.184494859,      -3.380250865,      -4.940370738,      -1.508453559
          0,           0,         558,      -5.185194643,      -3.380770512,      -4.940871745,      -1.509196647
          0,           0,         559,      -5.185894249,      -3.381289489,      -4.941379605,       -1.50993928
          0,           0,         560,      -5.186593682,      -3.381807798,      -4.941893355,      -1.510681406
          0,           0,         561,      -5.187292945,      -3.382325445,      -4.942412024,       -1.51142298
          0,           0,         562,      -5.187992043,      -3.382842434,      -4.942934583,      -1.512163955
          0,           0,         563,       -5.18869098,      -3.383358769,      -4.943459967,      -1.512904283
          0,           0,         564,      -5.189389759,      -3.383874455,      -4.943987141,      -1.513643908
          0,           0,         565,      -5.190088383,      -3.384389496,       -4.94451518,      -1.514382777
          0,           0,         566,      -5.190786857,      -3.384903897,      -4.945043342,      -1.515120843
          0,           0,         567,      -5.191485183,       -3.38541766,      -4.945571077,      -1.515858068
          0,           0,         568,      -5.192183366,      -3.385930791,      -4.946098039,      -1.516594427
          0,           0,         569,      -5.192881407,      -3.386443293,      -4.946624049,      -1.517329911
          0,           0,         570,      -5.193579309,       -3.38695517,      -4.947149068,      -1.518064516
          0,           0,         571,      -5.194277077,      -3.387466426,      -4.947673172,      -1.518798251
          0,           0,         572,      -5.194974711,      -3.387977066,      -4.948196513,      -1.519531128
          0,           0,         573,      -5.195672216,      -3.388487092,      -4.948719304,      -1.520263165
          0,           0,         574,      -5.196369593,      -3.388996509,       -4.94924177,       -1.52099438
          0,           0,         575,      -5.197066845,      -3.389505321,      -4.949764121,      -1.521724793
          0,           0,         576,      -5.197763973,      -3.390013531,      -4.950286524,      -1.522454418
          0,           0,         577,      -5.198460982,      -3.390521144,      -4.950809074,      -1.523183267
          0,           0,         578,      -5.199157872,      -3.391028162,      -4.951331783,      -1.523911345
          0,           0,         579,      -5.199854645,       -3.39153459,      -4.951854574,      -1.524638654
          0,           0,         580,      -5.200551304,      -3.392040431,      -4.952377286,      -1.525365187
          0,           0,         581,       -5.20124785,       -3.39254569,      -4.952899689,      -1.526090933
          0,           0,         582,      -5.201944286,      -3.393050369,      -4.953421494,      -1.526815877
          0,           0,         583,      -5.202640613,      -3.393554473,      -4.953942375,      -1.527540003
          0,           0,         584,      -5.204569582,      -3.395289745,      -4.761193105,      -1.397473682
          0,           0,         585,      -5.204587092,      -3.395288976,      -4.833182773,      -1.517710717
          0,           0,         586,       -5.20657732,      -3.396760589,      -4.719486648,      -1.396185509
          0,           0,         587,      -5.206682799,      -3.396708359,      -4.834591355,      -1.518570099
          0,           0,         588,      -5.208670603,      -3.398202682,      -4.752752226,        -1.4023782
          0,           0,         589,      -5.208743161,      -3.398178786,      -4.850134869,      -1.522514609
          0,           0,         590,      -5.210713052,      -3.399684949,      -4.747765559,      -1.403774061
          0,           0,         591,      -5.210792076,      -3.399654716,      -4.842920305,      -1.523535933
          0,           0,         592,      -5.212772947,      -3.401145724,      -4.738676606,      -1.404339104
          0,           0,         593,      -5.212859926,       -3.40110931,      -4.840636053,      -1.524777182
          0,           0,         594,      -5.214840708,      -3.402597247,      -4.739471877,      -1.406361788
          0,           0,         595,      -5.214927703,      -3.402562149,      -4.841921646,      -1.526665467
          0,           0,         596,      -5.216906114,      -3.404048628,      -4.738433066,      -1.408208991
          0,           0,         597,      -5.216995917,      -3.404012667,      -4.841365102,      -1.528354789
          0,           0,         598,      -5.218974255,      -3.405494996,      -4.736814966,      -1.409960825
          0,           0,         599,      -5.219067566,       -3.40545782,      -4.841313078,      -1.530078817
          0,           0,         600,      -5.221044824,      -3.406936868,      -4.737035939,       -1.41199133
          0,           0,         601,      -5.221140741,      -3.406899392,      -4.842327679,      -1.531971804
          0,           0,         602,      -5.223116241,       -3.40837559,      -4.738067514,      -1.414157259
          0,           0,         603,      -5.223214825,      -3.408337818,      -4.843719192,       -1.53393614
          0,           0,         604,      -5.223958879,      -3.408589491,      -4.886980738,      -1.542751837
          0,           0,         605,      -5.224744693,      -3.409039143,       -4.94061436,      -1.544459048
          0,           0,         606,       -5.22544813,      -3.409549323,      -4.980236178,      -1.549042346
          0,           0,         607,      -5.226118266,      -3.410071266,      -4.984862764,      -1.551537378
          0,           0,         608,      -5.228003265,      -3.411794677,      -4.762624237,      -1.420844142
          0,           0,         609,      -5.228048698,      -3.411785897,      -4.836585442,      -1.538349069
          0,           0,         610,      -5.230035854,      -3.413204655,      -4.712025649,      -1.417150317
          0,           0,         611,       -5.23018106,      -3.413137248,      -4.841879643,      -1.539356887
          0,           0,         612,      -5.230942616,      -3.413372728,      -4.898733369,       -1.54958105
          0,           0,         613,      -5.231720372,      -3.413825963,      -4.966332276,      -1.552853833
          0,           0,         614,      -5.232407495,      -3.414347152,      -5.009052156,      -1.557967675
          0,           0,         615,      -5.234255947,      -3.416089109,      -4.799079496,      -1.432083448
          0,           0,         616,      -5.234287067,      -3.416099415,      -4.855018601,      -1.546939918
          0,           0,         617,      -5.235032244,      -3.416329722,      -4.870619044,       -1.55227967
          0,           0,         618,      -5.235854335,      -3.416734122,      -4.920738197,      -1.553149239
          0,           0,         619,      -5.236587378,      -3.417208082,      -4.979312181,      -1.558969067
          0,           0,         620,      -5.237264968,      -3.417715249,      -5.007298757,       -1.56316553
          0,           0,         621,      -5.237929766,      -3.418230863,      -5.001219208,      -1.564640907
          0,           0,         622,       -5.23860639,      -3.418734118,      -4.980715676,      -1.564269672
          0,           0,         623,      -5.239301363,      -3.419218414,      -4.963947609,      -1.563418131
          0,           0,         624,      -5.240008743,      -3.419689954,      -4.958304016,       -1.56318155
          0,           0,         625,      -5.240718546,      -3.420158897,      -4.962456488,      -1.563869014
          0,           0,         626,      -5.241423576,      -3.420632214,      -4.970975247,      -1.565154668
          0,           0,         627,      -5.242121974,      -3.421111475,      -4.978452237,      -1.566543395
          0,           0,         628,      -5.242815914,      -3.421594372,      -4.982111655,      -1.567696901
          0,           0,         629,      -5.243508759,      -3.422077545,      -4.982223379,      -1.568525884
          0,           0,         630,      -5.244202825,      -3.422558734,      -4.980749029,      -1.569132047
          0,           0,         631,      -5.244898635,       -3.42303747,      -4.979626382,      -1.569685389
          0,           0,         632,       -5.24559541,      -3.423514555,      -4.979797638,      -1.570312522
          0,           0,         633,      -5.246292016,      -3.423991121,      -4.981160753,      -1.571049325
          0,           0,         634,      -5.246987702,      -3.424467909,      -4.983051442,      -1.571859451
          0,           0,         635,      -5.247682334,      -3.424945053,      -4.984794849,      -1.572681923
          0,           0,         636,      -5.248376215,      -3.425422257,      -4.986036908,      -1.573470998
          0,           0,         637,      -5.249069758,      -3.425899126,      -4.986784896,      -1.574212108
          0,           0,         638,      -5.249763236,        -3.4263754,      -4.987254047,        -1.5749163
          0,           0,         639,      -5.250456711,      -3.426851032,      -4.987675693,      -1.575604582
          0,           0,         640,       -5.25115009,      -3.427326123,      -4.988178512,      -1.576293802
          0,           0,         641,      -5.251843248,      -3.427800808,      -4.988770711,      -1.576990326
          0,           0,         642,      -5.252536107,      -3.428275176,      -4.989388875,      -1.577691462
          0,           0,         643,      -5.253228661,      -3.428749244,      -4.989961255,      -1.578390718
          0,           0,         644,      -5.253920955,      -3.429222981,      -4.990448602,      -1.579082752
          0,           0,         645,      -5.254613046,      -3.429696341,      -4.990852208,      -1.579765729
          0,           0,         646,      -5.255304975,      -3.430169297,      -4.991199055,      -1.580441031
          0,           0,         647,      -5.255996756,      -3.430641845,      -4.991520901,      -1.581111547
          0,           0,         648,      -5.256688384,      -3.431113999,      -4.991839971,      -1.581779943
          0,           0,         649,       -5.25737985,      -3.431585778,      -4.992165215,      -1.582447755
          0,           0,         650,      -5.258071151,      -3.432057197,      -4.992496338,       -1.58311538
          0,           0,         651,       -5.25876229,       -3.43252826,      -4.992830197,       -1.58378259
          0,           0,         652,      -5.259453277,      -3.432998969,      -4.993165399,      -1.584449101
          0,           0,         653,      -5.260144124,      -3.433469322,      -4.993503671,      -1.585114887
          0,           0,         654,      -5.260834838,       -3.43393932,      -4.993848723,      -1.585780209
          0,           0,         655,      -5.261525425,      -3.434408965,      -4.994204306,      -1.586445462
          0,           0,         656,      -5.262215888,      -3.434878263,      -4.994572802,      -1.587110994
          0,           0,         657,      -5.262906229,      -3.435347219,      -4.994954817,      -1.587777004
          0,           0,         658,      -5.263596451,       -3.43581584,      -4.995349603,      -1.588443529
          0,           0,         659,      -5.264286556,      -3.436284129,      -4.995755741,      -1.589110499
          0,           0,         660,      -5.264976548,      -3.436752091,      -4.996171712,        -1.5897778
          0,           0,         661,       -5.26566643,      -3.437219727,      -4.996596125,      -1.590445321
          0,           0,         662,      -5.266356206,      -3.437687043,      -4.997027737,      -1.591112966
          0,           0,         663,      -5.267045878,      -3.438154042,      -4.997465341,      -1.591780652
          0,           0,         664,      -5.267735448,      -3.438620727,      -4.997907731,      -1.592448298
          0,           0,         665,      -5.268424919,      -3.439087103,       -4.99835372,      -1.593115823
          0,           0,         666,      -5.269114292,      -3.439553174,      -4.998802212,      -1.593783143
          0,           0,         667,      -5.269803569,      -3.440018942,      -4.999252282,      -1.594450185
          0,           0,         668,      -5.270492753,      -3.440484412,      -4.999703234,      -1.595116886
          0,           0,         669,      -5.271181845,      -3.440949586,      -5.000154577,      -1.595783202
          0,           0,         670,      -5.271870846,      -3.441414469,      -5.000606014,      -1.596449104
          0,           0,         671,      -5.272559758,      -3.441879063,      -5.001057393,      -1.597114578
          0,           0,         672,      -5.273248583,      -3.442343372,      -5.001508669,      -1.597779618
          0,           0,         673,      -5.273937321,      -3.442807399,       -5.00195988,       -1.59844423
          0,           0,         674,      -5.274625975,      -3.443271148,       -5.00241112,       -1.59910842
          0,           0,         675,      -5.275314544,       -3.44373462,      -5.002862517,      -1.599772203
          0,           0,         676,       -5.27600303,      -3.444197821,      -5.003314206,      -1.600435592
          0,           0,         677,      -5.276691435,      -3.444660752,      -5.003766309,        -1.6010986
          0,           0,         678,      -5.277379758,      -3.445123417,      -5.004218894,      -1.601761238
          0,           0,         679,         -5.278068,      -3.445585818,      -5.004671983,      -1.602423511
          0,           0,         680,      -5.278756163,       -3.44604796,      -5.005125524,      -1.603085423
          0,           0,         681,      -5.279444246,      -3.446509844,      -5.005579403,      -1.603746967
          0,           0,         682,      -5.280132251,      -3.446971475,      -5.006033445,      -1.604408135
          0,           0,         683,      -5.280820177,      -3.447432854,      -5.006487435,      -1.605068914
          0,           0,         684,      -5.281508026,      -3.447893985,      -5.006941124,      -1.605729287
          0,           0,         685,      -5.282195797,      -3.448354872,      -5.007394248,      -1.606389238
          0,           0,         686,       -5.28398735,      -3.449958623,      -4.804180653,      -1.482464987
          0,           0,         687,      -5.284107631,       -3.44995083,      -4.902721235,      -1.596285557
          0,           0,         688,      -5.285986682,      -3.451297801,      -4.768766705,      -1.480101172
          0,           0,         689,      -5.286187715,      -3.451243955,      -4.905842457,      -1.597195493
          0,           0,         690,      -5.288057768,      -3.452619337,      -4.800332053,      -1.486764365
          0,           0,         691,      -5.288224652,      -3.452594031,      -4.920384438,      -1.601055865
          0,           0,         692,      -5.290078251,      -3.453981456,      -4.793631143,      -1.487521213
          0,           0,         693,      -5.290252533,      -3.453949552,      -4.911701776,      -1.601677848
          0,           0,         694,      -5.292117103,      -3.455324525,      -4.785319312,      -1.487719849
          0,           0,         695,      -5.292298492,      -3.455287645,      -4.909182732,      -1.602732695
          0,           0,         696,      -5.294162368,      -3.456662437,      -4.786085638,      -1.489521943
          0,           0,         697,      -5.294343391,      -3.456627318,      -4.909872797,      -1.604422741
          0,           0,         698,      -5.296205038,      -3.458002753,      -4.784850615,      -1.491058036
          0,           0,         699,      -5.296388733,      -3.457967072,      -4.908730307,      -1.605887976
          0,           0,         700,      -5.298250357,       -3.45934071,      -4.783402259,      -1.492541337
          0,           0,         701,      -5.298437188,      -3.459304307,      -4.908329476,      -1.607426563
          0,           0,         702,      -5.300297722,      -3.460677075,      -4.783735277,      -1.494345183
          0,           0,         703,        -5.3004868,      -3.460640786,      -4.909026441,      -1.609149468
          0,           0,         704,      -5.302345675,         -3.462013,       -4.78477437,      -1.496287448
          0,           0,         705,      -5.302537088,       -3.46197679,      -4.910121865,      -1.610949273
          0,           0,         706,       -5.30329437,      -3.462200864,      -4.943186407,      -1.618495004
          0,           0,         707,       -5.30406412,      -3.462620901,      -4.993806795,      -1.621330401
          0,           0,         708,      -5.304751913,      -3.463101211,      -5.031308756,      -1.626369442
          0,           0,         709,      -5.305410274,      -3.463591499,      -5.033763668,      -1.628664783
          0,           0,         710,      -5.307159797,      -3.465208271,       -4.80403661,      -1.502667905
          0,           0,         711,      -5.307305297,      -3.465196434,      -4.900493467,      -1.614551159
          0,           0,         712,      -5.309182549,      -3.466517344,      -4.761559549,       -1.49806563
          0,           0,         713,      -5.309419152,         -3.466454,      -4.909244271,      -1.615958822
          0,           0,         714,       -5.31019193,      -3.466666715,      -4.956418903,      -1.625145709
          0,           0,         715,      -5.310952628,      -3.467094081,      -5.019445034,       -1.62950584
          0,           0,         716,      -5.311624039,      -3.467587853,      -5.058587437,      -1.634978211
          0,           0,         717,      -5.313336403,      -3.469230578,       -4.83811734,      -1.513828036
          0,           0,         718,      -5.313466098,      -3.469238161,      -4.917791402,      -1.622779283
          0,           0,         719,      -5.314230394,      -3.469441713,      -4.926541636,       -1.62679153
          0,           0,         720,      -5.315038376,      -3.469821279,      -4.976603721,      -1.629082559
          0,           0,         721,      -5.315754582,      -3.470272327,      -5.033534112,      -1.635640305
          0,           0,         722,      -5.316418159,       -3.47075485,      -5.057641944,        -1.6398319
          0,           0,         723,      -5.317072194,      -3.471242808,      -5.048474371,      -1.640898635
          0,           0,         724,      -5.317740554,      -3.471716658,      -5.027510498,      -1.640079384
          0,           0,         725,      -5.318428087,      -3.472171851,      -5.012121872,      -1.639000769
          0,           0,         726,      -5.319127316,      -3.472615833,      -5.008210566,      -1.638779646
          0,           0,         727,      -5.319827725,      -3.473058782,      -5.013456413,      -1.639591723
          0,           0,         728,      -5.320522526,      -3.473506964,      -5.022125758,      -1.640977343
          0,           0,         729,      -5.321210593,      -3.473961191,      -5.029065648,       -1.64237965
          0,           0,         730,      -5.321894612,      -3.474418778,      -5.032019491,      -1.643467411
          0,           0,         731,      -5.322578039,       -3.47487642,      -5.031683162,       -1.64419581
          0,           0,         732,      -5.323262982,      -3.475332151,      -5.030147903,       -1.64471263
          0,           0,         733,      -5.323949683,      -3.475785783,      -5.029226568,      -1.645210561
          0,           0,         734,      -5.324637183,      -3.476238248,      -5.029649715,       -1.64581191
          0,           0,         735,      -5.325324325,      -3.476690646,      -5.031158658,      -1.646534182
          0,           0,         736,       -5.32601044,      -3.477143604,      -5.033042372,      -1.647323927
          0,           0,         737,      -5.326695495,      -3.477597151,      -5.034669625,      -1.648112544
          0,           0,         738,      -5.327379851,      -3.478050946,      -5.035764962,      -1.648856166
          0,           0,         739,      -5.328063924,      -3.478504607,      -5.036397403,      -1.649546914
          0,           0,         740,       -5.32874795,      -3.478957915,      -5.036803236,      -1.650202114
          0,           0,         741,      -5.329431951,      -3.479410861,      -5.037200073,      -1.650845669
          0,           0,         742,      -5.330115812,      -3.479863559,      -5.037689044,      -1.651493835
          0,           0,         743,      -5.330799405,      -3.480316139,      -5.038256328,      -1.652150623
          0,           0,         744,      -5.331482661,      -3.480768674,      -5.038830818,      -1.652811149
          0,           0,         745,      -5.332165589,      -3.481221164,      -5.039345722,      -1.653467972
          0,           0,         746,       -5.33284824,      -3.481673571,       -5.03977225,      -1.654116071
          0,           0,         747,      -5.333530668,      -3.482125851,      -5.040120674,      -1.654754597
          0,           0,         748,      -5.334212909,       -3.48257798,      -5.040421908,       -1.65538588
          0,           0,         749,      -5.334894971,      -3.483029959,      -5.040706847,      -1.656013309
          0,           0,         750,      -5.335576843,      -3.483481801,      -5.040994406,      -1.656639572
          0,           0,         751,      -5.336258518,      -3.483933526,      -5.041290312,      -1.657265953
          0,           0,         752,       -5.33693999,      -3.484385142,      -5.041592512,      -1.657892578
          0,           0,         753,      -5.337621266,      -3.484836654,      -5.041897675,      -1.658519083
          0,           0,         754,      -5.338302354,      -3.485288059,      -5.042205092,      -1.659145199
          0,           0,         755,      -5.338983264,      -3.485739355,      -5.042517206,      -1.659771001
          0,           0,         756,      -5.339664003,      -3.486190541,      -5.042837973,      -1.660396851
          0,           0,         757,      -5.340344576,      -3.486641621,      -5.043170855,      -1.661023186
          0,           0,         758,      -5.341024984,      -3.487092597,      -5.043517618,      -1.661650333
          0,           0,         759,      -5.341705228,      -3.487543475,      -5.043878234,      -1.662278425
          0,           0,         760,      -5.342385309,      -3.487994259,      -5.044251475,      -1.662907427
          0,           0,         761,      -5.343065232,      -3.488444951,      -5.044635671,      -1.663537212
          0,           0,         762,      -5.343744997,      -3.488895553,      -5.045029212,      -1.664167627
          0,           0,         763,      -5.344424609,      -3.489346068,      -5.045430704,      -1.664798539
          0,           0,         764,       -5.34510407,      -3.489796498,      -5.045838905,      -1.665429836
          0,           0,         765,      -5.345783382,      -3.490246845,      -5.046252606,      -1.666061417
          0,           0,         766,      -5.346462546,      -3.490697111,      -5.046670586,      -1.666693182
          0,           0,         767,      -5.347141563,        -3.4911473,      -5.047091649,      -1.667325029
          0,           0,         768,      -5.347820436,      -3.491597414,      -5.047514717,      -1.667956857
          0,           0,         769,      -5.348499166,      -3.492047455,      -5.047938918,       -1.66858858
          0,           0,         770,      -5.349177754,      -3.492497425,      -5.048363607,      -1.669220129
          0,           0,         771,      -5.349856202,      -3.492947326,      -5.048788374,      -1.669851458
          0,           0,         772,      -5.350534511,       -3.49339716,      -5.049212988,      -1.670482538
          0,           0,         773,      -5.351212681,      -3.493846929,      -5.049637368,      -1.671113358
          0,           0,         774,      -5.351890714,      -3.494296636,      -5.050061526,      -1.671743917
          0,           0,         775,      -5.352568611,      -3.494746282,      -5.050485551,      -1.672374223
          0,           0,         776,      -5.353246373,      -3.495195869,      -5.050909583,       -1.67300429
          0,           0,         777,      -5.353923999,      -3.495645399,      -5.051333792,      -1.673634133
          0,           0,         778,      -5.354601492,      -3.496094874,      -5.051758342,      -1.674263771
          0,           0,         779,      -5.355278851,      -3.496544296,      -5.052183385,       -1.67489322
          0,           0,         780,      -5.355956078,      -3.496993666,      -5.052609013,      -1.675522494
          0,           0,         781,      -5.356633172,      -3.497442988,      -5.053035266,      -1.676151599
          0,           0,         782,      -5.357310133,      -3.497892261,      -5.053462107,      -1.676780537
          0,           0,         783,      -5.357986963,      -3.498341489,      -5.053889436,      -1.677409303
          0,           0,         784,      -5.358663662,      -3.498790672,      -5.054317094,      -1.678037885
          0,           0,         785,      -5.359340229,      -3.499239813,      -5.054744871,      -1.678666266
          0,           0,         786,      -5.360016664,      -3.499688914,      -5.055172522,      -1.679294428
          0,           0,         787,      -5.360692969,      -3.500137976,      -5.055599794,      -1.679922347
          0,           0,         788,        -5.3623562,      -3.501692597,      -4.846567519,      -1.559340249
          0,           0,         789,      -5.362560218,       -3.50169072,       -4.96202333,      -1.669384144
          0,           0,         790,      -5.364333522,      -3.502993966,      -4.815462448,      -1.556206462
          0,           0,         791,      -5.364613166,      -3.502950222,      -4.966868892,      -1.670488177
          0,           0,         792,       -5.36637188,      -3.504285542,      -4.845460827,      -1.563354138
          0,           0,         793,      -5.366615667,      -3.504269968,      -4.980184156,      -1.674315604
          0,           0,         794,       -5.36835865,       -3.50561709,       -4.83758292,      -1.563572377
          0,           0,         795,      -5.368610461,      -3.505594607,      -4.970580766,      -1.674622629
          0,           0,         796,      -5.370364185,      -3.506931212,      -4.829937689,      -1.563524387
          0,           0,         797,      -5.370622213,      -3.506904543,      -4.968012861,      -1.675569979
          0,           0,         798,      -5.372374451,      -3.508242833,      -4.830667748,      -1.565197783
          0,           0,         799,      -5.372631551,      -3.508218034,      -4.968283857,      -1.677137546
          0,           0,         800,       -5.37438138,      -3.509558229,      -4.829330867,      -1.566523904
          0,           0,         801,      -5.374640817,      -3.509532924,      -4.966809327,      -1.678460933
          0,           0,         802,      -5.376390384,      -3.510872812,      -4.828062115,      -1.567843255
          0,           0,         803,      -5.376652436,      -3.510846992,      -4.966262244,      -1.679895316
          0,           0,         804,      -5.378400636,       -3.51218751,      -4.828509239,      -1.569518565
          0,           0,         805,      -5.378664426,      -3.512161937,      -4.966815634,      -1.681527584
          0,           0,         806,      -5.380410791,      -3.513503303,      -4.829583459,      -1.571333342
          0,           0,         807,      -5.380676431,      -3.513477916,      -4.967781051,      -1.683241915
          0,           0,         808,       -5.38143991,      -3.513700089,      -4.994172484,      -1.689922654
          0,           0,         809,      -5.382190938,      -3.514117079,      -5.042536336,      -1.693758175
          0,           0,         810,      -5.382859199,      -3.514593824,      -5.077938284,      -1.699228861
          0,           0,         811,      -5.383500814,      -3.515079024,      -5.078673362,      -1.701345457
          0,           0,         812,      -5.385120126,      -3.516662013,      -4.845337734,      -1.577489632
          0,           0,         813,       -5.38534489,      -3.516656989,      -4.956499222,       -1.68618881
          0,           0,         814,      -5.387114539,      -3.517950954,      -4.808884942,      -1.572313718
          0,           0,         815,      -5.387423895,      -3.517900088,       -4.96833936,      -1.688127892
          0,           0,         816,      -5.388200829,      -3.518114008,      -5.008775859,      -1.696648843
          0,           0,         817,      -5.388941308,      -3.518540495,      -5.068133449,      -1.701972044
          0,           0,         818,      -5.389592469,      -3.519031816,       -5.10401591,      -1.707773468
          0,           0,         819,      -5.391173046,      -3.520645177,      -4.877510442,       -1.58878543
          0,           0,         820,      -5.391379983,      -3.520659151,      -4.972850914,      -1.694262452
          0,           0,         821,      -5.392154738,      -3.520860538,      -4.978026601,      -1.697402184
          0,           0,         822,      -5.392945253,      -3.521240005,      -5.028141303,      -1.700989338
          0,           0,         823,      -5.393640387,      -3.521692087,      -5.083133721,      -1.708262762
          0,           0,         824,      -5.394284591,      -3.522173991,      -5.103817694,      -1.712455872
          0,           0,         825,      -5.394922074,      -3.522658759,      -5.092412632,      -1.713123641
          0,           0,         826,      -5.395576275,      -3.523128031,      -5.071442936,      -1.711888361
          0,           0,         827,      -5.396250511,       -3.52357898,      -5.057372325,       -1.71062673
          0,           0,         828,      -5.396935843,      -3.524019988,      -5.054890973,      -1.710457991
          0,           0,         829,      -5.397621212,      -3.524461148,      -5.060943984,      -1.711419489
          0,           0,         830,      -5.398300156,       -3.52490809,      -5.069630989,       -1.71292227
          0,           0,         831,      -5.398972198,      -3.525361011,      -5.076073687,       -1.71435358
          0,           0,         832,      -5.399640492,       -3.52581696,      -5.078463312,       -1.71539376
          0,           0,         833,        -5.4003086,       -3.52627272,       -5.07781883,      -1.716044173
          0,           0,         834,      -5.400978456,       -3.52672658,      -5.076294011,      -1.716497042
          0,           0,         835,      -5.401650059,      -3.527178577,      -5.075571354,      -1.716964642
          0,           0,         836,       -5.40232229,      -3.527629729,      -5.076204948,      -1.717562917
          0,           0,         837,      -5.402993972,      -3.528081093,      -5.077820556,       -1.71829085
          0,           0,         838,      -5.403664503,      -3.528533196,      -5.079684904,      -1.719078974
          0,           0,         839,      -5.404333938,      -3.528985987,      -5.081212919,      -1.719852332
          0,           0,         840,       -5.40500269,      -3.529439095,        -5.0821953,      -1.720569682
          0,           0,         841,      -5.405671176,      -3.529892153,      -5.082747019,      -1.721229876
          0,           0,         842,      -5.406339607,      -3.530344981,      -5.083115446,      -1.721856088
          0,           0,         843,      -5.407007968,      -3.530797596,      -5.083503062,      -1.722474609
          0,           0,         844,      -5.407676127,      -3.531250122,      -5.083987925,      -1.723100832
          0,           0,         845,      -5.408343954,       -3.53170268,      -5.084539952,      -1.723736434
          0,           0,         846,      -5.409011392,      -3.532155329,      -5.085084008,      -1.724374536
          0,           0,         847,      -5.409678458,      -3.532608059,      -5.085558808,      -1.725006962
          0,           0,         848,      -5.410345209,      -3.533060826,      -5.085944352,      -1.725629138
          0,           0,         849,      -5.411011701,      -3.533513587,      -5.086257595,      -1.726241208
          0,           0,         850,      -5.411677963,      -3.533966322,      -5.086531777,      -1.726846385
          0,           0,         851,      -5.412343999,      -3.534419035,      -5.086796449,       -1.72744848
          0,           0,         852,      -5.413009797,       -3.53487174,      -5.087067624,       -1.72805016
          0,           0,         853,      -5.413675346,      -3.535324454,      -5.087348508,      -1.728652458
          0,           0,         854,      -5.414340645,      -3.535777184,      -5.087635854,      -1.729255258
          0,           0,         855,      -5.415005698,       -3.53622993,      -5.087926356,      -1.729858093
          0,           0,         856,      -5.415670517,       -3.53668269,      -5.088219905,       -1.73046073
          0,           0,         857,       -5.41633511,       -3.53713546,      -5.088519481,      -1.731063355
          0,           0,         858,      -5.416999484,       -3.53758824,      -5.088829156,      -1.731666422
          0,           0,         859,      -5.417663642,      -3.538041031,      -5.089152108,      -1.732270405
          0,           0,         860,      -5.418327585,      -3.538493836,        -5.0894896,      -1.732875604
          0,           0,         861,      -5.418991314,       -3.53894666,      -5.089841123,      -1.733482091
          0,           0,         862,      -5.419654832,      -3.539399504,      -5.090205126,      -1.734089765
          0,           0,         863,      -5.420318139,      -3.539852371,      -5.090579775,      -1.734698445
          0,           0,         864,      -5.420981241,      -3.540305261,      -5.090963424,      -1.735307948
          0,           0,         865,      -5.421644138,      -3.540758176,       -5.09135468,      -1.735918116
          0,           0,         866,      -5.422306835,      -3.541211116,      -5.091752301,      -1.736528821
          0,           0,         867,      -5.422969331,      -3.541664084,      -5.092155062,      -1.737139943
          0,           0,         868,       -5.42363163,      -3.542117081,      -5.092561707,      -1.737751358
          0,           0,         869,      -5.424293733,      -3.542570108,      -5.092971014,      -1.738362941
          0,           0,         870,       -5.42495564,      -3.543023167,      -5.093381892,      -1.738974571
          0,           0,         871,      -5.425617354,       -3.54347626,      -5.093793462,      -1.739586146
          0,           0,         872,      -5.426278876,      -3.543929387,      -5.094205099,      -1.740197586
          0,           0,         873,      -5.426940207,       -3.54438255,      -5.094616406,       -1.74080884
          0,           0,         874,      -5.427601349,       -3.54483575,      -5.095027174,      -1.741419877
          0,           0,         875,      -5.428262303,      -3.545288987,      -5.095437335,      -1.742030685
          0,           0,         876,      -5.428923069,      -3.545742264,       -5.09584692,      -1.742641265
          0,           0,         877,       -5.42958365,      -3.546195581,       -5.09625604,      -1.743251627
          0,           0,         878,      -5.430244045,      -3.546648939,      -5.096664855,       -1.74386179
          0,           0,         879,      -5.430904255,      -3.547102339,      -5.097073559,      -1.744471773
          0,           0,         880,      -5.431564281,      -3.547555783,      -5.097482354,      -1.745081601
          0,           0,         881,      -5.432224125,      -3.548009272,      -5.097891416,      -1.745691297
          0,           0,         882,      -5.432883786,      -3.548462805,      -5.098300884,      -1.746300878
          0,           0,         883,      -5.433543265,      -3.548916385,      -5.098710834,      -1.746910357
          0,           0,         884,      -5.434202563,      -3.549370013,       -5.09912128,      -1.747519741
          0,           0,         885,      -5.434861679,      -3.549823689,      -5.099532163,      -1.748129027
          0,           0,         886,      -5.435520615,      -3.550277415,      -5.099943375,      -1.748738207
          0,           0,         887,       -5.43617937,      -3.550731191,      -5.100354747,      -1.749347266
          0,           0,         888,      -5.436837945,      -3.551185019,       -5.10076608,      -1.749956184
          0,           0,         889,       -5.43749634,      -3.551638899,      -5.101177146,      -1.750564939
          0,           0,         890,      -5.439032519,       -3.55319284,      -4.888663943,       -1.63125801
          0,           0,         891,      -5.439300202,       -3.55320007,      -5.015516379,      -1.739410877
          0,           0,         892,       -5.44096681,      -3.554505777,      -4.860707357,      -1.627509571
          0,           0,         893,      -5.441306288,      -3.554474405,      -5.021950081,      -1.740785771
          0,           0,         894,      -5.442953349,      -3.555814538,      -4.889308956,      -1.635144744
          0,           0,         895,      -5.443255177,       -3.55581073,      -5.034015127,      -1.744600637
          0,           0,         896,      -5.444887034,      -3.557161961,      -4.880552972,      -1.634864263
          0,           0,         897,      -5.445197574,      -3.557150838,      -5.023787023,      -1.744615349
          0,           0,         898,      -5.446840055,      -3.558492651,      -4.873431037,      -1.634617647
          0,           0,         899,      -5.447156098,      -3.558477809,      -5.021229969,      -1.745480001
          0,           0,         900,      -5.448796401,      -3.559822301,      -4.874109606,      -1.636201552
          0,           0,         901,      -5.449111035,      -3.559809229,      -5.021181647,       -1.74695223
          0,           0,         902,      -5.450748765,      -3.561156156,      -4.872706682,      -1.637363248
          0,           0,         903,      -5.451065476,      -3.561142465,      -5.019500496,      -1.748163555
          0,           0,         904,      -5.452702754,      -3.562489811,      -4.871588439,      -1.638564989
          0,           0,         905,      -5.453021657,      -3.562475613,      -5.018892248,      -1.749523579
          0,           0,         906,      -5.454657345,      -3.563824323,      -4.872125945,      -1.640155637
          0,           0,         907,      -5.454977567,      -3.563810323,      -5.019376386,      -1.751095567
          0,           0,         908,      -5.456611282,       -3.56516054,      -4.873229959,      -1.641886513
          0,           0,         909,      -5.456932957,      -3.565146664,       -5.02028076,      -1.752755173
          0,           0,         910,      -5.457694606,      -3.565378392,      -5.042188924,      -1.758851695
          0,           0,         911,      -5.458421993,      -3.565805002,       -5.08874357,      -1.763630322
          0,           0,         912,      -5.459065171,      -3.566290833,      -5.122133864,      -1.769518344
          0,           0,         913,      -5.459683985,      -3.566783776,      -5.121452795,      -1.771454305
          0,           0,         914,      -5.461174618,      -3.568373043,      -4.886488379,      -1.647853478
          0,           0,         915,      -5.461459716,      -3.568375955,      -5.007809287,       -1.75508694
          0,           0,         916,      -5.463121373,      -3.569680412,      -4.854661851,       -1.64226055
          0,           0,         917,      -5.463485816,      -3.569642032,      -5.022325288,      -1.757636659
          0,           0,         918,      -5.464259196,      -3.569867355,      -5.057963389,      -1.765764836
          0,           0,         919,      -5.464974617,      -3.570304555,      -5.114288884,      -1.772003511
          0,           0,         920,      -5.465599994,      -3.570805209,      -5.147228269,      -1.778116825
          0,           0,         921,      -5.467050283,      -3.572427153,      -4.917080629,      -1.659390641
          0,           0,         922,      -5.467315745,      -3.572448295,      -5.023317859,      -1.763094967
          0,           0,         923,      -5.468092766,      -3.572657898,      -5.026728793,      -1.765664242
          0,           0,         924,      -5.468861127,      -3.573048355,      -5.076896429,      -1.770504837
          0,           0,         925,      -5.469530026,      -3.573512304,      -5.129888476,       -1.77849746
          0,           0,         926,      -5.470149167,      -3.574004605,      -5.147597729,      -1.782691241
          0,           0,         927,      -5.470764245,      -3.574497535,      -5.134534436,      -1.782951869
          0,           0,         928,      -5.471398403,      -3.574973769,      -5.113782316,      -1.781307664
          0,           0,         929,      -5.472053491,      -3.575431938,      -5.100904978,      -1.779882572
          0,           0,         930,      -5.472719161,       -3.57588119,      -5.099599733,      -1.779785706
          0,           0,         931,       -5.47338381,      -3.576331514,        -5.1062534,      -1.780910797
          0,           0,         932,      -5.474041267,      -3.576787987,      -5.114881981,      -1.782540079
          0,           0,         933,      -5.474691658,      -3.577250301,      -5.120876949,      -1.784007317
          0,           0,         934,      -5.475338577,      -3.577715299,        -5.1228107,      -1.785007309
          0,           0,         935,       -5.47598569,      -3.578179853,      -5.121948165,      -1.785589277
          0,           0,         936,      -5.476634781,      -3.578642473,      -5.120465226,      -1.785989366
          0,           0,         937,      -5.477285625,      -3.579103376,      -5.119919952,      -1.786437741
          0,           0,         938,      -5.477936959,      -3.579563643,      -5.120720573,      -1.787042726
          0,           0,         939,      -5.478587582,      -3.580024286,      -5.122407121,      -1.787784619
          0,           0,         940,      -5.479236955,      -3.580485751,      -5.124238969,      -1.788578518
          0,           0,         941,      -5.479885213,      -3.580947922,      -5.125675788,      -1.789343857
          0,           0,         942,      -5.480532813,      -3.581410408,      -5.126563407,      -1.790042479
          0,           0,         943,      -5.481180177,      -3.581872859,      -5.127051154,      -1.790680009
          0,           0,         944,      -5.481827489,      -3.582335124,       -5.12739131,      -1.791285217
          0,           0,         945,      -5.482474706,      -3.582797242,       -5.12777147,      -1.791886491
          0,           0,         946,      -5.483121681,      -3.583259345,      -5.128250639,      -1.792498206
          0,           0,         947,      -5.483768282,      -3.583721545,      -5.128786775,      -1.793119733
          0,           0,         948,       -5.48441446,       -3.58418389,      -5.129303081,      -1.793742341
          0,           0,         949,      -5.485060242,       -3.58464636,      -5.129743789,      -1.794357268
          0,           0,         950,      -5.485705691,       -3.58510891,      -5.130096225,      -1.794960471
          0,           0,         951,      -5.486350861,      -3.585571497,      -5.130382304,      -1.795553089
          0,           0,         952,      -5.486995779,      -3.586034106,      -5.130636503,      -1.796139171
          0,           0,         953,      -5.487640443,      -3.586496742,      -5.130886781,      -1.796722898
          0,           0,         954,      -5.488284841,       -3.58695942,      -5.131146587,      -1.797306881
          0,           0,         955,      -5.488928961,      -3.587422155,      -5.131417124,      -1.797891903
          0,           0,         956,      -5.489572803,      -3.587884953,      -5.131694284,      -1.798477621
          0,           0,         957,      -5.490216372,      -3.588347813,       -5.13197486,      -1.799063485
          0,           0,         958,      -5.490859679,       -3.58881073,      -5.132259232,       -1.79964931
          0,           0,         959,      -5.491502734,      -3.589273701,      -5.132550729,       -1.80023539
          0,           0,         960,      -5.492145542,      -3.589736725,      -5.132853426,      -1.800822264
          0,           0,         961,      -5.492788107,      -3.590199803,      -5.133170186,      -1.801410434
          0,           0,         962,      -5.493430428,      -3.590662939,      -5.133501849,      -1.802000169
          0,           0,         963,      -5.494072507,      -3.591126136,      -5.133847528,      -1.802591477
          0,           0,         964,      -5.494714345,      -3.591589394,      -5.134205443,      -1.803184195
          0,           0,         965,      -5.495355947,      -3.592052716,      -5.134573681,      -1.803778094
          0,           0,         966,      -5.495997313,      -3.592516101,      -5.134950595,      -1.804372961
          0,           0,         967,      -5.496638448,       -3.59297955,      -5.135334832,      -1.804968621
          0,           0,         968,      -5.497279353,      -3.593443065,      -5.135725172,      -1.805564928
          0,           0,         969,      -5.497920031,      -3.593906645,      -5.136120392,      -1.806161745
          0,           0,         970,      -5.498560483,      -3.594370292,      -5.136519228,      -1.806758924
          0,           0,         971,       -5.49920071,      -3.594834007,      -5.136920448,      -1.807356318
          0,           0,         972,      -5.499840715,      -3.595297792,      -5.137322957,      -1.807953785
          0,           0,         973,      -5.500480498,      -3.595761646,      -5.137725883,      -1.808551208
          0,           0,         974,      -5.501120062,       -3.59622557,      -5.138128602,      -1.809148495
          0,           0,         975,      -5.501759408,      -3.596689566,      -5.138530721,      -1.809745589
          0,           0,         976,      -5.502398537,      -3.597153633,      -5.138932028,      -1.810342454
          0,           0,         977,      -5.503037451,      -3.597617773,       -5.13933245,      -1.810939077
          0,           0,         978,       -5.50367615,      -3.598081985,      -5.139732005,      -1.811535458
          0,           0,         979,      -5.504314636,      -3.598546272,      -5.140130799,      -1.812131607
          0,           0,         980,       -5.50495291,      -3.599010633,      -5.140528986,      -1.812727544
          0,           0,         981,      -5.505590973,      -3.599475068,      -5.140926755,      -1.813323293
          0,           0,         982,      -5.506228826,       -3.59993958,      -5.141324317,      -1.813918882
          0,           0,         983,      -5.506866469,      -3.600404167,      -5.141721863,      -1.814514338
          0,           0,         984,      -5.507503903,      -3.600868832,      -5.142119543,      -1.815109684
          0,           0,         985,       -5.50814113,      -3.601333573,      -5.142517471,      -1.815704938
          0,           0,         986,      -5.508778149,      -3.601798393,      -5.142915691,      -1.816300111
          0,           0,         987,      -5.509414961,      -3.602263291,      -5.143314197,      -1.816895205
          0,           0,         988,      -5.510051567,      -3.602728268,      -5.143712909,      -1.817490215
          0,           0,         989,      -5.510687967,      -3.603193326,      -5.144111724,      -1.818085132
          0,           0,         990,      -5.511324161,      -3.603658463,      -5.144510481,      -1.818679936
          0,           0,         991,      -5.511960151,      -3.604123681,       -5.14490901,      -1.819274609
          0,           0,         992,      -5.513371912,      -3.605700629,      -4.930397531,      -1.699725138
          0,           0,         993,      -5.513688315,      -3.605714856,      -5.065179615,       -1.80731774
          0,           0,         994,      -5.515249122,      -3.607044432,      -4.904722833,      -1.695396119
          0,           0,         995,      -5.515634288,      -3.607022619,      -5.072978048,      -1.809003791
          0,           0,         996,      -5.517170917,      -3.608388409,      -4.932114168,      -1.703533326
          0,           0,         997,      -5.517516702,      -3.608393608,      -5.083854422,      -1.812815859
          0,           0,         998,      -5.519038635,      -3.609769568,      -4.922671279,      -1.702763144
          0,           0,         999,      -5.519393976,      -3.609766989,      -5.073169601,      -1.812532015
          0,           0,        1000,      -5.520926554,      -3.611134078,      -4.915950972,      -1.702331697
          0,           0,        1001,      -5.521286892,       -3.61112806,      -5.070632182,      -1.813315734
          0,           0,        1002,      -5.522816717,      -3.612498325,      -4.916570799,      -1.703842138
          0,           0,        1003,        -5.5231753,      -3.612493907,      -5.070325064,       -1.81469909
          0,           0,        1004,      -5.524702463,      -3.613866731,      -4.915120599,      -1.704859205
          0,           0,        1005,      -5.525062995,      -3.613861516,      -5.068505859,      -1.815806524
          0,           0,        1006,      -5.526589611,      -3.615235046,      -4.914124661,      -1.705963624
          0,           0,        1007,      -5.526952061,      -3.615229247,       -5.06787697,      -1.817101996
          0,           0,        1008,      -5.528476956,       -3.61660444,      -4.914732742,      -1.707489772
          0,           0,        1009,      -5.528840446,      -3.616598721,      -5.068330146,      -1.818625356
          0,           0,        1010,      -5.530363314,      -3.617975668,      -4.915860521,      -1.709157518
          0,           0,        1011,      -5.530727999,      -3.617969948,      -5.069209664,      -1.820242957
          0,           0,        1012,      -5.531482359,       -3.61821412,       -5.08794762,      -1.825949064
          0,           0,        1013,      -5.532183028,      -3.618654551,       -5.13298731,      -1.831667765
          0,           0,        1014,      -5.532797776,      -3.619153905,      -5.164523666,      -1.837977243
          0,           0,        1015,      -5.533390187,      -3.619659196,      -5.162693987,      -1.839725405
          0,           0,        1016,       -5.53475567,      -3.621273761,      -4.927379489,      -1.714985078
          0,           0,        1017,      -5.535087848,      -3.621281711,      -5.055927102,      -1.821970036
          0,           0,        1018,      -5.536643399,      -3.622613071,      -4.899110389,      -1.709018303
          0,           0,        1019,      -5.537050466,      -3.622583398,      -5.072681651,      -1.825182017
          0,           0,        1020,      -5.537815162,      -3.622822311,      -5.104728183,      -1.833113677
          0,           0,        1021,      -5.538502662,        -3.6232739,      -5.158485165,      -1.840272697
          0,           0,        1022,      -5.539099092,      -3.623787955,      -5.188819767,      -1.846697822
          0,           0,        1023,      -5.540422795,      -3.625436453,      -4.956648172,      -1.726821546
          0,           0,        1024,      -5.540733921,      -3.625461844,      -5.070681942,      -1.829955619
          0,           0,        1025,      -5.541507916,      -3.625681993,      -5.073263144,      -1.832153897
          0,           0,        1026,      -5.542251411,      -3.626086664,      -5.123419822,       -1.83825697
          0,           0,        1027,      -5.542891206,      -3.626565816,      -5.174456933,      -1.846993451
          0,           0,        1028,      -5.543482162,       -3.62707211,      -5.189619419,      -1.851187119
          0,           0,        1029,      -5.544071627,      -3.627577067,      -5.175338997,      -1.851025054
          0,           0,        1030,      -5.544682493,       -3.62806422,      -5.154935361,       -1.84896792
          0,           0,        1031,      -5.545315187,      -3.628533463,      -5.143123679,      -1.847388346
          0,           0,        1032,      -5.545958003,      -3.628994613,      -5.142785081,       -1.84737593
          0,           0,        1033,      -5.546598822,      -3.629457581,      -5.149881283,      -1.848675095
          0,           0,        1034,      -5.547231744,      -3.629926979,      -5.158403167,      -1.850437656
          0,           0,        1035,      -5.547857459,      -3.630402069,      -5.163999855,        -1.8519447
          0,           0,        1036,       -5.54847998,      -3.630879523,      -5.165566386,       -1.85290774
          0,           0,        1037,      -5.549103069,      -3.631356292,      -5.164553176,      -1.853425678
          0,           0,        1038,      -5.549728369,      -3.631831069,      -5.163131043,      -1.853778656
          0,           0,        1039,      -5.550355451,      -3.632304222,       -5.16274242,      -1.854213646
          0,           0,        1040,       -5.55098292,      -3.632776879,      -5.163675306,      -1.854830397
          0,           0,        1041,      -5.551609554,      -3.633250016,      -5.165406771,      -1.855590266
          0,           0,        1042,      -5.552234872,      -3.633724009,      -5.167198917,      -1.856393243
          0,           0,        1043,      -5.552859077,       -3.63419869,       -5.16855348,      -1.857153657
          0,           0,        1044,      -5.553482671,      -3.634673652,      -5.169362001,      -1.857836788
          0,           0,        1045,      -5.554106077,      -3.635148562,      -5.169799165,      -1.858455094
          0,           0,        1046,      -5.554729456,      -3.635623292,      -5.170117918,      -1.859042781
          0,           0,        1047,      -5.555352741,        -3.6360979,      -5.170491748,      -1.859630122
          0,           0,        1048,       -5.55597577,      -3.636572522,      -5.170964007,      -1.860230366
          0,           0,        1049,      -5.556598409,      -3.637047263,         -5.171484,      -1.860840605
          0,           0,        1050,      -5.557220619,      -3.637522161,        -5.1719749,      -1.861450369
          0,           0,        1051,      -5.557842434,      -3.637997192,      -5.172386243,      -1.862050424
          0,           0,        1052,      -5.558463921,      -3.638472306,      -5.172711399,      -1.862637322
          0,           0,        1053,      -5.559085135,      -3.638947463,      -5.172975931,      -1.863213206
          0,           0,        1054,      -5.559706099,      -3.639422651,      -5.173214785,      -1.863782924
          0,           0,        1055,      -5.560326808,      -3.639897877,      -5.173454249,      -1.864350991
          0,           0,        1056,      -5.560947248,      -3.640373156,      -5.173705571,      -1.864919944
          0,           0,        1057,      -5.561567407,      -3.640848502,      -5.173968374,      -1.865490313
          0,           0,        1058,      -5.562187283,       -3.64132392,      -5.174237977,       -1.86606155
          0,           0,        1059,      -5.562806886,      -3.641799406,       -5.17451133,      -1.866633036
          0,           0,        1060,      -5.563426226,      -3.642274957,      -5.174789198,      -1.867204647
          0,           0,        1061,      -5.564045312,      -3.642750568,      -5.175075133,       -1.86777678
          0,           0,        1062,      -5.564664149,      -3.643226238,      -5.175373136,      -1.868350059
          0,           0,        1063,       -5.56528274,       -3.64370197,      -5.175685761,      -1.868925002
          0,           0,        1064,      -5.565901085,      -3.644177767,      -5.176013483,       -1.86950184
          0,           0,        1065,      -5.566519184,      -3.644653629,      -5.176355123,      -1.870080522
          0,           0,        1066,      -5.567137041,      -3.645129559,      -5.176708749,      -1.870660821
          0,           0,        1067,      -5.567754658,      -3.645605558,      -5.177072412,      -1.871242466
          0,           0,        1068,      -5.568372037,      -3.646081624,      -5.177444491,      -1.871825212
          0,           0,        1069,      -5.568989182,      -3.646557759,      -5.177823677,       -1.87240887
          0,           0,        1070,      -5.569606095,      -3.647033963,      -5.178208776,      -1.872993276
          0,           0,        1071,      -5.570222778,      -3.647510237,      -5.178598582,      -1.873578272
          0,           0,        1072,      -5.570839233,      -3.647986581,      -5.178991831,       -1.87416369
          0,           0,        1073,      -5.571455461,      -3.648462997,      -5.179387286,      -1.874749355
          0,           0,        1074,      -5.572071464,      -3.648939484,      -5.179783859,      -1.875335107
          0,           0,        1075,      -5.572687243,      -3.649416043,      -5.180180679,      -1.875920811
          0,           0,        1076,      -5.573302801,      -3.649892675,      -5.180577122,      -1.876506365
          0,           0,        1077,      -5.573918139,       -3.65036938,       -5.18097279,      -1.877091701
          0,           0,        1078,      -5.574533258,      -3.650846159,      -5.181367459,      -1.877676779
          0,           0,        1079,       -5.57514816,      -3.651323011,       -5.18176103,      -1.878261583
          0,           0,        1080,      -5.575762846,      -3.651799938,       -5.18215351,      -1.878846109
          0,           0,        1081,      -5.576377318,      -3.652276939,      -5.182544973,      -1.879430366
          0,           0,        1082,      -5.576991576,      -3.652754016,      -5.182935559,      -1.880014376
          0,           0,        1083,      -5.577605621,      -3.653231167,      -5.183325442,      -1.880598163
          0,           0,        1084,      -5.578219455,      -3.653708395,      -5.183714824,      -1.881181759
          0,           0,        1085,      -5.578833078,      -3.654185699,      -5.184103895,      -1.881765194
          0,           0,        1086,      -5.579446492,       -3.65466308,      -5.184492826,      -1.882348496
          0,           0,        1087,      -5.580059697,      -3.655140537,      -5.184881741,      -1.882931687
          0,           0,        1088,      -5.580672694,      -3.655618072,       -5.18527071,      -1.883514784
          0,           0,        1089,      -5.581285484,      -3.656095685,      -5.185659763,      -1.884097794
          0,           0,        1090,      -5.581898067,      -3.656573376,      -5.186048879,      -1.884680718
          0,           0,        1091,      -5.582510444,      -3.657051145,      -5.186437982,      -1.885263548
          0,           0,        1092,      -5.583122615,      -3.657528994,      -5.186826974,      -1.885846272
          0,           0,        1093,      -5.583734581,      -3.658006922,      -5.187215727,      -1.886428873
          0,           0,        1094,      -5.585027406,      -3.659616917,      -4.971767682,       -1.76549932
          0,           0,        1095,      -5.585383439,        -3.6596342,      -5.112111505,      -1.873493171
          0,           0,        1096,      -5.586842351,      -3.660995611,      -4.947723621,       -1.76057034
          0,           0,        1097,      -5.587264651,      -3.660978859,        -5.1210102,      -1.875511394
          0,           0,        1098,      -5.588695051,      -3.662378052,      -4.974036247,      -1.769214759
          0,           0,        1099,      -5.589076376,      -3.662387903,      -5.130771254,      -1.879318614
          0,           0,        1100,      -5.590492619,      -3.663796294,      -4.964056758,      -1.767953923
          0,           0,        1101,      -5.590884472,      -3.663797889,      -5.119753061,      -1.878720666
          0,           0,        1102,      -5.592311495,      -3.665197625,      -4.957652848,      -1.767340237
          0,           0,        1103,      -5.592708015,      -3.665195953,      -5.117225752,      -1.879416132
          0,           0,        1104,      -5.594131829,      -3.666599102,      -4.958204509,      -1.768780725
          0,           0,        1105,      -5.594526381,      -3.666598849,      -5.116697864,      -1.880707424
          0,           0,        1106,      -5.595947523,      -3.668004483,      -4.956718807,      -1.769661429
          0,           0,        1107,      -5.596344024,      -3.668003243,      -5.114786022,      -1.881710941
          0,           0,        1108,      -5.597764613,      -3.669409643,      -4.955823632,       -1.77067792
          0,           0,        1109,      -5.598162895,      -3.669407713,      -5.114159684,      -1.882944207
          0,           0,        1110,      -5.599581726,      -3.670815852,      -4.956486062,      -1.772148821
          0,           0,        1111,      -5.599980901,      -3.670813867,       -5.11460477,      -1.884423271
          0,           0,        1112,      -5.601397735,      -3.672223797,      -4.957632562,      -1.773763757
          0,           0,        1113,      -5.601797979,      -3.672221671,      -5.115482487,      -1.886004683
          0,           0,        1114,      -5.602542685,      -3.672477083,      -5.131874572,      -1.891458435
          0,           0,        1115,      -5.603216185,      -3.672931378,      -5.175624879,      -1.898144787
          0,           0,        1116,      -5.603801986,      -3.673444673,      -5.205507416,      -1.904892136
          0,           0,        1117,      -5.604367305,      -3.673962891,      -5.202774837,      -1.906445535
          0,           0,        1118,      -5.605614078,      -3.675610481,      -4.967995963,      -1.779513429
          0,           0,        1119,      -5.605985793,       -3.67561934,      -5.101732726,      -1.887135448
          0,           0,        1120,      -5.607440102,      -3.676982974,       -4.94248105,       -1.77317477
          0,           0,        1121,      -5.607882792,      -3.676957191,      -5.120299486,      -1.891047668
          0,           0,        1122,      -5.608636743,      -3.677208098,      -5.149526105,      -1.898923304
          0,           0,        1123,       -5.60929612,      -3.677673882,      -5.201082144,      -1.907034411
          0,           0,        1124,      -5.609863305,      -3.678201641,      -5.229161245,      -1.913782148
          0,           0,        1125,      -5.611067099,       -3.67988398,       -4.99614252,       -1.79168069
          0,           0,        1126,      -5.611416728,      -3.679909604,       -5.11582532,      -1.895122628
          0,           0,        1127,      -5.612185463,       -3.68013888,      -5.118058151,      -1.897089885
          0,           0,        1128,      -5.612903935,      -3.680557225,       -5.16812761,      -1.904491899
          0,           0,        1129,      -5.613514527,       -3.68105134,       -5.21731009,      -1.914005959
          0,           0,        1130,      -5.614077069,      -3.681571658,      -5.230312962,      -1.918197292
          0,           0,        1131,      -5.614640609,       -3.68208888,      -5.215158359,      -1.917593654
          0,           0,        1132,      -5.615227801,      -3.682587228,      -5.195183372,      -1.915115834
          0,           0,        1133,      -5.615837694,      -3.683067709,      -5.184320591,      -1.913387418
          0,           0,        1134,      -5.616457291,      -3.683540766,      -5.184777546,      -1.913469848
          0,           0,        1135,      -5.617073992,      -3.684016273,      -5.192194284,      -1.914952253
          0,           0,        1136,      -5.617682157,      -3.684498455,      -5.200579269,      -1.916853676
          0,           0,        1137,      -5.618283009,        -3.6849862,      -5.205824206,       -1.91840292
          0,           0,        1138,      -5.618880944,      -3.685476026,      -5.207096403,      -1.919330399
          0,           0,        1139,      -5.619479814,      -3.685964944,      -5.205984038,      -1.919786593
          0,           0,        1140,       -5.62008113,      -3.686451804,      -5.204634255,      -1.920095902
          0,           0,        1141,      -5.620684274,      -3.686937099,        -5.2043835,       -1.92052122
          0,           0,        1142,      -5.621287734,         -3.687422,      -5.205420848,      -1.921152844
          0,           0,        1143,      -5.621890268,      -3.687907451,      -5.207178106,      -1.921932913
          0,           0,        1144,      -5.622491449,      -3.688393771,      -5.208927056,      -1.922746541
          0,           0,        1145,      -5.623091543,      -3.688880747,      -5.210208341,      -1.923503373
          0,           0,        1146,       -5.62369109,      -3.689367962,       -5.21095125,      -1.924172444
          0,           0,        1147,      -5.624290513,      -3.689855093,      -5.211348778,      -1.924773108
          0,           0,        1148,      -5.624889954,      -3.690342035,      -5.211651626,      -1.925344878
          0,           0,        1149,      -5.625489323,       -3.69082886,      -5.212020182,      -1.925919746
          0,           0,        1150,      -5.626088444,      -3.691315705,      -5.212485028,      -1.926509748
          0,           0,        1151,      -5.626687185,      -3.691802673,      -5.212989417,      -1.927109729
          0,           0,        1152,      -5.627285512,      -3.692289792,      -5.213457599,      -1.927707571
          0,           0,        1153,      -5.627883468,      -3.692777033,      -5.213844075,      -1.928293674
          0,           0,        1154,      -5.628481123,      -3.693264345,      -5.214147161,      -1.928865238
          0,           0,        1155,      -5.629078531,       -3.69375169,      -5.214395017,      -1.929425412
          0,           0,        1156,      -5.629675712,      -3.694239058,      -5.214622518,      -1.929979816
          0,           0,        1157,      -5.630272659,      -3.694726457,      -5.214854305,      -1.930533269
          0,           0,        1158,      -5.630869354,      -3.695213904,      -5.215099765,      -1.931088217
          0,           0,        1159,      -5.631465788,       -3.69570141,      -5.215357299,      -1.931644949
          0,           0,        1160,      -5.632061958,      -3.696188979,      -5.215621866,       -1.93220272
          0,           0,        1161,      -5.632657875,      -3.696676609,      -5.215890594,      -1.932760862
          0,           0,        1162,      -5.633253548,      -3.697164293,      -5.216164543,      -1.933319314
          0,           0,        1163,      -5.633848987,      -3.697652028,      -5.216447391,      -1.933878577
          0,           0,        1164,      -5.634444197,      -3.698139814,      -5.216742995,      -1.934439348
          0,           0,        1165,       -5.63503918,      -3.698627652,      -5.217053622,      -1.935002158
          0,           0,        1166,      -5.635633935,      -3.699115544,      -5.217379434,      -1.935567198
          0,           0,        1167,      -5.636228463,      -3.699603493,      -5.217719033,      -1.936134352
          0,           0,        1168,      -5.636822767,        -3.7000915,      -5.218070375,      -1.936703333
          0,           0,        1169,      -5.637416849,      -3.700579564,      -5.218431502,      -1.937273824
          0,           0,        1170,      -5.638010713,      -3.701067687,      -5.218800832,      -1.937845556
          0,           0,        1171,      -5.638604361,      -3.701555867,      -5.219177088,      -1.938418318
          0,           0,        1172,      -5.639197795,      -3.702044104,       -5.21955911,      -1.938991931
          0,           0,        1173,      -5.639791018,      -3.702532401,      -5.219945703,      -1.939566213
          0,           0,        1174,      -5.640384031,      -3.703020756,       -5.22033561,      -1.940140972
          0,           0,        1175,      -5.640976836,      -3.703509172,      -5.220727599,       -1.94071601
          0,           0,        1176,      -5.641569434,      -3.703997647,      -5.221120586,      -1.941291145
          0,           0,        1177,      -5.642161827,      -3.704486183,      -5.221513705,      -1.941866222
          0,           0,        1178,      -5.642754017,       -3.70497478,      -5.221906332,      -1.942441128
          0,           0,        1179,      -5.643346006,      -3.705463437,      -5.222298058,      -1.943015787
          0,           0,        1180,      -5.643937795,      -3.705952155,      -5.222688642,      -1.943590152
          0,           0,        1181,      -5.644529386,      -3.706440935,      -5.223077966,        -1.9441642
          0,           0,        1182,       -5.64512078,      -3.706929777,       -5.22346601,      -1.944737926
          0,           0,        1183,      -5.645711977,       -3.70741868,      -5.223852821,      -1.945311336
          0,           0,        1184,       -5.64630298,      -3.707907646,      -5.224238518,      -1.945884451
          0,           0,        1185,       -5.64689379,      -3.708396675,      -5.224623252,      -1.946457296
          0,           0,        1186,      -5.647484407,      -3.708885766,      -5.225007222,      -1.947029906
          0,           0,        1187,      -5.648074832,      -3.709374921,      -5.225390605,      -1.947602314
          0,           0,        1188,      -5.648665068,      -3.709864138,      -5.225773582,      -1.948174552
          0,           0,        1189,      -5.649255113,       -3.71035342,      -5.226156287,      -1.948746649
          0,           0,        1190,       -5.64984497,      -3.710842766,      -5.226538821,      -1.949318624
          0,           0,        1191,      -5.650434639,      -3.711332176,       -5.22692124,      -1.949890491
          0,           0,        1192,      -5.651024121,      -3.711821651,      -5.227303554,      -1.950462255
          0,           0,        1193,      -5.651613416,       -3.71231119,      -5.227685743,      -1.951033916
          0,           0,        1194,      -5.652202524,      -3.712800795,      -5.228067747,      -1.951605465
          0,           0,        1195,      -5.652791448,      -3.713290466,      -5.228449484,       -1.95217689
          0,           0,        1196,      -5.653973453,      -3.714936535,      -5.012824476,      -1.828996285
          0,           0,        1197,      -5.654365037,      -3.714952683,      -5.157048018,        -1.9381033
          0,           0,        1198,      -5.655728719,      -3.716347194,      -4.989936059,      -1.823432517
          0,           0,        1199,      -5.656184443,      -3.716330879,      -5.166791736,      -1.940465916
          0,           0,        1200,      -5.657515597,      -3.717764696,      -5.015261791,      -1.832576318
          0,           0,        1201,      -5.657928913,      -3.717774733,      -5.175517872,      -1.944258883
          0,           0,        1202,      -5.659246465,      -3.719216829,      -5.004865918,      -1.830822296
          0,           0,        1203,      -5.659671347,      -3.719218136,      -5.164263612,      -1.943329691
          0,           0,        1204,      -5.660999881,      -3.720651606,      -4.998718403,      -1.830026714
          0,           0,        1205,      -5.661429235,      -3.720649759,      -5.161735322,      -1.943927662
          0,           0,        1206,      -5.662754204,      -3.722086755,      -4.999195644,      -1.831396079
          0,           0,        1207,      -5.663181489,      -3.722086159,      -5.161018886,      -1.945121266
          0,           0,        1208,      -5.664503836,      -3.723525488,      -4.997685149,      -1.832145072
          0,           0,        1209,      -5.664933163,      -3.723523727,      -5.159050941,      -1.946019314
          0,           0,        1210,      -5.666255014,      -3.724963779,      -4.996876368,      -1.833079529
          0,           0,        1211,      -5.666686089,      -3.724961223,      -5.158444901,      -1.947191284
          0,           0,        1212,      -5.668006214,      -3.726402989,       -4.99758277,       -1.83450068
          0,           0,        1213,       -5.66843814,       -3.72640025,      -5.158899992,      -1.948628807
          0,           0,        1214,      -5.669756358,      -3.727843752,      -4.998746489,      -1.836069503
          0,           0,        1215,      -5.670189325,      -3.727840744,      -5.159794312,      -1.950178269
          0,           0,        1216,      -5.670924627,      -3.728104615,      -5.174390156,      -1.955481776
          0,           0,        1217,      -5.671572793,      -3.728571079,      -5.217031083,      -1.963175234
          0,           0,        1218,      -5.672131529,      -3.729097015,      -5.245459101,       -1.97037953
          0,           0,        1219,        -5.6726715,      -3.729626999,      -5.242034844,       -1.97173127
          0,           0,        1220,      -5.673808373,      -3.731309668,       -5.00840632,      -1.841812085
          0,           0,        1221,      -5.674216692,       -3.73131534,      -5.145878401,      -1.950729066
          0,           0,        1222,      -5.675577107,      -3.732711316,       -4.98503466,      -1.835089151
          0,           0,        1223,      -5.676052898,      -3.732684794,      -5.165868138,      -1.955369462
          0,           0,        1224,      -5.676796606,      -3.732944704,      -5.192808295,      -1.963292661
          0,           0,        1225,       -5.67742991,      -3.733422909,      -5.242465264,      -1.972396343
          0,           0,        1226,      -5.677969911,      -3.733963085,       -5.26860756,      -1.979478881
          0,           0,        1227,      -5.679062796,      -3.735681209,      -5.035589106,      -1.854326128
          0,           0,        1228,      -5.679448291,      -3.735703137,      -5.159395632,      -1.958733632
          0,           0,        1229,      -5.680212033,      -3.735938718,      -5.161522176,      -1.960572226
          0,           0,        1230,      -5.680907477,      -3.736368703,      -5.211432187,      -1.969318986
          0,           0,        1231,      -5.681491053,      -3.736876095,      -5.258880642,      -1.979643347
          0,           0,        1232,       -5.68202728,      -3.737408997,      -5.270059804,        -1.9838269
          0,           0,        1233,      -5.682566892,      -3.737937199,      -5.254298611,      -1.982762353
          0,           0,        1234,      -5.683132305,      -3.738445467,      -5.234801877,      -1.979857115
          0,           0,        1235,      -5.683721247,      -3.738935815,      -5.224785951,      -1.977986146
          0,           0,        1236,      -5.684319509,      -3.739419287,      -5.225899461,      -1.978173633
          0,           0,        1237,      -5.684914047,       -3.73990577,      -5.233541874,      -1.979847574
          0,           0,        1238,      -5.685499474,      -3.740399159,      -5.241770951,      -1.981892254
          0,           0,        1239,       -5.68607751,      -3.740898012,      -5.246705647,      -1.983484996
          0,           0,        1240,      -5.686652906,      -3.741398703,       -5.24774308,      -1.984377504
          0,           0,        1241,      -5.687229589,      -3.741898285,      -5.246571491,      -1.984773672
          0,           0,        1242,      -5.687808946,       -3.74239574,      -5.245301355,      -1.985042233
          0,           0,        1243,      -5.688390189,      -3.742891671,      -5.245172295,      -1.985460999
          0,           0,        1244,      -5.688971696,      -3.743387287,      -5.246291968,      -1.986109926
          0,           0,        1245,      -5.689552215,      -3.743883507,      -5.248060763,      -1.986911691
          0,           0,        1246,      -5.690131365,        -3.7443806,      -5.249765072,       -1.98773682
          0,           0,        1247,      -5.690709469,      -3.744878315,      -5.250981394,      -1.988490733
          0,           0,        1248,        -5.6912871,      -3.745376228,      -5.251670139,      -1.989146532
          0,           0,        1249,      -5.691864682,      -3.745874024,      -5.252037099,      -1.989730518
          0,           0,        1250,      -5.692442338,      -3.746371617,      -5.252328615,      -1.990287368
          0,           0,        1251,      -5.693019957,       -3.74686909,      -5.252693003,      -1.990850615
          0,           0,        1252,      -5.693597353,      -3.747366582,      -5.253150485,      -1.991431009
          0,           0,        1253,      -5.694174395,      -3.747864193,       -5.25364027,      -1.992021178
          0,           0,        1254,      -5.694751053,      -3.748361943,        -5.2540885,      -1.992607471
          0,           0,        1255,      -5.695327378,      -3.748859799,      -5.254454268,       -1.99318001
          0,           0,        1256,      -5.695903443,      -3.749357709,      -5.254739936,      -1.993736704
          0,           0,        1257,      -5.696479301,      -3.749855638,      -5.254975421,      -1.994281699
          0,           0,        1258,      -5.697054968,      -3.750353576,      -5.255195143,      -1.994821362
          0,           0,        1259,      -5.697630435,      -3.750851533,      -5.255422154,      -1.995360782
          0,           0,        1260,      -5.698205685,      -3.751349526,      -5.255664255,      -1.995902305
          0,           0,        1261,      -5.698780704,      -3.751847567,      -5.255918946,      -1.996445983
          0,           0,        1262,      -5.699355494,      -3.752345657,      -5.256180977,      -1.996990893
          0,           0,        1263,      -5.699930064,      -3.752843793,      -5.256447672,      -1.997536326
          0,           0,        1264,      -5.700504424,       -3.75334197,      -5.256720316,      -1.998082291
          0,           0,        1265,      -5.701078584,      -3.753840184,      -5.257002605,       -1.99862939
          0,           0,        1266,      -5.701652547,      -3.754338434,      -5.257298235,      -1.999178385
          0,           0,        1267,      -5.702226316,      -3.754836723,      -5.257609186,       -1.99972981
          0,           0,        1268,      -5.702799889,      -3.755335052,      -5.257935356,      -2.000283812
          0,           0,        1269,      -5.703373268,      -3.755833423,      -5.258275161,      -2.000840207
          0,           0,        1270,      -5.703946454,      -3.756331837,      -5.258626496,      -2.001398647
          0,           0,        1271,      -5.704519451,      -3.756830295,      -5.258987399,      -2.001958772
          0,           0,        1272,      -5.705092261,      -3.757328795,      -5.259356318,      -2.002520285
          0,           0,        1273,      -5.705664888,      -3.757827337,      -5.259732009,      -2.003082953
          0,           0,        1274,      -5.706237332,      -3.758325923,      -5.260113332,      -2.003646576
          0,           0,        1275,      -5.706809597,      -3.758824552,      -5.260499092,       -2.00421095
          0,           0,        1276,      -5.707381684,      -3.759323225,      -5.260888046,      -2.004775855
          0,           0,        1277,      -5.707953594,      -3.759821941,      -5.261278967,      -2.005341067
          0,           0,        1278,       -5.70852533,      -3.760320703,      -5.261670778,      -2.005906381
          0,           0,        1279,      -5.709096892,      -3.760819509,      -5.262062616,      -2.006471626
          0,           0,        1280,      -5.709668283,      -3.761318359,      -5.262453851,      -2.007036674
          0,           0,        1281,      -5.710239503,      -3.761817255,      -5.262844073,      -2.007601438
          0,           0,        1282,      -5.710810556,      -3.762316196,      -5.263233016,      -2.008165866
          0,           0,        1283,      -5.711381442,      -3.762815182,       -5.26362055,       -2.00872993
          0,           0,        1284,      -5.711952162,      -3.763314214,      -5.264006619,      -2.009293616
          0,           0,        1285,      -5.712522717,      -3.763813292,      -5.264391265,      -2.009856934
          0,           0,        1286,       -5.71309311,      -3.764312416,      -5.264774566,      -2.010419898
          0,           0,        1287,       -5.71366334,      -3.764811586,      -5.265156677,      -2.010982541
          0,           0,        1288,       -5.71423341,      -3.765310803,       -5.26553777,      -2.011544894
          0,           0,        1289,      -5.714803319,      -3.765810066,      -5.265918038,      -2.012106997
          0,           0,        1290,       -5.71537307,      -3.766309377,      -5.266297643,      -2.012668885
          0,           0,        1291,      -5.715942662,      -3.766808735,      -5.266676746,      -2.013230593
          0,           0,        1292,      -5.716512097,      -3.767308141,      -5.267055471,      -2.013792148
          0,           0,        1293,      -5.717081376,      -3.767807594,       -5.26743389,      -2.014353566
          0,           0,        1294,      -5.717650499,      -3.768307096,      -5.267812061,       -2.01491486
          0,           0,        1295,      -5.718219466,      -3.768806647,      -5.268189997,      -2.015476036
          0,           0,        1296,      -5.718788279,      -3.769306246,      -5.268567679,      -2.016037091
          0,           0,        1297,      -5.719356938,      -3.769805894,      -5.268945068,      -2.016598017
          0,           0,        1298,      -5.720437779,      -3.771487892,      -5.053681751,      -1.890504447
          0,           0,        1299,        -5.7208644,      -3.771499185,      -5.200581092,      -2.001256646
          0,           0,        1300,      -5.722141255,      -3.772925215,      -5.031594107,      -1.884267877
          0,           0,        1301,      -5.722630175,      -3.772905278,      -5.210941559,      -2.003969595
          0,           0,        1302,      -5.723870793,      -3.774372182,      -5.056008278,      -1.893894494
          0,           0,        1303,      -5.724316001,      -3.774378497,      -5.218716731,      -2.007735277
          0,           0,        1304,      -5.725543553,      -3.775852855,      -5.045290629,      -1.891647534
          0,           0,        1305,      -5.726001383,      -3.775849981,      -5.207299786,      -2.006459193
          0,           0,        1306,      -5.727240152,      -3.777315638,      -5.039352668,      -1.890670635
          0,           0,        1307,      -5.727702354,       -3.77730969,      -5.204760234,      -2.006950987
          0,           0,        1308,      -5.728937277,      -3.778778937,      -5.039753486,      -1.891967043
          0,           0,        1309,      -5.729397383,      -3.778774095,       -5.20388433,      -2.008041814
          0,           0,        1310,      -5.730629764,      -3.780245508,      -5.038228238,      -1.892588871
          0,           0,        1311,      -5.731092061,      -3.780239346,      -5.201889303,      -2.008833643
          0,           0,        1312,      -5.732324037,      -3.781711403,      -5.037495893,      -1.893446586
          0,           0,        1313,      -5.732788117,      -3.781704353,      -5.201317243,      -2.009945845
          0,           0,        1314,      -5.734018439,      -3.783178063,      -5.038240436,      -1.894822793
          0,           0,        1315,      -5.734483391,      -3.783170722,      -5.201797165,      -2.011345077
          0,           0,        1316,      -5.735711932,      -3.784646087,      -5.039422551,       -1.89635151
          0,           0,        1317,      -5.736177959,      -3.784638368,      -5.202722905,      -2.012867174
          0,           0,        1318,      -5.736905915,      -3.784907655,       -5.21589669,      -2.018093489
          0,           0,        1319,      -5.737532102,       -3.78538414,      -5.257569309,      -2.026832748
          0,           0,        1320,      -5.738067216,      -3.785920931,      -5.284724415,      -2.034510432
          0,           0,        1321,      -5.738585142,       -3.78646101,      -5.280786146,      -2.035654544
          0,           0,        1322,      -5.739622112,      -3.788178368,      -5.048732843,      -1.902165247
          0,           0,        1323,      -5.740067201,      -3.788177354,        -5.1888929,      -2.012865895
          0,           0,        1324,       -5.74134248,      -3.789603663,      -5.027028484,      -1.895040601
          0,           0,        1325,      -5.741851901,      -3.789572476,      -5.209968883,      -2.018253476
          0,           0,        1326,      -5.742587616,      -3.789838238,       -5.23500393,      -2.026297454
          0,           0,        1327,      -5.743198356,      -3.790326717,      -5.283006892,       -2.03643123
          0,           0,        1328,      -5.743714725,      -3.790877595,      -5.307488067,       -2.04385751
          0,           0,        1329,      -5.744706811,      -3.792631166,      -5.075078929,      -1.915032279
          0,           0,        1330,      -5.745128528,      -3.792646064,      -5.201912331,      -2.020899696
          0,           0,        1331,      -5.745889229,      -3.792884946,      -5.204041877,       -2.02268376
          0,           0,        1332,      -5.746565042,      -3.793324227,      -5.253725601,      -2.032817644
          0,           0,        1333,       -5.74712523,      -3.793842887,      -5.299562498,      -2.043978003
          0,           0,        1334,      -5.747638687,      -3.794386572,      -5.309204658,      -2.048145185
          0,           0,        1335,      -5.748157788,      -3.794924072,      -5.293048007,      -2.046602818
          0,           0,        1336,      -5.748704718,       -3.79544058,      -5.274059977,      -2.043267417
          0,           0,        1337,      -5.749275953,      -3.795939034,      -5.264802488,      -2.041262396
          0,           0,        1338,      -5.749856146,      -3.796431072,      -5.266458667,      -2.041565126
          0,           0,        1339,      -5.750431857,       -3.79692663,      -5.274252027,      -2.043437581
          0,           0,        1340,      -5.750997943,      -3.797429327,      -5.282313524,       -2.04562843
          0,           0,        1341,      -5.751556583,      -3.797937419,      -5.286974549,      -2.047265098
          0,           0,        1342,      -5.752112849,      -3.798447139,      -5.287826194,        -2.0481231
          0,           0,        1343,      -5.752670734,       -3.79895557,      -5.286626645,      -2.048461227
          0,           0,        1344,      -5.753231507,      -3.799461808,      -5.285440565,      -2.048692194
          0,           0,        1345,      -5.753794224,      -3.799966552,      -5.285419226,      -2.049107509
          0,           0,        1346,      -5.754357168,      -3.800471047,      -5.286603345,      -2.049775912
          0,           0,        1347,      -5.754919078,      -3.800976192,      -5.288372889,      -2.050600518
          0,           0,        1348,      -5.755479618,      -3.801482213,      -5.290032381,      -2.051437693
          0,           0,        1349,      -5.756039164,      -3.801988829,       -5.29119127,      -2.052189154
          0,           0,        1350,      -5.756598314,      -3.802495604,      -5.291835565,      -2.052832372
          0,           0,        1351,      -5.757157491,      -3.803002234,       -5.29217945,      -2.053400587
          0,           0,        1352,      -5.757716801,      -3.803508646,      -5.292463405,      -2.053943449
          0,           0,        1353,      -5.758276117,      -3.804014934,       -5.29282467,      -2.054495846
          0,           0,        1354,      -5.758835243,      -3.804521239,      -5.293275077,      -2.055067166
          0,           0,        1355,      -5.759394048,      -3.805027656,       -5.29375143,      -2.055647891
          0,           0,        1356,      -5.759952509,      -3.805534202,      -5.294182313,      -2.056222945
          0,           0,        1357,      -5.760510682,      -3.806040838,      -5.294531074,      -2.056782287
          0,           0,        1358,       -5.76106864,      -3.806547513,      -5.294803341,      -2.057324565
          0,           0,        1359,      -5.761626437,      -3.807054192,      -5.295030124,       -2.05785492
          0,           0,        1360,      -5.762184088,      -3.807560867,       -5.29524511,      -2.058380426
          0,           0,        1361,      -5.762741579,      -3.808067551,      -5.295469815,      -2.058906407
          0,           0,        1362,      -5.763298891,      -3.808574259,      -5.295710735,      -2.059435103
          0,           0,        1363,      -5.763856014,      -3.809081001,      -5.295964702,      -2.059966335
          0,           0,        1364,      -5.764412947,      -3.809587781,      -5.296226389,       -2.06049902
          0,           0,        1365,        -5.7649697,      -3.810094593,      -5.296493331,      -2.061032425
          0,           0,        1366,      -5.765526284,      -3.810601433,      -5.296766953,      -2.061566627
          0,           0,        1367,      -5.766082707,      -3.811108296,      -5.297050927,      -2.062102323
          0,           0,        1368,      -5.766638973,      -3.811615182,      -5.297348745,      -2.062640332
          0,           0,        1369,      -5.767195083,      -3.812122093,      -5.297662105,       -2.06318118
          0,           0,        1370,      -5.767751037,      -3.812629032,       -5.29799068,      -2.063724968
          0,           0,        1371,      -5.768306835,      -3.813135999,      -5.298332754,       -2.06427144
          0,           0,        1372,      -5.768862478,      -3.813642995,      -5.298686166,       -2.06482019
          0,           0,        1373,      -5.769417971,       -3.81415002,       -5.29904896,      -2.065370808
          0,           0,        1374,      -5.769973315,      -3.814657074,      -5.299419611,       -2.06592297
          0,           0,        1375,      -5.770528514,      -3.815164156,      -5.299796895,      -2.066476419
          0,           0,        1376,      -5.771083569,      -3.815671267,      -5.300179678,      -2.067030931
          0,           0,        1377,      -5.771638482,      -3.816178407,      -5.300566765,      -2.067586274
          0,           0,        1378,      -5.772193255,      -3.816685576,       -5.30095692,      -2.068142202
          0,           0,        1379,      -5.772747889,      -3.817192775,      -5.301348918,      -2.068698461
          0,           0,        1380,      -5.773302386,      -3.817700003,      -5.301741686,      -2.069254822
          0,           0,        1381,      -5.773856747,      -3.818207262,      -5.302134368,      -2.069811098
          0,           0,        1382,      -5.774410974,      -3.818714551,      -5.302526336,      -2.070367144
          0,           0,        1383,      -5.774965069,       -3.81922187,       -5.30291716,      -2.070922864
          0,           0,        1384,      -5.775519032,      -3.819729219,      -5.303306569,      -2.071478198
          0,           0,        1385,      -5.776072866,      -3.820236599,      -5.303694408,      -2.072033109
          0,           0,        1386,      -5.776626572,       -3.82074401,      -5.304080605,      -2.072587583
          0,           0,        1387,      -5.777180151,      -3.821251451,      -5.304465178,      -2.073141625
          0,           0,        1388,      -5.777733603,      -3.821758924,      -5.304848206,      -2.073695252
          0,           0,        1389,      -5.778286931,      -3.822266429,      -5.305229819,      -2.074248494
          0,           0,        1390,      -5.778840134,      -3.822773965,      -5.305610182,      -2.074801386
          0,           0,        1391,      -5.779393215,      -3.823281533,      -5.305989487,      -2.075353973
          0,           0,        1392,      -5.779946173,      -3.823789133,      -5.306367914,      -2.075906297
          0,           0,        1393,       -5.78049901,      -3.824296765,      -5.306745628,      -2.076458395
          0,           0,        1394,      -5.781051726,      -3.824804431,       -5.30712277,      -2.077010303
          0,           0,        1395,      -5.781604323,      -3.825312129,      -5.307499454,      -2.077562044
          0,           0,        1396,        -5.7821568,      -3.825819861,      -5.307875755,      -2.078113639
          0,           0,        1397,      -5.782709159,      -3.826327626,      -5.308251719,      -2.078665096
          0,           0,        1398,        -5.7832614,      -3.826835425,      -5.308627381,      -2.079216424
          0,           0,        1399,      -5.783813523,      -3.827343258,      -5.309002722,      -2.079767618
          0,           0,        1400,       -5.78480326,      -3.829059946,      -5.094478819,      -1.950273291
          0,           0,        1401,      -5.785266507,        -3.8290634,      -5.243187979,      -2.063062338
          0,           0,        1402,       -5.78646561,      -3.830518549,      -5.072926117,      -1.943330173
          0,           0,        1403,      -5.786989566,      -3.830491737,      -5.253971142,      -2.066126529
          0,           0,        1404,      -5.788148997,      -3.831989411,      -5.096491454,      -1.953415244
          0,           0,        1405,      -5.788628029,      -3.831988885,      -5.260874192,       -2.06984903
          0,           0,        1406,      -5.789774886,      -3.833493284,      -5.085525592,      -1.950679866
          0,           0,        1407,      -5.790267576,      -3.833483127,      -5.249348459,      -2.068213183
          0,           0,        1408,      -5.791425891,      -3.834978694,      -5.079759133,      -1.949523507
          0,           0,        1409,      -5.791922913,      -3.834965522,      -5.246788389,      -2.068591417
          0,           0,        1410,      -5.793077146,      -3.836464735,      -5.080083172,      -1.950745298
          0,           0,        1411,      -5.793572091,      -3.836452552,      -5.245777629,      -2.069575484
          0,           0,        1412,      -5.794723871,      -3.837953778,      -5.078551439,      -1.951245235
          0,           0,        1413,       -5.79522118,      -3.837940142,      -5.243777601,      -2.070261702
          0,           0,        1414,      -5.796372657,      -3.839441931,      -5.077888104,      -1.952031778
          0,           0,        1415,      -5.796871819,       -3.83942733,      -5.243249612,       -2.07131679
          0,           0,        1416,      -5.798021729,      -3.840930712,      -5.078667478,      -1.953367974
          0,           0,        1417,       -5.79852182,      -3.840915732,      -5.243766013,      -2.072681944
          0,           0,        1418,      -5.799670082,      -3.842420689,      -5.079870333,      -1.954862698
          0,           0,        1419,      -5.800171313,      -3.842405246,      -5.244734734,      -2.074182064
          0,           0,        1420,      -5.800895006,      -3.842677226,      -5.256747881,      -2.079380646
          0,           0,        1421,       -5.80150332,      -3.843161743,      -5.297562469,       -2.08919749
          0,           0,        1422,      -5.802018991,      -3.843707715,      -5.323603188,      -2.097360254
          0,           0,        1423,      -5.802518904,      -3.844256307,      -5.319297056,       -2.09829231
          0,           0,        1424,      -5.803466072,      -3.846007219,      -5.089103178,      -1.960827452
          0,           0,        1425,      -5.803949827,      -3.845996782,      -5.231194216,      -2.073667831
          0,           0,        1426,       -5.80514913,      -3.847450978,      -5.068700024,      -1.953286858
          0,           0,        1427,      -5.805694423,      -3.847412052,      -5.253077591,      -2.079813975
          0,           0,        1428,      -5.806425362,      -3.847680892,      -5.276486881,      -2.088026244
          0,           0,        1429,      -5.807017741,       -3.84817769,      -5.323033142,      -2.099219137
          0,           0,        1430,        -5.8075147,      -3.848737684,      -5.346085612,      -2.106993391
          0,           0,        1431,      -5.808416131,      -3.850525683,      -5.114715745,      -1.974046758
          0,           0,        1432,      -5.808876067,      -3.850530958,       -5.24378306,      -2.081740481
          0,           0,        1433,      -5.809636624,      -3.850770491,      -5.245955505,      -2.083522519
          0,           0,        1434,      -5.810296872,      -3.851216967,      -5.295354431,      -2.095076415
          0,           0,        1435,       -5.81083794,      -3.851745089,      -5.339695278,      -2.107089058
          0,           0,        1436,        -5.8113328,      -3.852297921,      -5.348040535,      -2.111228634
          0,           0,        1437,      -5.811835424,      -3.852843173,      -5.331653451,      -2.109195196
          0,           0,        1438,      -5.812367787,      -3.853366372,      -5.313190752,      -2.105431679
          0,           0,        1439,      -5.812925174,      -3.853871322,      -5.304615708,      -2.103303482
          0,           0,        1440,      -5.813491182,       -3.85437025,      -5.306721744,      -2.103731406
          0,           0,        1441,      -5.814052009,      -3.854873173,      -5.314607766,      -2.105807813
          0,           0,        1442,      -5.814602748,      -3.855383468,       -5.32249554,      -2.108146258
          0,           0,        1443,      -5.815146004,      -3.855899117,      -5.326914774,      -2.109826591
          0,           0,        1444,      -5.815687138,      -3.856416213,      -5.327620446,      -2.110650683
          0,           0,        1445,      -5.816230196,      -3.856931859,      -5.326416873,      -2.110933229
          0,           0,        1446,      -5.816776337,      -3.857445248,      -5.325316778,      -2.111130112
          0,           0,        1447,      -5.817324475,      -3.857957171,      -5.325390895,      -2.111545125
          0,           0,        1448,      -5.817872812,      -3.858468903,      -5.326624972,      -2.112234995
          0,           0,        1449,      -5.818420082,      -3.858981326,      -5.328387164,      -2.113083347
          0,           0,        1450,      -5.818965988,      -3.859494632,      -5.330002464,      -2.113932952
          0,           0,        1451,      -5.819510953,       -3.86000851,      -5.331110521,       -2.11468239
          0,           0,        1452,      -5.820055598,      -3.860522515,      -5.331718347,       -2.11531377
          0,           0,        1453,      -5.820600344,      -3.861036351,      -5.332045091,      -2.115867208
          0,           0,        1454,       -5.82114528,      -3.861549958,      -5.332324342,      -2.116397081
          0,           0,        1455,      -5.821690265,      -3.862063438,      -5.332683238,      -2.116939444
          0,           0,        1456,      -5.822235094,      -3.862576935,      -5.333126891,      -2.117502274
          0,           0,        1457,       -5.82277964,      -3.863090539,      -5.333590926,      -2.118073981
          0,           0,        1458,      -5.823323883,      -3.863604263,      -5.334006773,      -2.118638204
          0,           0,        1459,      -5.823867883,      -3.864118066,      -5.334341652,      -2.119184829
          0,           0,        1460,      -5.824411716,      -3.864631895,      -5.334603819,      -2.119713287
          0,           0,        1461,      -5.824955435,      -3.865145717,      -5.334824861,      -2.120229684
          0,           0,        1462,       -5.82549905,      -3.865659526,      -5.335037522,      -2.120741755
          0,           0,        1463,      -5.826042547,      -3.866173333,      -5.335261896,      -2.121255036
          0,           0,        1464,      -5.826585908,      -3.866687156,      -5.335503378,      -2.121771646
          0,           0,        1465,      -5.827129119,      -3.867201005,       -5.33575833,      -2.122291192
          0,           0,        1466,      -5.827672182,       -3.86771488,      -5.336021459,       -2.12281245
          0,           0,        1467,      -5.828215106,      -3.868228778,      -5.336290478,      -2.123334665
          0,           0,        1468,      -5.828757902,      -3.868742692,      -5.336566929,      -2.123857991
          0,           0,        1469,      -5.829300578,       -3.86925662,      -5.336854399,      -2.124383213
          0,           0,        1470,      -5.829843138,       -3.86977056,      -5.337156138,      -2.124911189
          0,           0,        1471,      -5.830385582,      -3.870284514,      -5.337473605,      -2.125442437
          0,           0,        1472,      -5.830927909,      -3.870798486,       -5.33780626,      -2.125976998
          0,           0,        1473,       -5.83147012,      -3.871312475,      -5.338152286,      -2.126514551
          0,           0,        1474,      -5.832012216,      -3.871826482,      -5.338509485,      -2.127054622
          0,           0,        1475,        -5.8325542,      -3.872340508,      -5.338875911,      -2.127596758
          0,           0,        1476,      -5.833096075,      -3.872854551,      -5.339250053,        -2.1281406
          0,           0,        1477,      -5.833637844,      -3.873368611,      -5.339630695,      -2.128685868
          0,           0,        1478,      -5.834179508,      -3.873882689,      -5.340016696,      -2.129232306
          0,           0,        1479,      -5.834721069,      -3.874396784,      -5.340406871,      -2.129779656
          0,           0,        1480,      -5.835262528,      -3.874910897,      -5.340799962,      -2.130327638
          0,           0,        1481,      -5.835803887,      -3.875425029,      -5.341194767,      -2.130875972
          0,           0,        1482,      -5.836345147,      -3.875939179,       -5.34159021,      -2.131424403
          0,           0,        1483,      -5.836886309,      -3.876453347,      -5.341985437,      -2.131972722
          0,           0,        1484,      -5.837427376,      -3.876967534,      -5.342379816,      -2.132520773
          0,           0,        1485,      -5.837968349,      -3.877481739,       -5.34277291,      -2.133068445
          0,           0,        1486,      -5.838509229,      -3.877995963,       -5.34316444,      -2.133615672
          0,           0,        1487,      -5.839050017,      -3.878510206,      -5.343554232,       -2.13416241
          0,           0,        1488,      -5.839590714,      -3.879024468,      -5.343942204,      -2.134708643
          0,           0,        1489,      -5.840131322,       -3.87953875,      -5.344328354,       -2.13525437
          0,           0,        1490,      -5.840671842,      -3.880053051,      -5.344712758,      -2.135799611
          0,           0,        1491,      -5.841212274,      -3.880567371,      -5.345095533,      -2.136344396
          0,           0,        1492,      -5.841752619,      -3.881081712,      -5.345476856,      -2.136888769
          0,           0,        1493,      -5.842292879,      -3.881596073,      -5.345856906,      -2.137432773
          0,           0,        1494,      -5.842833054,      -3.882110454,       -5.34623588,      -2.137976461
          0,           0,        1495,      -5.843373145,      -3.882624857,      -5.346613961,      -2.138519877
          0,           0,        1496,      -5.843913153,       -3.88313928,      -5.346991301,      -2.139063059
          0,           0,        1497,      -5.844453077,      -3.883653724,      -5.347368041,      -2.139606043
          0,           0,        1498,       -5.84499292,      -3.884168191,      -5.347744294,      -2.140148856
          0,           0,        1499,       -5.84553268,      -3.884682679,      -5.348120136,      -2.140691516
          0,           0,        1500,       -5.84607236,      -3.885197189,       -5.34849562,      -2.141234035
          0,           0,        1501,      -5.846611958,      -3.885711722,      -5.348870791,       -2.14177642
          0,           0,        1502,      -5.847151477,      -3.886226278,      -5.349245644,      -2.142318672
          0,           0,        1503,      -5.847690915,      -3.886740857,        -5.3496202,      -2.142860789
          0,           0,        1504,      -5.848597914,       -3.88849133,      -5.136091568,      -2.009555208
          0,           0,        1505,      -5.849101043,      -3.888484522,      -5.286016033,      -2.124703538
          0,           0,        1506,      -5.850230267,      -3.889966856,      -5.114891734,      -2.001872713
          0,           0,        1507,      -5.850792736,      -3.889930545,      -5.297068868,      -2.128122011
          0,           0,        1508,      -5.851879033,      -3.891457179,      -5.137645449,      -2.012390624
          0,           0,        1509,      -5.852395402,      -3.891447297,      -5.303155782,      -2.131781364
          0,           0,        1510,      -5.853469559,       -3.89298001,      -5.126483478,      -2.009167029
          0,           0,        1511,        -5.8540006,      -3.892960064,      -5.291556819,      -2.129769332
          0,           0,        1512,      -5.855086447,      -3.894483787,      -5.120858128,      -2.007831106
          0,           0,        1513,      -5.855621817,      -3.894460876,      -5.288965733,       -2.13002544
          0,           0,        1514,      -5.856703365,       -3.89598831,      -5.121102919,      -2.008975046
          0,           0,        1515,      -5.857236699,      -3.895966294,      -5.287837061,      -2.130897657
          0,           0,        1516,      -5.858315875,      -3.897495616,      -5.119570178,      -2.009356849
          0,           0,        1517,      -5.858851756,      -3.897472034,      -5.285847847,       -2.13147831
          0,           0,        1518,      -5.859930722,      -3.899001852,      -5.118970453,      -2.010076891
          0,           0,        1519,      -5.860468541,      -3.898977245,       -5.28537154,      -2.132479063
          0,           0,        1520,      -5.861546024,      -3.900508611,      -5.119782868,      -2.011377523
          0,           0,        1521,      -5.862084842,      -3.900483556,      -5.285933875,      -2.133814751
          0,           0,        1522,      -5.862807616,       -3.90075602,      -5.297215686,      -2.139091444
          0,           0,        1523,      -5.863402248,      -3.901246706,      -5.336974994,      -2.149897982
          0,           0,        1524,      -5.863902747,      -3.901800187,      -5.361689272,      -2.158451773
          0,           0,        1525,      -5.864388807,      -3.902355675,       -5.35689366,      -2.159103802
          0,           0,        1526,      -5.865255984,      -3.904137909,      -5.128379994,      -2.017223933
          0,           0,        1527,      -5.865780795,      -3.904116143,      -5.272061019,      -2.132559678
          0,           0,        1528,      -5.866913411,      -3.905595207,      -5.109408636,      -2.009429436
          0,           0,        1529,      -5.867497194,      -3.905546367,      -5.294732383,      -2.139535738
          0,           0,        1530,      -5.868226951,      -3.905815909,      -5.316925788,      -2.148006224
          0,           0,        1531,      -5.868805332,      -3.906319206,      -5.362188111,      -2.160275728
          0,           0,        1532,      -5.869287227,      -3.906886776,      -5.384021838,      -2.168397008
          0,           0,        1533,      -5.870108146,      -3.908707278,       -5.15416825,      -2.031097549
          0,           0,        1534,      -5.870608576,      -3.908701097,      -5.284842355,      -2.140846025
          0,           0,        1535,      -5.871372246,      -3.908939022,      -5.287150841,        -2.1426886
          0,           0,        1536,      -5.872021202,      -3.909390764,      -5.336299172,      -2.155692898
          0,           0,        1537,      -5.872547585,      -3.909926645,      -5.379349059,      -2.168575371
          0,           0,        1538,      -5.873028177,      -3.910487063,       -5.38668085,      -2.172692169
          0,           0,        1539,       -5.87351851,      -3.911038586,      -5.370238281,      -2.170178343
          0,           0,        1540,      -5.874040375,      -3.911567001,       -5.35232964,      -2.166008425
          0,           0,        1541,      -5.874587939,      -3.912076925,      -5.344386865,      -2.163778039
          0,           0,        1542,      -5.875143815,       -3.91258117,      -5.346883447,      -2.164343481
          0,           0,        1543,      -5.875693874,      -3.913089858,      -5.354833973,      -2.166627999
          0,           0,        1544,      -5.876233428,      -3.913606159,      -5.362559092,      -2.169113788
          0,           0,        1545,      -5.876765472,      -3.914127797,      -5.366769173,      -2.170836769
          0,           0,        1546,      -5.877295632,      -3.914650727,      -5.367356507,      -2.171627183
          0,           0,        1547,      -5.877827993,      -3.915172067,       -5.36615463,      -2.171855408
          0,           0,        1548,      -5.878363616,      -3.915691093,      -5.365123712,      -2.172018906
          0,           0,        1549,      -5.878901285,      -3.916208676,      -5.365263822,      -2.172432448
          0,           0,        1550,      -5.879439131,      -3.916726125,      -5.366517366,      -2.173140635
          0,           0,        1551,      -5.879975885,      -3.917244308,      -5.368248036,       -2.17400843
          0,           0,        1552,       -5.88051129,      -3.917763383,      -5.369802902,      -2.174866064
          0,           0,        1553,      -5.881045805,      -3.918283015,      -5.370849269,      -2.175609707
          0,           0,        1554,      -5.881580072,      -3.918802751,      -5.371411506,      -2.176226311
          0,           0,        1555,      -5.882114507,      -3.919322303,        -5.3717114,      -2.176762696
          0,           0,        1556,      -5.882649187,       -3.91984162,      -5.371975463,      -2.177277707
          0,           0,        1557,      -5.883183955,      -3.920360813,      -5.372321892,      -2.177808385
          0,           0,        1558,      -5.883718603,      -3.920880026,      -5.372750532,      -2.178361302
          0,           0,        1559,      -5.884253002,      -3.921399347,      -5.373196682,      -2.178922905
          0,           0,        1560,      -5.884787138,      -3.921918785,      -5.373594588,      -2.179475652
          0,           0,        1561,      -5.885321074,      -3.922438296,      -5.373914711,      -2.180009393
          0,           0,        1562,      -5.885854887,      -3.922957827,      -5.374167104,      -2.180524283
          0,           0,        1563,      -5.886388628,      -3.923477345,      -5.374383296,      -2.181027291
          0,           0,        1564,      -5.886922306,      -3.923996847,      -5.374594738,      -2.181526701
          0,           0,        1565,      -5.887455905,      -3.924516345,      -5.374820001,      -2.182028168
          0,           0,        1566,      -5.887989405,      -3.925035855,      -5.375063385,      -2.182533648
          0,           0,        1567,      -5.888522793,      -3.925555387,      -5.375320782,      -2.183042509
          0,           0,        1568,      -5.889056071,      -3.926074941,      -5.375586851,      -2.183553365
          0,           0,        1569,      -5.889589248,      -3.926594513,      -5.375859384,      -2.184065435
          0,           0,        1570,      -5.890122334,      -3.927114097,      -5.376139922,       -2.18457893
          0,           0,        1571,      -5.890655339,       -3.92763369,       -5.37643188,      -2.185094696
          0,           0,        1572,      -5.891188264,       -3.92815329,      -5.376738274,      -2.185613629
          0,           0,        1573,       -5.89172111,        -3.9286729,      -5.377060329,      -2.186136227
          0,           0,        1574,      -5.892253875,      -3.929192521,      -5.377397345,      -2.186662473
          0,           0,        1575,       -5.89278656,      -3.929712154,      -5.377747462,       -2.18719199
          0,           0,        1576,      -5.893319167,      -3.930231801,      -5.378108494,      -2.187724252
          0,           0,        1577,      -5.893851699,       -3.93075146,      -5.378478537,      -2.188258768
          0,           0,        1578,      -5.894384157,      -3.931271131,      -5.378856131,      -2.188795153
          0,           0,        1579,      -5.894916544,      -3.931790813,      -5.379240074,      -2.189333103
          0,           0,        1580,      -5.895448863,      -3.932310507,      -5.379629247,      -2.189872342
          0,           0,        1581,      -5.895981114,      -3.932830212,      -5.380022461,      -2.190412578
          0,           0,        1582,      -5.896513298,      -3.933349929,      -5.380418479,      -2.190953503
          0,           0,        1583,      -5.897045417,      -3.933869657,      -5.380816082,      -2.191494803
          0,           0,        1584,      -5.897577473,      -3.934389398,      -5.381214205,      -2.192036199
          0,           0,        1585,      -5.898109466,      -3.934909151,      -5.381611975,      -2.192577453
          0,           0,        1586,      -5.898641398,      -3.935428916,      -5.382008749,      -2.193118389
          0,           0,        1587,      -5.899173271,      -3.935948693,      -5.382404072,      -2.193658884
          0,           0,        1588,      -5.899705086,      -3.936468481,      -5.382797629,      -2.194198853
          0,           0,        1589,      -5.900236843,      -3.936988283,      -5.383189225,      -2.194738242
          0,           0,        1590,      -5.900768544,      -3.937508097,      -5.383578768,       -2.19527703
          0,           0,        1591,      -5.901300189,      -3.938027923,      -5.383966224,      -2.195815209
          0,           0,        1592,      -5.901831781,      -3.938547763,      -5.384351672,      -2.196352799
          0,           0,        1593,      -5.902363318,      -3.939067615,      -5.384735229,      -2.196889834
          0,           0,        1594,      -5.902894803,      -3.939587481,      -5.385117076,      -2.197426362
          0,           0,        1595,      -5.903426236,      -3.940107361,      -5.385497413,      -2.197962439
          0,           0,        1596,      -5.903957618,      -3.940627254,      -5.385876462,      -2.198498125
          0,           0,        1597,      -5.904488949,      -3.941147162,      -5.386254435,      -2.199033475
          0,           0,        1598,       -5.90502023,      -3.941667084,      -5.386631539,      -2.199568552
          0,           0,        1599,      -5.905551462,       -3.94218702,      -5.387007942,      -2.200103394
          0,           0,        1600,      -5.906082645,      -3.942706972,      -5.387383805,      -2.200638049
          0,           0,        1601,      -5.906613779,      -3.943226939,      -5.387759253,      -2.201172547
          0,           0,        1602,      -5.907144865,      -3.943746922,        -5.3881344,      -2.201706915
          0,           0,        1603,      -5.907675903,       -3.94426692,      -5.388509304,      -2.202241171
          0,           0,        1604,      -5.908206894,      -3.944786935,       -5.38888403,      -2.202775327
          0,           0,        1605,      -5.908737838,      -3.945306966,      -5.389258599,      -2.203309387
          0,           0,        1606,      -5.909572924,      -3.947089274,       -5.17686765,      -2.066074358
          0,           0,        1607,      -5.910117695,      -3.947070925,      -5.327533343,      -2.183705598
          0,           0,        1608,      -5.911187093,      -3.948577918,       -5.15587137,      -2.057658114
          0,           0,        1609,      -5.911790106,      -3.948530647,      -5.338719522,      -2.187461133
          0,           0,        1610,      -5.912813583,      -3.950083753,       -5.17787253,      -2.068558875
          0,           0,        1611,      -5.913369378,      -3.950063132,      -5.344071215,      -2.191038862
          0,           0,        1612,      -5.914381056,      -3.951621767,      -5.166561379,      -2.064871647
          0,           0,        1613,      -5.914952463,      -3.951590677,       -5.33242916,      -2.188654377
          0,           0,        1614,       -5.91597603,      -3.953140158,      -5.161047324,      -2.063365166
          0,           0,        1615,      -5.916551787,      -3.953106146,      -5.329801025,       -2.18878689
          0,           0,        1616,      -5.917570849,      -3.954659421,      -5.161214105,      -2.064431703
          0,           0,        1617,      -5.918144617,      -3.954626231,      -5.328573294,      -2.189548315
          0,           0,        1618,      -5.919161362,      -3.956181301,      -5.159684294,      -2.064704608
          0,           0,        1619,      -5.919737848,      -3.956146455,      -5.326605965,       -2.19002916
          0,           0,        1620,      -5.920754453,      -3.957701977,       -5.15914114,      -2.065365658
          0,           0,        1621,      -5.921332961,      -3.957666061,      -5.326183886,      -2.190981224
          0,           0,        1622,      -5.922348146,      -3.959223109,      -5.159983893,      -2.066636449
          0,           0,        1623,      -5.922927725,      -3.959186695,       -5.32679615,      -2.192293437
          0,           0,        1624,      -5.923653208,      -3.959458016,      -5.337253772,      -2.197597891
          0,           0,        1625,      -5.924238364,      -3.959953904,      -5.376317462,         -2.209498
          0,           0,        1626,      -5.924727824,      -3.960514201,      -5.400181378,      -2.218532089
          0,           0,        1627,      -5.925203982,      -3.961075973,      -5.395241224,      -2.218966991
          0,           0,        1628,      -5.925999874,      -3.962889537,      -5.168890622,      -2.072767714
          0,           0,        1629,      -5.926568288,      -3.962855129,      -5.313527471,      -2.190623627
          0,           0,        1630,      -5.927642321,      -3.964358042,      -5.150724607,      -2.064565706
          0,           0,        1631,      -5.928267582,      -3.964297761,       -5.33660835,      -2.198361586
          0,           0,        1632,      -5.928999669,      -3.964566516,      -5.357554171,      -2.207037852
          0,           0,        1633,      -5.929568138,      -3.965075391,      -5.401659711,      -2.220382421
          0,           0,        1634,      -5.930038988,      -3.965649869,      -5.422432129,      -2.228843597
          0,           0,        1635,      -5.930787701,      -3.967502831,      -5.194107608,      -2.086996813
          0,           0,        1636,      -5.931331294,      -3.967484025,       -5.32602122,      -2.198989212
          0,           0,        1637,      -5.932101264,      -3.967718942,      -5.328362885,      -2.200888051
          0,           0,        1638,      -5.932742826,      -3.968174965,      -5.377139016,      -2.215326807
          0,           0,        1639,      -5.933258502,      -3.968717826,       -5.41890031,      -2.229056264
          0,           0,        1640,      -5.933728691,      -3.969285146,      -5.425303061,      -2.233119925
          0,           0,        1641,      -5.934210464,      -3.969842308,      -5.408856158,       -2.23010868
          0,           0,        1642,      -5.934725454,      -3.970375309,      -5.391476192,      -2.225534687
          0,           0,        1643,      -5.935266773,      -3.970889547,      -5.384091531,      -2.223210498
          0,           0,        1644,      -5.935816107,      -3.971398413,      -5.386898707,      -2.223917831
          0,           0,        1645,      -5.936359028,       -3.97191215,      -5.394860703,      -2.226409618
          0,           0,        1646,      -5.936891058,      -3.972433736,      -5.402409929,      -2.229039531
          0,           0,        1647,      -5.937415559,      -3.972960654,      -5.406428739,      -2.230803035
          0,           0,        1648,      -5.937938389,      -3.973488729,      -5.406926578,      -2.231561086
          0,           0,        1649,      -5.938463671,      -3.974015083,      -5.405749881,      -2.231739812
          0,           0,        1650,      -5.938992366,      -3.974539072,      -5.404801302,      -2.231876485
          0,           0,        1651,      -5.939523146,      -3.975061641,      -5.405014241,      -2.232294902
          0,           0,        1652,      -5.940054077,      -3.975584129,      -5.406294304,      -2.233026558
          0,           0,        1653,      -5.940583892,       -3.97610739,      -5.408005167,      -2.233917852
          0,           0,        1654,      -5.941112369,      -3.976631556,      -5.409516513,       -2.23478708
          0,           0,        1655,      -5.941640004,      -3.977156266,      -5.410520833,      -2.235528534
          0,           0,        1656,      -5.942167452,      -3.977681063,      -5.411056515,      -2.236134159
          0,           0,        1657,      -5.942695127,      -3.978205662,      -5.411345653,      -2.236657269
          0,           0,        1658,      -5.943223092,      -3.978730024,      -5.411607012,      -2.237160838
          0,           0,        1659,       -5.94375118,      -3.979254264,      -5.411950483,      -2.237682666
          0,           0,        1660,      -5.944279176,      -3.979778529,      -5.412371704,      -2.238227895
          0,           0,        1661,      -5.944806955,      -3.980302904,      -5.412806476,      -2.238781137
          0,           0,        1662,      -5.945334507,      -3.980827394,      -5.413192186,      -2.239323853
          0,           0,        1663,      -5.945861896,      -3.981351953,      -5.413502477,      -2.239846001
          0,           0,        1664,      -5.946389202,      -3.981876529,      -5.413749046,      -2.240348535
          0,           0,        1665,      -5.946916473,      -3.982401089,      -5.413963276,        -2.2408393
          0,           0,        1666,      -5.947443717,       -3.98292563,      -5.414175494,      -2.241327129
          0,           0,        1667,      -5.947970917,      -3.983450165,       -5.41440302,      -2.241817815
          0,           0,        1668,      -5.948498051,      -3.983974711,      -5.414649382,      -2.242313178
          0,           0,        1669,      -5.949025108,      -3.984499276,      -5.414910249,      -2.242812387
          0,           0,        1670,      -5.949552088,      -3.985023861,      -5.415180399,      -2.243313946
          0,           0,        1671,      -5.950079001,      -3.985548462,      -5.415457769,      -2.243817062
          0,           0,        1672,      -5.950605859,      -3.986073071,      -5.415743893,      -2.244322006
          0,           0,        1673,      -5.951132668,      -3.986597685,      -5.416042016,      -2.244829685
          0,           0,        1674,       -5.95165943,      -3.987122305,      -5.416354881,      -2.245341004
          0,           0,        1675,      -5.952186147,       -3.98764693,      -5.416683473,      -2.245856432
          0,           0,        1676,      -5.952712815,      -3.988171564,      -5.417026926,      -2.246375883
          0,           0,        1677,      -5.953239437,      -3.988696208,      -5.417383291,      -2.246898902
          0,           0,        1678,      -5.953766013,      -3.989220861,      -5.417750363,        -2.2474249
          0,           0,        1679,      -5.954292545,      -3.989745522,      -5.418126232,      -2.247953332
          0,           0,        1680,      -5.954819037,      -3.990270192,       -5.41850944,      -2.248483783
          0,           0,        1681,       -5.95534549,       -3.99079487,      -5.418898773,       -2.24901591
          0,           0,        1682,      -5.955871906,      -3.991319555,      -5.419293102,      -2.249549407
          0,           0,        1683,      -5.956398286,      -3.991844247,      -5.419691241,      -2.250083951
          0,           0,        1684,      -5.956924632,      -3.992368947,      -5.420091954,        -2.2506192
          0,           0,        1685,      -5.957450944,      -3.992893656,      -5.420494037,      -2.251154815
          0,           0,        1686,      -5.957977223,      -3.993418372,      -5.420896439,      -2.251690489
          0,           0,        1687,      -5.958503472,      -3.993943096,      -5.421298315,      -2.252225974
          0,           0,        1688,      -5.959029692,      -3.994467828,      -5.421699032,       -2.25276108
          0,           0,        1689,      -5.959555882,      -3.994992568,      -5.422098132,      -2.253295671
          0,           0,        1690,      -5.960082046,      -3.995517316,      -5.422495335,      -2.253829664
          0,           0,        1691,      -5.960608183,      -3.996042072,      -5.422890428,      -2.254362998
          0,           0,        1692,      -5.961134295,      -3.996566836,      -5.423283328,      -2.254895653
          0,           0,        1693,      -5.961660382,      -3.997091609,      -5.423674022,      -2.255427623
          0,           0,        1694,      -5.962186445,       -3.99761639,      -5.424062573,       -2.25595893
          0,           0,        1695,      -5.962712485,      -3.998141181,      -5.424449108,      -2.256489611
          0,           0,        1696,      -5.963238503,       -3.99866598,      -5.424833825,      -2.257019725
          0,           0,        1697,        -5.9637645,      -3.999190789,       -5.42521692,      -2.257549331
          0,           0,        1698,      -5.964290475,      -3.999715608,      -5.425598626,      -2.258078498
          0,           0,        1699,       -5.96481643,      -4.000240436,      -5.425979165,      -2.258607289
          0,           0,        1700,      -5.965342364,      -4.000765275,      -5.426358752,       -2.25913577
          0,           0,        1701,      -5.965868279,      -4.001290124,      -5.426737581,      -2.259663996
          0,           0,        1702,      -5.966394175,      -4.001814984,      -5.427115821,      -2.260192016
          0,           0,        1703,      -5.966920053,      -4.002339856,      -5.427493621,       -2.26071987
          0,           0,        1704,      -5.967445911,      -4.002864738,      -5.427871096,       -2.26124759
          0,           0,        1705,      -5.967971752,      -4.003389633,      -5.428248344,      -2.261775203
          0,           0,        1706,      -5.968497575,      -4.003914539,      -5.428625425,       -2.26230272
          0,           0,        1707,       -5.96902338,      -4.004439458,      -5.429002399,      -2.262830159
          0,           0,        1708,      -5.969793648,      -4.006253448,      -5.217883375,       -2.12154444
          0,           0,        1709,      -5.970382727,      -4.006222621,       -5.36896227,      -2.241771985
          0,           0,        1710,      -5.971399254,      -4.007753428,      -5.196984402,      -2.112383523
          0,           0,        1711,      -5.972045716,      -4.007694135,       -5.38017431,      -2.245852442
          0,           0,        1712,      -5.973013451,      -4.009272948,      -5.218264713,      -2.123627764
          0,           0,        1713,      -5.973611569,      -4.009240587,      -5.384842006,      -2.249328352
          0,           0,        1714,      -5.974567775,      -4.010824434,      -5.206840218,      -2.119491977
          0,           0,        1715,      -5.975182407,      -4.010781214,      -5.373180896,       -2.24656848
          0,           0,        1716,      -5.976150679,      -4.012355735,      -5.201419848,      -2.117821148
          0,           0,        1717,      -5.976769694,      -4.012309631,      -5.370512793,        -2.2465745
          0,           0,        1718,      -5.977733257,      -4.013888038,       -5.20151077,       -2.11881012
          0,           0,        1719,       -5.97835033,      -4.013842699,      -5.369201185,      -2.247224949
          0,           0,        1720,      -5.979311611,       -4.01542283,      -5.199989337,      -2.118981563
          0,           0,        1721,      -5.979931561,      -4.015375759,      -5.367266985,       -2.24761082
          0,           0,        1722,      -5.980892753,      -4.016956313,      -5.199500901,      -2.119590489
          0,           0,        1723,      -5.981514806,      -4.016908137,      -5.366904738,      -2.248520095
          0,           0,        1724,      -5.982474624,      -4.018490208,      -5.200375063,      -2.120837272
          0,           0,        1725,      -5.983097813,      -4.018441498,      -5.367573754,      -2.249815612
          0,           0,        1726,       -5.98382921,      -4.018710601,      -5.377294793,       -2.25514655
          0,           0,        1727,      -5.984408412,      -4.019211056,      -5.415712949,      -2.268144316
          0,           0,        1728,      -5.984890269,       -4.01977773,      -5.438823038,      -2.277657528
          0,           0,        1729,      -5.985359837,      -4.020345388,      -5.433819584,      -2.277878834
          0,           0,        1730,      -5.986091256,      -4.022190332,      -5.209709904,      -2.127323692
          0,           0,        1731,       -5.98670582,      -4.022142489,      -5.355019049,      -2.247798082
          0,           0,        1732,      -5.987728008,      -4.023668535,      -5.192192231,      -2.118717681
          0,           0,        1733,      -5.988397605,      -4.023595857,      -5.378359084,      -2.256288078
          0,           0,        1734,      -5.989135274,      -4.023862741,      -5.398165972,      -2.265161069
          0,           0,        1735,      -5.989697354,      -4.024376591,      -5.441211005,      -2.279579797
          0,           0,        1736,      -5.990160557,       -4.02495759,      -5.461054537,      -2.288374391
          0,           0,        1737,       -5.99084381,      -4.026843161,      -5.234413932,       -2.14189662
          0,           0,        1738,      -5.991433082,      -4.026811003,      -5.367266112,      -2.256250825
          0,           0,        1739,      -5.992212359,      -4.027041889,      -5.369611797,      -2.258212363
          0,           0,        1740,      -5.992849972,      -4.027501526,      -5.417976331,      -2.274083016
          0,           0,        1741,      -5.993358369,      -4.028050887,      -5.458526747,        -2.2886496
          0,           0,        1742,      -5.993821469,       -4.02862471,      -5.464135111,       -2.29264618
          0,           0,        1743,      -5.994297901,      -4.029187143,      -5.447764233,      -2.289137844
          0,           0,        1744,      -5.994809167,      -4.029724359,      -5.430913823,      -2.284175389
          0,           0,        1745,      -5.995347365,      -4.030242516,      -5.424043593,       -2.28177342
          0,           0,        1746,      -5.995893301,      -4.030755582,      -5.427112858,      -2.282630432
          0,           0,        1747,      -5.996432261,       -4.03127393,      -5.435058932,      -2.285329848
          0,           0,        1748,       -5.99695997,      -4.031800366,      -5.442433212,      -2.288101129
          0,           0,        1749,       -5.99748013,      -4.032332139,      -5.446280049,      -2.289903353
          0,           0,        1750,      -5.997998819,      -4.032864948,      -5.446709089,      -2.290630256
          0,           0,        1751,      -5.998520186,      -4.033395915,      -5.445568125,      -2.290763214
          0,           0,        1752,      -5.999045104,      -4.033924472,       -5.44470082,      -2.290877269
          0,           0,        1753,      -5.999572135,      -4.034451631,      -5.444979178,       -2.29130352
          0,           0,        1754,      -6.000099293,      -4.034978759,      -5.446278509,      -2.292059903
          0,           0,        1755,      -6.000625312,      -4.035506701,      -5.447966545,      -2.292974845
          0,           0,        1756,      -6.001150005,       -4.03603556,      -5.449436075,      -2.293855615
          0,           0,        1757,      -6.001673897,      -4.036564955,      -5.450402803,      -2.294595256
          0,           0,        1758,      -6.002197659,      -4.037094423,      -5.450916598,      -2.295190829
          0,           0,        1759,      -6.002721698,      -4.037623684,      -5.451198298,      -2.295701908
          0,           0,        1760,      -6.003246067,      -4.038152707,      -5.451458697,      -2.296195259
          0,           0,        1761,      -6.003770587,      -4.038681615,      -5.451800103,      -2.296709249
          0,           0,        1762,      -6.004295042,      -4.039210553,      -5.452214834,      -2.297247588
          0,           0,        1763,      -6.004819307,      -4.039739606,      -5.452639731,      -2.297793186
          0,           0,        1764,      -6.005343376,      -4.040268774,      -5.453015338,       -2.29832665
          0,           0,        1765,      -6.005867316,       -4.04079801,      -5.453318226,       -2.29883813
          0,           0,        1766,      -6.006391207,      -4.041327261,      -5.453561321,      -2.299329372
          0,           0,        1767,      -6.006915095,      -4.041856496,      -5.453775675,      -2.299809057
          0,           0,        1768,      -6.007438988,      -4.042385713,      -5.453990409,      -2.300286509
          0,           0,        1769,      -6.007962867,      -4.042914924,      -5.454221709,      -2.300767628
          0,           0,        1770,       -6.00848671,      -4.043444147,      -5.454472429,      -2.301254093
          0,           0,        1771,      -6.009010505,       -4.04397339,       -5.45473813,      -2.301744896
          0,           0,        1772,      -6.009534253,      -4.044502653,      -5.455013724,      -2.302238436
          0,           0,        1773,      -6.010057965,      -4.045031931,      -5.455297275,      -2.302733919
          0,           0,        1774,       -6.01058165,      -4.045561217,      -5.455590296,      -2.303231672
          0,           0,        1775,      -6.011105316,      -4.046090508,      -5.455895835,      -2.303732647
          0,           0,        1776,      -6.011628965,      -4.046619803,       -5.45621638,      -2.304237755
          0,           0,        1777,      -6.012152596,      -4.047149104,      -5.456552678,      -2.304747416
          0,           0,        1778,      -6.012676208,      -4.047678413,      -5.456903728,      -2.305261481
          0,           0,        1779,      -6.013199801,       -4.04820773,      -5.457267498,      -2.305779411
          0,           0,        1780,      -6.013723377,      -4.048737056,      -5.457641781,      -2.306300554
          0,           0,        1781,      -6.014246938,       -4.04926639,      -5.458024664,       -2.30682432
          0,           0,        1782,      -6.014770486,       -4.04979573,       -5.45841467,      -2.307350243
          0,           0,        1783,      -6.015294023,      -4.050325077,      -5.458810581,      -2.307877949
          0,           0,        1784,      -6.015817551,      -4.050854431,      -5.459211252,      -2.308407097
          0,           0,        1785,      -6.016341071,       -4.05138379,      -5.459615497,      -2.308937333
          0,           0,        1786,      -6.016864584,      -4.051913156,      -5.460022077,      -2.309468278
          0,           0,        1787,      -6.017388091,      -4.052442528,      -5.460429796,      -2.309999562
          0,           0,        1788,      -6.017911592,      -4.052971907,      -5.460837638,      -2.310530865
          0,           0,        1789,       -6.01843509,      -4.053501291,      -5.461244769,      -2.311061913
          0,           0,        1790,      -6.018958586,      -4.054030683,      -5.461650552,      -2.311592507
          0,           0,        1791,       -6.01948208,       -4.05456008,      -5.462054574,      -2.312122507
          0,           0,        1792,      -6.020005574,      -4.055089484,      -5.462456524,      -2.312651821
          0,           0,        1793,      -6.020529067,      -4.055618894,      -5.462856224,      -2.313180387
          0,           0,        1794,      -6.021052563,      -4.056148311,      -5.463253593,      -2.313708187
          0,           0,        1795,       -6.02157606,      -4.056677734,      -5.463648626,      -2.314235216
          0,           0,        1796,      -6.022099559,      -4.057207165,      -5.464041394,      -2.314761503
          0,           0,        1797,      -6.022623062,      -4.057736603,      -5.464432036,      -2.315287091
          0,           0,        1798,      -6.023146569,      -4.058266048,      -5.464820742,      -2.315812041
          0,           0,        1799,       -6.02367008,      -4.058795501,      -5.465207742,      -2.316336427
          0,           0,        1800,      -6.024193596,      -4.059324962,      -5.465593261,      -2.316860324
          0,           0,        1801,      -6.024717118,      -4.059854431,      -5.465977542,      -2.317383803
          0,           0,        1802,      -6.025240645,      -4.060383909,      -5.466360813,      -2.317906939
          0,           0,        1803,      -6.025764179,      -4.060913396,      -5.466743274,      -2.318429797
          0,           0,        1804,      -6.026287719,      -4.061442891,       -5.46712512,      -2.318952433
          0,           0,        1805,      -6.026811266,      -4.061972396,      -5.467506507,      -2.319474894
          0,           0,        1806,       -6.02733482,      -4.062501911,      -5.467887568,      -2.319997221
          0,           0,        1807,      -6.027858381,      -4.063031436,      -5.468268419,      -2.320519446
          0,           0,        1808,       -6.02838195,      -4.063560972,      -5.468649135,       -2.32104159
          0,           0,        1809,      -6.028905527,      -4.064090518,       -5.46902977,      -2.321563664
          0,           0,        1810,      -6.029616914,      -4.065936439,      -5.259259816,      -2.176182857
          0,           0,        1811,      -6.030252669,      -4.065892616,      -5.410522383,      -2.299066275
          0,           0,        1812,      -6.031222298,      -4.067446898,      -5.238387044,      -2.166277822
          0,           0,        1813,      -6.031914807,      -4.067374965,       -5.42167331,      -2.303455533
          0,           0,        1814,      -6.032832864,      -4.068979212,       -5.25897046,      -2.177821668
          0,           0,        1815,      -6.033475884,      -4.068934536,      -5.425700785,      -2.306808346
          0,           0,        1816,      -6.034382603,      -4.070543368,      -5.247460611,      -2.173254659
          0,           0,        1817,      -6.035043004,      -4.070487455,      -5.414038648,      -2.303673242
          0,           0,        1818,      -6.035961941,      -4.072086789,      -5.242119016,      -2.171426209
          0,           0,        1819,      -6.036626769,      -4.072028027,      -5.411328172,      -2.303550782
          0,           0,        1820,      -6.037540787,       -4.07363135,      -5.242135516,      -2.172337316
          0,           0,        1821,      -6.038203718,      -4.073573307,      -5.409945124,      -2.304090843
          0,           0,        1822,      -6.039115462,      -4.075178301,      -5.240626459,      -2.172414711
          0,           0,        1823,      -6.039781421,      -4.075118462,      -5.408052414,      -2.304387309
          0,           0,        1824,      -6.040693102,      -4.076723864,      -5.240190964,      -2.172978114
          0,           0,        1825,      -6.041361237,      -4.076662895,      -5.407753698,      -2.305259933
          0,           0,        1826,       -6.04227157,      -4.078269819,      -5.241097364,      -2.174206361
          0,           0,        1827,        -6.0429409,      -4.078208287,      -5.408484101,      -2.306545474
          0,           0,        1828,      -6.043681104,      -4.078474479,      -5.417536285,      -2.311892796
          0,           0,        1829,      -6.044257411,      -4.078979187,      -5.455346893,      -2.325980504
          0,           0,        1830,      -6.044734602,      -4.079552086,      -5.477783694,      -2.335966324
          0,           0,        1831,      -6.045200402,      -4.080125514,       -5.47278226,      -2.335980089
          0,           0,        1832,      -6.045872956,      -4.082002289,      -5.250943337,      -2.181108285
          0,           0,        1833,      -6.046535911,      -4.081940604,      -5.396726637,      -2.304251199
          0,           0,        1834,      -6.047511971,       -4.08348958,      -5.233959923,      -2.172110538
          0,           0,        1835,      -6.048228445,      -4.083403965,      -5.420203416,      -2.313476357
          0,           0,        1836,      -6.048974621,      -4.083668276,      -5.438958175,       -2.32252616
          0,           0,        1837,       -6.04953336,      -4.084186809,      -5.481019317,      -2.338006478
          0,           0,        1838,      -6.049991806,       -4.08477422,      -5.500043505,      -2.347123913
          0,           0,        1839,      -6.050615125,      -4.086692941,      -5.275182562,      -2.196010169
          0,           0,        1840,      -6.051252275,      -4.086647071,      -5.408759343,      -2.312796327
          0,           0,        1841,       -6.05204358,      -4.086873274,      -5.411079699,      -2.314819034
          0,           0,        1842,      -6.052680237,      -4.087336191,      -5.458997937,      -2.332105528
          0,           0,        1843,      -6.053184273,      -4.087891875,      -5.498405115,      -2.347490204
          0,           0,        1844,      -6.053643095,      -4.088472085,      -5.503330786,      -2.351405418
          0,           0,        1845,      -6.054116914,      -4.089039698,      -5.487099203,      -2.347405178
          0,           0,        1846,      -6.054627135,      -4.089581038,      -5.470776244,      -2.342074044
          0,           0,        1847,      -6.055164877,      -4.090103006,      -5.464383041,       -2.33961141
          0,           0,        1848,      -6.055710092,      -4.090620144,      -5.467674369,      -2.340624661
          0,           0,        1849,      -6.056247797,      -4.091142965,      -5.475582876,      -2.343530104
          0,           0,        1850,       -6.05677391,       -4.09167411,       -5.48278418,      -2.346438546
          0,           0,        1851,      -6.057292455,      -4.092210605,      -5.486475551,      -2.348277183
          0,           0,        1852,      -6.057809714,      -4.092748024,      -5.486852555,      -2.348974341
          0,           0,        1853,      -6.058329859,      -4.093283493,      -5.485755127,      -2.349065556
          0,           0,        1854,      -6.058853674,      -4.093816508,      -5.484967343,      -2.349161255
          0,           0,        1855,      -6.059379628,      -4.094348149,      -5.485304453,       -2.34959804
          0,           0,        1856,      -6.059905681,      -4.094879808,      -5.486616958,      -2.350379993
          0,           0,        1857,      -6.060430575,       -4.09541232,      -5.488279798,      -2.351318342
          0,           0,        1858,      -6.060954151,      -4.095945762,      -5.489709069,       -2.35221034
          0,           0,        1859,      -6.061476965,      -4.096479737,      -5.490641875,      -2.352948402
          0,           0,        1860,      -6.061999698,      -4.097013773,      -5.491137484,      -2.353534787
          0,           0,        1861,      -6.062522753,      -4.097547597,      -5.491414244,      -2.354035021
          0,           0,        1862,      -6.063046169,      -4.098081185,      -5.491674922,      -2.354519311
          0,           0,        1863,      -6.063569762,      -4.098614665,      -5.492014877,      -2.355026396
          0,           0,        1864,      -6.064093311,      -4.099148184,      -5.492423862,      -2.355558573
          0,           0,        1865,      -6.064616695,      -4.099681823,      -5.492840129,      -2.356097204
          0,           0,        1866,      -6.065139909,      -4.100215579,      -5.493207415,      -2.356622182
          0,           0,        1867,      -6.065663024,      -4.100749405,      -5.493504891,      -2.357123924
          0,           0,        1868,      -6.066186119,      -4.101283248,       -5.49374645,      -2.357604962
          0,           0,        1869,      -6.066709239,      -4.101817076,      -5.493962606,      -2.358074747
          0,           0,        1870,      -6.067232391,      -4.102350888,      -5.494181287,       -2.35854305
          0,           0,        1871,      -6.067755554,      -4.102884698,      -5.494417571,      -2.359015833
          0,           0,        1872,      -6.068278707,      -4.103418523,        -5.4946738,      -2.359494643
          0,           0,        1873,      -6.068801837,       -4.10395237,      -5.494945452,      -2.359978302
          0,           0,        1874,      -6.069324946,      -4.104486239,      -5.495227608,      -2.360465122
          0,           0,        1875,      -6.069848043,      -4.105020124,      -5.495518452,      -2.360954316
          0,           0,        1876,       -6.07037114,       -4.10555402,       -5.49581943,      -2.361446249
          0,           0,        1877,      -6.070894242,      -4.106087922,      -5.496133396,      -2.361941912
          0,           0,        1878,      -6.071417353,       -4.10662183,      -5.496462587,      -2.362442211
          0,           0,        1879,      -6.071940469,      -4.107155745,      -5.496807533,      -2.362947516
          0,           0,        1880,      -6.072463592,       -4.10768967,      -5.497167098,      -2.363457595
          0,           0,        1881,       -6.07298672,      -4.108223604,      -5.497539215,      -2.363971845
          0,           0,        1882,      -6.073509854,      -4.108757549,      -5.497921635,      -2.364489534
          0,           0,        1883,      -6.074032997,      -4.109291501,       -5.49831246,      -2.365010028
          0,           0,        1884,      -6.074556152,      -4.109825462,      -5.498710201,      -2.365532811
          0,           0,        1885,       -6.07507932,       -4.11035943,      -5.499113639,      -2.366057486
          0,           0,        1886,      -6.075602502,      -4.110893405,      -5.499521592,      -2.366583661
          0,           0,        1887,      -6.076125699,      -4.111427386,      -5.499932881,      -2.367110948
          0,           0,        1888,      -6.076648913,      -4.111961375,      -5.500346259,      -2.367638942
          0,           0,        1889,      -6.077172144,      -4.112495371,      -5.500760557,      -2.368167238
          0,           0,        1890,      -6.077695393,      -4.113029373,      -5.501174763,      -2.368695495
          0,           0,        1891,      -6.078218662,      -4.113563382,      -5.501588063,      -2.369223422
          0,           0,        1892,      -6.078741951,      -4.114097398,      -5.501999853,      -2.369750814
          0,           0,        1893,      -6.079265261,      -4.114631421,      -5.502409691,      -2.370277512
          0,           0,        1894,      -6.079788594,       -4.11516545,      -5.502817319,      -2.370803432
          0,           0,        1895,       -6.08031195,      -4.115699487,      -5.503222551,       -2.37132851
          0,           0,        1896,      -6.080835329,       -4.11623353,      -5.503625309,      -2.371852721
          0,           0,        1897,      -6.081358733,       -4.11676758,      -5.504025606,      -2.372376074
          0,           0,        1898,      -6.081882162,      -4.117301637,      -5.504423518,      -2.372898593
          0,           0,        1899,      -6.082405616,      -4.117835702,      -5.504819217,      -2.373420339
          0,           0,        1900,      -6.082929097,      -4.118369775,      -5.505212877,      -2.373941378
          0,           0,        1901,      -6.083452604,      -4.118903856,      -5.505604755,      -2.374461792
          0,           0,        1902,      -6.083976138,      -4.119437945,      -5.505995077,      -2.374981661
          0,           0,        1903,      -6.084499699,      -4.119972043,      -5.506384116,      -2.375501076
          0,           0,        1904,      -6.085023288,      -4.120506149,       -5.50677209,      -2.376020116
          0,           0,        1905,      -6.085546905,      -4.121040265,      -5.507159229,      -2.376538855
          0,           0,        1906,       -6.08607055,       -4.12157439,       -5.50754573,      -2.377057355
          0,           0,        1907,      -6.086594224,      -4.122108525,      -5.507931774,      -2.377575678
          0,           0,        1908,      -6.087117926,       -4.12264267,      -5.508317511,       -2.37809387
          0,           0,        1909,      -6.087641657,      -4.123176826,      -5.508703046,      -2.378611963
          0,           0,        1910,      -6.088165416,      -4.123710992,      -5.509088489,      -2.379129992
          0,           0,        1911,      -6.088689205,      -4.124245169,      -5.509473899,      -2.379647971
          0,           0,        1912,      -6.089346492,      -4.126123679,      -5.301094954,      -2.230188975
          0,           0,        1913,      -6.090030959,      -4.126066654,      -5.452381006,      -2.355746039
          0,           0,        1914,      -6.090958654,      -4.127644539,      -5.280201808,      -2.219549063
          0,           0,        1915,      -6.091699477,      -4.127559682,      -5.463399813,      -2.360424262
          0,           0,        1916,      -6.092572875,      -4.129189546,      -5.300107135,      -2.231346216
          0,           0,        1917,      -6.093263033,      -4.129132298,      -5.466825042,      -2.363632337
          0,           0,        1918,      -6.094125209,      -4.130766335,      -5.288534895,      -2.226367225
          0,           0,        1919,      -6.094833591,      -4.130697487,      -5.455176522,      -2.360125119
          0,           0,        1920,      -6.095708112,      -4.132321851,      -5.283260276,      -2.224388469
          0,           0,        1921,      -6.096420975,      -4.132250188,      -5.452422575,      -2.359873192
          0,           0,        1922,      -6.097290357,      -4.133878653,      -5.283204119,      -2.225221662
          0,           0,        1923,      -6.098001366,      -4.133807669,      -5.450979044,      -2.360304326
          0,           0,        1924,      -6.098868458,       -4.13543777,      -5.281711113,      -2.225212605
          0,           0,        1925,      -6.099582635,      -4.135364933,      -5.449134729,      -2.360517715
          0,           0,        1926,      -6.100449666,      -4.136995438,      -5.281327585,      -2.225737078
          0,           0,        1927,      -6.101166089,      -4.136921452,      -5.448902637,      -2.361360179
          0,           0,        1928,      -6.102031776,      -4.138553496,      -5.282267548,      -2.226952192
          0,           0,        1929,      -6.102749447,      -4.138478926,      -5.449698224,      -2.362642564
          0,           0,        1930,      -6.103501003,      -4.138741812,      -5.458133669,      -2.367989049
          0,           0,        1931,      -6.104077006,       -4.13925072,      -5.495365893,      -2.383148604
          0,           0,        1932,      -6.104551967,      -4.139829932,      -5.517198086,      -2.393596427
          0,           0,        1933,      -6.105016334,      -4.140409247,      -5.512252593,      -2.393411601
          0,           0,        1934,      -6.105634477,      -4.142318674,      -5.292683936,      -2.234321864
          0,           0,        1935,      -6.106347756,      -4.142243029,      -5.438803954,      -2.360146165
          0,           0,        1936,      -6.107282399,      -4.143815172,      -5.276152125,       -2.22495136
          0,           0,        1937,      -6.108047967,      -4.143716394,      -5.462317085,      -2.370083224
          0,           0,        1938,      -6.108805223,      -4.143977728,      -5.480088981,       -2.37928118
          0,           0,        1939,      -6.109363198,      -4.144500905,      -5.521227656,      -2.395800144
          0,           0,        1940,      -6.109819279,      -4.145094845,       -5.53952479,      -2.405226866
          0,           0,        1941,      -6.110387032,      -4.147047607,      -5.316499821,      -2.249536085
          0,           0,        1942,      -6.111073944,      -4.146987941,      -5.450649971,      -2.368787286
          0,           0,        1943,      -6.111879684,      -4.147209101,      -5.452916304,      -2.370863009
          0,           0,        1944,      -6.112517928,      -4.147675229,      -5.500357322,      -2.389536885
          0,           0,        1945,      -6.113020027,      -4.148237304,      -5.538680823,       -2.40571272
          0,           0,        1946,      -6.113476891,      -4.148824014,      -5.543017755,      -2.409532709
          0,           0,        1947,      -6.113950354,       -4.14939694,      -5.526976095,      -2.405050629
          0,           0,        1948,       -6.11446175,      -4.149942537,      -5.511176755,      -2.399374307
          0,           0,        1949,      -6.115001247,      -4.150468441,      -5.505228468,      -2.396868821
          0,           0,        1950,      -6.115547969,      -4.150989761,      -5.508708729,      -2.398043568
          0,           0,        1951,      -6.116086669,      -4.151517152,      -5.516562682,      -2.401151631
          0,           0,        1952,       -6.11661345,        -4.1520531,      -5.523593854,      -2.404191779
          0,           0,        1953,      -6.117132644,      -4.152594415,      -5.527144201,      -2.406064201
          0,           0,        1954,      -6.117650723,      -4.153136553,      -5.527483016,      -2.406733265
          0,           0,        1955,      -6.118171879,      -4.153676639,      -5.526435114,      -2.406787081
          0,           0,        1956,      -6.118696814,      -4.154214233,      -5.525724839,       -2.40686872
          0,           0,        1957,      -6.119223905,      -4.154750476,       -5.52611499,      -2.407318524
          0,           0,        1958,      -6.119751069,      -4.155286785,      -5.527435776,      -2.408126558
          0,           0,        1959,      -6.120277053,      -4.155823985,      -5.529071849,      -2.409087782
          0,           0,        1960,      -6.120801727,      -4.156362131,      -5.530462546,      -2.409990525
          0,           0,        1961,      -6.121325674,      -4.156900805,      -5.531364758,       -2.41072719
          0,           0,        1962,      -6.121849582,      -4.157439534,      -5.531845384,      -2.411305249
          0,           0,        1963,       -6.12237385,      -4.157978047,      -5.532119333,      -2.411795832
          0,           0,        1964,      -6.122898507,      -4.158516329,      -5.532381378,      -2.412272199
          0,           0,        1965,      -6.123423362,      -4.159054511,      -5.532720554,      -2.412773289
          0,           0,        1966,      -6.123948191,      -4.159592741,      -5.533124601,      -2.413300025
          0,           0,        1967,      -6.124472875,      -4.160131098,      -5.533533543,      -2.413832371
          0,           0,        1968,      -6.124997413,      -4.160669577,      -5.533894216,      -2.414349664
          0,           0,        1969,      -6.125521877,      -4.161208129,      -5.534188138,       -2.41484264
          0,           0,        1970,      -6.126046346,      -4.161746699,      -5.534429946,      -2.415314612
          0,           0,        1971,      -6.126570864,       -4.16228526,      -5.534649469,      -2.415775735
          0,           0,        1972,      -6.127095436,      -4.162823808,      -5.534873409,      -2.416236151
          0,           0,        1973,      -6.127620041,       -4.16336236,      -5.535115875,      -2.416701876
          0,           0,        1974,      -6.128144657,       -4.16390093,       -5.53537872,      -2.417174314
          0,           0,        1975,      -6.128669273,      -4.164439526,      -5.535657424,      -2.417652135
          0,           0,        1976,      -6.129193889,      -4.164978148,      -5.535947249,      -2.418133579
          0,           0,        1977,      -6.129718515,      -4.165516789,      -5.536246458,      -2.418617857
          0,           0,        1978,      -6.130243162,      -4.166055444,      -5.536556429,      -2.419105378
          0,           0,        1979,      -6.130767836,      -4.166594109,      -5.536879809,      -2.419597156
          0,           0,        1980,      -6.131292539,      -4.167132783,      -5.537218586,      -2.420094073
          0,           0,        1981,      -6.131817269,      -4.167671467,      -5.537573098,      -2.420596445
          0,           0,        1982,      -6.132342026,      -4.168210164,      -5.537942096,      -2.421103967
          0,           0,        1983,      -6.132866808,      -4.168748873,      -5.538323447,      -2.421615947
          0,           0,        1984,      -6.133391618,      -4.169287594,      -5.538714918,      -2.422131596
          0,           0,        1985,      -6.133916457,      -4.169826327,      -5.539114602,      -2.422650222
          0,           0,        1986,      -6.134441327,       -4.17036507,      -5.539520995,      -2.423171269
          0,           0,        1987,      -6.134966231,      -4.170903822,      -5.539932857,      -2.423694294
          0,           0,        1988,      -6.135491169,      -4.171442583,      -5.540349001,      -2.424218874
          0,           0,        1989,      -6.136016142,      -4.171981353,      -5.540768229,      -2.424744578
          0,           0,        1990,      -6.136541151,      -4.172520133,      -5.541189308,      -2.425270967
          0,           0,        1991,      -6.137066197,      -4.173058921,       -5.54161108,      -2.425797612
          0,           0,        1992,      -6.137591281,      -4.173597718,       -5.54203255,      -2.426324148
          0,           0,        1993,      -6.138116404,      -4.174136524,      -5.542452918,      -2.426850268
          0,           0,        1994,      -6.138641567,      -4.174675339,      -5.542871596,      -2.427375758
          0,           0,        1995,       -6.13916677,      -4.175214162,      -5.543288168,      -2.427900455
          0,           0,        1996,      -6.139692015,      -4.175752993,      -5.543702365,      -2.428424264
          0,           0,        1997,      -6.140217302,      -4.176291833,      -5.544114022,      -2.428947126
          0,           0,        1998,      -6.140742632,      -4.176830682,      -5.544523075,       -2.42946902
          0,           0,        1999,      -6.141268005,      -4.177369539,      -5.544929562,      -2.429989961
          0,           0,        2000,      -6.141793422,      -4.177908406,       -5.54533356,       -2.43050998
          0,           0,        2001,      -6.142318883,      -4.178447282,      -5.545735241,       -2.43102914
          0,           0,        2002,      -6.142844388,      -4.178986167,      -5.546134822,      -2.431547525
          0,           0,        2003,      -6.143369939,      -4.179525062,       -5.54653254,       -2.43206522
          0,           0,        2004,      -6.143895536,      -4.180063968,      -5.546928659,      -2.432582322
          0,           0,        2005,      -6.144421178,      -4.180602883,      -5.547323444,       -2.43309893
          0,           0,        2006,      -6.144946866,      -4.181141809,      -5.547717142,      -2.433615132
          0,           0,        2007,        -6.1454726,      -4.181680746,      -5.548109992,      -2.434131011
          0,           0,        2008,       -6.14599838,      -4.182219694,      -5.548502205,      -2.434646645
          0,           0,        2009,      -6.146524207,      -4.182758653,      -5.548893962,      -2.435162094
          0,           0,        2010,      -6.147050081,      -4.183297625,      -5.549285431,      -2.435677419
          0,           0,        2011,      -6.147576001,      -4.183836608,      -5.549676739,      -2.436192657
          0,           0,        2012,      -6.148101969,      -4.184375604,      -5.550067989,      -2.436707845
          0,           0,        2013,      -6.148627983,      -4.184914612,      -5.550459247,      -2.437223003
          0,           0,        2014,      -6.149234915,      -4.186826675,      -5.343486395,      -2.283751713
          0,           0,        2015,      -6.149969838,       -4.18675647,      -5.494688073,      -2.411968158
          0,           0,        2016,      -6.150859637,      -4.188358441,      -5.322545188,      -2.272394279
          0,           0,        2017,      -6.151650738,      -4.188260617,      -5.505517125,      -2.416912306
          0,           0,        2018,      -6.152483549,      -4.189916622,       -5.34178786,       -2.28439716
          0,           0,        2019,      -6.153222773,      -4.189846777,       -5.50837388,      -2.419954254
          0,           0,        2020,      -6.154044407,      -4.191506568,      -5.330172645,      -2.279027113
          0,           0,        2021,      -6.154802681,      -4.191424776,      -5.496751418,      -2.416081001
          0,           0,        2022,      -6.155636764,      -4.193074721,      -5.324955965,      -2.276905943
          0,           0,        2023,      -6.156399583,      -4.192990143,      -5.493954293,      -2.415699692
          0,           0,        2024,      -6.157228295,      -4.194644306,      -5.324829522,      -2.277661593
          0,           0,        2025,      -6.157989302,      -4.194560372,      -5.492460343,      -2.416024281
          0,           0,        2026,      -6.158815684,      -4.196216146,      -5.323356229,      -2.277573893
          0,           0,        2027,      -6.159579993,      -4.196130311,       -5.49067042,      -2.416161619
          0,           0,        2028,      -6.160406294,      -4.197786493,      -5.323024574,      -2.278066091
          0,           0,        2029,      -6.161172915,      -4.197699494,       -5.49050777,      -2.416980695
          0,           0,        2030,      -6.161997857,      -4.199357238,      -5.324000033,      -2.279273508
          0,           0,        2031,      -6.162765775,      -4.199269639,      -5.491371897,      -2.418266792
          0,           0,        2032,        -6.1635309,      -4.199529047,      -5.499232565,      -2.423590584
          0,           0,        2033,      -6.164108768,      -4.200042291,      -5.535909048,      -2.439793733
          0,           0,        2034,      -6.164583491,      -4.200628078,      -5.557195904,       -2.45068915
          0,           0,        2035,      -6.165048329,      -4.201213567,      -5.552350901,       -2.45031751
          0,           0,        2036,      -6.165615505,       -4.20315673,      -5.335027782,      -2.287154955
          0,           0,        2037,      -6.166380767,      -4.203067215,       -5.48139259,      -2.415645085
          0,           0,        2038,      -6.167277801,      -4.204663082,      -5.318889081,      -2.277436783
          0,           0,        2039,       -6.16809439,       -4.20455114,      -5.504859929,      -2.426265032
          0,           0,        2040,      -6.168864969,      -4.204809312,      -5.521706422,      -2.435576387
          0,           0,        2041,      -6.169424331,      -4.205337275,      -5.561972662,       -2.45310101
          0,           0,        2042,      -6.169879999,      -4.205938024,      -5.579621332,      -2.462820817
          0,           0,        2043,      -6.170395548,      -4.207925963,      -5.358457082,      -2.302663863
          0,           0,        2044,      -6.171133834,      -4.207852613,       -5.49307652,      -2.424384569
          0,           0,        2045,      -6.171956114,      -4.208068587,       -5.49526291,      -2.426500683
          0,           0,        2046,      -6.172598081,       -4.20853805,      -5.542199435,      -2.446521397
          0,           0,        2047,       -6.17310023,      -4.209106755,      -5.579492677,      -2.463454077
          0,           0,        2048,      -6.173557027,       -4.20970024,      -5.583320723,       -2.46716588
          0,           0,        2049,      -6.174031973,      -4.210278769,      -5.567509361,      -2.462216842
          0,           0,        2050,      -6.174546361,       -4.21082892,      -5.552228245,      -2.456222107
          0,           0,        2051,      -6.175089427,      -4.211359049,      -5.546696902,      -2.453691936
          0,           0,        2052,      -6.175639483,      -4.211884829,      -5.550338516,      -2.455032015
          0,           0,        2053,      -6.176181024,      -4.212417057,      -5.558124774,      -2.458337547
          0,           0,        2054,      -6.176710331,       -4.21295807,      -5.564989525,      -2.461502863
          0,           0,        2055,      -6.177232029,       -4.21350447,      -5.568411693,      -2.463406201
          0,           0,        2056,      -6.177752773,      -4.214051598,      -5.568723944,        -2.4640491
          0,           0,        2057,      -6.178276771,      -4.214596578,      -5.567730126,      -2.464070133
          0,           0,        2058,      -6.178804646,      -4.215139033,      -5.567095305,      -2.464142026
          0,           0,        2059,       -6.17933469,      -4.215680161,      -5.567533629,      -2.464607097
          0,           0,        2060,       -6.17986478,      -4.216221401,      -5.568858877,      -2.465441406
          0,           0,        2061,       -6.18039367,      -4.216763569,      -5.570467333,       -2.46642473
          0,           0,        2062,      -6.180921257,      -4.217306697,      -5.571821347,      -2.467337611
          0,           0,        2063,      -6.181448147,      -4.217850353,      -5.572696107,      -2.468073043
          0,           0,        2064,      -6.181975036,      -4.218394057,      -5.573164614,      -2.468643659
          0,           0,        2065,      -6.182502317,      -4.218937545,      -5.573437649,      -2.469125789
          0,           0,        2066,      -6.183030012,      -4.219480807,      -5.573702137,      -2.469595374
          0,           0,        2067,      -6.183557921,       -4.22002398,      -5.574041268,      -2.470091363
          0,           0,        2068,      -6.184085821,       -4.22056721,      -5.574441348,      -2.470613384
          0,           0,        2069,      -6.184613593,      -4.221110574,      -5.574844327,      -2.471140149
          0,           0,        2070,      -6.185141238,      -4.221654066,      -5.575200077,      -2.471650592
          0,           0,        2071,      -6.185668832,      -4.222197634,      -5.575492273,      -2.472135838
          0,           0,        2072,      -6.186196452,      -4.222741226,      -5.575736029,      -2.472599929
          0,           0,        2073,      -6.186724141,      -4.223284812,      -5.575960422,      -2.473053672
          0,           0,        2074,      -6.187251904,      -4.223828392,      -5.576190932,      -2.473507515
          0,           0,        2075,      -6.187779718,      -4.224371981,       -5.57644075,        -2.4739675
          0,           0,        2076,      -6.188307561,      -4.224915593,      -5.576711358,      -2.474434891
          0,           0,        2077,      -6.188835422,      -4.225459237,      -5.576998253,       -2.47490822
          0,           0,        2078,      -6.189363303,      -4.226002911,      -5.577296857,      -2.475385666
          0,           0,        2079,      -6.189891212,      -4.226546609,      -5.577605533,      -2.475866443
          0,           0,        2080,      -6.190419161,      -4.227090324,      -5.577925553,       -2.47635099
          0,           0,        2081,      -6.190947154,      -4.227634054,      -5.578259368,      -2.476840335
          0,           0,        2082,      -6.191475194,      -4.228177797,      -5.578608706,      -2.477335318
          0,           0,        2083,      -6.192003279,      -4.228721554,      -5.578973739,      -2.477836204
          0,           0,        2084,      -6.192531408,      -4.229265328,      -5.579353108,        -2.4783426
          0,           0,        2085,       -6.19305958,      -4.229809117,      -5.579744639,      -2.478853739
          0,           0,        2086,      -6.193587797,      -4.230352923,      -5.580146095,      -2.479368766
          0,           0,        2087,       -6.19411606,      -4.230896743,      -5.580555571,      -2.479886936
          0,           0,        2088,      -6.194644372,      -4.231440577,      -5.580971552,      -2.480407649
          0,           0,        2089,      -6.195172734,      -4.231984423,      -5.581392777,      -2.480930415
          0,           0,        2090,      -6.195701148,      -4.232528281,      -5.581818035,      -2.481454769
          0,           0,        2091,      -6.196229614,      -4.233072152,      -5.582246132,      -2.481980251
          0,           0,        2092,      -6.196758132,      -4.233616035,      -5.582675842,      -2.482506387
          0,           0,        2093,      -6.197286704,      -4.234159929,      -5.583106017,      -2.483032719
          0,           0,        2094,      -6.197815331,      -4.234703836,      -5.583535675,      -2.483558856
          0,           0,        2095,      -6.198344012,      -4.235247754,      -5.583964039,      -2.484084483
          0,           0,        2096,       -6.19887275,      -4.235791683,      -5.584390525,      -2.484609368
          0,           0,        2097,      -6.199401545,      -4.236335623,      -5.584814753,      -2.485133356
          0,           0,        2098,      -6.199930397,      -4.236879574,       -5.58523645,      -2.485656339
          0,           0,        2099,      -6.200459308,      -4.237423537,      -5.585655485,      -2.486178269
          0,           0,        2100,      -6.200988277,      -4.237967511,      -5.586071792,      -2.486699124
          0,           0,        2101,      -6.201517305,      -4.238511497,      -5.586485403,      -2.487218914
          0,           0,        2102,      -6.202046393,      -4.239055495,      -5.586896453,      -2.487737696
          0,           0,        2103,      -6.202575541,      -4.239599504,      -5.587305101,      -2.488255539
          0,           0,        2104,       -6.20310475,      -4.240143525,      -5.587711589,      -2.488772531
          0,           0,        2105,      -6.203634019,      -4.240687559,      -5.588116157,      -2.489288772
          0,           0,        2106,      -6.204163349,      -4.241231606,      -5.588519094,      -2.489804375
          0,           0,        2107,       -6.20469274,      -4.241775665,      -5.588920666,      -2.490319441
          0,           0,        2108,      -6.205222193,      -4.242319737,      -5.589321141,      -2.490834074
          0,           0,        2109,      -6.205751707,      -4.242863823,      -5.589720762,      -2.491348367
          0,           0,        2110,      -6.206281282,      -4.243407923,      -5.590119759,      -2.491862409
          0,           0,        2111,       -6.20681092,      -4.243952036,      -5.590518318,      -2.492376264
          0,           0,        2112,      -6.207340619,      -4.244496164,      -5.590916624,      -2.492890007
          0,           0,        2113,      -6.207870379,      -4.245040307,      -5.591314798,      -2.493403673
          0,           0,        2114,      -6.208400202,      -4.245584465,      -5.591712956,       -2.49391731
          0,           0,        2115,      -6.208930086,      -4.246128637,      -5.592111181,      -2.494430941
          0,           0,        2116,      -6.209489535,      -4.248075407,      -5.386537174,      -2.337052577
          0,           0,        2117,      -6.210276405,      -4.247992207,      -5.537586885,      -2.467889411
          0,           0,        2118,      -6.211131545,      -4.249618972,      -5.365535117,      -2.325002893
          0,           0,        2119,       -6.21197463,      -4.249508318,      -5.548180263,      -2.473073918
          0,           0,        2120,       -6.21277011,      -4.251191199,       -5.38412875,      -2.337163632
          0,           0,        2121,      -6.213560067,      -4.251108899,      -5.550499306,      -2.475929184
          0,           0,        2122,      -6.214344346,      -4.252795205,      -5.372487269,      -2.331424948
          0,           0,        2123,      -6.215154167,      -4.252700623,      -5.538913709,      -2.471698927
          0,           0,        2124,      -6.215950979,       -4.25437691,      -5.367321772,      -2.329169796
          0,           0,        2125,      -6.216765422,      -4.254279571,      -5.536074944,      -2.471189435
          0,           0,        2126,       -6.21755662,      -4.255960194,      -5.367128093,      -2.329848824
          0,           0,        2127,      -6.218369293,      -4.255863467,      -5.534539977,      -2.471410792
          0,           0,        2128,      -6.219158096,      -4.257545681,      -5.365678335,      -2.329690554
          0,           0,        2129,      -6.219974202,      -4.257447011,      -5.532809791,       -2.47147973
          0,           0,        2130,      -6.220762885,      -4.259129644,       -5.36539924,      -2.330157227
          0,           0,        2131,      -6.221581367,      -4.259029797,      -5.532719277,      -2.472282403
          0,           0,        2132,      -6.222368659,      -4.260714021,      -5.366412717,      -2.331362471
          0,           0,        2133,      -6.223188483,      -4.260613561,      -5.533655029,      -2.473579062
          0,           0,        2134,      -6.223969099,      -4.260869474,      -5.540977257,      -2.478856213
          0,           0,        2135,      -6.224550633,      -4.261387317,      -5.577116192,      -2.496064829
          0,           0,        2136,      -6.225026739,      -4.261980052,      -5.597909266,      -2.507389712
          0,           0,        2137,      -6.225493586,      -4.262572107,      -5.593201157,      -2.506845598
          0,           0,        2138,       -6.22601239,      -4.264550243,      -5.378077832,      -2.339791122
          0,           0,        2139,      -6.226831068,      -4.264447098,      -5.524629817,      -2.470909385
          0,           0,        2140,      -6.227693523,      -4.266067444,      -5.362292536,      -2.329756059
          0,           0,        2141,      -6.228562813,      -4.265942501,      -5.547984984,      -2.482178268
          0,           0,        2142,       -6.22934866,      -4.266197478,      -5.563956684,      -2.491564878
          0,           0,        2143,      -6.229911198,      -4.266730489,      -5.603392342,      -2.510052489
          0,           0,        2144,      -6.230368036,      -4.267338429,      -5.620460055,      -2.520046709
          0,           0,        2145,      -6.230833903,      -4.269362812,      -5.401154048,      -2.355576574
          0,           0,        2146,      -6.231624946,       -4.26927603,       -5.53617431,       -2.47974872
          0,           0,        2147,      -6.232465598,      -4.269486829,      -5.538259348,      -2.481890295
          0,           0,        2148,      -6.233113075,       -4.26995988,       -5.58466816,      -2.503205686
          0,           0,        2149,      -6.233616891,      -4.270535566,      -5.620980178,      -2.520853961
          0,           0,        2150,      -6.234075146,      -4.271136203,      -5.624367683,      -2.524445858
          0,           0,        2151,      -6.234553066,      -4.271720727,      -5.608818239,      -2.519049383
          0,           0,        2152,      -6.235071919,      -4.272275829,      -5.594048186,      -2.512765777
          0,           0,        2153,      -6.235620029,       -4.27281058,      -5.588908936,      -2.510229083
          0,           0,        2154,      -6.236174906,      -4.273341207,      -5.592688834,       -2.51173682
          0,           0,        2155,      -6.236720791,      -4.273878649,      -5.600397559,      -2.515233034
          0,           0,        2156,      -6.237254137,      -4.274425096,      -5.607100425,      -2.518516025
          0,           0,        2157,      -6.237779851,      -4.274976951,      -5.610406078,       -2.52044728
          0,           0,        2158,       -6.23830476,      -4.275529443,      -5.610701571,      -2.521066217
          0,           0,        2159,      -6.238833089,      -4.276079699,      -5.609765273,        -2.5210593
          0,           0,        2160,      -6.239365385,      -4.276627401,      -5.609203794,      -2.521125721
          0,           0,        2161,      -6.239899859,        -4.2771738,      -5.609686153,      -2.521608059
          0,           0,        2162,      -6.240434353,      -4.277720356,      -5.611012987,      -2.522468559
          0,           0,        2163,      -6.240967625,      -4.278267874,       -5.61259365,      -2.523472997
          0,           0,        2164,      -6.241499602,      -4.278816366,      -5.613913079,      -2.524395333
          0,           0,        2165,      -6.242030908,      -4.279365386,      -5.614763354,       -2.52512969
          0,           0,        2166,      -6.242562248,      -4.279914451,      -5.615222377,      -2.525693769
          0,           0,        2167,      -6.243094008,        -4.2804633,      -5.615496245,      -2.526168664
          0,           0,        2168,      -6.243626202,      -4.281011929,      -5.615764211,      -2.526632597
          0,           0,        2169,      -6.244158624,      -4.281560479,      -5.616104149,      -2.527124389
          0,           0,        2170,       -6.24469105,      -4.282109097,      -5.616501332,      -2.527642416
          0,           0,        2171,      -6.245223363,      -4.282657857,      -5.616899792,       -2.52816434
          0,           0,        2172,      -6.245755568,       -4.28320675,      -5.617252329,      -2.528668823
          0,           0,        2173,       -6.24628774,      -4.283755725,      -5.617544556,      -2.529147415
          0,           0,        2174,      -6.246819956,      -4.284304729,        -5.6177919,      -2.529604866
          0,           0,        2175,       -6.24735226,      -4.284853732,      -5.618022604,      -2.530052551
          0,           0,        2176,      -6.247884652,      -4.285402735,      -5.618260988,      -2.530501184
          0,           0,        2177,      -6.248417113,      -4.285951753,      -5.618519377,      -2.530956787
          0,           0,        2178,      -6.248949618,      -4.286500801,      -5.618798906,      -2.531420496
          0,           0,        2179,      -6.249482156,      -4.287049885,      -5.619095155,      -2.531890719
          0,           0,        2180,       -6.25001473,      -4.287599005,      -5.619403684,      -2.532365577
          0,           0,        2181,      -6.250547349,      -4.288148154,      -5.619722939,      -2.532844294
          0,           0,        2182,      -6.251080023,      -4.288697326,      -5.620054103,      -2.533327335
          0,           0,        2183,      -6.251612757,      -4.289246516,      -5.620399387,       -2.53381571
          0,           0,        2184,      -6.252145553,      -4.289795724,      -5.620760319,      -2.534310237
          0,           0,        2185,      -6.252678409,      -4.290344952,      -5.621136852,      -2.534811087
          0,           0,        2186,      -6.253211323,        -4.2908942,       -5.62152757,      -2.535317806
          0,           0,        2187,      -6.253744296,      -4.291443468,      -5.621930263,      -2.535829539
          0,           0,        2188,      -6.254277329,      -4.291992756,      -5.622342681,      -2.536345367
          0,           0,        2189,      -6.254810422,      -4.292542063,      -5.622762927,      -2.536864492
          0,           0,        2190,      -6.255343579,      -4.293091387,      -5.623189458,      -2.537386269
          0,           0,        2191,      -6.255876801,      -4.293640727,      -5.623621004,      -2.537910158
          0,           0,        2192,      -6.256410088,      -4.294190084,      -5.624056358,      -2.538435666
          0,           0,        2193,      -6.256943442,      -4.294739456,      -5.624494279,      -2.538962285
          0,           0,        2194,      -6.257476863,      -4.295288843,      -5.624933571,      -2.539489502
          0,           0,        2195,      -6.258010351,      -4.295838246,      -5.625373108,       -2.54001685
          0,           0,        2196,      -6.258543908,      -4.296387664,      -5.625811911,      -2.540543907
          0,           0,        2197,      -6.259077534,      -4.296937096,      -5.626249224,      -2.541070346
          0,           0,        2198,       -6.25961123,      -4.297486543,        -5.6266845,      -2.541595931
          0,           0,        2199,      -6.260144997,      -4.298036005,      -5.627117341,      -2.542120494
          0,           0,        2200,      -6.260678835,      -4.298585481,      -5.627547519,      -2.542643939
          0,           0,        2201,      -6.261212745,      -4.299134971,      -5.627974897,      -2.543166211
          0,           0,        2202,      -6.261746727,      -4.299684476,      -5.628399428,      -2.543687291
          0,           0,        2203,      -6.262280781,      -4.300233996,      -5.628821186,      -2.544207213
          0,           0,        2204,      -6.262814909,      -4.300783531,      -5.629240285,      -2.544726027
          0,           0,        2205,       -6.26334911,       -4.30133308,      -5.629656927,      -2.545243818
          0,           0,        2206,      -6.263883384,      -4.301882645,      -5.630071352,      -2.545760689
          0,           0,        2207,      -6.264417732,      -4.302432225,      -5.630483822,      -2.546276749
          0,           0,        2208,      -6.264952154,      -4.302981821,      -5.630894632,       -2.54679212
          0,           0,        2209,      -6.265486651,      -4.303531432,      -5.631304074,      -2.547306927
          0,           0,        2210,      -6.266021221,       -4.30408106,      -5.631712406,      -2.547821269
          0,           0,        2211,      -6.266555866,      -4.304630705,      -5.632119898,      -2.548335262
          0,           0,        2212,      -6.267090586,      -4.305180366,      -5.632526787,      -2.548848995
          0,           0,        2213,      -6.267625379,      -4.305730044,      -5.632933269,       -2.54936255
          0,           0,        2214,      -6.268160247,      -4.306279739,      -5.633339525,         -2.549876
          0,           0,        2215,       -6.26869519,      -4.306829453,      -5.633745697,      -2.550389393
          0,           0,        2216,      -6.269230207,      -4.307379184,      -5.634151895,      -2.550902777
          0,           0,        2217,      -6.269765298,      -4.307928933,      -5.634558218,      -2.551416185
          0,           0,        2218,      -6.270279417,      -4.309911637,      -5.430356709,      -2.390267587
          0,           0,        2219,      -6.271119516,      -4.309815747,       -5.58121796,      -2.523666464
          0,           0,        2220,       -6.27194256,      -4.311468133,      -5.409292728,      -2.377558518
          0,           0,        2221,      -6.272839113,       -4.31134491,      -5.591540162,      -2.529063966
          0,           0,        2222,      -6.273599834,      -4.313055512,      -5.427250415,      -2.389829936
          0,           0,        2223,       -6.27444197,      -4.312961018,      -5.593350254,      -2.531713487
          0,           0,        2224,      -6.275191404,      -4.314674697,      -5.415597175,      -2.383746311
          0,           0,        2225,      -6.276054211,      -4.314567603,      -5.581810896,      -2.527138099
          0,           0,        2226,      -6.276816241,      -4.316271092,       -5.41047789,      -2.381366095
          0,           0,        2227,       -6.27768376,      -4.316161268,      -5.578933025,      -2.526502749
          0,           0,        2228,      -6.278439921,      -4.317869209,      -5.410220742,      -2.381970096
          0,           0,        2229,      -6.279305713,      -4.317759966,      -5.577365934,      -2.526625129
          0,           0,        2230,      -6.280059397,      -4.319469486,      -5.408798461,      -2.381749575
          0,           0,        2231,       -6.28092875,       -4.31935826,      -5.575700232,      -2.526633829
          0,           0,        2232,      -6.281682257,      -4.321068212,      -5.408573291,       -2.38219759
          0,           0,        2233,      -6.282554049,        -4.3209558,      -5.575684426,      -2.527427228
          0,           0,        2234,      -6.283306118,      -4.322667371,      -5.409627821,      -2.383406299
          0,           0,        2235,      -6.284179294,      -4.322554335,      -5.576694687,      -2.528741225
          0,           0,        2236,      -6.284977064,      -4.322806846,      -5.583512448,      -2.533948013
          0,           0,        2237,       -6.28556376,      -4.323329625,      -5.619129292,       -2.55211468
          0,           0,        2238,      -6.286042556,       -4.32392974,      -5.639473797,      -2.563847358
          0,           0,        2239,       -6.28651265,      -4.324528814,      -5.634931674,      -2.563147254
          0,           0,        2240,      -6.286984991,        -4.3265432,      -5.421943875,      -2.392408741
          0,           0,        2241,       -6.28785832,      -4.326426777,      -5.568651098,      -2.526099744
          0,           0,        2242,      -6.288688579,       -4.32807245,      -5.406486705,      -2.382092606
          0,           0,        2243,      -6.289612038,      -4.327934789,      -5.591841552,      -2.537979559
          0,           0,        2244,      -6.290414837,      -4.328186645,      -5.606985861,      -2.547402426
          0,           0,        2245,      -6.290982036,      -4.328725032,      -5.645627376,      -2.566801388
          0,           0,        2246,      -6.291441321,      -4.329340598,      -5.662172568,       -2.57704909
          0,           0,        2247,      -6.291859351,      -4.331402717,      -5.444698279,       -2.40845258
          0,           0,        2248,      -6.292704338,      -4.331302861,      -5.580077542,      -2.535039859
          0,           0,        2249,       -6.29356495,      -4.331508603,      -5.582045443,      -2.537191614
          0,           0,        2250,      -6.294219421,      -4.331985575,      -5.627907793,      -2.559738659
          0,           0,        2251,      -6.294726216,      -4.332568652,      -5.663284702,      -2.578055018
          0,           0,        2252,      -6.295187161,       -4.33317687,      -5.666290517,      -2.581516841
          0,           0,        2253,      -6.295669253,      -4.333767832,       -5.65102689,      -2.575696725
          0,           0,        2254,      -6.296193761,      -4.334328342,      -5.636758722,      -2.569155941
          0,           0,        2255,      -6.296748106,      -4.334868171,      -5.631988933,      -2.566630459
          0,           0,        2256,      -6.297309009,      -4.335404094,      -5.635887754,      -2.568306615
          0,           0,        2257,      -6.297860456,      -4.335947186,      -5.643511955,      -2.571985236
          0,           0,        2258,      -6.298399066,      -4.336499496,      -5.650058312,      -2.575377633
          0,           0,        2259,       -6.29893002,      -4.337057234,      -5.653258184,      -2.577333766
          0,           0,        2260,      -6.299460311,      -4.337615523,      -5.653545263,      -2.577931212
          0,           0,        2261,      -6.299994176,      -4.338171494,      -5.652668926,      -2.577901328
          0,           0,        2262,      -6.300532091,      -4.338724883,      -5.652178628,      -2.577966447
          0,           0,        2263,      -6.301072191,      -4.339276995,      -5.652701518,      -2.578467794
          0,           0,        2264,      -6.301612284,      -4.339829307,      -5.654027864,      -2.579354145
          0,           0,        2265,      -6.302151136,      -4.340382613,      -5.655581134,       -2.58037858
          0,           0,        2266,      -6.302688697,      -4.340936908,      -5.656868251,      -2.581309631
          0,           0,        2267,      -6.303225613,       -4.34149173,      -5.657696918,      -2.582043095
          0,           0,        2268,      -6.303762592,      -4.342046594,      -5.658148883,      -2.582601575
          0,           0,        2269,      -6.304300017,      -4.342601244,      -5.658425188,      -2.583070472
          0,           0,        2270,      -6.304837893,      -4.343155682,      -5.658697667,      -2.583529895
          0,           0,        2271,      -6.305376009,      -4.343710051,      -5.659039354,      -2.584018388
          0,           0,        2272,       -6.30591414,      -4.344264497,      -5.659434788,      -2.584533176
          0,           0,        2273,      -6.306452171,      -4.344819094,      -5.659830208,      -2.585051033
          0,           0,        2274,       -6.30699011,      -4.345373831,      -5.660181231,      -2.585550489
          0,           0,        2275,      -6.307528032,      -4.345928654,      -5.660475176,      -2.586023559
          0,           0,        2276,      -6.308066014,      -4.346483511,      -5.660727693,       -2.58647566
          0,           0,        2277,      -6.308604099,      -4.347038374,      -5.660966123,      -2.586918663
          0,           0,        2278,      -6.309142288,      -4.347593244,      -5.661213637,      -2.587363472
          0,           0,        2279,      -6.309680557,      -4.348148134,      -5.661481781,      -2.587816088
          0,           0,        2280,      -6.310218885,      -4.348703061,      -5.661771399,      -2.588277506
          0,           0,        2281,       -6.31075726,       -4.34925803,      -5.662078155,      -2.588746032
          0,           0,        2282,      -6.311295685,       -4.34981304,      -5.662397786,      -2.589219755
          0,           0,        2283,      -6.311834168,      -4.350368085,      -5.662728747,      -2.589697883
          0,           0,        2284,      -6.312372719,      -4.350923156,      -5.663072131,       -2.59018089
          0,           0,        2285,      -6.312911344,      -4.351478252,      -5.663429946,      -2.590669787
          0,           0,        2286,      -6.313450044,      -4.352033371,       -5.66380348,      -2.591165329
          0,           0,        2287,      -6.313988817,      -4.352588514,      -5.664192539,      -2.591667611
          0,           0,        2288,      -6.314527661,      -4.353143682,      -5.664595604,      -2.592176097
          0,           0,        2289,      -6.315066577,      -4.353698874,      -5.665010453,      -2.592689859
          0,           0,        2290,      -6.315605565,      -4.354254091,      -5.665434841,      -2.593207915
          0,           0,        2291,      -6.316144627,       -4.35480933,      -5.665866842,      -2.593729403
          0,           0,        2292,      -6.316683764,       -4.35536459,      -5.666304916,      -2.594253636
          0,           0,        2293,      -6.317222979,      -4.355919871,       -5.66674777,      -2.594780032
          0,           0,        2294,      -6.317762272,      -4.356475172,      -5.667194185,      -2.595308052
          0,           0,        2295,      -6.318301643,      -4.357030492,      -5.667642912,       -2.59583715
          0,           0,        2296,      -6.318841094,      -4.357585831,      -5.668092774,       -2.59636679
          0,           0,        2297,      -6.319380624,      -4.358141189,      -5.668542646,      -2.596896473
          0,           0,        2298,      -6.319920235,      -4.358696565,      -5.668991574,      -2.597425759
          0,           0,        2299,      -6.320459927,       -4.35925196,      -5.669438827,       -2.59795431
          0,           0,        2300,        -6.3209997,      -4.359807373,      -5.669883864,      -2.598481885
          0,           0,        2301,      -6.321539556,      -4.360362803,      -5.670326307,      -2.599008308
          0,           0,        2302,      -6.322079495,      -4.360918252,      -5.670765959,      -2.599533488
          0,           0,        2303,      -6.322619517,      -4.361473718,      -5.671202682,      -2.600057378
          0,           0,        2304,      -6.323159623,      -4.362029202,      -5.671636454,      -2.600579958
          0,           0,        2305,      -6.323699812,      -4.362584704,      -5.672067367,      -2.601101279
          0,           0,        2306,      -6.324240087,      -4.363140224,      -5.672495562,      -2.601621395
          0,           0,        2307,      -6.324780445,      -4.363695762,      -5.672921231,       -2.60214041
          0,           0,        2308,      -6.325320889,      -4.364251319,      -5.673344643,      -2.602658429
          0,           0,        2309,      -6.325861417,      -4.364806895,      -5.673766087,      -2.603175587
          0,           0,        2310,       -6.32640203,      -4.365362489,      -5.674185843,      -2.603692003
          0,           0,        2311,      -6.326942729,      -4.365918102,       -5.67460424,      -2.604207827
          0,           0,        2312,      -6.327483513,      -4.366473735,      -5.675021533,      -2.604723168
          0,           0,        2313,      -6.328024382,      -4.367029388,      -5.675438014,      -2.605238149
          0,           0,        2314,      -6.328565336,       -4.36758506,      -5.675853912,      -2.605752868
          0,           0,        2315,      -6.329106375,      -4.368140753,      -5.676269431,       -2.60626742
          0,           0,        2316,        -6.3296475,      -4.368696466,      -5.676684778,      -2.606781877
          0,           0,        2317,      -6.330188709,      -4.369252199,      -5.677100087,      -2.607296305
          0,           0,        2318,      -6.330730003,      -4.369807954,      -5.677515464,      -2.607810742
          0,           0,        2319,      -6.331271383,       -4.37036373,      -5.677931008,      -2.608325231
          0,           0,        2320,      -6.331741756,       -4.37238358,      -5.475059507,      -2.443568459
          0,           0,        2321,      -6.332636179,      -4.372275393,      -5.625719438,      -2.579455584
          0,           0,        2322,       -6.33342914,      -4.373954256,       -5.45394135,       -2.43023971
          0,           0,        2323,      -6.334380446,      -4.373818825,      -5.635744245,        -2.5850377
          0,           0,        2324,      -6.335108428,      -4.375558007,      -5.471276793,      -2.442576372
          0,           0,        2325,      -6.336003991,      -4.375451671,      -5.637072923,      -2.587464524
          0,           0,        2326,      -6.336720539,      -4.377193597,      -5.459624364,      -2.436172506
          0,           0,        2327,      -6.337637579,      -4.377074361,      -5.625587805,      -2.582558542
          0,           0,        2328,      -6.338366768,      -4.378805926,      -5.454547735,      -2.433676554
          0,           0,        2329,      -6.339288621,      -4.378683986,       -5.62267411,      -2.581800786
          0,           0,        2330,      -6.340011676,      -4.380420116,      -5.454231485,       -2.43420784
          0,           0,        2331,      -6.340931849,      -4.380298726,      -5.621083261,      -2.581829335
          0,           0,        2332,      -6.341652327,      -4.382036423,       -5.45284072,        -2.4339336
          0,           0,        2333,      -6.342576187,      -4.381913016,      -5.619486241,      -2.581786373
          0,           0,        2334,      -6.343296416,       -4.38365116,      -5.452671347,      -2.434369914
          0,           0,        2335,      -6.344222778,      -4.383526558,      -5.619547557,      -2.582577658
          0,           0,        2336,       -6.34494151,      -4.385266349,      -5.453770315,      -2.435587821
          0,           0,        2337,      -6.345869295,      -4.385141114,      -5.620635022,      -2.583915628
          0,           0,        2338,      -6.346685647,      -4.385390387,      -5.626981936,      -2.589030484
          0,           0,        2339,      -6.347278746,      -4.385918478,      -5.662090791,       -2.60809952
          0,           0,        2340,      -6.347761288,      -4.386526429,       -5.68202672,      -2.620215132
          0,           0,        2341,      -6.348235622,      -4.387132994,      -5.677673012,      -2.619377148
          0,           0,        2342,       -6.34866287,      -4.389184864,      -5.466740578,      -2.445181883
          0,           0,        2343,      -6.349591909,        -4.3890556,      -5.613589691,      -2.581375627
          0,           0,        2344,      -6.350391831,       -4.39072746,      -5.451596901,      -2.434624482
          0,           0,        2345,      -6.351370732,      -4.390577459,      -5.636575127,      -2.593825282
          0,           0,        2346,      -6.352191932,      -4.390826341,      -5.650938763,       -2.60324687
          0,           0,        2347,      -6.352765023,      -4.391370465,      -5.688819202,      -2.623497672
          0,           0,        2348,      -6.353227788,      -4.391994107,      -5.704892826,      -2.633976044
          0,           0,        2349,      -6.353599298,      -4.394095197,      -5.489202873,      -2.461466341
          0,           0,        2350,       -6.35449924,      -4.393982706,      -5.624918629,      -2.590417211
          0,           0,        2351,      -6.355381177,      -4.394183586,      -5.626759545,       -2.59256502
          0,           0,        2352,      -6.356043878,      -4.394664853,      -5.672061666,      -2.616271143
          0,           0,        2353,      -6.356554713,      -4.395255753,      -5.706547832,      -2.635202805
          0,           0,        2354,      -6.357019337,      -4.395872001,      -5.709222776,      -2.638526169
          0,           0,        2355,      -6.357506563,      -4.396469864,      -5.694261916,      -2.632309923
          0,           0,        2356,      -6.358037681,      -4.397036258,      -5.680484294,      -2.625545047
          0,           0,        2357,       -6.35859922,      -4.397581648,      -5.676062918,      -2.623047696
          0,           0,        2358,      -6.359167118,      -4.398123341,      -5.680064362,      -2.624891451
          0,           0,        2359,      -6.359725109,      -4.398672546,      -5.687599535,      -2.628742917
          0,           0,        2360,      -6.360269973,      -4.399231173,      -5.693995531,      -2.632235882
          0,           0,        2361,      -6.360807155,      -4.399795244,      -5.697099628,      -2.634213905
          0,           0,        2362,      -6.361343807,      -4.400359786,      -5.697385292,      -2.634792551
          0,           0,        2363,      -6.361884181,      -4.400921931,      -5.696570565,      -2.634744757
          0,           0,        2364,       -6.36242868,      -4.401481472,      -5.696149207,      -2.634812577
          0,           0,        2365,      -6.362975369,      -4.402039761,      -5.696709653,      -2.635334428
          0,           0,        2366,      -6.363522024,      -4.402598291,      -5.698034112,      -2.636246074
          0,           0,        2367,       -6.36406742,      -4.403157846,      -5.699560854,      -2.637289265
          0,           0,        2368,       -6.36461153,      -4.403718402,      -5.700818092,      -2.638228307
          0,           0,        2369,      -6.365155016,      -4.404279486,      -5.701627952,      -2.638961107
          0,           0,        2370,      -6.365698593,      -4.404840609,      -5.702075081,      -2.639514963
          0,           0,        2371,      -6.366242639,      -4.405401521,      -5.702355314,      -2.639979118
          0,           0,        2372,       -6.36678715,      -4.405962229,      -5.702633305,      -2.640435166
          0,           0,        2373,       -6.36733191,      -4.406522878,      -5.702977699,      -2.640921274
          0,           0,        2374,      -6.367876696,      -4.407083614,      -5.703372598,      -2.641433599
          0,           0,        2375,      -6.368421395,      -4.407644509,      -5.703766479,      -2.641948212
          0,           0,        2376,      -6.368966014,       -4.40820555,      -5.704117616,      -2.642443617
          0,           0,        2377,      -6.369510631,      -4.408766683,       -5.70441493,      -2.642912353
          0,           0,        2378,      -6.370055322,      -4.409327855,      -5.704674095,      -2.643360427
          0,           0,        2379,       -6.37060013,      -4.409889039,      -5.704921558,      -2.643800139
          0,           0,        2380,      -6.371145053,      -4.410450237,      -5.705179419,      -2.644242553
          0,           0,        2381,      -6.371690068,      -4.411011462,      -5.705458467,      -2.644693591
          0,           0,        2382,      -6.372235155,      -4.411572729,      -5.705759322,      -2.645154144
          0,           0,        2383,        -6.3727803,      -4.412134045,      -5.706077715,      -2.645622409
          0,           0,        2384,      -6.373325507,      -4.412695407,      -5.706409542,      -2.646096438
          0,           0,        2385,      -6.373870785,      -4.413256808,      -5.706753319,      -2.646575455
          0,           0,        2386,      -6.374416142,      -4.413818242,      -5.707110005,      -2.647059932
          0,           0,        2387,      -6.374961585,      -4.414379705,      -5.707481363,      -2.647550827
          0,           0,        2388,      -6.375507114,      -4.414941196,      -5.707868505,      -2.648048856
          0,           0,        2389,      -6.376052728,      -4.415502716,      -5.708271082,      -2.648554029
          0,           0,        2390,      -6.376598424,      -4.416064265,      -5.708687495,      -2.649065727
          0,           0,        2391,      -6.377144203,      -4.416625844,      -5.709115486,       -2.64958294
          0,           0,        2392,      -6.377690065,       -4.41718745,      -5.709552809,      -2.650104625
          0,           0,        2393,      -6.378236011,      -4.417749083,      -5.709997547,      -2.650629877
          0,           0,        2394,      -6.378782045,      -4.418310742,      -5.710448147,      -2.651157943
          0,           0,        2395,      -6.379328166,      -4.418872425,      -5.710903283,      -2.651688203
          0,           0,        2396,      -6.379874376,      -4.419434131,      -5.711361726,      -2.652220085
          0,           0,        2397,      -6.380420675,       -4.41999586,       -5.71182224,      -2.652752994
          0,           0,        2398,      -6.380967064,      -4.420557612,      -5.712283628,       -2.65328637
          0,           0,        2399,      -6.381513542,      -4.421119387,      -5.712744807,      -2.653819691
          0,           0,        2400,      -6.382060112,      -4.421681183,      -5.713204829,      -2.654352497
          0,           0,        2401,      -6.382606772,      -4.422243001,      -5.713662981,      -2.654884438
          0,           0,        2402,      -6.383153525,      -4.422804841,       -5.71411877,      -2.655415284
          0,           0,        2403,       -6.38370037,      -4.423366701,      -5.714571803,      -2.655944842
          0,           0,        2404,      -6.384247308,      -4.423928583,      -5.715021901,      -2.656473023
          0,           0,        2405,      -6.384794339,      -4.424490486,      -5.715468962,      -2.656999788
          0,           0,        2406,      -6.385341464,       -4.42505241,      -5.715912988,      -2.657525137
          0,           0,        2407,      -6.385888682,      -4.425614355,      -5.716354065,      -2.658049113
          0,           0,        2408,      -6.386435994,      -4.426176321,      -5.716792359,      -2.658571797
          0,           0,        2409,      -6.386983401,      -4.426738309,      -5.717228094,      -2.659093292
          0,           0,        2410,      -6.387530902,      -4.427300319,      -5.717661541,      -2.659613728
          0,           0,        2411,      -6.388078497,       -4.42786235,      -5.718092998,      -2.660133246
          0,           0,        2412,      -6.388626187,      -4.428424403,      -5.718522784,      -2.660651994
          0,           0,        2413,      -6.389173971,      -4.428986479,      -5.718951202,       -2.66117011
          0,           0,        2414,       -6.38972185,      -4.429548577,      -5.719378537,      -2.661687732
          0,           0,        2415,      -6.390269823,      -4.430110698,      -5.719805092,      -2.662204989
          0,           0,        2416,      -6.390817891,      -4.430672842,      -5.720231094,      -2.662721984
          0,           0,        2417,      -6.391366052,      -4.431235009,      -5.720656766,      -2.663238826
          0,           0,        2418,      -6.391914309,        -4.4317972,      -5.721082301,       -2.66375559
          0,           0,        2419,      -6.392462659,      -4.432359414,      -5.721507836,      -2.664272342
          0,           0,        2420,      -6.393011103,      -4.432921653,      -5.721933517,      -2.664789148
          0,           0,        2421,      -6.393559641,      -4.433483916,      -5.722359404,      -2.665306022
          0,           0,        2422,      -6.393987418,       -4.43554203,      -5.520762269,      -2.497122628
          0,           0,        2423,      -6.394937084,      -4.435422015,      -5.671225329,      -2.635411744
          0,           0,        2424,      -6.395701537,      -4.437128173,      -5.499603883,      -2.483219568
          0,           0,        2425,      -6.396708692,      -4.436980976,      -5.680934773,      -2.641149851
          0,           0,        2426,      -6.397405515,      -4.438749548,      -5.516332209,      -2.495578795
          0,           0,        2427,      -6.398355573,      -4.438631798,      -5.681808881,      -2.643339748
          0,           0,        2428,      -6.399040759,      -4.440402791,      -5.504691418,      -2.488880039
          0,           0,        2429,      -6.400013097,       -4.44027186,      -5.670384607,      -2.638120018
          0,           0,        2430,      -6.400710951,      -4.442032326,      -5.499654902,      -2.486277967
          0,           0,        2431,      -6.401688215,      -4.441898714,      -5.667438844,      -2.637244351
          0,           0,        2432,      -6.402379664,      -4.443663852,      -5.499284483,      -2.486739612
          0,           0,        2433,      -6.403355298,      -4.443530761,       -5.66583207,      -2.637185025
          0,           0,        2434,      -6.404044053,      -4.445297456,      -5.497929229,      -2.486420308
          0,           0,        2435,      -6.405023498,      -4.445162316,      -5.664307323,      -2.637099207
          0,           0,        2436,      -6.405711922,      -4.446929471,      -5.497817808,      -2.486851868
          0,           0,        2437,      -6.406693931,      -4.446793129,      -5.664447942,      -2.637895488
          0,           0,        2438,      -6.407380788,      -4.448561959,      -5.498964822,      -2.488084747
          0,           0,        2439,      -6.408364258,      -4.448424977,      -5.665615016,      -2.639263811
          0,           0,        2440,      -6.409200415,      -4.448671228,      -5.671525457,      -2.644268786
          0,           0,        2441,      -6.409800942,      -4.449205019,      -5.706140156,      -2.664177738
          0,           0,        2442,      -6.410288082,      -4.449821256,      -5.725703151,      -2.676648784
          0,           0,        2443,      -6.410767451,      -4.450435782,      -5.721554233,      -2.675692037
          0,           0,        2444,      -6.411150569,      -4.452526259,      -5.512584025,       -2.49827982
          0,           0,        2445,      -6.412136209,      -4.452384665,      -5.659574496,      -2.636894111
          0,           0,        2446,      -6.412907237,      -4.454083521,       -5.49774668,      -2.487523627
          0,           0,        2447,      -6.413942666,      -4.453921637,      -5.682325348,      -2.649870464
          0,           0,        2448,      -6.414783507,      -4.454167742,      -5.695955685,      -2.659256524
          0,           0,        2449,       -6.41536351,      -4.454717974,      -5.733106387,      -2.680293413
          0,           0,        2450,      -6.415830586,      -4.455350133,      -5.748753136,      -2.690978217
          0,           0,        2451,      -6.416156504,      -4.457491303,      -5.534782721,      -2.514787875
          0,           0,        2452,      -6.417112243,      -4.457366687,       -5.67082568,      -2.646037787
          0,           0,        2453,      -6.418016667,      -4.457562959,      -5.672535581,      -2.648169809
          0,           0,        2454,      -6.418688618,       -4.45804891,      -5.717268897,      -2.672954647
          0,           0,        2455,      -6.419204352,      -4.458648065,      -5.750907732,       -2.69244487
          0,           0,        2456,      -6.419673448,      -4.459272779,      -5.753295823,      -2.695623386
          0,           0,        2457,      -6.420166579,         -4.459878,      -5.738648504,       -2.68904147
          0,           0,        2458,      -6.420705068,      -4.460450755,      -5.725347826,      -2.682086132
          0,           0,        2459,      -6.421274566,      -4.461002188,      -5.721254962,      -2.679632633
          0,           0,        2460,      -6.421850233,      -4.461550128,      -5.725345271,      -2.681641633
          0,           0,        2461,      -6.422415556,      -4.462105909,      -5.732789054,      -2.685655336
          0,           0,        2462,      -6.422967467,      -4.462671306,      -5.739041529,      -2.689239712
          0,           0,        2463,       -6.42351167,      -4.463242162,      -5.742059148,      -2.691236738
          0,           0,        2464,      -6.424055472,      -4.463813409,       -5.74234935,       -2.69179947
          0,           0,        2465,      -6.424603132,      -4.464382187,      -5.741597057,      -2.691738778
          0,           0,        2466,      -6.425154989,      -4.464948343,      -5.741242366,      -2.691813088
          0,           0,        2467,      -6.425709039,      -4.465513271,       -5.74183781,      -2.692356669
          0,           0,        2468,      -6.426263028,      -4.466078479,      -5.743159542,      -2.693292875
          0,           0,        2469,      -6.426815741,      -4.466644742,      -5.744661014,      -2.694353546
          0,           0,        2470,      -6.427367171,      -4.467212016,      -5.745890897,      -2.695299881
          0,           0,        2471,      -6.427917999,      -4.467779818,      -5.746684621,      -2.696032297
          0,           0,        2472,      -6.428468942,      -4.468347658,      -5.747128968,      -2.696582542
          0,           0,        2473,      -6.429020374,       -4.46891529,      -5.747414465,      -2.697043207
          0,           0,        2474,      -6.429572283,      -4.469482726,      -5.747698944,      -2.697497032
          0,           0,        2475,      -6.430124451,      -4.470050114,      -5.748047001,      -2.697981664
          0,           0,        2476,      -6.430676653,      -4.470617599,       -5.74844259,      -2.698492335
          0,           0,        2477,      -6.431228778,      -4.471185249,      -5.748836394,      -2.699004555
          0,           0,        2478,      -6.431780836,      -4.471753051,      -5.749189227,      -2.699496948
          0,           0,        2479,      -6.432332904,      -4.472320951,      -5.749491408,      -2.699962556
          0,           0,        2480,      -6.432885061,      -4.472888896,      -5.749758576,      -2.700407951
          0,           0,        2481,      -6.433437344,      -4.473456859,      -5.750016314,      -2.700845798
          0,           0,        2482,      -6.433989753,      -4.474024842,      -5.750285636,      -2.701287228
          0,           0,        2483,      -6.434542267,      -4.474592859,      -5.750576657,      -2.701738117
          0,           0,        2484,       -6.43509486,      -4.475160924,      -5.750889813,      -2.702199221
          0,           0,        2485,      -6.435647524,      -4.475729043,      -5.751220918,      -2.702668658
          0,           0,        2486,       -6.43620026,      -4.476297213,      -5.751565999,       -2.70314445
          0,           0,        2487,      -6.436753078,      -4.476865428,      -5.751923613,      -2.703625828
          0,           0,        2488,      -6.437305985,      -4.477433681,      -5.752294579,      -2.704113235
          0,           0,        2489,      -6.437858988,      -4.478001968,      -5.752680465,      -2.704607599
          0,           0,        2490,      -6.438412088,      -4.478570287,      -5.753082165,      -2.705109567
          0,           0,        2491,      -6.438965281,       -4.47913864,      -5.753499205,      -2.705619066
          0,           0,        2492,      -6.439518568,      -4.479707026,      -5.753929889,      -2.706135385
          0,           0,        2493,      -6.440071946,      -4.480275446,      -5.754371951,      -2.706657445
          0,           0,        2494,      -6.440625417,      -4.480843898,      -5.754823157,      -2.707184143
          0,           0,        2495,      -6.441178983,       -4.48141238,      -5.755281569,      -2.707714515
          0,           0,        2496,      -6.441732644,      -4.481980892,      -5.755745624,      -2.708247766
          0,           0,        2497,      -6.442286403,      -4.482549431,       -5.75621397,      -2.708783228
          0,           0,        2498,       -6.44284026,      -4.483117998,       -5.75668536,      -2.709320267
          0,           0,        2499,      -6.443394216,      -4.483686591,      -5.757158583,      -2.709858292
          0,           0,        2500,       -6.44394827,       -4.48425521,      -5.757632425,      -2.710396688
          0,           0,        2501,      -6.444502423,      -4.484823855,      -5.758105825,      -2.710934912
          0,           0,        2502,      -6.445056675,      -4.485392525,      -5.758577882,      -2.711472504
          0,           0,        2503,      -6.445611028,       -4.48596122,      -5.759047879,      -2.712009102
          0,           0,        2504,      -6.446165481,      -4.486529939,      -5.759515334,      -2.712544453
          0,           0,        2505,      -6.446720036,      -4.487098683,       -5.75997989,      -2.713078383
          0,           0,        2506,      -6.447274691,      -4.487667451,      -5.760441385,      -2.713610809
          0,           0,        2507,      -6.447829449,      -4.488236243,      -5.760899741,      -2.714141692
          0,           0,        2508,      -6.448384309,       -4.48880506,      -5.761354967,      -2.714671038
          0,           0,        2509,       -6.44893927,        -4.4893739,      -5.761807173,      -2.715198908
          0,           0,        2510,      -6.449494335,      -4.489942765,      -5.762256557,      -2.715725406
          0,           0,        2511,      -6.450049501,      -4.490511655,      -5.762703339,      -2.716250624
          0,           0,        2512,       -6.45060477,      -4.491080569,       -5.76314781,      -2.716774722
          0,           0,        2513,      -6.451160142,      -4.491649508,      -5.763590291,      -2.717297858
          0,           0,        2514,      -6.451715616,      -4.492218471,      -5.764031098,      -2.717820183
          0,           0,        2515,      -6.452271192,       -4.49278746,      -5.764470564,      -2.718341853
          0,           0,        2516,      -6.452826871,      -4.493356475,      -5.764908976,      -2.718863018
          0,           0,        2517,      -6.453382653,      -4.493925515,      -5.765346633,      -2.719383818
          0,           0,        2518,      -6.453938537,      -4.494494581,      -5.765783777,      -2.719904356
          0,           0,        2519,      -6.454494523,      -4.495063673,      -5.766220641,      -2.720424769
          0,           0,        2520,      -6.455050611,      -4.495632791,      -5.766657414,      -2.720945119
          0,           0,        2521,        -6.4556068,      -4.496201936,      -5.767094249,      -2.721465493
          0,           0,        2522,      -6.456163092,      -4.496771108,      -5.767531248,       -2.72198593
          0,           0,        2523,      -6.456719484,      -4.497340307,      -5.767968522,      -2.722506477
          0,           0,        2524,      -6.457105498,      -4.499437661,        -5.5675801,      -2.551092138
          0,           0,        2525,      -6.458111153,      -4.499306353,      -5.717862757,       -2.69168705
          0,           0,        2526,      -6.458848333,       -4.50104054,      -5.546399366,      -2.536664349
          0,           0,        2527,      -6.459912246,      -4.500882088,      -5.727245994,      -2.697552983
          0,           0,        2528,      -6.460579155,      -4.502680766,      -5.562537641,      -2.549007115
          0,           0,        2529,      -6.461584592,      -4.502552096,      -5.727691975,      -2.699494867
          0,           0,        2530,      -6.462239609,      -4.504352882,      -5.550917646,      -2.542039052
          0,           0,        2531,      -6.463268127,       -4.50421077,      -5.716333757,      -2.693980107
          0,           0,        2532,      -6.463935823,      -4.506000864,      -5.545919473,      -2.539340621
          0,           0,        2533,      -6.464969393,      -4.505856094,      -5.713359989,      -2.692991986
          0,           0,        2534,      -6.465630405,      -4.507650962,      -5.545500174,      -2.539736391
          0,           0,        2535,      -6.466662396,      -4.507506684,      -5.711744514,       -2.69285141
          0,           0,        2536,      -6.467320586,      -4.509303097,      -5.544184284,       -2.53938066
          0,           0,        2537,      -6.468356514,      -4.509156741,       -5.71029498,      -2.692731601
          0,           0,        2538,      -6.469014278,      -4.510953628,      -5.544133114,      -2.539814339
          0,           0,        2539,      -6.470052832,      -4.510806065,      -5.710516758,      -2.693539777
          0,           0,        2540,      -6.470708953,      -4.512604651,      -5.545331751,      -2.541067869
          0,           0,        2541,      -6.471749001,      -4.512456441,      -5.711765549,      -2.694944502
          0,           0,        2542,      -6.472605997,      -4.512699928,      -5.717274884,      -2.699826172
          0,           0,        2543,      -6.473214797,      -4.513239797,      -5.751409735,      -2.720507686
          0,           0,        2544,      -6.473707221,       -4.51386475,      -5.770631709,      -2.733304701
          0,           0,        2545,      -6.474192257,      -4.514487682,      -5.766698657,      -2.732248724
          0,           0,        2546,      -6.474531922,      -4.516617731,        -5.5595878,      -2.551865587
          0,           0,        2547,      -6.475574879,      -4.516464384,      -5.706727108,      -2.692808039
          0,           0,        2548,      -6.476318143,      -4.518190954,      -5.545054357,       -2.54095421
          0,           0,        2549,      -6.477410996,      -4.518017714,      -5.729223138,      -2.706266967
          0,           0,        2550,      -6.478272526,      -4.518261281,      -5.742168693,      -2.715587896
          0,           0,        2551,      -6.478860285,       -4.51881798,       -5.77862029,      -2.737340773
          0,           0,        2552,      -6.479332341,      -4.519459074,      -5.793879583,      -2.748206949
          0,           0,        2553,      -6.479613318,      -4.521641263,      -5.581550308,      -2.568581221
          0,           0,        2554,      -6.480625527,      -4.521505095,      -5.717919491,      -2.702054528
          0,           0,        2555,      -6.481553411,      -4.521697055,      -5.719499477,      -2.704161791
          0,           0,        2556,       -6.48223545,      -4.522188081,      -5.763660742,      -2.729939448
          0,           0,        2557,      -6.482756775,      -4.522795898,      -5.796495123,      -2.749929045
          0,           0,        2558,      -6.483230979,      -4.523429494,      -5.798634519,      -2.752958422
          0,           0,        2559,      -6.483730628,      -4.524042509,      -5.784306036,      -2.746043364
          0,           0,        2560,       -6.48427709,      -4.524622082,      -5.771466642,      -2.738930866
          0,           0,        2561,       -6.48485515,      -4.525180026,      -5.767683216,      -2.736535377
          0,           0,        2562,      -6.485439201,      -4.525734674,      -5.771850781,      -2.738705874
          0,           0,        2563,       -6.48601248,      -4.526297479,      -5.779202574,      -2.742870449
          0,           0,        2564,      -6.486572072,      -4.526870083,      -5.785318927,      -2.746536972
          0,           0,        2565,      -6.487123929,      -4.527448156,      -5.788258785,      -2.748550346
          0,           0,        2566,      -6.487675506,      -4.528026545,      -5.788558436,      -2.749100138
          0,           0,        2567,      -6.488231073,      -4.528602397,       -5.78786878,       -2.74903142
          0,           0,        2568,      -6.488790902,       -4.52917561,      -5.787578367,      -2.749115711
          0,           0,        2569,      -6.489352925,      -4.529747622,      -5.788206598,       -2.74968199
          0,           0,        2570,      -6.489914863,      -4.530319952,      -5.789525221,      -2.750641907
          0,           0,        2571,      -6.490475506,      -4.530893362,      -5.791002952,      -2.751718753
          0,           0,        2572,      -6.491034871,      -4.531467794,      -5.792208077,      -2.752671761
          0,           0,        2573,      -6.491593653,      -4.532042753,      -5.792988153,      -2.753404118
          0,           0,        2574,      -6.492152573,       -4.53261775,      -5.793431609,      -2.753951792
          0,           0,        2575,      -6.492711998,      -4.533192541,      -5.793723577,      -2.754410224
          0,           0,        2576,      -6.493271912,      -4.533767145,      -5.794015422,      -2.754862946
          0,           0,        2577,      -6.493832093,      -4.534341711,      -5.794368096,      -2.755347035
          0,           0,        2578,      -6.494392315,      -4.534916383,       -5.79476554,      -2.755856862
          0,           0,        2579,       -6.49495247,      -4.535491228,      -5.795160684,      -2.756367592
          0,           0,        2580,      -6.495512569,       -4.53606623,      -5.795516672,      -2.756858022
          0,           0,        2581,      -6.496072691,      -4.536641335,      -5.795825094,      -2.757321729
          0,           0,        2582,      -6.496632911,       -4.53721649,      -5.796101527,       -2.75776581
          0,           0,        2583,      -6.497193269,       -4.53779167,        -5.7963706,      -2.758203181
          0,           0,        2584,      -6.497753762,      -4.538366876,      -5.796652383,      -2.758645053
          0,           0,        2585,      -6.498314369,      -4.538942122,      -5.796956355,      -2.759097189
          0,           0,        2586,      -6.498875065,      -4.539517422,      -5.797282779,      -2.759560241
          0,           0,        2587,      -6.499435841,      -4.540092782,      -5.797627554,      -2.760032265
          0,           0,        2588,      -6.499996699,      -4.540668197,      -5.797986851,      -2.760511247
          0,           0,        2589,      -6.500557647,      -4.541243663,      -5.798359215,      -2.760996409
          0,           0,        2590,      -6.501118696,      -4.541819171,      -5.798745352,      -2.761488181
          0,           0,        2591,      -6.501679848,      -4.542394717,      -5.799146642,      -2.761987444
          0,           0,        2592,      -6.502241106,        -4.5429703,      -5.799563762,      -2.762494752
          0,           0,        2593,      -6.502802467,      -4.543545921,      -5.799996111,      -2.763009962
          0,           0,        2594,      -6.503363929,       -4.54412158,       -5.80044193,      -2.763532269
          0,           0,        2595,      -6.503925491,      -4.544697276,      -5.800898929,      -2.764060533
          0,           0,        2596,      -6.504487155,      -4.545273008,      -5.801364861,      -2.764593562
          0,           0,        2597,      -6.505048922,      -4.545848774,      -5.801837792,      -2.765130366
          0,           0,        2598,      -6.505610794,      -4.546424572,      -5.802316139,       -2.76567009
          0,           0,        2599,       -6.50617277,      -4.547000402,      -5.802798547,      -2.766212021
          0,           0,        2600,      -6.506734853,      -4.547576262,      -5.803283747,      -2.766755499
          0,           0,        2601,      -6.507297043,      -4.548152152,      -5.803770516,      -2.767299875
          0,           0,        2602,      -6.507859339,      -4.548728071,      -5.804257662,      -2.767844519
          0,           0,        2603,      -6.508421741,      -4.549304019,      -5.804744153,      -2.768388881
          0,           0,        2604,      -6.508984252,      -4.549879995,      -5.805229073,      -2.768932463
          0,           0,        2605,       -6.50954687,      -4.550455999,      -5.805711768,      -2.769474918
          0,           0,        2606,      -6.510109596,       -4.55103203,      -5.806191753,      -2.770015979
          0,           0,        2607,      -6.510672431,      -4.551608088,      -5.806668707,      -2.770555489
          0,           0,        2608,      -6.511235375,      -4.552184174,      -5.807142477,      -2.771093351
          0,           0,        2609,      -6.511798428,      -4.552760286,       -5.80761299,      -2.771629542
          0,           0,        2610,       -6.51236159,      -4.553336425,      -5.808080297,      -2.772164088
          0,           0,        2611,      -6.512924861,      -4.553912592,      -5.808544529,      -2.772697051
          0,           0,        2612,      -6.513488243,      -4.554488785,      -5.809005882,      -2.773228545
          0,           0,        2613,      -6.514051733,      -4.555065006,      -5.809464624,      -2.773758697
          0,           0,        2614,      -6.514615334,      -4.555641254,      -5.809921032,      -2.774287672
          0,           0,        2615,      -6.515179044,      -4.556217529,      -5.810375467,      -2.774815634
          0,           0,        2616,      -6.515742863,      -4.556793832,      -5.810828221,      -2.775342747
          0,           0,        2617,      -6.516306792,      -4.557370163,       -5.81127966,      -2.775869194
          0,           0,        2618,       -6.51687083,      -4.557946521,      -5.811730086,      -2.776395127
          0,           0,        2619,      -6.517434978,      -4.558522908,      -5.812179797,      -2.776920695
          0,           0,        2620,      -6.517999234,      -4.559099324,      -5.812629035,      -2.777446029
          0,           0,        2621,        -6.5185636,      -4.559675768,       -5.81307804,      -2.777971228
          0,           0,        2622,      -6.519128074,      -4.560252241,      -5.813526994,      -2.778496412
          0,           0,        2623,      -6.519692656,      -4.560828744,      -5.813976073,      -2.779021638
          0,           0,        2624,      -6.520257347,      -4.561405275,      -5.814425367,      -2.779546966
          0,           0,        2625,      -6.520822146,      -4.561981837,      -5.814874975,      -2.780072436
          0,           0,        2626,      -6.521167011,      -4.564119227,      -5.615622738,      -2.605631878
          0,           0,        2627,      -6.522229222,       -4.56397722,      -5.765748925,      -2.748428592
          0,           0,        2628,      -6.522940114,      -4.565740055,      -5.594439422,      -2.590731434
          0,           0,        2629,      -6.524061501,      -4.565570924,      -5.774801276,      -2.754395376
          0,           0,        2630,      -6.524699491,      -4.567400298,      -5.610006831,      -2.603023049
          0,           0,        2631,      -6.525761005,      -4.567261262,      -5.774845262,      -2.756081554
          0,           0,        2632,      -6.526386801,      -4.569092441,      -5.598415241,      -2.595811045
          0,           0,        2633,      -6.527472197,      -4.568939724,      -5.763556972,      -2.750291854
          0,           0,        2634,      -6.528110667,      -4.570760049,      -5.593454169,      -2.593026016
          0,           0,        2635,      -6.529201251,      -4.570604698,      -5.760559313,       -2.74919748
          0,           0,        2636,      -6.529832753,      -4.572429893,      -5.592991542,      -2.593360296
          0,           0,        2637,      -6.530921813,      -4.572275001,      -5.758941719,      -2.748982797
          0,           0,        2638,      -6.531550354,       -4.57410173,      -5.591718572,      -2.592976605
          0,           0,        2639,      -6.532643476,      -4.573944736,      -5.757569672,      -2.748837713
          0,           0,        2640,      -6.533271491,      -4.575771949,      -5.591729848,      -2.593419023
          0,           0,        2641,      -6.534367299,      -4.575613744,      -5.757874103,      -2.749664382
          0,           0,        2642,      -6.534993588,      -4.577442678,      -5.592983542,       -2.59469868
          0,           0,        2643,      -6.536090922,       -4.57728382,      -5.759206304,      -2.751111121
          0,           0,        2644,      -6.536969612,      -4.577524832,      -5.764350621,      -2.755860907
          0,           0,        2645,       -6.53758738,      -4.578071144,      -5.798020898,      -2.777244813
          0,           0,        2646,      -6.538085638,      -4.578705205,       -5.81693063,      -2.790337229
          0,           0,        2647,      -6.538576843,      -4.579336956,      -5.813219767,      -2.789201306
          0,           0,        2648,       -6.53887354,      -4.581507353,      -5.607858995,      -2.606093791
          0,           0,        2649,      -6.539974354,       -4.58134289,      -5.755158957,      -2.749263838
          0,           0,        2650,      -6.540690749,      -4.583097773,      -5.593629637,      -2.595070495
          0,           0,        2651,      -6.541841726,      -4.582913769,      -5.777387865,      -2.763161255
          0,           0,        2652,      -6.542724817,       -4.58315507,      -5.789698068,      -2.772392876
          0,           0,        2653,      -6.543321027,      -4.583718576,      -5.825481136,       -2.79478939
          0,           0,        2654,      -6.543798601,      -4.584368983,      -5.840387939,      -2.805811741
          0,           0,        2655,      -6.544035111,      -4.586592931,      -5.629611624,      -2.623002181
          0,           0,        2656,      -6.545104289,      -4.586445843,      -5.766310512,      -2.758613986
          0,           0,        2657,      -6.546056429,      -4.586633829,      -5.767765931,      -2.760690638
          0,           0,        2658,      -6.546749237,      -4.587130307,      -5.811356981,      -2.787372041
          0,           0,        2659,      -6.547276711,      -4.587747163,      -5.843429491,      -2.807801079
          0,           0,        2660,       -6.54775653,      -4.588390018,      -5.845353293,      -2.810679125
          0,           0,        2661,       -6.54826318,       -4.58901123,      -5.831344238,      -2.803464533
          0,           0,        2662,      -6.548818086,      -4.589598052,      -5.818948642,      -2.796227041
          0,           0,        2663,      -6.549405179,      -4.590162948,      -5.815456244,      -2.793901922
          0,           0,        2664,      -6.549998092,      -4.590724739,      -5.819691229,      -2.796228899
          0,           0,        2665,      -6.550579819,      -4.591294988,      -5.826951945,      -2.800532565
          0,           0,        2666,       -6.55114759,      -4.591875208,       -5.83293994,      -2.804272102
          0,           0,        2667,      -6.551707601,      -4.592460905,      -5.835810168,      -2.806299404
          0,           0,        2668,      -6.552267447,      -4.593046844,      -5.836123292,      -2.806839265
          0,           0,        2669,      -6.552831407,      -4.593630184,      -5.835495871,      -2.806767154
          0,           0,        2670,      -6.553399691,      -4.594210871,      -5.835267268,      -2.806864583
          0,           0,        2671,      -6.553970168,      -4.594790383,      -5.835926368,      -2.807454261
          0,           0,        2672,      -6.554540535,      -4.595370248,      -5.837241816,      -2.808436921
          0,           0,        2673,      -6.555109591,      -4.595951219,      -5.838697572,      -2.809528727
          0,           0,        2674,      -6.555677373,      -4.596533219,      -5.839880464,      -2.810487824
          0,           0,        2675,       -6.55624459,      -4.597115745,      -5.840649281,      -2.811220522
          0,           0,        2676,      -6.556811966,      -4.597698308,      -5.841093511,       -2.81176667
          0,           0,        2677,      -6.557379862,      -4.598280671,      -5.841393007,      -2.812224093
          0,           0,        2678,      -6.557948258,      -4.598862854,      -5.841693024,      -2.812676817
          0,           0,        2679,      -6.558516926,      -4.599445009,      -5.842051192,      -2.813161269
          0,           0,        2680,      -6.559085643,      -4.600027278,      -5.842451645,      -2.813671116
          0,           0,        2681,      -6.559654301,      -4.600609727,      -5.842849383,      -2.814181235
          0,           0,        2682,      -6.560222914,      -4.601192339,      -5.843209864,      -2.814670766
          0,           0,        2683,       -6.56079156,      -4.601775058,      -5.843525763,        -2.8151338
          0,           0,        2684,      -6.561360315,      -4.602357833,      -5.843812526,      -2.815577886
          0,           0,        2685,      -6.561929216,      -4.602940639,      -5.844093901,      -2.816016172
          0,           0,        2686,      -6.562498262,      -4.603523477,         -5.844389,      -2.816459847
          0,           0,        2687,      -6.563067429,      -4.604106361,      -5.844706766,      -2.816914589
          0,           0,        2688,      -6.563636695,      -4.604689304,      -5.845047289,      -2.817380947
          0,           0,        2689,      -6.564206049,      -4.605272311,      -5.845406561,      -2.817856906
          0,           0,        2690,      -6.564775493,       -4.60585538,      -5.845780893,      -2.818340445
          0,           0,        2691,      -6.565345036,      -4.606438502,      -5.846168839,      -2.818830782
          0,           0,        2692,      -6.565914687,      -4.607021672,      -5.846570905,      -2.819328282
          0,           0,        2693,      -6.566484451,      -4.607604884,      -5.846988348,      -2.819833794
          0,           0,        2694,      -6.567054328,      -4.608188137,      -5.847421636,      -2.820347784
          0,           0,        2695,      -6.567624316,      -4.608771432,      -5.847870007,      -2.820870004
          0,           0,        2696,      -6.568194413,      -4.609354769,      -5.848331699,      -2.821399592
          0,           0,        2697,      -6.568764618,      -4.609938146,      -5.848804377,      -2.821935319
          0,           0,        2698,      -6.569334932,      -4.610521562,      -5.849285783,      -2.822475953
          0,           0,        2699,      -6.569905356,      -4.611105016,      -5.849773993,      -2.823020423
          0,           0,        2700,      -6.570475892,      -4.611688506,      -5.850267371,      -2.823567835
          0,           0,        2701,      -6.571046541,      -4.612272029,      -5.850764578,      -2.824117441
          0,           0,        2702,      -6.571617303,      -4.612855586,      -5.851264324,      -2.824668543
          0,           0,        2703,      -6.572188179,      -4.613439176,      -5.851765375,      -2.825220434
          0,           0,        2704,      -6.572759168,      -4.614022797,      -5.852266596,      -2.825772507
          0,           0,        2705,      -6.573330271,       -4.61460645,      -5.852766904,      -2.826324142
          0,           0,        2706,      -6.573901488,      -4.615190134,       -5.85326547,      -2.826874872
          0,           0,        2707,       -6.57447282,      -4.615773848,      -5.853761607,      -2.827424322
          0,           0,        2708,      -6.575044267,      -4.616357592,      -5.854254878,      -2.827972226
          0,           0,        2709,      -6.575615829,      -4.616941366,      -5.854744994,      -2.828518436
          0,           0,        2710,      -6.576187506,      -4.617525169,      -5.855231782,      -2.829062866
          0,           0,        2711,      -6.576759299,      -4.618109001,      -5.855715242,      -2.829605503
          0,           0,        2712,      -6.577331208,      -4.618692863,      -5.856195421,      -2.830146378
          0,           0,        2713,      -6.577903232,      -4.619276755,      -5.856672459,      -2.830685571
          0,           0,        2714,      -6.578475373,      -4.619860676,      -5.857146583,      -2.831223206
          0,           0,        2715,      -6.579047629,      -4.620444626,      -5.857618057,      -2.831759427
          0,           0,        2716,      -6.579620001,      -4.621028606,      -5.858087227,      -2.832294424
          0,           0,        2717,      -6.580192488,      -4.621612616,      -5.858554397,      -2.832828355
          0,           0,        2718,      -6.580765091,      -4.622196656,      -5.859019938,      -2.833361426
          0,           0,        2719,       -6.58133781,      -4.622780726,      -5.859484176,      -2.833893807
          0,           0,        2720,      -6.581910644,      -4.623364826,      -5.859947436,       -2.83442567
          0,           0,        2721,      -6.582483593,      -4.623948957,      -5.860410033,       -2.83495719
          0,           0,        2722,      -6.583056656,      -4.624533118,      -5.860872192,      -2.835488465
          0,           0,        2723,      -6.583629835,      -4.625117311,      -5.861334178,      -2.836019658
          0,           0,        2724,      -6.584203128,      -4.625701534,      -5.861796157,      -2.836550832
          0,           0,        2725,      -6.584776535,      -4.626285789,      -5.862258305,        -2.8370821
          0,           0,        2726,      -6.585350056,      -4.626870075,      -5.862720734,      -2.837613495
          0,           0,        2727,      -6.585923691,      -4.627454394,      -5.863183501,      -2.838145069
          0,           0,        2728,       -6.58622789,      -4.629632417,      -5.664990936,      -2.660887237
          0,           0,        2729,      -6.587347044,      -4.629480361,      -5.814988541,      -2.805776169
          0,           0,        2730,      -6.588032448,      -4.631272332,      -5.643825186,       -2.64556708
          0,           0,        2731,      -6.589211828,      -4.631093157,      -5.823710485,      -2.811818564
          0,           0,        2732,      -6.589821719,      -4.632953677,      -5.658842893,      -2.657777599
          0,           0,        2733,       -6.59093982,      -4.632804885,      -5.823378168,      -2.813244745
          0,           0,        2734,      -6.591537171,      -4.634666915,      -5.647285916,      -2.650346399
          0,           0,        2735,       -6.59267995,      -4.634504225,      -5.812162426,       -2.80720099
          0,           0,        2736,      -6.593289956,      -4.636355246,      -5.642361052,      -2.647484358
          0,           0,        2737,       -6.59443807,      -4.636189943,       -5.80914497,      -2.806007202
          0,           0,        2738,      -6.595040821,      -4.638045922,      -5.641860666,      -2.647761965
          0,           0,        2739,      -6.596187471,      -4.637881048,      -5.807531164,      -2.805725851
          0,           0,        2740,      -6.596787114,      -4.639738549,      -5.640633803,      -2.647358457
          0,           0,        2741,      -6.597937947,      -4.639571551,      -5.806238219,      -2.805563921
          0,           0,        2742,      -6.598536957,      -4.641429545,      -5.640709536,       -2.64781588
          0,           0,        2743,      -6.599690537,      -4.641261334,      -5.806626298,      -2.806415193
          0,           0,        2744,      -6.600287735,      -4.643121064,      -5.642021358,      -2.649126795
          0,           0,        2745,      -6.601442868,      -4.642952196,       -5.80804315,      -2.807909007
          0,           0,        2746,      -6.602343949,      -4.643191047,      -5.812858765,      -2.812523144
          0,           0,        2747,      -6.602971249,      -4.643744141,      -5.846080777,      -2.834538463
          0,           0,        2748,       -6.60347578,      -4.644387667,      -5.864704359,      -2.847895459
          0,           0,        2749,       -6.60397355,      -4.645028606,      -5.861218049,      -2.846698113
          0,           0,        2750,      -6.604227658,      -4.647239923,      -5.657494862,      -2.661108221
          0,           0,        2751,      -6.605386685,      -4.647065036,      -5.804968787,      -2.806399128
          0,           0,        2752,      -6.606076944,      -4.648848698,      -5.643570711,      -2.650014583
          0,           0,        2753,      -6.607286543,       -4.64865458,      -5.826924899,      -2.820691937
          0,           0,        2754,      -6.608191903,      -4.648893912,       -5.83864953,      -2.829815787
          0,           0,        2755,      -6.608797131,      -4.649464542,      -5.873794808,      -2.852783385
          0,           0,        2756,      -6.609280656,      -4.650124598,      -5.888380283,      -2.863937215
          0,           0,        2757,      -6.609473076,      -4.652390832,      -5.679062624,      -2.678195821
          0,           0,        2758,      -6.610599542,      -4.652233508,      -5.816096328,      -2.815853878
          0,           0,        2759,      -6.611576568,      -4.652417888,      -5.817435791,      -2.817897096
          0,           0,        2760,      -6.612280694,      -4.652920177,      -5.860463202,      -2.845392464
          0,           0,        2761,      -6.612814761,       -4.65354641,         -5.891816,      -2.866201808
          0,           0,        2762,        -6.6133006,      -4.654198861,      -5.893552887,      -2.868928327
          0,           0,        2763,      -6.613814629,      -4.654828635,      -5.879859935,      -2.861447953
          0,           0,        2764,       -6.61437834,      -4.655423102,       -5.86788919,      -2.854115772
          0,           0,        2765,      -6.614974822,      -4.655995359,      -5.864670062,       -2.85187142
          0,           0,        2766,      -6.615576964,      -4.656564694,      -5.868964119,       -2.85434883
          0,           0,        2767,      -6.616167519,      -4.657142776,      -5.876135865,      -2.858779704
          0,           0,        2768,      -6.616743856,      -4.657730988,      -5.882003455,      -2.862583413
          0,           0,        2769,      -6.617312408,       -4.65832468,      -5.884811575,      -2.864622525
          0,           0,        2770,      -6.617880906,      -4.658918543,      -5.885141404,      -2.865155412
          0,           0,        2771,      -6.618453637,      -4.659509749,      -5.884575352,      -2.865084224
          0,           0,        2772,      -6.619030747,      -4.660098292,      -5.884406018,      -2.865197546
          0,           0,        2773,       -6.61961005,      -4.660685685,       -5.88509425,      -2.865811079
          0,           0,        2774,      -6.620189218,      -4.661273467,      -5.886406743,      -2.866815479
          0,           0,        2775,       -6.62076706,      -4.661862375,      -5.887842338,      -2.867921042
          0,           0,        2776,      -6.621343631,       -4.66245232,      -5.889005522,      -2.868885782
          0,           0,        2777,      -6.621919655,      -4.663042791,      -5.889765264,      -2.869619263
          0,           0,        2778,      -6.622495856,      -4.663633297,      -5.890211747,        -2.8701649
          0,           0,        2779,      -6.623072592,      -4.664223607,      -5.890519674,      -2.870622506
          0,           0,        2780,      -6.623649836,      -4.664813746,      -5.890828544,      -2.871076289
          0,           0,        2781,      -6.624227358,      -4.665403865,      -5.891193022,      -2.871562005
          0,           0,        2782,      -6.624804936,      -4.665994108,      -5.891597477,      -2.872072665
          0,           0,        2783,      -6.625382462,      -4.666584536,      -5.891999017,      -2.872583083
          0,           0,        2784,      -6.625959953,      -4.667175132,      -5.892365188,       -2.87307279
          0,           0,        2785,      -6.626537487,       -4.66776584,      -5.892689618,      -2.873536326
          0,           0,        2786,      -6.627115139,       -4.66835661,      -5.892987639,      -2.873981714
          0,           0,        2787,      -6.627692946,      -4.668947415,       -5.89328206,      -2.874422197
          0,           0,        2788,      -6.628270905,      -4.669538258,      -5.893591221,      -2.874869002
          0,           0,        2789,      -6.628848993,      -4.670129153,      -5.893923477,      -2.875327647
          0,           0,        2790,      -6.629427187,      -4.670720112,      -5.894278768,      -2.875798579
          0,           0,        2791,      -6.630005477,       -4.67131114,      -5.894653264,      -2.876279765
          0,           0,        2792,      -6.630583865,      -4.671902233,      -5.895043296,       -2.87676914
          0,           0,        2793,      -6.631162361,      -4.672493385,      -5.895447434,       -2.87726592
          0,           0,        2794,      -6.631740971,      -4.673084588,      -5.895866105,      -2.877770442
          0,           0,        2795,      -6.632319702,      -4.673675837,      -5.896300291,      -2.878283458
          0,           0,        2796,      -6.632898552,      -4.674267131,      -5.896750341,      -2.878805363
          0,           0,        2797,      -6.633477521,       -4.67485847,       -5.89721538,      -2.879335824
          0,           0,        2798,      -6.634056605,      -4.675449854,      -5.897693534,      -2.879873879
          0,           0,        2799,      -6.634635805,      -4.676041282,      -5.898182508,      -2.880418254
          0,           0,        2800,       -6.63521512,      -4.676632753,      -5.898679987,      -2.880967624
          0,           0,        2801,      -6.635794553,      -4.677224263,      -5.899184078,      -2.881520906
          0,           0,        2802,      -6.636374104,      -4.677815812,      -5.899693121,      -2.882077141
          0,           0,        2803,      -6.636953774,      -4.678407398,      -5.900205737,      -2.882635524
          0,           0,        2804,      -6.637533563,      -4.678999019,      -5.900720648,      -2.883195326
          0,           0,        2805,      -6.638113473,      -4.679590675,      -5.901236623,      -2.883755843
          0,           0,        2806,      -6.638693502,      -4.680182366,      -5.901752516,       -2.88431639
          0,           0,        2807,      -6.639273651,       -4.68077409,      -5.902267296,      -2.884876383
          0,           0,        2808,      -6.639853921,      -4.681365848,      -5.902780105,      -2.885435291
          0,           0,        2809,      -6.640434311,      -4.681957638,      -5.903290335,      -2.885992786
          0,           0,        2810,      -6.641014821,       -4.68254946,      -5.903797544,      -2.886548588
          0,           0,        2811,      -6.641595453,      -4.683141315,       -5.90430145,      -2.887102563
          0,           0,        2812,      -6.642176206,        -4.6837332,      -5.904801922,      -2.887654596
          0,           0,        2813,      -6.642757081,      -4.684325117,      -5.905298978,      -2.888204725
          0,           0,        2814,      -6.643338076,      -4.684917066,      -5.905792672,      -2.888752975
          0,           0,        2815,      -6.643919193,      -4.685509046,      -5.906283184,      -2.889299449
          0,           0,        2816,      -6.644500431,      -4.686101058,      -5.906770742,      -2.889844285
          0,           0,        2817,      -6.645081791,      -4.686693101,      -5.907255646,      -2.890387643
          0,           0,        2818,      -6.645663271,      -4.687285176,      -5.907738228,      -2.890929717
          0,           0,        2819,      -6.646244873,      -4.687877282,      -5.908218842,      -2.891470695
          0,           0,        2820,      -6.646826595,      -4.688469421,      -5.908697847,      -2.892010794
          0,           0,        2821,      -6.647408439,      -4.689061591,      -5.909175571,      -2.892550186
          0,           0,        2822,      -6.647990402,      -4.689653794,      -5.909652366,       -2.89308907
          0,           0,        2823,      -6.648572486,      -4.690246029,      -5.910128536,      -2.893627609
          0,           0,        2824,       -6.64915469,      -4.690838296,      -5.910604321,      -2.894165937
          0,           0,        2825,      -6.649737014,      -4.691430597,      -5.911079985,      -2.894704192
          0,           0,        2826,      -6.650319457,       -4.69202293,      -5.911555694,       -2.89524248
          0,           0,        2827,      -6.650902019,      -4.692615297,      -5.912031614,       -2.89578087
          0,           0,        2828,        -6.6514847,      -4.693207697,      -5.912507854,       -2.89631943
          0,           0,        2829,      -6.652067499,       -4.69380013,      -5.912984509,      -2.896858211
          0,           0,        2830,      -6.652331452,      -4.696019178,      -5.715773654,      -2.716991816
          0,           0,        2831,      -6.653507749,      -4.695857772,      -5.865671841,      -2.863859905
          0,           0,        2832,      -6.654168345,      -4.697679229,      -5.694644827,      -2.701304245
          0,           0,        2833,      -6.655406035,      -4.697490693,      -5.874068009,      -2.869954827
          0,           0,        2834,      -6.655988532,      -4.699382665,      -5.709135696,      -2.713408632
          0,           0,        2835,      -6.657163536,      -4.699224775,      -5.873384539,      -2.871119988
          0,           0,        2836,      -6.657733108,       -4.70111797,      -5.697618196,      -2.705781938
          0,           0,        2837,       -6.65893358,      -4.700945988,      -5.862242824,      -2.864843331
          0,           0,        2838,      -6.659515774,      -4.702828023,      -5.692728892,      -2.702852153
          0,           0,        2839,      -6.660721739,      -4.702653449,      -5.859209493,      -2.863557352
          0,           0,        2840,      -6.661296389,      -4.704540525,      -5.692196251,      -2.703078233
          0,           0,        2841,      -6.662500951,       -4.70436635,      -5.857604646,      -2.863216876
          0,           0,        2842,      -6.663072341,      -4.706254933,      -5.691018224,      -2.702662574
          0,           0,        2843,      -6.664281209,      -4.706078614,      -5.856391758,       -2.86304603
          0,           0,        2844,      -6.664851854,      -4.707967697,       -5.69116007,      -2.703140759
          0,           0,        2845,      -6.666063526,      -4.707790163,      -5.856864052,      -2.863927486
          0,           0,        2846,      -6.666632273,      -4.709680996,      -5.692532701,      -2.704487637
          0,           0,        2847,      -6.667845523,      -4.709502803,      -5.858366288,      -2.865472815
          0,           0,        2848,      -6.668769536,      -4.709739832,      -5.862889027,      -2.869951898
          0,           0,        2849,      -6.669406822,      -4.710300018,       -5.89568015,      -2.892528723
          0,           0,        2850,      -6.669917977,      -4.710953317,      -5.914041281,      -2.906120018
          0,           0,        2851,       -6.67042262,      -4.711603773,      -5.910778642,      -2.904878597
          0,           0,        2852,      -6.670634477,       -4.71385637,       -5.70858007,      -2.717039532
          0,           0,        2853,      -6.671851885,        -4.7136718,      -5.856240907,       -2.86434049
          0,           0,        2854,      -6.672516635,      -4.715484571,      -5.694962131,      -2.705914389
          0,           0,        2855,      -6.673785153,      -4.715281039,      -5.877923921,      -2.878987427
          0,           0,        2856,      -6.674713335,      -4.715518725,      -5.889112284,      -2.887990553
          0,           0,        2857,      -6.675328041,      -4.716096763,      -5.923650707,       -2.91145835
          0,           0,        2858,      -6.675817861,      -4.716766762,      -5.937942681,       -2.92272001
          0,           0,        2859,      -6.675966542,       -4.71907559,       -5.72998657,      -2.734294097
          0,           0,        2860,       -6.67715043,      -4.718908763,      -5.867359866,      -2.873900837
          0,           0,        2861,      -6.678152817,      -4.719089931,       -5.86859434,      -2.875910521
          0,           0,        2862,      -6.678868691,      -4.719598367,      -5.911068812,      -2.904131566
          0,           0,        2863,      -6.679409707,      -4.720234271,      -5.941743403,      -2.925264246
          0,           0,        2864,      -6.679901886,      -4.720896612,      -5.943318213,      -2.927840884
          0,           0,        2865,      -6.680423584,      -4.721535272,      -5.929934859,       -2.92012773
          0,           0,        2866,      -6.680996369,      -4.722137742,      -5.918369022,      -2.912728786
          0,           0,        2867,      -6.681602505,      -4.722717731,      -5.915406013,      -2.910573565
          0,           0,        2868,       -6.68221415,      -4.723294977,      -5.919752086,      -2.913194583
          0,           0,        2869,      -6.682813818,      -4.723881241,      -5.926837793,      -2.917740885
          0,           0,        2870,      -6.683399017,      -4.724477783,       -5.93259303,      -2.921600498
          0,           0,        2871,      -6.683976405,      -4.725079804,      -5.935345967,      -2.923649544
          0,           0,        2872,      -6.684553847,      -4.725681928,      -5.935695044,      -2.924178323
          0,           0,        2873,      -6.685135632,      -4.726281341,      -5.935189035,      -2.924111953
          0,           0,        2874,      -6.685721851,      -4.726878084,      -5.935076399,      -2.924243516
          0,           0,        2875,      -6.686310258,      -4.727473704,       -5.93579223,      -2.924881159
          0,           0,        2876,      -6.686898507,      -4.728069743,      -5.937102102,      -2.925906239
          0,           0,        2877,      -6.687485416,       -4.72866693,      -5.938519461,      -2.927024466
          0,           0,        2878,      -6.688071058,      -4.729265159,       -5.93966528,      -2.927994455
          0,           0,        2879,      -6.688656169,      -4.729863911,      -5.940417953,      -2.928729201
          0,           0,        2880,      -6.689241474,      -4.730462699,      -5.940867982,      -2.929275337
          0,           0,        2881,      -6.689827328,      -4.731061296,      -5.941185088,      -2.929734235
          0,           0,        2882,      -6.690413697,      -4.731659729,      -5.941503364,      -2.930190059
          0,           0,        2883,      -6.691000349,      -4.732258151,      -5.941874882,      -2.930677882
          0,           0,        2884,      -6.691587062,      -4.732856704,      -5.942284265,      -2.931190183
          0,           0,        2885,      -6.692173732,      -4.733455449,      -5.942690679,      -2.931701809
          0,           0,        2886,      -6.692760375,      -4.734054366,      -5.943063502,      -2.932192638
          0,           0,        2887,      -6.693347071,        -4.7346534,      -5.943397398,      -2.932657853
          0,           0,        2888,      -6.693933892,      -4.735252499,      -5.943707374,       -2.93310573
          0,           0,        2889,      -6.694520876,       -4.73585164,      -5.944015515,      -2.933549665
          0,           0,        2890,       -6.69510802,      -4.736450824,      -5.944339266,      -2.934000788
          0,           0,        2891,      -6.695695299,      -4.737050065,      -5.944686546,      -2.934464525
          0,           0,        2892,      -6.696282692,      -4.737649374,      -5.945057198,       -2.93494124
          0,           0,        2893,      -6.696870187,      -4.738248757,      -5.945447426,      -2.935428826
          0,           0,        2894,      -6.697457789,       -4.73884821,       -5.94585369,      -2.935925228
          0,           0,        2895,      -6.698045504,      -4.739447724,      -5.946274545,      -2.936429619
          0,           0,        2896,      -6.698633341,      -4.740047293,      -5.946710252,      -2.936942313
          0,           0,        2897,      -6.699221305,      -4.740646912,      -5.947161667,      -2.937463979
          0,           0,        2898,      -6.699809395,      -4.741246579,      -5.947628928,      -2.937994917
          0,           0,        2899,       -6.70039761,      -4.741846295,      -5.948111076,      -2.938534715
          0,           0,        2900,      -6.700985947,      -4.742446058,      -5.948606188,       -2.93908232
          0,           0,        2901,      -6.701574406,      -4.743045868,      -5.949111901,      -2.939636386
          0,           0,        2902,      -6.702162986,      -4.743645723,      -5.949625957,      -2.940195557
          0,           0,        2903,      -6.702751689,       -4.74424562,      -5.950146391,       -2.94075866
          0,           0,        2904,      -6.703340517,      -4.744845558,      -5.950671566,       -2.94132471
          0,           0,        2905,       -6.70392947,      -4.745445535,      -5.951200068,       -2.94189287
          0,           0,        2906,      -6.704518548,       -4.74604555,      -5.951730652,      -2.942462375
          0,           0,        2907,      -6.705107751,      -4.746645602,      -5.952262029,      -2.943032456
          0,           0,        2908,       -6.70569708,      -4.747245691,      -5.952793088,       -2.94360245
          0,           0,        2909,      -6.706286534,      -4.747845815,      -5.953322815,       -2.94417173
          0,           0,        2910,      -6.706876114,      -4.748445974,      -5.953850404,      -2.944739804
          0,           0,        2911,      -6.707465819,      -4.749046167,      -5.954375227,      -2.945306288
          0,           0,        2912,      -6.708055651,      -4.749646395,      -5.954896874,      -2.945870929
          0,           0,        2913,      -6.708645609,      -4.750246656,      -5.955415083,      -2.946433589
          0,           0,        2914,      -6.709235693,       -4.75084695,      -5.955929763,      -2.946994187
          0,           0,        2915,      -6.709825903,      -4.751447278,       -5.95644092,      -2.947552747
          0,           0,        2916,       -6.71041624,      -4.752047638,      -5.956948655,      -2.948109322
          0,           0,        2917,      -6.711006703,      -4.752648032,      -5.957453177,      -2.948664034
          0,           0,        2918,      -6.711597291,      -4.753248459,      -5.957954706,      -2.949217025
          0,           0,        2919,      -6.712188006,      -4.753848919,      -5.958453588,      -2.949768482
          0,           0,        2920,      -6.712778847,      -4.754449412,      -5.958950125,      -2.950318603
          0,           0,        2921,      -6.713369814,      -4.755049939,      -5.959444707,      -2.950867588
          0,           0,        2922,      -6.713960906,      -4.755650499,      -5.959937731,      -2.951415694
          0,           0,        2923,      -6.714552123,      -4.756251093,      -5.960429499,      -2.951963069
          0,           0,        2924,      -6.715143466,      -4.756851721,      -5.960920399,      -2.952509963
          0,           0,        2925,      -6.715734933,      -4.757452382,      -5.961410677,       -2.95305651
          0,           0,        2926,      -6.716326524,      -4.758053077,      -5.961900642,      -2.953602861
          0,           0,        2927,       -6.71691824,      -4.758653807,       -5.96239055,      -2.954149191
          0,           0,        2928,       -6.71751008,      -4.759254571,      -5.962880541,      -2.954695563
          0,           0,        2929,      -6.718102043,       -4.75985537,      -5.963370808,      -2.955242089
          0,           0,        2930,      -6.718694129,      -4.760456204,      -5.963861413,      -2.955788802
          0,           0,        2931,      -6.719286338,      -4.761057072,      -5.964352481,      -2.956335775
          0,           0,        2932,       -6.71951045,       -4.76331733,      -5.768046108,      -2.774065437
          0,           0,        2933,      -6.720743907,      -4.763147315,      -5.917873368,      -2.922798163
          0,           0,        2934,      -6.721380299,       -4.76499847,      -5.746971974,       -2.75806084
          0,           0,        2935,      -6.722676417,      -4.764801303,      -5.925951742,      -2.928925051
          0,           0,        2936,      -6.723232157,      -4.766724885,      -5.760960074,      -2.770038841
          0,           0,        2937,      -6.724464186,      -4.766558599,      -5.924941393,      -2.929831051
          0,           0,        2938,      -6.725006582,      -4.768483126,       -5.74948579,      -2.762239035
          0,           0,        2939,      -6.726264864,      -4.768302575,      -5.913874262,      -2.923342451
          0,           0,        2940,      -6.726819837,      -4.770215799,      -5.744631503,      -2.759250312
          0,           0,        2941,      -6.728083776,      -4.770032678,      -5.910828701,      -2.921971683
          0,           0,        2942,      -6.728630916,      -4.771951019,      -5.744071901,      -2.759430147
          0,           0,        2943,      -6.729893518,      -4.771768264,      -5.909237284,      -2.921579533
          0,           0,        2944,       -6.73043724,      -4.773688097,      -5.742944921,      -2.759009402
          0,           0,        2945,       -6.73170427,      -4.773503182,      -5.908104833,      -2.921407119
          0,           0,        2946,      -6.732247135,       -4.77542352,      -5.743154148,      -2.759513536
          0,           0,        2947,      -6.733517024,       -4.77523739,      -5.908661377,       -2.92232369
          0,           0,        2948,      -6.734057902,      -4.777159486,      -5.744589731,      -2.760900513
          0,           0,        2949,       -6.73532939,      -4.776972695,      -5.910249289,      -2.923924337
          0,           0,        2950,       -6.73627674,      -4.777208257,      -5.914513779,      -2.928272582
          0,           0,        2951,       -6.73692437,      -4.777775818,      -5.946892253,      -2.951343726
          0,           0,        2952,      -6.737442426,      -4.778439155,      -5.965012495,      -2.965140217
          0,           0,        2953,      -6.737954181,      -4.779099407,       -5.96197003,      -2.963870536
          0,           0,        2954,      -6.738124134,      -4.781393441,      -5.761185081,      -2.774003409
          0,           0,        2955,      -6.739399907,      -4.781199968,      -5.909044136,      -2.923201637
          0,           0,        2956,      -6.740039712,      -4.783042042,      -5.747873523,      -2.762882133
          0,           0,        2957,      -6.741367243,      -4.782829839,      -5.930458034,      -2.938163884
          0,           0,        2958,      -6.742318661,      -4.783066219,      -5.941158128,      -2.947038374
          0,           0,        2959,      -6.742943211,      -4.783651921,      -5.975120624,      -2.970938678
          0,           0,        2960,      -6.743439602,      -4.784332107,       -5.98914409,      -2.982286074
          0,           0,        2961,      -6.743544912,       -4.78668363,      -5.782452287,      -2.791413945
          0,           0,        2962,      -6.744786178,       -4.78650807,      -5.920168483,      -2.932868482
          0,           0,        2963,      -6.745814257,      -4.786686442,      -5.921310354,      -2.934846852
          0,           0,        2964,       -6.74654221,      -4.787201335,      -5.963246027,        -2.9637086
          0,           0,        2965,      -6.747090452,      -4.787847162,      -5.993283051,      -2.985111071
          0,           0,        2966,      -6.747589223,      -4.788519638,      -5.994717186,      -2.987540952
          0,           0,        2967,      -6.748118811,      -4.789167467,       -5.98163453,      -2.979626601
          0,           0,        2968,      -6.748700865,      -4.789778259,      -5.970453003,      -2.972185987
          0,           0,        2969,      -6.749316842,      -4.790366314,       -5.96772969,      -2.970126338
          0,           0,        2970,      -6.749938184,      -4.790951796,       -5.97212174,       -2.97288355
          0,           0,        2971,      -6.750547174,      -4.791546552,      -5.979125042,      -2.977533966
          0,           0,        2972,      -6.751141453,      -4.792151724,      -5.984775857,      -2.981441761
          0,           0,        2973,      -6.751727896,      -4.792762369,      -5.987479942,      -2.983499223
          0,           0,        2974,      -6.752314495,      -4.793373053,      -5.987850137,      -2.984026527
          0,           0,        2975,      -6.752905544,      -4.793980975,       -5.98740255,      -2.983968429
          0,           0,        2976,      -6.753501075,      -4.794586222,      -5.987344051,      -2.984120199
          0,           0,        2977,      -6.754098791,      -4.795190373,      -5.988086009,      -2.984781938
          0,           0,        2978,      -6.754696326,      -4.795794973,      -5.989393779,      -2.985826684
          0,           0,        2979,      -6.755292507,      -4.796400739,       -5.99079475,      -2.986956563
          0,           0,        2980,      -6.755887425,      -4.797007551,      -5.991925456,       -2.98793152
          0,           0,        2981,      -6.756481827,      -4.797614884,      -5.992672834,      -2.988667992
          0,           0,        2982,      -6.757076441,      -4.798222253,      -5.993127512,      -2.989215572
          0,           0,        2983,      -6.757671614,      -4.798829435,      -5.993454362,        -2.9896768
          0,           0,        2984,      -6.758267309,      -4.799436461,      -5.993782569,      -2.990135601
          0,           0,        2985,      -6.758863292,      -4.800043485,      -5.994161678,      -2.990626312
          0,           0,        2986,      -6.759459341,      -4.800650647,      -5.994576817,      -2.991141031
          0,           0,        2987,      -6.760055354,      -4.801258005,      -5.994988949,      -2.991654651
          0,           0,        2988,      -6.760651349,      -4.801865541,      -5.995369348,      -2.992147624
          0,           0,        2989,      -6.761247405,      -4.802473196,      -5.995713414,      -2.992615544
          0,           0,        2990,      -6.761843595,      -4.803080923,      -5.996035937,      -2.993067022
          0,           0,        2991,      -6.762439954,      -4.803688696,      -5.996358237,      -2.993515521
          0,           0,        2992,      -6.763036478,      -4.804296516,      -5.996697011,       -2.99397209
          0,           0,        2993,      -6.763633145,      -4.804904398,      -5.997059699,         -2.994442
          0,           0,        2994,      -6.764229932,      -4.805512353,      -5.997446083,      -2.994925542
          0,           0,        2995,      -6.764826829,      -4.806120386,      -5.997852444,        -2.9954206
          0,           0,        2996,      -6.765423838,      -4.806728491,      -5.998275309,      -2.995925074
          0,           0,        2997,      -6.766020967,      -4.807336662,      -5.998713206,      -2.996438138
          0,           0,        2998,      -6.766618225,      -4.807944891,       -5.99916631,       -2.99696002
          0,           0,        2999,      -6.767215615,      -4.808553172,      -5.999635254,      -2.997491357
          0,           0,        3000,      -6.767813138,      -4.809161506,      -6.000120057,      -2.998032315
          0,           0,        3001,      -6.768410791,       -4.80976989,       -6.00061961,      -2.998582407
          0,           0,        3002,      -6.769008572,      -4.810378324,      -6.001131983,      -2.999140504
          0,           0,        3003,       -6.76960648,      -4.810986807,      -6.001654788,      -2.999705179
          0,           0,        3004,      -6.770204515,      -4.811595337,      -6.002185732,      -3.000275053
          0,           0,        3005,      -6.770802679,      -4.812203912,      -6.002722863,      -3.000848884
          0,           0,        3006,      -6.771400973,       -4.81281253,      -6.003264483,       -3.00142562
          0,           0,        3007,      -6.771999397,      -4.813421188,      -6.003809272,      -3.002004439
          0,           0,        3008,      -6.772597951,      -4.814029886,      -6.004355817,      -3.002584475
          0,           0,        3009,      -6.773196636,      -4.814638623,      -6.004902957,      -3.003164981
          0,           0,        3010,      -6.773795451,      -4.815247398,      -6.005449567,      -3.003745266
          0,           0,        3011,      -6.774394397,       -4.81585621,      -6.005994606,      -3.004324672
          0,           0,        3012,      -6.774993473,      -4.816465059,       -6.00653733,      -3.004902724
          0,           0,        3013,      -6.775592679,      -4.817073943,      -6.007077095,      -3.005479013
          0,           0,        3014,      -6.776192016,      -4.817682863,      -6.007613581,       -3.00605334
          0,           0,        3015,      -6.776791484,      -4.818291817,      -6.008146461,      -3.006625499
          0,           0,        3016,      -6.777391082,      -4.818900807,      -6.008675732,        -3.0071955
          0,           0,        3017,      -6.777990812,      -4.819509831,      -6.009201389,      -3.007763334
          0,           0,        3018,      -6.778590672,      -4.820118889,      -6.009723558,      -3.008329063
          0,           0,        3019,      -6.779190663,      -4.820727982,      -6.010242476,      -3.008892846
          0,           0,        3020,      -6.779790784,      -4.821337109,      -6.010758382,      -3.009454837
          0,           0,        3021,      -6.780391035,      -4.821946271,      -6.011271602,      -3.010015222
          0,           0,        3022,      -6.780991416,      -4.822555467,      -6.011782522,      -3.010574241
          0,           0,        3023,      -6.781591928,      -4.823164698,      -6.012291513,       -3.01113212
          0,           0,        3024,      -6.782192568,      -4.823773963,      -6.012798931,       -3.01168907
          0,           0,        3025,      -6.782793339,      -4.824383263,      -6.013305166,      -3.012245313
          0,           0,        3026,      -6.783394238,      -4.824992598,      -6.013810545,      -3.012801053
          0,           0,        3027,      -6.783995266,      -4.825601968,      -6.014315404,      -3.013356486
          0,           0,        3028,      -6.784596422,      -4.826211374,      -6.014819948,      -3.013911751
          0,           0,        3029,      -6.785197707,      -4.826820815,      -6.015324502,      -3.014467008
          0,           0,        3030,      -6.785799119,      -4.827430291,      -6.015829191,      -3.015022351
          0,           0,        3031,      -6.786400658,      -4.828039803,      -6.016334187,      -3.015577871
          0,           0,        3032,      -6.787002324,      -4.828649351,       -6.01683961,      -3.016133639
          0,           0,        3033,      -6.787604117,      -4.829258935,      -6.017345483,      -3.016689668
          0,           0,        3034,      -6.787788824,      -4.831560394,      -5.821868704,      -2.832212699
          0,           0,        3035,      -6.789079279,      -4.831382543,      -5.971651601,      -2.982695982
          0,           0,        3036,      -6.789692032,      -4.833263477,      -5.800865029,      -2.815938595
          0,           0,        3037,      -6.791046499,      -4.833058442,      -5.979422611,      -2.988836882
          0,           0,        3038,      -6.791576088,      -4.835013654,      -5.814375135,      -2.827774428
          0,           0,        3039,      -6.792865079,      -4.834839706,      -5.978108713,      -2.989488115
          0,           0,        3040,      -6.793380874,      -4.836795598,      -5.802946754,      -2.819822328
          0,           0,        3041,      -6.794696894,      -4.836607233,      -5.967115866,      -2.982807879
          0,           0,        3042,      -6.795225209,      -4.838551684,      -5.798127017,      -2.816782919
          0,           0,        3043,      -6.796547058,      -4.838360771,      -5.964061442,      -2.981359718
          0,           0,        3044,      -6.797067253,      -4.840310408,      -5.797545395,      -2.816921757
          0,           0,        3045,      -6.798387835,      -4.840119829,      -5.962487243,      -2.980923132
          0,           0,        3046,      -6.798904451,      -4.842070942,      -5.796471181,      -2.816502323
          0,           0,        3047,       -6.80022958,      -4.841878189,         -5.961435,      -2.980755757
          0,           0,        3048,      -6.800745225,      -4.843829809,       -5.79674862,      -2.817036945
          0,           0,        3049,      -6.802073268,      -4.843635841,      -5.962075465,      -2.981711751
          0,           0,        3050,      -6.802586838,      -4.845589227,      -5.798248779,      -2.818467588
          0,           0,        3051,      -6.803916497,      -4.845394596,      -5.963748788,      -2.983370772
          0,           0,        3052,      -6.804887458,      -4.845629061,       -5.96778797,       -2.98759532
          0,           0,        3053,       -6.80554571,      -4.846204246,      -5.999772589,      -3.011097442
          0,           0,        3054,      -6.806070884,      -4.846877839,      -6.017671612,      -3.025071793
          0,           0,        3055,      -6.806589934,      -4.847548125,       -6.01484385,      -3.023787968
          0,           0,        3056,      -6.806718378,      -4.849883558,      -5.815365349,      -2.832099417
          0,           0,        3057,      -6.808052319,      -4.849681991,      -5.963431668,      -2.983082077
          0,           0,        3058,      -6.808667716,      -4.851553433,      -5.802359077,      -2.821013428
          0,           0,        3059,      -6.810054159,      -4.851333334,      -5.984583656,      -2.998323748
          0,           0,        3060,      -6.811029096,      -4.851568764,      -5.994841465,      -3.007066039
          0,           0,        3061,       -6.81166378,      -4.852162353,      -6.028258667,      -3.031335482
          0,           0,        3062,       -6.81216696,      -4.852852926,      -6.042036085,      -3.042748395
          0,           0,        3063,      -6.812229322,      -4.855247045,      -5.836513459,      -2.849656039
          0,           0,        3064,      -6.813527749,      -4.855063551,      -5.974573811,      -2.992856242
          0,           0,        3065,      -6.814581718,      -4.855239561,      -5.975636136,      -2.994807227
          0,           0,        3066,      -6.815321993,      -4.855761191,      -6.017049902,      -3.024229589
          0,           0,        3067,       -6.81587768,      -4.856417149,      -6.046488646,      -3.045852315
          0,           0,        3068,       -6.81638324,      -4.857099965,       -6.04780064,        -3.0481399
          0,           0,        3069,      -6.816920881,      -4.857757201,       -6.03500794,      -3.040053883
          0,           0,        3070,      -6.817512336,      -4.858376593,       -6.02418997,      -3.032593774
          0,           0,        3071,      -6.818138276,      -4.858973008,       -6.02169067,      -3.030634269
          0,           0,        3072,      -6.818769446,      -4.859567012,      -6.026123621,      -3.033519986
          0,           0,        3073,      -6.819387903,      -4.860170534,       -6.03304851,       -3.03826374
          0,           0,        3074,      -6.819991414,      -4.860784594,      -6.038602569,      -3.042212717
          0,           0,        3075,       -6.82058707,       -4.86140412,      -6.041263543,      -3.044277281
          0,           0,        3076,      -6.821182978,       -4.86202362,      -6.041656272,      -3.044805562
          0,           0,        3077,      -6.821783436,      -4.862640314,      -6.041265247,      -3.044758741
          0,           0,        3078,      -6.822388422,       -4.86325433,      -6.041258265,      -3.044932266
          0,           0,        3079,      -6.822995587,      -4.863867276,      -6.042025053,      -3.045617935
          0,           0,        3080,       -6.82360255,        -4.8644807,      -6.043331201,       -3.04668128
          0,           0,        3081,      -6.824208145,      -4.865095306,      -6.044717602,      -3.047821945
          0,           0,        3082,      -6.824812483,       -4.86571096,      -6.045835274,      -3.048801633
          0,           0,        3083,      -6.825416318,      -4.866327134,       -6.04657895,      -3.049540331
          0,           0,        3084,      -6.826020381,      -4.866943343,      -6.047039148,      -3.050090201
          0,           0,        3085,      -6.826625014,      -4.867559369,      -6.047376247,      -3.050554693
          0,           0,        3086,      -6.827230174,      -4.868175247,      -6.047714687,      -3.051017307
          0,           0,        3087,      -6.827835627,      -4.868791132,      -6.048101927,      -3.051511653
          0,           0,        3088,      -6.828441151,      -4.869407161,      -6.048523452,      -3.052029463
          0,           0,        3089,      -6.829046645,      -4.870023391,      -6.048942098,      -3.052545907
          0,           0,        3090,      -6.829652129,      -4.870639802,      -6.049330738,      -3.053041847
          0,           0,        3091,      -6.830257682,      -4.871256337,      -6.049685532,      -3.053513443
          0,           0,        3092,      -6.830863376,      -4.871872946,      -6.050021032,      -3.053969531
          0,           0,        3093,      -6.831469245,      -4.872489607,      -6.050357826,      -3.054423618
          0,           0,        3094,      -6.832075287,       -4.87310632,      -6.050711874,      -3.054886593
          0,           0,        3095,      -6.832681477,      -4.873723099,      -6.051090236,      -3.055363639
          0,           0,        3096,      -6.833287793,      -4.874339955,      -6.051492601,      -3.055854957
          0,           0,        3097,      -6.833894225,      -4.874956891,      -6.051915313,      -3.056358396
          0,           0,        3098,      -6.834500775,      -4.875573904,      -6.052355009,      -3.056871869
          0,           0,        3099,      -6.835107452,      -4.876190985,      -6.052810167,        -3.0573945
          0,           0,        3100,      -6.835714262,      -4.876808127,      -6.053280833,      -3.057926484
          0,           0,        3101,      -6.836321212,      -4.877425325,      -6.053767501,      -3.058468346
          0,           0,        3102,      -6.836928298,      -4.878042577,      -6.054269977,      -3.059020148
          0,           0,        3103,      -6.837535521,      -4.878659882,      -6.054787135,      -3.059581356
          0,           0,        3104,      -6.838142877,      -4.879277239,      -6.055316955,      -3.060150744
          0,           0,        3105,      -6.838750365,      -4.879894647,      -6.055857026,      -3.060726833
          0,           0,        3106,      -6.839357985,      -4.880512104,      -6.056405066,      -3.061308181
          0,           0,        3107,      -6.839965739,      -4.881129607,      -6.056959059,      -3.061893452
          0,           0,        3108,      -6.840573628,      -4.881747155,      -6.057517387,      -3.062481659
          0,           0,        3109,      -6.841181652,      -4.882364745,      -6.058078595,      -3.063071828
          0,           0,        3110,       -6.84178981,      -4.882982375,      -6.058641388,      -3.063663149
          0,           0,        3111,      -6.842398104,      -4.883600046,      -6.059204506,      -3.064254793
          0,           0,        3112,      -6.843006533,      -4.884217756,      -6.059766839,      -3.064846047
          0,           0,        3113,      -6.843615096,      -4.884835505,      -6.060327469,      -3.065436312
          0,           0,        3114,      -6.844223794,      -4.885453291,      -6.060885534,      -3.066025029
          0,           0,        3115,      -6.844832627,      -4.886071114,       -6.06144053,      -3.066611852
          0,           0,        3116,      -6.845441594,      -4.886688973,      -6.061992018,      -3.067196513
          0,           0,        3117,      -6.846050697,      -4.887306869,       -6.06253989,      -3.067778934
          0,           0,        3118,      -6.846659934,        -4.8879248,      -6.063083978,      -3.068359014
          0,           0,        3119,      -6.847269307,      -4.888542767,      -6.063624405,      -3.068936818
          0,           0,        3120,      -6.847878813,      -4.889160769,      -6.064161275,      -3.069512443
          0,           0,        3121,      -6.848488454,      -4.889778806,      -6.064694833,      -3.070085994
          0,           0,        3122,       -6.84909823,      -4.890396879,      -6.065225388,      -3.070657713
          0,           0,        3123,      -6.849708139,      -4.891014987,      -6.065753218,      -3.071227758
          0,           0,        3124,      -6.850318183,      -4.891633131,      -6.066278801,      -3.071796411
          0,           0,        3125,       -6.85092836,       -4.89225131,      -6.066802451,      -3.072363884
          0,           0,        3126,       -6.85153867,      -4.892869524,      -6.067324571,       -3.07293044
          0,           0,        3127,      -6.852149113,      -4.893487774,       -6.06784554,      -3.073496288
          0,           0,        3128,      -6.852759689,       -4.89410606,      -6.068365678,      -3.074061619
          0,           0,        3129,      -6.853370396,      -4.894724382,      -6.068885339,      -3.074626672
          0,           0,        3130,      -6.853981236,       -4.89534274,       -6.06940479,       -3.07519161
          0,           0,        3131,      -6.854592207,      -4.895961134,      -6.069924257,      -3.075756532
          0,           0,        3132,       -6.85520331,      -4.896579564,       -6.07044392,      -3.076321604
          0,           0,        3133,      -6.855814543,       -4.89719803,      -6.070963933,      -3.076886872
          0,           0,        3134,      -6.856425906,      -4.897816533,      -6.071484423,      -3.077452429
          0,           0,        3135,      -6.857037399,      -4.898435073,      -6.072005382,      -3.078018276
          0,           0,        3136,      -6.857183193,      -4.900777549,      -5.877286837,      -2.891522169
          0,           0,        3137,      -6.858530312,      -4.900592655,      -6.027049323,      -3.043644106
          0,           0,        3138,      -6.859119977,      -4.902503328,      -5.856367123,      -2.875022562
          0,           0,        3139,      -6.860532534,      -4.902291209,      -6.034525193,      -3.049783687
          0,           0,        3140,      -6.861036573,      -4.904277949,      -5.869424269,      -2.886704507
          0,           0,        3141,      -6.862382285,      -4.904097094,      -6.032929836,      -3.050186577
          0,           0,        3142,      -6.862872055,      -4.906084255,      -5.858043587,      -2.878619214
          0,           0,        3143,      -6.864245561,      -4.905888853,      -6.022010294,      -3.043334015
          0,           0,        3144,       -6.86474778,      -4.907864445,      -5.853257938,      -2.875536726
          0,           0,        3145,      -6.866127297,      -4.907666515,      -6.018950055,      -3.041815751
          0,           0,        3146,      -6.866621112,      -4.909647356,      -5.852658864,      -2.875639678
          0,           0,        3147,      -6.867999433,      -4.909449729,      -6.017396198,      -3.041341523
          0,           0,        3148,      -6.868489508,      -4.911432028,      -5.851638606,      -2.875227225
          0,           0,        3149,      -6.869872495,      -4.911232214,      -6.016423493,      -3.041185079
          0,           0,        3150,      -6.870361484,      -4.913215022,      -5.851984683,      -2.875796222
          0,           0,        3151,      -6.871747437,      -4.913013994,      -6.017147057,      -3.042184052
          0,           0,        3152,      -6.872234265,      -4.914998569,      -5.853550482,      -2.877273461
          0,           0,        3153,      -6.873621848,      -4.914796878,      -6.018905156,      -3.043903921
          0,           0,        3154,      -6.874616579,      -4.915030625,      -6.022749778,      -3.048013982
          0,           0,        3155,      -6.875285663,      -4.915613651,      -6.054359648,      -3.071888469
          0,           0,        3156,      -6.875818125,      -4.916297675,      -6.072055331,      -3.086015386
          0,           0,        3157,      -6.876344605,      -4.916978187,      -6.069435378,      -3.084729779
          0,           0,        3158,      -6.876432005,      -4.919354804,       -5.87116132,      -2.891410474
          0,           0,        3159,      -6.877823749,      -4.919145972,      -6.019441482,      -3.044066532
          0,           0,        3160,      -6.878415273,      -4.921046731,      -5.858457941,      -2.880387107
          0,           0,        3161,      -6.879860344,       -4.92081953,      -6.040341044,      -3.059554819
          0,           0,        3162,      -6.880858968,      -4.921054374,      -6.050200069,      -3.068164985
          0,           0,        3163,      -6.881504007,      -4.921656042,      -6.083102016,      -3.092745313
          0,           0,        3164,      -6.882014148,      -4.922357159,      -6.096653575,      -3.104205538
          0,           0,        3165,      -6.882034065,      -4.924793597,      -5.892208771,      -2.909104386
          0,           0,        3166,      -6.883389269,      -4.924602984,      -6.030612198,      -3.053948499
          0,           0,        3167,      -6.884469209,      -4.924777075,      -6.031608214,      -3.055877443
          0,           0,        3168,      -6.885221975,      -4.925305696,      -6.072518878,      -3.085786035
          0,           0,        3169,      -6.885785276,      -4.925971952,      -6.101397196,      -3.107584202
          0,           0,        3170,      -6.886297778,      -4.926665265,      -6.102602868,      -3.109734826
          0,           0,        3171,      -6.886843586,      -4.927332108,      -6.090088207,      -3.101504296
          0,           0,        3172,      -6.887444525,      -4.927960339,      -6.079613252,      -3.094043858
          0,           0,        3173,      -6.888080499,      -4.928565366,      -6.077323102,      -3.092187443
          0,           0,        3174,      -6.888721575,      -4.929168141,      -6.081792545,      -3.095193832
          0,           0,        3175,       -6.88934959,      -4.929780659,      -6.088643319,      -3.100020898
          0,           0,        3176,      -6.889962437,      -4.930403828,      -6.094107975,       -3.10400476
          0,           0,        3177,      -6.890567408,      -4.931032451,      -6.096730999,      -3.106075386
          0,           0,        3178,      -6.891172725,      -4.931660987,      -6.097147189,      -3.106606848
          0,           0,        3179,      -6.891782687,      -4.932286676,      -6.096810668,      -3.106573827
          0,           0,        3180,      -6.892397218,      -4.932909687,      -6.096852616,      -3.106770202
          0,           0,        3181,      -6.893013923,      -4.933531653,      -6.097643034,      -3.107479527
          0,           0,        3182,      -6.893630403,      -4.934154124,      -6.098948174,      -3.108560512
          0,           0,        3183,      -6.894245505,      -4.934777791,      -6.100321652,      -3.109711107
          0,           0,        3184,      -6.894859353,      -4.935402509,      -6.101428139,      -3.110695392
          0,           0,        3185,      -6.895472714,      -4.936027743,      -6.102169519,      -3.111436743
          0,           0,        3186,      -6.896086316,      -4.936653012,      -6.102636006,      -3.111989711
          0,           0,        3187,      -6.896700497,      -4.937278103,      -6.102983638,      -3.112458309
          0,           0,        3188,      -6.897315211,      -4.937903053,      -6.103332588,      -3.112925468
          0,           0,        3189,      -6.897930221,      -4.938528017,       -6.10372829,      -3.113424065
          0,           0,        3190,      -6.898545307,      -4.939153132,      -6.104156794,      -3.113945642
          0,           0,        3191,       -6.89916037,      -4.939778452,      -6.104582547,      -3.114465572
          0,           0,        3192,      -6.899775431,      -4.940403956,      -6.104979993,      -3.114965302
          0,           0,        3193,      -6.900390567,      -4.941029588,      -6.105345932,      -3.115441432
          0,           0,        3194,      -6.901005852,      -4.941655298,        -6.1056947,      -3.115903012
          0,           0,        3195,      -6.901621318,      -4.942281064,       -6.10604614,      -3.116363541
          0,           0,        3196,      -6.902236962,      -4.942906886,      -6.106415619,       -3.11683379
          0,           0,        3197,      -6.902852759,      -4.943532778,      -6.106809741,      -3.117318773
          0,           0,        3198,      -6.903468688,      -4.944158751,      -6.107228215,      -3.117818688
          0,           0,        3199,       -6.90408474,      -4.944784807,      -6.107667409,      -3.118331299
          0,           0,        3200,      -6.904700915,      -4.945410942,      -6.108124012,      -3.118854537
          0,           0,        3201,      -6.905317222,      -4.946037149,      -6.108596505,      -3.119387506
          0,           0,        3202,      -6.905933669,      -4.946663418,      -6.109084771,      -3.119930325
          0,           0,        3203,      -6.906550259,      -4.947289746,      -6.109589169,      -3.120483387
          0,           0,        3204,      -6.907166993,       -4.94791613,      -6.110109416,      -3.121046794
          0,           0,        3205,      -6.907783866,      -4.948542569,      -6.110644222,      -3.121619787
          0,           0,        3206,      -6.908400878,      -4.949169062,      -6.111191511,      -3.122201101
          0,           0,        3207,      -6.909018027,      -4.949795607,      -6.111748918,      -3.122789238
          0,           0,        3208,      -6.909635313,      -4.950422203,      -6.112314136,      -3.123382683
          0,           0,        3209,      -6.910252738,      -4.951048846,      -6.112885072,      -3.123980042
          0,           0,        3210,      -6.910870301,      -4.951675535,      -6.113460173,      -3.124580293
          0,           0,        3211,      -6.911488004,      -4.952302267,        -6.1140379,      -3.125182436
          0,           0,        3212,      -6.912105846,      -4.952929041,      -6.114616982,       -3.12578558
          0,           0,        3213,      -6.912723827,      -4.953555856,      -6.115196193,      -3.126388962
          0,           0,        3214,      -6.913341947,      -4.954182712,      -6.115774411,      -3.126991794
          0,           0,        3215,      -6.913960205,      -4.954809606,       -6.11635067,      -3.127593444
          0,           0,        3216,      -6.914578603,      -4.955436539,      -6.116924244,      -3.128193435
          0,           0,        3217,      -6.915197139,      -4.956063509,      -6.117494545,      -3.128791335
          0,           0,        3218,      -6.915815814,      -4.956690517,      -6.118061248,      -3.129386956
          0,           0,        3219,      -6.916434627,      -4.957317561,      -6.118624158,      -3.129980177
          0,           0,        3220,      -6.917053579,      -4.957944642,      -6.119183231,      -3.130570927
          0,           0,        3221,      -6.917672669,      -4.958571759,      -6.119738538,      -3.131159293
          0,           0,        3222,      -6.918291897,      -4.959198912,      -6.120290238,      -3.131745363
          0,           0,        3223,      -6.918911264,      -4.959826101,      -6.120838625,      -3.132329323
          0,           0,        3224,      -6.919530767,      -4.960453326,      -6.121383936,      -3.132911336
          0,           0,        3225,      -6.920150409,      -4.961080587,      -6.121926563,      -3.133491662
          0,           0,        3226,      -6.920770187,      -4.961707884,      -6.122466942,      -3.134070547
          0,           0,        3227,      -6.921390103,      -4.962335216,      -6.123005362,      -3.134648219
          0,           0,        3228,      -6.922010155,      -4.962962585,      -6.123542347,      -3.135224982
          0,           0,        3229,      -6.922630343,       -4.96358999,      -6.124078173,      -3.135801021
          0,           0,        3230,      -6.923250667,      -4.964217431,      -6.124613277,      -3.136376608
          0,           0,        3231,      -6.923871126,      -4.964844909,      -6.125147908,      -3.136951899
          0,           0,        3232,       -6.92449172,      -4.965472423,      -6.125682356,      -3.137527094
          0,           0,        3233,      -6.925112449,      -4.966099973,      -6.126216915,      -3.138102347
          0,           0,        3234,      -6.925733312,       -4.96672756,      -6.126751693,      -3.138677735
          0,           0,        3235,      -6.926354308,      -4.967355184,      -6.127286848,      -3.139253374
          0,           0,        3236,      -6.926975438,      -4.967982845,      -6.127822551,      -3.139829348
          0,           0,        3237,        -6.9275967,      -4.968610543,      -6.128358752,       -3.14040564
          0,           0,        3238,      -6.927704142,      -4.970993689,      -5.934331436,      -2.952066344
          0,           0,        3239,      -6.929107438,      -4.970802556,      -6.084094519,      -3.105718611
          0,           0,        3240,      -6.929674573,      -4.972742819,      -5.913506958,      -2.935381322
          0,           0,        3241,      -6.931144791,      -4.972524413,      -6.091288592,      -3.111844096
          0,           0,        3242,      -6.931623891,      -4.974542461,      -5.926135898,      -2.946901187
          0,           0,        3243,      -6.933025923,      -4.974355468,      -6.089432494,      -3.112006545
          0,           0,        3244,      -6.933490256,       -4.97637369,      -5.914804011,      -2.938700038
          0,           0,        3245,      -6.934920836,       -4.97617204,      -6.078584818,      -3.104999809
          0,           0,        3246,      -6.935397538,      -4.978178572,      -5.910051943,      -2.935581406
          0,           0,        3247,      -6.936834313,      -4.977974413,      -6.075521437,      -3.103418384
          0,           0,        3248,      -6.937302332,      -4.979986253,      -5.909439521,      -2.935653312
          0,           0,        3249,      -6.938737988,      -4.979782364,      -6.073990431,      -3.102912876
          0,           0,        3250,      -6.939202104,      -4.981795643,      -5.908473992,      -2.935252789
          0,           0,        3251,      -6.940642543,      -4.981589557,      -6.073096205,      -3.102772493
          0,           0,        3252,      -6.941105459,      -4.983603344,      -5.908888682,      -2.935859385
          0,           0,        3253,      -6.942548916,      -4.983396046,       -6.07390169,      -3.103817342
          0,           0,        3254,      -6.943009587,      -4.985411599,       -5.91052073,      -2.937385585
          0,           0,        3255,      -6.944454684,      -4.985203637,      -6.075743542,      -3.105599836
          0,           0,        3256,      -6.945473243,      -4.985437045,      -6.079421959,      -3.109606052
          0,           0,        3257,      -6.946153309,        -4.9860281,      -6.110676097,      -3.133799437
          0,           0,        3258,       -6.94669319,       -4.98672269,      -6.128184675,      -3.148055908
          0,           0,        3259,      -6.947227201,      -4.987413577,       -6.12576477,      -3.146779155
          0,           0,        3260,      -6.947274105,      -4.989831007,        -5.9285992,      -2.952003138
          0,           0,        3261,      -6.948723134,      -4.989615744,      -6.077097322,      -3.106224727
          0,           0,        3262,      -6.949291329,      -4.991545662,      -5.916195011,      -2.941065679
          0,           0,        3263,      -6.950794579,      -4.991312165,      -6.097755603,      -3.121930158
          0,           0,        3264,      -6.951816954,      -4.991546789,      -6.107256341,      -3.130411076
          0,           0,        3265,      -6.952472514,      -4.992156699,       -6.13967219,       -3.15524949
          0,           0,        3266,      -6.952989753,      -4.992868476,      -6.153016072,      -3.166740964
          0,           0,        3267,      -6.952967814,      -4.995346796,      -5.949562543,      -2.969826399
          0,           0,        3268,      -6.954379267,      -4.995149887,      -6.088305912,      -3.116214828
          0,           0,        3269,      -6.955485151,      -4.995322505,      -6.089248459,      -3.118127803
          0,           0,        3270,      -6.956250514,      -4.995858341,      -6.129676208,      -3.148454694
          0,           0,        3271,      -6.956821557,       -4.99653502,      -6.158029999,      -3.170388218
          0,           0,        3272,      -6.957341118,      -4.997238951,      -6.159143021,      -3.172407907
          0,           0,        3273,      -6.957895173,       -4.99791556,      -6.146893763,      -3.164057453
          0,           0,        3274,      -6.958505637,      -4.998552828,      -6.136741716,      -3.156612956
          0,           0,        3275,      -6.959151673,      -4.999166685,      -6.134646733,      -3.154861132
          0,           0,        3276,      -6.959802689,      -4.999778438,      -6.139148964,      -3.157980461
          0,           0,        3277,      -6.960440313,      -5.000400146,      -6.145929945,      -3.162881582
          0,           0,        3278,      -6.961062556,      -5.001032606,      -6.151312151,      -3.166894737
          0,           0,        3279,      -6.961676904,      -5.001670506,      -6.153901841,      -3.168970623
          0,           0,        3280,      -6.962291688,      -5.002308259,       -6.15434204,      -3.169507139
          0,           0,        3281,      -6.962911207,      -5.002943128,      -6.154057839,      -3.169489996
          0,           0,        3282,      -6.963535333,      -5.003575321,      -6.154146297,      -3.169710093
          0,           0,        3283,      -6.964161626,      -5.004206494,      -6.154959157,      -3.170442597
          0,           0,        3284,      -6.964787673,      -5.004838198,      -6.156263789,      -3.171540259
          0,           0,        3285,      -6.965412331,       -5.00547111,      -6.157625942,       -3.17270009
          0,           0,        3286,       -6.96603574,      -5.006105074,      -6.158722944,       -3.17368883
          0,           0,        3287,      -6.966658675,      -5.006739551,      -6.159463213,      -3.174433281
          0,           0,        3288,      -6.967281865,      -5.007374062,      -6.159936563,      -3.174990031
          0,           0,        3289,      -6.967905643,      -5.008008399,      -6.160294945,      -3.175463436
          0,           0,        3290,      -6.968529958,      -5.008642603,      -6.160654545,      -3.175935793
          0,           0,        3291,      -6.969154573,      -5.009276828,      -6.161059015,      -3.176439214
          0,           0,        3292,      -6.969779268,       -5.00991121,      -6.161494894,      -3.176965092
          0,           0,        3293,      -6.970403946,      -5.010545801,      -6.161928238,      -3.177489152
          0,           0,        3294,      -6.971028629,      -5.011180578,       -6.16233492,      -3.177993378
          0,           0,        3295,      -6.971653395,      -5.011815487,      -6.162712305,      -3.178474773
          0,           0,        3296,      -6.972278315,      -5.012450477,      -6.163074464,       -3.17894261
          0,           0,        3297,      -6.972903423,      -5.013085527,      -6.163440625,       -3.17941031
          0,           0,        3298,      -6.973528713,      -5.013720637,      -6.163825489,      -3.179888525
          0,           0,        3299,      -6.974154162,      -5.014355821,       -6.16423545,      -3.180382198
          0,           0,        3300,      -6.974779749,      -5.014991088,      -6.164669975,      -3.180891318
          0,           0,        3301,      -6.975405463,      -5.015626442,      -6.165125657,      -3.181413777
          0,           0,        3302,      -6.976031307,      -5.016261877,      -6.165599149,      -3.181947415
          0,           0,        3303,      -6.976657288,      -5.016897385,        -6.1660889,      -3.182491327
          0,           0,        3304,      -6.977283414,      -5.017532959,      -6.166594729,      -3.183045568
          0,           0,        3305,      -6.977909687,      -5.018168592,      -6.167116807,      -3.183610467
          0,           0,        3306,      -6.978536109,      -5.018804284,      -6.167654706,      -3.184185964
          0,           0,        3307,      -6.979162675,      -5.019440033,      -6.168207089,      -3.184771272
          0,           0,        3308,      -6.979789385,      -5.020075836,      -6.168771843,       -3.18536508
          0,           0,        3309,      -6.980416235,      -5.020711694,      -6.169346516,       -3.18596576
          0,           0,        3310,      -6.981043228,      -5.021347603,      -6.169928829,      -3.186571739
          0,           0,        3311,      -6.981670362,       -5.02198356,      -6.170516714,      -3.187181708
          0,           0,        3312,       -6.98229764,      -5.022619564,      -6.171108496,      -3.187794457
          0,           0,        3313,      -6.982925061,      -5.023255612,      -6.171702781,      -3.188409025
          0,           0,        3314,      -6.983552626,      -5.023891703,      -6.172298145,      -3.189024492
          0,           0,        3315,      -6.984180333,      -5.024527835,       -6.17289339,      -3.189640026
          0,           0,        3316,      -6.984808183,      -5.025164008,       -6.17348749,      -3.190254886
          0,           0,        3317,      -6.985436175,       -5.02580022,      -6.174079402,      -3.190868392
          0,           0,        3318,       -6.98606431,      -5.026436471,      -6.174668461,      -3.191480065
          0,           0,        3319,      -6.986692587,      -5.027072761,      -6.175254137,      -3.192089547
          0,           0,        3320,      -6.987321005,      -5.027709088,      -6.175836032,      -3.192696549
          0,           0,        3321,      -6.987949566,      -5.028345452,      -6.176413998,      -3.193301007
          0,           0,        3322,      -6.988578269,      -5.028981853,      -6.176988079,      -3.193902907
          0,           0,        3323,      -6.989207113,       -5.02961829,      -6.177558312,      -3.194502297
          0,           0,        3324,      -6.989836099,      -5.030254764,      -6.178124884,      -3.195099294
          0,           0,        3325,      -6.990465226,      -5.030891274,      -6.178688076,      -3.195694083
          0,           0,        3326,      -6.991094493,       -5.03152782,      -6.179248217,        -3.1962869
          0,           0,        3327,      -6.991723901,      -5.032164403,      -6.179805666,      -3.196877966
          0,           0,        3328,      -6.992353449,      -5.032801022,      -6.180360847,      -3.197467567
          0,           0,        3329,      -6.992983138,      -5.033437676,      -6.180914155,      -3.198055949
          0,           0,        3330,      -6.993612965,      -5.034074368,      -6.181465984,      -3.198643373
          0,           0,        3331,      -6.994242932,      -5.034711095,      -6.182016756,      -3.199230138
          0,           0,        3332,      -6.994873037,      -5.035347859,      -6.182566781,      -3.199816408
          0,           0,        3333,      -6.995503281,      -5.035984659,      -6.183116452,      -3.200402461
          0,           0,        3334,      -6.996133662,      -5.036621496,      -6.183665952,       -3.20098842
          0,           0,        3335,      -6.996764181,      -5.037258369,      -6.184215612,      -3.201574464
          0,           0,        3336,      -6.997394836,       -5.03789528,      -6.184765562,      -3.202160696
          0,           0,        3337,      -6.998025628,      -5.038532227,      -6.185315901,      -3.202747207
          0,           0,        3338,      -6.998656555,      -5.039169211,      -6.185866828,      -3.203334066
          0,           0,        3339,      -6.999287618,      -5.039806232,      -6.186418328,      -3.203921313
          0,           0,        3340,      -6.999357344,      -5.042229565,      -5.993020026,      -3.013902207
          0,           0,        3341,      -7.000816194,      -5.042032997,      -6.142801668,      -3.168981101
          0,           0,        3342,      -7.001361369,      -5.044002604,      -5.972299857,      -2.997067762
          0,           0,        3343,      -7.002888671,      -5.043778709,      -6.149727932,      -3.175082032
          0,           0,        3344,      -7.003343465,      -5.045827749,      -5.984524792,      -3.008420338
          0,           0,        3345,      -7.004801271,      -5.045635387,      -6.147630432,      -3.175013113
          0,           0,        3346,      -7.005240783,      -5.047684363,      -5.973242145,      -3.000118904
          0,           0,        3347,      -7.006727876,      -5.047477252,      -6.136852778,      -3.167868963
          0,           0,        3348,      -7.007179666,      -5.049514427,      -5.968523104,      -2.996970368
          0,           0,        3349,      -7.008673146,      -5.049304827,      -6.133788527,      -3.166230934
          0,           0,        3350,      -7.009115978,      -5.051347362,      -5.967901022,       -2.99701576
          0,           0,        3351,      -7.010608419,      -5.051137998,      -6.132282385,       -3.16569994
          0,           0,        3352,      -7.011047186,      -5.053181954,       -5.96699053,      -2.996631388
          0,           0,        3353,      -7.012544526,      -5.052970383,      -6.131465206,      -3.165580006
          0,           0,        3354,      -7.012981981,      -5.055014845,      -5.967473467,      -2.997278169
          0,           0,        3355,      -7.014482388,      -5.054802064,        -6.1323512,       -3.16667304
          0,           0,        3356,      -7.014917516,      -5.056848288,      -5.969171897,      -2.998855092
          0,           0,        3357,      -7.016419572,      -5.056634844,      -6.134275432,      -3.168519377
          0,           0,        3358,      -7.017461927,      -5.056868292,      -6.137813387,      -3.172433067
          0,           0,        3359,      -7.018153078,      -5.057467533,      -6.168730543,      -3.196897251
          0,           0,        3360,      -7.018700477,      -5.058172783,      -6.186066842,      -3.211262675
          0,           0,        3361,      -7.019242091,      -5.058874156,      -6.183838454,       -3.21000363
          0,           0,        3362,      -7.019249135,      -5.061331892,      -5.987692167,      -3.013928363
          0,           0,        3363,      -7.020754793,      -5.061111028,      -6.136410184,      -3.169612115
          0,           0,        3364,      -7.021300228,      -5.063069856,      -5.975582309,      -3.003096252
          0,           0,        3365,       -7.02286106,      -5.062830867,      -6.156839172,      -3.185508328
          0,           0,        3366,      -7.023907162,      -5.063065637,      -6.166019055,      -3.193864954
          0,           0,        3367,      -7.024573361,      -5.063683921,      -6.197976844,      -3.218914371
          0,           0,        3368,      -7.025097803,      -5.064406434,      -6.211129384,      -3.230423073
          0,           0,        3369,      -7.025034692,      -5.066926066,      -6.008586137,      -3.031873824
          0,           0,        3370,      -7.026501734,      -5.066723679,      -6.147664414,      -3.179710221
          0,           0,        3371,      -7.027633444,      -5.066895269,      -6.148565753,      -3.181613881
          0,           0,        3372,       -7.02841146,      -5.067438515,      -6.188531406,      -3.212297664
          0,           0,        3373,       -7.02899034,      -5.068125707,      -6.216394637,      -3.234331305
          0,           0,        3374,       -7.02951705,      -5.068840336,       -6.21742664,      -3.236226399
          0,           0,        3375,        -7.0300794,      -5.069526833,      -6.205429907,      -3.227778033
          0,           0,        3376,      -7.030699399,      -5.070173303,      -6.195581377,      -3.220363013
          0,           0,        3377,      -7.031355491,      -5.070796166,      -6.193668463,       -3.21871607
          0,           0,        3378,       -7.03201645,       -5.07141707,      -6.198200291,      -3.221940808
          0,           0,        3379,      -7.032663697,      -5.072048125,      -6.204915769,      -3.226907539
          0,           0,        3380,      -7.033295362,      -5.072690022,      -6.210222011,      -3.230945142
          0,           0,        3381,      -7.033919116,      -5.073337341,      -6.212782489,      -3.233025597
          0,           0,        3382,      -7.034543393,      -5.073984459,      -6.213246962,      -3.233568863
          0,           0,        3383,      -7.035172488,      -5.074628656,      -6.213012876,      -3.233569239
          0,           0,        3384,      -7.035806225,      -5.075270182,       -6.21314544,       -3.23381359
          0,           0,        3385,       -7.03644212,      -5.075910713,       -6.21397964,      -3.234568703
          0,           0,        3386,      -7.037077751,      -5.076551799,      -6.215284229,      -3.235682123
          0,           0,        3387,      -7.037711981,      -5.077194104,        -6.2166365,      -3.236850548
          0,           0,        3388,      -7.038344969,       -5.07783746,      -6.217725564,      -3.237843693
          0,           0,        3389,      -7.038977495,      -5.078481326,      -6.218465717,      -3.238591603
          0,           0,        3390,      -7.039610289,      -5.079125225,      -6.218946387,      -3.239152767
          0,           0,        3391,      -7.040243679,      -5.079768955,      -6.219315611,      -3.239631574
          0,           0,        3392,       -7.04087761,      -5.080412559,      -6.219685915,      -3.240109634
          0,           0,        3393,      -7.041511843,      -5.081056191,      -6.220099347,      -3.240618407
          0,           0,        3394,      -7.042146161,      -5.081699985,       -6.22054294,      -3.241149056
          0,           0,        3395,      -7.042780468,      -5.082343991,      -6.220984208,      -3.241677758
          0,           0,        3396,      -7.043414787,      -5.082988186,      -6.221400453,      -3.242187083
          0,           0,        3397,      -7.044049196,      -5.083632515,      -6.221789396,       -3.24267439
          0,           0,        3398,      -7.044683765,      -5.084276929,      -6.222165018,      -3.243149114
          0,           0,        3399,      -7.045318526,      -5.084921406,      -6.222545853,       -3.24362462
          0,           0,        3400,      -7.045953476,      -5.085565948,       -6.22294604,      -3.244111388
          0,           0,        3401,      -7.046588589,      -5.086210565,      -6.223371677,      -3.244614244
          0,           0,        3402,      -7.047223845,       -5.08685527,      -6.223822224,      -3.245133159
          0,           0,        3403,      -7.047859233,      -5.087500062,      -6.224294261,      -3.245665991
          0,           0,        3404,      -7.048494756,      -5.088144939,      -6.224784498,      -3.246210514
          0,           0,        3405,      -7.049130422,       -5.08878989,       -6.22529136,      -3.246765842
          0,           0,        3406,      -7.049766237,      -5.089434909,      -6.225814605,      -3.247331993
          0,           0,        3407,      -7.050402204,       -5.09007999,      -6.226354148,       -3.24790912
          0,           0,        3408,      -7.051038324,      -5.090725129,      -6.226909573,       -3.24849716
          0,           0,        3409,      -7.051674593,      -5.091370327,      -6.227479351,      -3.249095189
          0,           0,        3410,      -7.052311009,      -5.092015582,      -6.228061389,      -3.249701831
          0,           0,        3411,       -7.05294757,      -5.092660891,      -6.228653175,      -3.250315409
          0,           0,        3412,      -7.053584278,      -5.093306251,      -6.229252452,      -3.250934353
          0,           0,        3413,      -7.054221131,      -5.093951662,       -6.22985715,      -3.251557232
          0,           0,        3414,      -7.054858132,      -5.094597118,      -6.230465546,      -3.252182843
          0,           0,        3415,      -7.055495279,       -5.09524262,      -6.231076175,      -3.252810168
          0,           0,        3416,      -7.056132574,      -5.095888165,      -6.231687734,      -3.253438281
          0,           0,        3417,      -7.056770015,      -5.096533751,      -6.232298965,      -3.254066324
          0,           0,        3418,      -7.057407601,      -5.097179379,      -6.232908806,      -3.254693513
          0,           0,        3419,      -7.058045334,      -5.097825046,      -6.233516312,      -3.255319231
          0,           0,        3420,      -7.058683212,      -5.098470753,      -6.234120761,      -3.255942938
          0,           0,        3421,      -7.059321236,      -5.099116497,      -6.234721676,      -3.256564263
          0,           0,        3422,      -7.059959404,      -5.099762279,      -6.235318695,      -3.257183019
          0,           0,        3423,      -7.060597718,      -5.100408099,      -6.235911715,      -3.257799067
          0,           0,        3424,      -7.061236177,      -5.101053955,      -6.236500697,      -3.258412444
          0,           0,        3425,       -7.06187478,      -5.101699848,      -6.237085766,      -3.259023193
          0,           0,        3426,      -7.062513528,      -5.102345777,      -6.237667158,      -3.259631479
          0,           0,        3427,       -7.06315242,      -5.102991743,      -6.238245117,      -3.260237481
          0,           0,        3428,      -7.063791455,      -5.103637745,      -6.238819999,       -3.26084142
          0,           0,        3429,      -7.064430633,      -5.104283783,      -6.239392216,      -3.261443611
          0,           0,        3430,      -7.065069955,      -5.104929857,      -6.239962154,      -3.262044269
          0,           0,        3431,      -7.065709419,      -5.105575967,      -6.240530229,      -3.262643711
          0,           0,        3432,      -7.066349025,      -5.106222114,      -6.241096914,      -3.263242221
          0,           0,        3433,      -7.066988773,      -5.106868296,      -6.241662531,      -3.263840038
          0,           0,        3434,      -7.067628663,      -5.107514515,       -6.24222748,      -3.264437413
          0,           0,        3435,      -7.068268693,       -5.10816077,      -6.242792079,      -3.265034574
          0,           0,        3436,      -7.068908863,      -5.108807062,      -6.243356604,      -3.265631685
          0,           0,        3437,      -7.069549173,       -5.10945339,      -6.243921282,      -3.266228892
          0,           0,        3438,      -7.070189623,      -5.110099755,      -6.244486304,      -3.266826327
          0,           0,        3439,      -7.070830211,      -5.110746157,      -6.245051826,      -3.267424108
          0,           0,        3440,      -7.071470937,      -5.111392595,      -6.245617866,      -3.268022221
          0,           0,        3441,      -7.072111801,       -5.11203907,      -6.246184591,      -3.268620798
          0,           0,        3442,      -7.072144524,      -5.114501989,      -6.053358098,      -3.077072128
          0,           0,        3443,      -7.073658186,       -5.11430078,      -6.203173496,      -3.233479548
          0,           0,        3444,      -7.074181994,      -5.116299404,      -6.032749388,      -3.060120252
          0,           0,        3445,      -7.075765674,      -5.116070809,      -6.209846072,      -3.239547565
          0,           0,        3446,      -7.076196821,      -5.118150442,      -6.044593606,      -3.071302816
          0,           0,        3447,      -7.077709731,      -5.117953471,      -6.207525019,      -3.239256927
          0,           0,        3448,      -7.078125065,      -5.120032811,      -6.033360177,      -3.062914984
          0,           0,        3449,      -7.079667989,      -5.119821019,      -6.196815208,      -3.231990717
          0,           0,        3450,        -7.0800955,      -5.121888456,      -6.028673501,       -3.05974202
          0,           0,        3451,      -7.081645007,      -5.121674192,      -6.193752155,      -3.230302211
          0,           0,        3452,       -7.08206329,      -5.123747037,      -6.028044996,      -3.059765076
          0,           0,        3453,      -7.083611841,      -5.123532975,      -6.192272343,      -3.229750997
          0,           0,        3454,      -7.084025901,      -5.125607221,      -6.027189525,      -3.059400413
          0,           0,        3455,      -7.085579465,      -5.125390944,       -6.19153054,      -3.229655146
          0,           0,        3456,      -7.085992102,      -5.127465693,      -6.027740031,       -3.06008941
          0,           0,        3457,      -7.087548781,      -5.127248208,      -6.192495287,      -3.230798064
          0,           0,        3458,      -7.087959012,      -5.129324714,      -6.029504596,      -3.061718336
          0,           0,        3459,      -7.089517347,      -5.129106565,      -6.194500363,      -3.232708939
          0,           0,        3460,       -7.09058339,      -5.129340424,      -6.197921093,      -3.236541768
          0,           0,        3461,      -7.091285688,       -5.12994798,      -6.228519423,      -3.261233921
          0,           0,        3462,      -7.091840682,      -5.130663949,      -6.245696815,       -3.27568993
          0,           0,        3463,      -7.092389947,      -5.131375883,      -6.243651309,       -3.27445598
          0,           0,        3464,       -7.09235785,      -5.133873305,      -6.048441777,      -3.077222718
          0,           0,        3465,      -7.093919371,      -5.133647659,      -6.197379806,      -3.234270596
          0,           0,        3466,      -7.094442636,      -5.135635069,      -6.036620522,      -3.066511948
          0,           0,        3467,      -7.096060329,      -5.135391379,      -6.217592001,      -3.250334307
          0,           0,        3468,      -7.097130057,      -5.135626655,      -6.226485187,      -3.258573133
          0,           0,        3469,      -7.097806973,      -5.136253419,      -6.258011585,      -3.283791831
          0,           0,        3470,      -7.098338704,       -5.13698671,      -6.270987532,      -3.295305719
          0,           0,        3471,      -7.098235187,      -5.139546971,       -6.06927946,      -3.095283978
          0,           0,        3472,      -7.099757049,       -5.13933991,      -6.208686097,      -3.244476304
          0,           0,        3473,      -7.100914394,      -5.139510908,      -6.209557679,      -3.246377428
          0,           0,        3474,      -7.101705072,      -5.140061732,      -6.249082209,       -3.27736324
          0,           0,        3475,      -7.102291858,      -5.140759493,      -6.276486674,      -3.299466263
          0,           0,        3476,      -7.102825786,      -5.141484867,      -6.277447702,      -3.301243369
          0,           0,        3477,      -7.103396458,      -5.142181341,      -6.265690467,      -3.292716358
          0,           0,        3478,      -7.104025976,       -5.14283714,      -6.256127074,      -3.285341993
          0,           0,        3479,      -7.104692093,      -5.143469154,      -6.254384054,      -3.283799289
          0,           0,        3480,      -7.105362968,      -5.144099346,       -6.25894271,      -3.287122184
          0,           0,        3481,       -7.10601983,       -5.14473987,       -6.26559683,      -3.292146931
          0,           0,        3482,      -7.106660916,      -5.145391318,      -6.270833204,      -3.296204747
          0,           0,        3483,      -7.107294079,      -5.146048167,      -6.273368066,       -3.29828927
          0,           0,        3484,      -7.107927846,       -5.14670476,      -6.273856816,       -3.29884065
          0,           0,        3485,      -7.108566511,      -5.147358402,      -6.273670638,       -3.29885985
          0,           0,        3486,      -7.109209849,      -5.148009378,      -6.273844958,       -3.29912868
          0,           0,        3487,      -7.109855337,      -5.148659385,      -6.274699521,      -3.299905838
          0,           0,        3488,      -7.110500541,      -5.149309968,      -6.276004528,      -3.301034139
          0,           0,        3489,      -7.111144336,       -5.14996178,      -6.277348224,      -3.302210631
          0,           0,        3490,      -7.111786892,      -5.150614641,      -6.278430619,       -3.30320806
          0,           0,        3491,      -7.112429001,      -5.151268009,      -6.279171537,      -3.303959791
          0,           0,        3492,      -7.113071388,       -5.15192141,      -6.279659853,      -3.304525827
          0,           0,        3493,       -7.11371438,      -5.152574645,       -6.28003992,       -3.30501059
          0,           0,        3494,      -7.114357916,      -5.153227761,      -6.280420949,      -3.305494811
          0,           0,        3495,      -7.115001757,      -5.153880912,      -6.280843418,      -3.306009259
          0,           0,        3496,      -7.115645686,       -5.15453423,      -6.281294936,       -3.30654512
          0,           0,        3497,      -7.116289611,      -5.155187762,      -6.281744434,      -3.307078961
          0,           0,        3498,      -7.116933554,      -5.155841486,      -6.282170347,      -3.307593858
          0,           0,        3499,      -7.117577593,      -5.156495347,      -6.282570975,      -3.308087575
          0,           0,        3500,      -7.118221798,      -5.157149295,      -6.282960006,       -3.30856973
          0,           0,        3501,      -7.118866201,      -5.157803309,      -6.283355356,      -3.309053501
          0,           0,        3502,      -7.119510796,      -5.158457391,      -6.283770699,      -3.309549304
          0,           0,        3503,       -7.12015556,      -5.159111553,       -6.28421187,      -3.310061807
          0,           0,        3504,      -7.120800471,      -5.159765803,      -6.284678195,       -3.31059092
          0,           0,        3505,       -7.12144552,      -5.160420144,      -6.285166384,      -3.311134444
          0,           0,        3506,      -7.122090709,       -5.16107457,      -6.285673145,      -3.311690277
          0,           0,        3507,      -7.122736044,      -5.161729073,      -6.286196978,      -3.312257431
          0,           0,        3508,      -7.123381534,      -5.162383644,      -6.286737295,      -3.312835753
          0,           0,        3509,       -7.12402718,      -5.163038279,      -6.287294098,      -3.313425464
          0,           0,        3510,      -7.124672983,      -5.163692974,      -6.287866779,      -3.314026314
          0,           0,        3511,      -7.125318939,      -5.164347728,      -6.288453741,      -3.314637348
          0,           0,        3512,      -7.125965047,       -5.16500254,      -6.289052808,      -3.315257088
          0,           0,        3513,      -7.126611303,      -5.165657406,      -6.289661534,       -3.31588388
          0,           0,        3514,       -7.12725771,      -5.166312325,      -6.290277514,      -3.316515967
          0,           0,        3515,      -7.127904266,      -5.166967294,      -6.290898808,      -3.317152019
          0,           0,        3516,      -7.128550972,      -5.167622309,      -6.291523567,      -3.317790689
          0,           0,        3517,       -7.12919783,       -5.16827737,      -6.292150396,      -3.318431004
          0,           0,        3518,      -7.129844837,      -5.168932474,      -6.292777963,      -3.319072015
          0,           0,        3519,      -7.130491994,      -5.169587619,      -6.293404947,      -3.319712744
          0,           0,        3520,        -7.1311393,      -5.170242806,      -6.294030352,      -3.320352518
          0,           0,        3521,      -7.131786755,      -5.170898032,      -6.294653304,      -3.320990639
          0,           0,        3522,      -7.132434359,      -5.171553297,      -6.295272996,      -3.321626609
          0,           0,        3523,      -7.133082111,        -5.1722086,      -6.295888965,      -3.322260034
          0,           0,        3524,      -7.133730011,      -5.172863941,      -6.296500984,      -3.322890729
          0,           0,        3525,      -7.134378059,      -5.173519319,      -6.297108872,      -3.323518649
          0,           0,        3526,      -7.135026255,      -5.174174734,      -6.297712603,      -3.324143725
          0,           0,        3527,      -7.135674598,      -5.174830184,      -6.298312397,      -3.324766069
          0,           0,        3528,      -7.136323088,      -5.175485672,       -6.29890845,      -3.325385869
          0,           0,        3529,      -7.136971725,      -5.176141195,      -6.299501006,      -3.326003324
          0,           0,        3530,      -7.137620508,      -5.176796754,      -6.300090531,      -3.326618686
          0,           0,        3531,      -7.138269437,      -5.177452349,      -6.300677337,        -3.3272322
          0,           0,        3532,      -7.138918512,       -5.17810798,       -6.30126192,      -3.327844212
          0,           0,        3533,      -7.139567731,      -5.178763646,      -6.301844689,      -3.328455009
          0,           0,        3534,      -7.140217095,      -5.179419349,      -6.302425961,      -3.329064781
          0,           0,        3535,      -7.140866604,      -5.180075088,      -6.303006351,      -3.329673981
          0,           0,        3536,      -7.141516256,      -5.180730862,       -6.30358605,      -3.330282708
          0,           0,        3537,      -7.142166051,      -5.181386672,      -6.304165452,      -3.330891215
          0,           0,        3538,      -7.142815989,      -5.182042519,      -6.304744813,      -3.331499735
          0,           0,        3539,      -7.143466069,      -5.182698401,       -6.30532446,      -3.332108437
          0,           0,        3540,       -7.14411629,       -5.18335432,      -6.305904387,      -3.332717332
          0,           0,        3541,      -7.144766652,      -5.184010274,       -6.30648492,      -3.333326646
          0,           0,        3542,      -7.145417155,      -5.184666265,      -6.307065961,      -3.333936295
          0,           0,        3543,      -7.146067797,      -5.185322293,      -6.307647704,       -3.33454641
          0,           0,        3544,      -7.146064298,      -5.187824105,      -6.115340826,       -3.14160538
          0,           0,        3545,      -7.147631936,       -5.18761903,      -6.265202593,      -3.299249272
          0,           0,        3546,      -7.148134988,      -5.189646279,      -6.094848957,      -3.124564181
          0,           0,        3547,      -7.149774236,      -5.189413753,      -6.271635372,      -3.305277761
          0,           0,        3548,      -7.150182419,      -5.191523511,       -6.10633463,      -3.135575964
          0,           0,        3549,      -7.151749662,      -5.191322676,       -6.26910727,      -3.304775539
          0,           0,        3550,       -7.15214149,      -5.193431924,       -6.09514997,      -3.127113964
          0,           0,        3551,      -7.153739458,      -5.193216209,      -6.258462909,      -3.297401091
          0,           0,        3552,      -7.154143352,      -5.195313461,      -6.090495029,      -3.123921503
          0,           0,        3553,      -7.155748104,      -5.195095292,       -6.25540266,      -3.295667682
          0,           0,        3554,      -7.156142506,      -5.197197995,      -6.089862906,      -3.123925982
          0,           0,        3555,      -7.157746391,      -5.196979992,      -6.253950335,      -3.295100973
          0,           0,        3556,      -7.158136411,      -5.199084077,      -6.089062041,      -3.123583918
          0,           0,        3557,      -7.159745423,      -5.198863853,      -6.253282042,      -3.295032224
          0,           0,        3558,      -7.160133912,      -5.200968437,      -6.089679184,      -3.124316655
          0,           0,        3559,      -7.161746086,      -5.200747006,      -6.254323744,      -3.296226243
          0,           0,        3560,      -7.162132094,      -5.202853338,      -6.091509356,      -3.125998406
          0,           0,        3561,      -7.163745927,      -5.202631243,      -6.256407737,      -3.298201879
          0,           0,        3562,      -7.164835488,      -5.202865873,      -6.259732085,      -3.301965363
          0,           0,        3563,      -7.165548963,      -5.203481845,      -6.290028994,      -3.326847699
          0,           0,        3564,      -7.166111607,      -5.204208561,      -6.307059539,      -3.341378096
          0,           0,        3565,      -7.166668557,      -5.204931099,      -6.305188176,      -3.340175259
          0,           0,        3566,      -7.166598112,      -5.207467499,      -6.110839859,      -3.141910023
          0,           0,        3567,      -7.168214634,      -5.207237865,      -6.259996463,      -3.300229905
          0,           0,        3568,      -7.168716347,      -5.209253466,      -6.099300712,      -3.131333439
          0,           0,        3569,      -7.170390077,      -5.209005848,       -6.28000436,      -3.316440595
          0,           0,        3570,      -7.171483267,      -5.209241978,      -6.288641887,       -3.32456909
          0,           0,        3571,      -7.172170947,      -5.209877301,      -6.319762076,      -3.349920568
          0,           0,        3572,      -7.172710032,      -5.210621383,       -6.33257464,      -3.361429393
          0,           0,        3573,      -7.172566954,      -5.213221503,      -6.131632678,      -3.160081207
          0,           0,        3574,      -7.174142782,       -5.21301055,      -6.271359983,      -3.310542461
          0,           0,        3575,      -7.175325505,       -5.21318138,      -6.272212306,      -3.312447749
          0,           0,        3576,      -7.176128822,      -5.213739922,      -6.311316478,      -3.343686986
          0,           0,        3577,      -7.176723563,      -5.214448277,      -6.338291769,      -3.365832876
          0,           0,        3578,      -7.177264759,      -5.215184414,      -6.339190309,      -3.367498528
          0,           0,        3579,      -7.177843762,      -5.215890922,      -6.327660038,      -3.358909873
          0,           0,        3580,      -7.178482764,      -5.216556147,      -6.318364288,      -3.351585074
          0,           0,        3581,      -7.179158855,      -5.217197425,      -6.316779838,      -3.350145138
          0,           0,        3582,      -7.179839603,      -5.217837009,      -6.321362987,      -3.353559381
          0,           0,        3583,      -7.180506047,      -5.218487095,      -6.327959817,      -3.358635388
          0,           0,        3584,      -7.181156535,      -5.219148176,      -6.333131743,      -3.362709689
          0,           0,        3585,      -7.181799088,      -5.219814635,      -6.335644204,      -3.364797895
          0,           0,        3586,      -7.182442324,      -5.220480785,      -6.336157073,      -3.365358548
          0,           0,        3587,      -7.183090533,      -5.221143957,      -6.336016638,      -3.365397572
          0,           0,        3588,      -7.183743443,       -5.22180447,      -6.336230539,      -3.365690932
          0,           0,        3589,      -7.184398494,      -5.222464038,      -6.337104442,      -3.366489435
          0,           0,        3590,      -7.185053241,      -5.223124204,      -6.338410284,      -3.367631818
          0,           0,        3591,      -7.185706571,      -5.223785606,      -6.339746548,      -3.368815821
          0,           0,        3592,      -7.186358669,      -5.224448056,      -6.340823492,      -3.369817575
          0,           0,        3593,       -7.18701033,      -5.225111007,       -6.34156588,      -3.370573367
          0,           0,        3594,      -7.187662283,      -5.225773992,      -6.342061988,      -3.371144717
          0,           0,        3595,      -7.188314846,      -5.226436815,      -6.342452918,      -3.371635828
          0,           0,        3596,      -7.188967956,      -5.227099526,      -6.342844519,      -3.372126507
          0,           0,        3597,      -7.189621374,      -5.227762277,      -6.343276116,      -3.372647027
          0,           0,        3598,      -7.190274884,        -5.2284252,      -6.343735678,      -3.373188391
          0,           0,        3599,      -7.190928395,       -5.22908834,      -6.344193582,      -3.373727767
          0,           0,        3600,      -7.191581931,      -5.229751674,      -6.344629236,       -3.37424858
          0,           0,        3601,      -7.192235569,      -5.230415145,      -6.345041557,      -3.374749194
          0,           0,        3602,      -7.192889379,      -5.231078708,      -6.345443796,      -3.375239114
          0,           0,        3603,      -7.193543391,       -5.23174234,        -6.3458535,      -3.375731605
          0,           0,        3604,        -7.1941976,      -5.232406042,      -6.346283769,      -3.376236777
          0,           0,        3605,      -7.194851982,      -5.233069826,      -6.346740214,      -3.376759241
          0,           0,        3606,      -7.195506516,      -5.233733701,       -6.34722211,      -3.377298874
          0,           0,        3607,      -7.196161193,      -5.234397669,      -6.347726133,      -3.377853388
          0,           0,        3608,      -7.196816014,      -5.235061723,      -6.348249245,      -3.378420805
          0,           0,        3609,      -7.197470986,      -5.235725856,      -6.348789569,      -3.378999923
          0,           0,        3610,      -7.198126117,      -5.236390058,      -6.349346739,      -3.379590714
          0,           0,        3611,      -7.198781409,      -5.237054324,      -6.349920537,      -3.380193215
          0,           0,        3612,      -7.199436861,      -5.237718652,      -6.350510128,       -3.38080707
          0,           0,        3613,       -7.20009247,       -5.23838304,      -6.351113967,      -3.381431275
          0,           0,        3614,      -7.200748235,      -5.239047485,       -6.35172976,      -3.382064304
          0,           0,        3615,      -7.201404152,      -5.239711985,      -6.352355075,      -3.382704353
          0,           0,        3616,      -7.202060222,      -5.240376539,      -6.352987544,      -3.383349805
          0,           0,        3617,      -7.202716446,      -5.241041142,      -6.353625119,      -3.383999099
          0,           0,        3618,      -7.203372824,      -5.241705792,      -6.354266013,      -3.384651031
          0,           0,        3619,      -7.204029355,      -5.242370486,      -6.354908766,      -3.385304463
          0,           0,        3620,       -7.20468604,      -5.243035224,      -6.355552028,      -3.385958404
          0,           0,        3621,      -7.205342877,      -5.243700004,      -6.356194578,      -3.386611996
          0,           0,        3622,      -7.205999867,      -5.244364824,       -6.35683533,      -3.387264482
          0,           0,        3623,      -7.206657008,      -5.245029684,       -6.35747345,      -3.387915148
          0,           0,        3624,      -7.207314301,      -5.245694582,      -6.358108153,      -3.388563494
          0,           0,        3625,      -7.207971744,      -5.246359518,       -6.35873901,      -3.389209158
          0,           0,        3626,      -7.208629339,      -5.247024492,      -6.359365741,      -3.389851936
          0,           0,        3627,      -7.209287084,      -5.247689501,      -6.359988278,      -3.390491824
          0,           0,        3628,       -7.20994498,      -5.248354548,      -6.360606616,      -3.391128764
          0,           0,        3629,      -7.210603026,       -5.24901963,      -6.361220884,      -3.391762862
          0,           0,        3630,      -7.211261221,      -5.249684748,      -6.361831335,      -3.392394312
          0,           0,        3631,      -7.211919565,      -5.250349901,      -6.362438407,      -3.393023427
          0,           0,        3632,      -7.212578058,       -5.25101509,      -6.363042263,      -3.393650287
          0,           0,        3633,      -7.213236699,      -5.251680314,      -6.363643542,      -3.394275365
          0,           0,        3634,      -7.213895488,      -5.252345574,      -6.364242512,      -3.394898864
          0,           0,        3635,      -7.214554424,      -5.253010869,       -6.36483971,      -3.395521128
          0,           0,        3636,      -7.215213507,        -5.2536762,      -6.365435475,      -3.396142424
          0,           0,        3637,      -7.215872737,      -5.254341566,      -6.366030359,      -3.396763094
          0,           0,        3638,      -7.216532113,      -5.255006967,      -6.366624665,      -3.397383361
          0,           0,        3639,      -7.217191634,      -5.255672403,      -6.367218641,      -3.398003444
          0,           0,        3640,      -7.217851299,      -5.256337875,      -6.367812694,      -3.398623572
          0,           0,        3641,      -7.218511109,      -5.257003382,      -6.368406952,      -3.399243841
          0,           0,        3642,      -7.219171063,      -5.257668925,      -6.369001681,      -3.399864414
          0,           0,        3643,      -7.219831159,      -5.258334503,      -6.369596892,      -3.400485375
          0,           0,        3644,      -7.220491398,      -5.259000117,      -6.370192825,      -3.401106768
          0,           0,        3645,      -7.221151778,      -5.259665767,      -6.370789419,      -3.401728643
          0,           0,        3646,      -7.221112894,      -5.262205707,      -6.178954691,      -3.207519574
          0,           0,        3647,      -7.222733599,      -5.261997516,      -6.328873096,      -3.366314255
          0,           0,        3648,      -7.223216527,      -5.264052941,      -6.158583584,      -3.190413647
          0,           0,        3649,       -7.22491045,      -5.263817232,      -6.335079649,      -3.372298196
          0,           0,        3650,      -7.225296373,      -5.265956594,      -6.169731647,      -3.201255432
          0,           0,        3651,        -7.2269171,      -5.265752616,      -6.332359453,      -3.371594478
          0,           0,        3652,      -7.227286116,       -5.26789126,      -6.158594972,      -3.192729961
          0,           0,        3653,      -7.228938262,      -5.267672359,       -6.32177821,      -3.364124333
          0,           0,        3654,      -7.229319224,      -5.269798924,       -6.15397098,      -3.189522231
          0,           0,        3655,       -7.23097836,      -5.269577586,      -6.318722121,      -3.362351157
          0,           0,        3656,      -7.231349573,      -5.271709641,      -6.153337628,      -3.189511483
          0,           0,        3657,      -7.233007934,      -5.271488432,      -6.317298007,      -3.361773003
          0,           0,        3658,       -7.23337461,       -5.27362185,      -6.152590882,      -3.189194494
          0,           0,        3659,      -7.235038211,      -5.273398413,      -6.316701206,      -3.361733812
          0,           0,        3660,      -7.235403249,      -5.275532326,      -6.153273493,      -3.189971985
          0,           0,        3661,      -7.237070059,      -5.275307683,      -6.317817835,      -3.362979669
          0,           0,        3662,      -7.237432544,      -5.277443335,       -6.15516843,      -3.191706986
          0,           0,        3663,      -7.239101016,      -5.277218028,      -6.319978915,      -3.365020008
          0,           0,        3664,      -7.240213875,      -5.277453775,      -6.323225202,      -3.368725224
          0,           0,        3665,       -7.24093853,       -5.27807824,      -6.353237314,      -3.393764598
          0,           0,        3666,      -7.241508865,      -5.278815703,      -6.370131879,      -3.408355295
          0,           0,        3667,       -7.24207352,      -5.279548858,      -6.368426079,      -3.407188308
          0,           0,        3668,      -7.241965583,      -5.282123459,      -6.174870043,      -3.208002956
          0,           0,        3669,      -7.243636177,      -5.281890605,      -6.324242567,      -3.367508896
          0,           0,        3670,      -7.244116972,      -5.283933955,      -6.163606052,      -3.197570677
          0,           0,        3671,      -7.245845839,      -5.283683155,      -6.344058475,      -3.383848756
          0,           0,        3672,      -7.246962277,      -5.283920474,      -6.352468387,      -3.391874913
          0,           0,        3673,      -7.247660744,      -5.284564414,      -6.383205981,      -3.417327407
          0,           0,        3674,      -7.248207233,      -5.285319272,      -6.395866905,      -3.428822469
          0,           0,        3675,      -7.248025503,      -5.287958414,        -6.1956279,      -3.226278688
          0,           0,        3676,      -7.249654375,      -5.287744323,      -6.335667521,       -3.37792735
          0,           0,        3677,       -7.25086217,      -5.287915392,      -6.336510057,      -3.379843263
          0,           0,        3678,      -7.251678074,      -5.288481769,      -6.375214108,      -3.411293105
          0,           0,        3679,      -7.252280805,      -5.289200718,      -6.401787516,      -3.433459233
          0,           0,        3680,      -7.252829308,      -5.289947608,      -6.402630895,      -3.435019798
          0,           0,        3681,      -7.253416637,       -5.29066418,      -6.391315288,      -3.426384088
          0,           0,        3682,      -7.254065078,      -5.291338901,      -6.382270927,      -3.419116015
          0,           0,        3683,      -7.254751076,      -5.291989524,      -6.380834716,      -3.417776897
          0,           0,        3684,      -7.255441636,      -5.292638579,      -6.385440269,       -3.42127603
          0,           0,        3685,      -7.256117618,       -5.29329829,       -6.39198348,      -3.426397185
          0,           0,        3686,      -7.256777472,      -5.293969059,      -6.397096147,      -3.430484954
          0,           0,        3687,      -7.257429382,       -5.29464518,      -6.399589001,      -3.432576503
          0,           0,        3688,      -7.258082051,      -5.295320944,      -6.400125662,       -3.43314738
          0,           0,        3689,      -7.258739764,      -5.295993704,      -6.400028836,        -3.4332069
          0,           0,        3690,      -7.259402202,      -5.296663813,      -6.400280199,      -3.433524635
          0,           0,        3691,      -7.260066771,      -5.297333001,      -6.401172589,       -3.43434378
          0,           0,        3692,      -7.260731018,      -5.298002806,      -6.402479614,      -3.435499522
          0,           0,        3693,      -7.261393841,      -5.298673855,      -6.403809439,      -3.436690603
          0,           0,        3694,      -7.262055436,      -5.299345949,      -6.404881912,      -3.437696572
          0,           0,        3695,      -7.262716609,      -5.300018541,      -6.405626369,      -3.438456707
          0,           0,        3696,      -7.263378082,      -5.300691164,      -6.406130473,      -3.439033722
          0,           0,        3697,      -7.264040172,      -5.301363631,      -6.406532053,      -3.439531458
          0,           0,        3698,      -7.264702813,      -5.302035991,      -6.406934157,      -3.440028885
          0,           0,        3699,      -7.265365763,      -5.302708398,       -6.40737479,      -3.440555663
          0,           0,        3700,      -7.266028809,       -5.30338098,      -6.407842495,      -3.441102843
          0,           0,        3701,      -7.266691861,      -5.304053781,      -6.408308863,      -3.441647994
          0,           0,        3702,      -7.267354944,      -5.304726779,      -6.408754379,      -3.442175166
          0,           0,        3703,      -7.268018136,      -5.305399916,       -6.40917817,      -3.442682877
          0,           0,        3704,      -7.268681504,      -5.306073146,      -6.409593507,      -3.443180995
          0,           0,        3705,       -7.26934508,      -5.306746448,      -6.410017286,       -3.44368241
          0,           0,        3706,      -7.270008856,      -5.307419823,      -6.410462199,      -3.444197194
          0,           0,        3707,       -7.27067281,      -5.308093283,      -6.410933601,      -3.444729868
          0,           0,        3708,      -7.271336921,      -5.308766835,      -6.411430758,      -3.445280199
          0,           0,        3709,      -7.272001179,      -5.309440482,       -6.41195035,      -3.445845938
          0,           0,        3710,      -7.272665586,      -5.310114216,      -6.412489373,      -3.446425068
          0,           0,        3711,      -7.273330148,      -5.310788029,      -6.413045991,      -3.447016366
          0,           0,        3712,      -7.273994873,      -5.311461914,       -6.41361966,      -3.447619718
          0,           0,        3713,      -7.274659763,      -5.312135863,      -6.414209975,      -3.448235075
          0,           0,        3714,      -7.275324816,      -5.312809874,      -6.414816137,      -3.448862051
          0,           0,        3715,      -7.275990031,      -5.313483945,      -6.415436454,      -3.449499473
          0,           0,        3716,      -7.276655404,      -5.314158075,      -6.416068706,      -3.450145854
          0,           0,        3717,      -7.277320934,      -5.314832259,      -6.416710297,      -3.450799295
          0,           0,        3718,      -7.277986621,      -5.315506497,      -6.417358892,      -3.451458127
          0,           0,        3719,      -7.278652463,      -5.316180784,      -6.418012398,      -3.452120729
          0,           0,        3720,      -7.279318463,      -5.316855118,      -6.418669136,      -3.452785941
          0,           0,        3721,       -7.27998462,      -5.317529496,      -6.419327492,      -3.453452486
          0,           0,        3722,      -7.280650933,      -5.318203917,       -6.41998618,      -3.454119509
          0,           0,        3723,      -7.281317401,       -5.31887838,      -6.420643981,      -3.454786002
          0,           0,        3724,      -7.281984025,      -5.319552882,      -6.421299797,      -3.455451173
          0,           0,        3725,      -7.282650803,      -5.320227424,      -6.421952748,      -3.456114412
          0,           0,        3726,      -7.283317735,      -5.320902004,      -6.422602215,       -3.45677518
          0,           0,        3727,      -7.283984821,      -5.321576621,      -6.423247715,      -3.457433187
          0,           0,        3728,       -7.28465206,      -5.322251274,        -6.4238889,      -3.458088095
          0,           0,        3729,      -7.285319452,      -5.322925964,      -6.424525783,      -3.458739972
          0,           0,        3730,      -7.285986997,      -5.323600689,      -6.425158459,      -3.459388871
          0,           0,        3731,      -7.286654694,       -5.32427545,      -6.425786928,      -3.460034774
          0,           0,        3732,      -7.287322543,      -5.324950246,      -6.426411642,      -3.460677989
          0,           0,        3733,      -7.287990544,      -5.325625077,       -6.42703283,      -3.461318735
          0,           0,        3734,      -7.288658696,      -5.326299942,      -6.427650833,      -3.461957251
          0,           0,        3735,      -7.289326998,      -5.326974843,      -6.428266267,       -3.46259393
          0,           0,        3736,       -7.28999545,      -5.327649778,      -6.428879442,      -3.463229034
          0,           0,        3737,      -7.290664051,      -5.328324748,      -6.429490799,      -3.463862832
          0,           0,        3738,      -7.291332802,      -5.328999752,      -6.430100815,      -3.464495733
          0,           0,        3739,      -7.292001701,      -5.329674791,      -6.430709966,      -3.465128026
          0,           0,        3740,      -7.292670749,      -5.330349865,       -6.43131854,      -3.465759884
          0,           0,        3741,      -7.293339943,      -5.331024973,       -6.43192689,      -3.466391623
          0,           0,        3742,      -7.294009285,      -5.331700116,      -6.432535286,      -3.467023375
          0,           0,        3743,      -7.294678772,      -5.332375293,      -6.433144029,      -3.467655388
          0,           0,        3744,      -7.295348405,      -5.333050505,      -6.433753158,       -3.46828769
          0,           0,        3745,      -7.296018183,      -5.333725752,      -6.434362974,      -3.468920433
          0,           0,        3746,      -7.296688106,      -5.334401033,      -6.434973375,      -3.469553606
          0,           0,        3747,      -7.297358171,      -5.335076349,      -6.435584575,      -3.470187337
          0,           0,        3748,      -7.297284786,      -5.337653601,      -6.244179146,      -3.274822453
          0,           0,        3749,      -7.298957597,      -5.337443011,      -6.394162699,      -3.434688812
          0,           0,        3750,      -7.299421043,      -5.339526127,      -6.223931532,      -3.257673078
          0,           0,        3751,      -7.301168692,       -5.33928795,      -6.400155885,      -3.440624353
          0,           0,        3752,      -7.301533071,      -5.341456358,      -6.234761494,      -3.268346754
          0,           0,        3753,      -7.303206377,      -5.341249927,      -6.397257238,      -3.439729125
          0,           0,        3754,      -7.303553291,      -5.343417421,      -6.223671913,      -3.259767279
          0,           0,        3755,      -7.305258695,      -5.343196039,       -6.38673652,       -3.43217441
          0,           0,        3756,      -7.305617427,      -5.345351377,      -6.219078065,      -3.256547927
          0,           0,        3757,      -7.307330029,      -5.345127573,       -6.38368576,      -3.430365993
          0,           0,        3758,      -7.307678762,      -5.347288437,      -6.218445526,      -3.256524956
          0,           0,        3759,      -7.309390686,      -5.347064725,      -6.382290339,      -3.429780088
          0,           0,        3760,      -7.309734727,      -5.349226934,      -6.217752044,      -3.256234858
          0,           0,        3761,      -7.311452005,      -5.349000988,      -6.381762958,      -3.429772388
          0,           0,        3762,      -7.311794305,      -5.351163687,      -6.218498873,      -3.257057832
          0,           0,        3763,      -7.313514836,      -5.350936536,      -6.382952509,      -3.431070502
          0,           0,        3764,      -7.313854514,      -5.353100962,      -6.220457572,      -3.258846181
          0,           0,        3765,       -7.31557671,      -5.352873146,      -6.385188649,      -3.433175102
          0,           0,        3766,      -7.316712608,      -5.353110339,       -6.38837319,      -3.436832618
          0,           0,        3767,      -7.317448428,      -5.353743354,      -6.418115917,      -3.462000081
          0,           0,        3768,      -7.318026486,      -5.354491542,      -6.434884357,      -3.476638741
          0,           0,        3769,      -7.318598857,      -5.355235304,      -6.433335825,      -3.475511369
          0,           0,        3770,       -7.31845433,       -5.35784728,       -6.24050944,      -3.275504735
          0,           0,        3771,      -7.320178019,      -5.357611939,      -6.390094523,      -3.436117346
          0,           0,        3772,      -7.320638546,      -5.359682561,      -6.229513428,      -3.265224677
          0,           0,        3773,      -7.322421595,      -5.359429294,      -6.409730231,      -3.452570716
          0,           0,        3774,      -7.323561028,      -5.359668121,      -6.417937651,      -3.460502748
          0,           0,        3775,      -7.324270283,      -5.360320713,      -6.448314654,      -3.486028856
          0,           0,        3776,       -7.32482422,      -5.361086312,      -6.460834522,      -3.497502897
          0,           0,        3777,      -7.324604792,      -5.363763594,      -6.261240988,      -3.293880149
          0,           0,        3778,      -7.326285742,      -5.363547085,      -6.401584073,      -3.446640403
          0,           0,        3779,      -7.327518268,      -5.363718783,        -6.4024254,      -3.448573031
          0,           0,        3780,      -7.328346687,      -5.364293088,      -6.440748637,      -3.480196015
          0,           0,        3781,       -7.32895743,      -5.365022609,      -6.466945367,      -3.502363108
          0,           0,        3782,       -7.32951327,      -5.365780221,      -6.467739761,      -3.503824653
          0,           0,        3783,      -7.330108912,      -5.366506864,      -6.456627281,      -3.495154608
          0,           0,        3784,      -7.330766734,      -5.367191125,      -6.447819065,      -3.487948724
          0,           0,        3785,      -7.331462566,      -5.367851153,      -6.446521529,      -3.486707998
          0,           0,        3786,      -7.332162869,      -5.368509729,       -6.45114772,      -3.490286125
          0,           0,        3787,      -7.332848332,      -5.369179106,      -6.457640921,      -3.495447111
          0,           0,        3788,      -7.333517507,      -5.369859594,      -6.462698852,      -3.499545563
          0,           0,        3789,      -7.334178732,      -5.370545407,       -6.46517454,      -3.501640253
          0,           0,        3790,      -7.334840787,      -5.371230816,      -6.465734536,      -3.502222099
          0,           0,        3791,      -7.335507953,      -5.371913198,      -6.465679297,      -3.502302519
          0,           0,        3792,      -7.336179866,      -5.372592939,      -6.465966263,      -3.502644508
          0,           0,        3793,      -7.336853899,      -5.373271782,       -6.46687621,      -3.503483534
          0,           0,        3794,      -7.337527593,      -5.373951262,      -6.468184718,      -3.504651898
          0,           0,        3795,      -7.338199855,       -5.37463199,      -6.469509006,      -3.505849637
          0,           0,        3796,      -7.338870897,      -5.375313761,      -6.470577853,      -3.506859761
          0,           0,        3797,      -7.339541527,      -5.375996024,        -6.4713249,      -3.507624453
          0,           0,        3798,      -7.340212468,      -5.376678319,      -6.471837017,      -3.508207383
          0,           0,        3799,      -7.340884031,       -5.37736046,      -6.472249176,      -3.508712025
          0,           0,        3800,      -7.341556147,      -5.378042502,      -6.472661507,      -3.509216387
          0,           0,        3801,      -7.342228575,      -5.378724596,      -6.473111139,      -3.509749586
          0,           0,        3802,      -7.342901103,      -5.379406868,      -6.473587018,      -3.510302798
          0,           0,        3803,      -7.343573642,      -5.380089363,      -6.474061812,      -3.510853922
          0,           0,        3804,      -7.344246218,      -5.380772054,        -6.4745171,       -3.51138765
          0,           0,        3805,      -7.344918908,      -5.381454886,      -6.474952357,      -3.511902837
          0,           0,        3806,       -7.34559178,      -5.382137814,      -6.475380518,      -3.512409259
          0,           0,        3807,      -7.346264864,      -5.382820817,      -6.475818051,      -3.512919855
          0,           0,        3808,      -7.346938152,      -5.383503895,      -6.476277266,      -3.513444437
          0,           0,        3809,      -7.347611623,       -5.38418706,      -6.476763304,      -3.513987414
          0,           0,        3810,      -7.348285254,      -5.384870319,      -6.477275362,      -3.514548592
          0,           0,        3811,      -7.348959037,      -5.385553673,       -6.47781019,       -3.51512564
          0,           0,        3812,      -7.349632973,      -5.386237116,       -6.47836482,       -3.51571658
          0,           0,        3813,       -7.35030707,      -5.386920639,      -6.478937255,      -3.516320133
          0,           0,        3814,      -7.350981332,      -5.387604234,       -6.47952702,      -3.516936058
          0,           0,        3815,      -7.351655763,      -5.388287894,      -6.480133509,      -3.517564359
          0,           0,        3816,      -7.352330362,      -5.388971617,      -6.480755858,      -3.518204407
          0,           0,        3817,      -7.353005125,        -5.3896554,      -6.481392333,      -3.518855116
          0,           0,        3818,       -7.35368005,      -5.390339241,      -6.482040529,      -3.519514783
          0,           0,        3819,      -7.354355135,      -5.391023137,       -6.48269806,      -3.520181639
          0,           0,        3820,       -7.35503038,      -5.391707086,      -6.483362378,      -3.520853758
          0,           0,        3821,      -7.355705785,      -5.392391084,      -6.484031557,      -3.521529725
          0,           0,        3822,      -7.356381349,      -5.393075129,      -6.484703732,      -3.522208123
          0,           0,        3823,      -7.357057073,      -5.393759218,      -6.485377366,      -3.522887841
          0,           0,        3824,      -7.357732956,      -5.394443349,      -6.486051126,      -3.523567804
          0,           0,        3825,      -7.358408998,       -5.39512752,      -6.486723819,      -3.524247183
          0,           0,        3826,      -7.359085197,      -5.395811732,      -6.487394388,      -3.524925073
          0,           0,        3827,      -7.359761554,      -5.396495981,      -6.488061918,      -3.525600869
          0,           0,        3828,      -7.360438066,      -5.397180269,      -6.488725783,      -3.526274018
          0,           0,        3829,      -7.361114735,      -5.397864592,      -6.489385555,      -3.526944299
          0,           0,        3830,       -7.36179156,      -5.398548952,      -6.490040988,      -3.527611388
          0,           0,        3831,       -7.36246854,      -5.399233347,      -6.490691964,      -3.528275282
          0,           0,        3832,      -7.363145676,      -5.399917777,      -6.491338607,      -3.528936073
          0,           0,        3833,      -7.363822965,      -5.400602241,      -6.491981076,      -3.529593814
          0,           0,        3834,      -7.364500409,       -5.40128674,      -6.492619622,      -3.530248757
          0,           0,        3835,      -7.365178007,      -5.401971273,      -6.493254707,      -3.530901196
          0,           0,        3836,      -7.365855757,      -5.402655841,      -6.493886593,      -3.531551353
          0,           0,        3837,      -7.366533661,      -5.403340442,      -6.494515874,      -3.532199655
          0,           0,        3838,      -7.367211716,      -5.404025077,      -6.495142877,      -3.532846317
          0,           0,        3839,      -7.367889923,      -5.404709745,      -6.495768191,      -3.533491764
          0,           0,        3840,      -7.368568281,      -5.405394448,      -6.496392128,      -3.534136226
          0,           0,        3841,       -7.36924679,      -5.406079184,      -6.497015241,      -3.534780139
          0,           0,        3842,      -7.369925449,      -5.406763954,      -6.497637792,      -3.535423607
          0,           0,        3843,      -7.370604257,      -5.407448758,      -6.498260216,      -3.536067024
          0,           0,        3844,      -7.371283213,      -5.408133595,      -6.498882731,      -3.536710469
          0,           0,        3845,      -7.371962318,      -5.408818466,      -6.499505576,      -3.537354208
          0,           0,        3846,       -7.37264157,      -5.409503371,      -6.500128897,      -3.537998288
          0,           0,        3847,      -7.373320968,      -5.410188309,      -6.500752953,      -3.538642808
          0,           0,        3848,      -7.374000513,      -5.410873281,      -6.501377616,      -3.539287862
          0,           0,        3849,      -7.374680204,      -5.411558287,      -6.502002991,      -3.539933359
          0,           0,        3850,       -7.37457323,      -5.414171999,      -6.310988354,      -3.343513478
          0,           0,        3851,      -7.376297157,      -5.413959697,      -6.461043663,      -3.504378661
          0,           0,        3852,      -7.376741772,       -5.41606999,      -6.290865912,      -3.326339108
          0,           0,        3853,      -7.378542159,      -5.415830026,      -6.466835832,      -3.510263179
          0,           0,        3854,       -7.37888572,      -5.418026897,       -6.30139597,      -3.336847427
          0,           0,        3855,      -7.380610664,      -5.417818673,      -6.463771053,      -3.509186011
          0,           0,        3856,      -7.380936195,       -5.42001444,      -6.290352243,       -3.32822202
          0,           0,        3857,        -7.3826939,       -5.41979125,      -6.453308472,      -3.501556667
          0,           0,        3858,      -7.383031114,      -5.421974796,       -6.28578777,      -3.324994236
          0,           0,        3859,      -7.384796229,      -5.421749197,      -6.450263819,       -3.49971713
          0,           0,        3860,      -7.385123199,      -5.423938301,      -6.285157734,      -3.324961653
          0,           0,        3861,      -7.386887737,      -5.423712757,      -6.448897275,      -3.499126571
          0,           0,        3862,      -7.387209867,      -5.425903188,      -6.284516645,       -3.32469997
          0,           0,        3863,       -7.38897987,      -5.425675404,      -6.448437327,      -3.499151887
          0,           0,        3864,      -7.389300156,       -5.42786632,      -6.285326225,      -3.325568737
          0,           0,        3865,       -7.39107346,      -5.427637333,      -6.449697644,       -3.50050233
          0,           0,        3866,      -7.391391059,      -5.429829964,      -6.287347535,      -3.327410306
          0,           0,        3867,      -7.393166028,      -5.429600308,      -6.452006777,      -3.502670503
          0,           0,        3868,      -7.394324681,      -5.429839258,      -6.455143961,      -3.506290275
          0,           0,        3869,      -7.395071635,      -5.430480861,      -6.484631889,      -3.531560742
          0,           0,        3870,      -7.395657439,      -5.431239731,      -6.501282875,      -3.546236675
          0,           0,        3871,       -7.39623753,      -5.431994072,      -6.499883756,      -3.545151759
          0,           0,        3872,       -7.39605735,      -5.434642568,      -6.307730299,      -3.344410957
          0,           0,        3873,       -7.39783313,      -5.434405437,      -6.457523938,      -3.506057095
          0,           0,        3874,      -7.398274047,      -5.436502827,      -6.296995047,      -3.334289132
          0,           0,        3875,      -7.400110289,      -5.436247773,       -6.47699075,      -3.522610495
          0,           0,        3876,      -7.401272438,      -5.436488411,      -6.485018173,      -3.530456646
          0,           0,        3877,      -7.401992468,      -5.437149675,      -6.515054911,      -3.556032701
          0,           0,        3878,      -7.402553886,       -5.43792596,       -6.52744325,      -3.567479604
          0,           0,        3879,      -7.402297748,      -5.440640473,      -6.328442934,      -3.362881579
          0,           0,        3880,      -7.404029787,      -5.440422233,      -6.469080536,       -3.51668328
          0,           0,        3881,      -7.405286677,      -5.440594927,      -6.469928257,      -3.518638396
          0,           0,        3882,      -7.406127525,      -5.441177236,      -6.507889125,      -3.550401847
          0,           0,        3883,      -7.406746295,      -5.441917288,       -6.53373223,      -3.572553601
          0,           0,        3884,      -7.407309495,      -5.442685572,      -6.534482941,      -3.573921958
          0,           0,        3885,      -7.407913432,      -5.443422275,       -6.52356247,      -3.565228223
          0,           0,        3886,      -7.408580573,        -5.4441161,      -6.514976411,      -3.558088746
          0,           0,        3887,      -7.409286159,      -5.444785569,      -6.513808904,      -3.556943884
          0,           0,        3888,      -7.409996129,      -5.445453698,      -6.518454148,      -3.560595432
          0,           0,        3889,      -7.410691013,       -5.44613276,      -6.524900623,      -3.565791564
          0,           0,        3890,      -7.411369457,      -5.446822979,      -6.529907906,      -3.569898351
          0,           0,        3891,      -7.412039946,      -5.447518495,      -6.532368604,      -3.571996034
          0,           0,        3892,      -7.412711336,       -5.44821356,       -6.53295158,      -3.572589495
          0,           0,        3893,      -7.413387898,      -5.448905579,      -6.532935872,      -3.572691103
          0,           0,        3894,      -7.414069227,      -5.449594967,      -6.533256597,      -3.573056858
          0,           0,        3895,      -7.414752664,      -5.450283482,      -6.534183315,      -3.573915093
          0,           0,        3896,      -7.415435745,       -5.45097265,      -6.535493518,      -3.575095369
          0,           0,        3897,      -7.416117389,      -5.451663071,      -6.536813148,       -3.57629953
          0,           0,        3898,      -7.416797818,       -5.45235453,       -6.53787912,       -3.57731375
          0,           0,        3899,      -7.417477847,      -5.453046478,      -6.538629004,      -3.578083098
          0,           0,        3900,      -7.418158197,      -5.453738457,       -6.53914923,      -3.578672154
          0,           0,        3901,      -7.418839174,      -5.454430286,      -6.539571669,      -3.579183815
          0,           0,        3902,      -7.419520706,      -5.455122021,      -6.539994146,       -3.57969526
          0,           0,        3903,      -7.420202552,      -5.455813814,      -6.540452666,      -3.580235079
          0,           0,        3904,      -7.420884501,      -5.456505788,      -6.540936581,      -3.580794355
          0,           0,        3905,      -7.421566467,      -5.457197987,      -6.541419873,      -3.581351687
          0,           0,        3906,      -7.422248475,      -5.457890383,       -6.54188481,      -3.581892175
          0,           0,        3907,      -7.422930603,      -5.458582923,      -6.542331296,      -3.582415001
          0,           0,        3908,      -7.423612918,       -5.45927556,      -6.542771988,      -3.582929862
          0,           0,        3909,      -7.424295449,      -5.459968274,      -6.543223014,      -3.583449726
          0,           0,        3910,      -7.424978189,      -5.460661065,      -6.543696149,      -3.583984203
          0,           0,        3911,      -7.425661115,      -5.461353945,      -6.544196511,      -3.584537634
          0,           0,        3912,      -7.426344206,      -5.462046921,      -6.544723058,      -3.585109632
          0,           0,        3913,      -7.427027452,      -5.462739993,      -6.545272806,      -3.585698124
          0,           0,        3914,      -7.427710857,      -5.463433155,      -6.545842532,      -3.586300779
          0,           0,        3915,      -7.428394425,      -5.464126397,      -6.546430506,      -3.586916614
          0,           0,        3916,      -7.429078163,      -5.464819712,      -6.547035877,      -3.587545147
          0,           0,        3917,      -7.429762074,      -5.465513092,      -6.547658183,      -3.588186284
          0,           0,        3918,      -7.430446156,      -5.466206536,       -6.54829624,      -3.588839382
          0,           0,        3919,      -7.431130406,      -5.466900039,      -6.548948543,      -3.589503346
          0,           0,        3920,       -7.43181482,      -5.467593601,      -6.549612265,      -3.590176203
          0,           0,        3921,      -7.432499398,      -5.468287218,      -6.550285304,      -3.590856356
          0,           0,        3922,      -7.433184139,      -5.468980887,      -6.550965031,      -3.591541773
          0,           0,        3923,      -7.433869043,      -5.469674605,      -6.551649456,      -3.592230953
          0,           0,        3924,      -7.434554109,      -5.470368368,      -6.552336678,      -3.592922481
          0,           0,        3925,      -7.435239338,      -5.471062176,       -6.55302516,       -3.59361521
          0,           0,        3926,      -7.435924729,      -5.471756024,      -6.553713739,      -3.594308184
          0,           0,        3927,       -7.43661028,      -5.472449913,      -6.554400949,      -3.595000261
          0,           0,        3928,      -7.437295992,      -5.473143841,      -6.555085948,      -3.595690803
          0,           0,        3929,      -7.437981863,      -5.473837807,      -6.555767678,      -3.596379055
          0,           0,        3930,      -7.438667893,      -5.474531809,      -6.556445643,      -3.597064615
          0,           0,        3931,      -7.439354081,      -5.475225847,      -6.557119397,      -3.597747034
          0,           0,        3932,      -7.440040428,      -5.475919919,      -6.557788628,      -3.598426195
          0,           0,        3933,      -7.440726933,      -5.476614027,      -6.558453389,      -3.599102052
          0,           0,        3934,      -7.441413594,      -5.477308168,      -6.559113722,      -3.599774686
          0,           0,        3935,      -7.442100412,      -5.478002344,      -6.559769798,      -3.600444241
          0,           0,        3936,      -7.442787387,      -5.478696553,      -6.560421915,      -3.601110774
          0,           0,        3937,      -7.443474517,      -5.479390795,      -6.561070544,      -3.601774896
          0,           0,        3938,      -7.444161803,       -5.48008507,      -6.561716044,      -3.602436738
          0,           0,        3939,      -7.444849243,      -5.480779378,      -6.562358809,      -3.603096508
          0,           0,        3940,      -7.445536837,       -5.48147372,      -6.562999436,      -3.603754764
          0,           0,        3941,      -7.446224585,      -5.482168094,      -6.563638313,      -3.604411748
          0,           0,        3942,      -7.446912486,      -5.482862501,      -6.564275901,       -3.60506779
          0,           0,        3943,      -7.447600539,      -5.483556941,      -6.564912609,      -3.605723246
          0,           0,        3944,      -7.448288744,      -5.484251413,      -6.565548861,      -3.606378339
          0,           0,        3945,        -7.4489771,      -5.484945918,      -6.566185032,      -3.607033347
          0,           0,        3946,      -7.449665607,      -5.485640456,      -6.566821312,      -3.607688498
          0,           0,        3947,      -7.450354264,      -5.486335026,      -6.567457992,      -3.608343934
          0,           0,        3948,       -7.45104307,      -5.487029629,      -6.568095175,      -3.608999693
          0,           0,        3949,      -7.451732024,      -5.487724264,      -6.568733085,      -3.609656014
          0,           0,        3950,      -7.452421126,      -5.488418932,      -6.569371629,      -3.610312768
          0,           0,        3951,      -7.453110375,      -5.489113633,      -6.570010995,      -3.610970142
          0,           0,        3952,      -7.452970746,      -5.491762941,      -6.379352474,      -3.413585523
          0,           0,        3953,      -7.454744785,      -5.491549575,      -6.529485059,      -3.575383005
          0,           0,        3954,       -7.45517122,      -5.493686513,      -6.359356099,      -3.396401985
          0,           0,        3955,      -7.457023342,      -5.493445412,      -6.535087513,      -3.581214551
          0,           0,        3956,       -7.45734681,      -5.495670146,      -6.369602916,      -3.406748166
          0,           0,        3957,      -7.459122435,      -5.495460756,      -6.531867828,      -3.579964739
          0,           0,        3958,      -7.459427306,      -5.497684208,      -6.358603898,      -3.398083963
          0,           0,        3959,       -7.46123634,      -5.497459847,      -6.521460754,      -3.572269385
          0,           0,        3960,      -7.461552749,      -5.499671021,       -6.35406782,      -3.394850358
          0,           0,        3961,      -7.463369409,      -5.499444264,      -6.518423031,      -3.570402413
          0,           0,        3962,      -7.463675337,      -5.501661026,      -6.353441835,      -3.394810515
          0,           0,        3963,      -7.465491525,      -5.501434285,      -6.517085319,      -3.569809839
          0,           0,        3964,      -7.465792465,      -5.503652356,      -6.352852043,      -3.394578382
          0,           0,        3965,      -7.467614231,      -5.503423371,      -6.516690711,      -3.569869298
          0,           0,        3966,      -7.467913228,      -5.505641922,      -6.353722997,      -3.395493082
          0,           0,        3967,      -7.469738341,      -5.505411732,      -6.518019766,      -3.571271963
          0,           0,        3968,      -7.470034588,      -5.507631986,      -6.355805637,      -3.397387489
          0,           0,        3969,      -7.471861368,      -5.507401127,      -6.520399981,      -3.573502976
          0,           0,        3970,      -7.473042472,      -5.507642126,      -6.523502219,      -3.577094071
          0,           0,        3971,      -7.473800519,      -5.508292338,      -6.552748869,      -3.602445844
          0,           0,        3972,      -7.474394089,      -5.509061834,       -6.56929023,      -3.617149731
          0,           0,        3973,      -7.474981903,      -5.509826709,      -6.568033007,       -3.61610941
          0,           0,        3974,      -7.474767024,      -5.512510857,       -6.37650133,      -3.414711092
          0,           0,        3975,      -7.476593882,      -5.512272598,      -6.526499179,       -3.57732375
          0,           0,        3976,      -7.477015848,      -5.514396238,      -6.366019788,      -3.404752037
          0,           0,        3977,      -7.478904281,      -5.514140042,      -6.545807746,      -3.593965559
          0,           0,        3978,      -7.480088851,      -5.514382775,      -6.553675385,       -3.60173383
          0,           0,        3979,      -7.480819634,      -5.515052718,      -6.583390469,      -3.627339568
          0,           0,        3980,      -7.481388563,       -5.51583962,       -6.59565553,      -3.638754254
          0,           0,        3981,      -7.481096718,      -5.518590446,      -6.397201491,      -3.433272778
          0,           0,        3982,      -7.482878852,      -5.518371123,      -6.538124664,       -3.58805155
          0,           0,        3983,      -7.484159724,      -5.518545161,      -6.538985674,      -3.590034518
          0,           0,        3984,      -7.485012907,      -5.519135533,      -6.576601412,      -3.621909907
          0,           0,        3985,      -7.485639711,      -5.519886061,      -6.602111763,      -3.644032532
          0,           0,        3986,      -7.486210291,      -5.520664955,      -6.602823232,      -3.645313012
          0,           0,        3987,      -7.486822503,      -5.521411691,      -6.592084681,      -3.636604944
          0,           0,        3988,      -7.487498901,      -5.522115087,      -6.583707857,      -3.629535124
          0,           0,        3989,      -7.488214158,      -5.522794016,      -6.582662453,      -3.628483168
          0,           0,        3990,      -7.488933719,      -5.523471711,      -6.587325368,      -3.632203132
          0,           0,        3991,      -7.489637959,      -5.524160462,      -6.593727993,      -3.637430202
          0,           0,        3992,      -7.490325617,      -5.524860408,      -6.598688533,      -3.641543486
          0,           0,        3993,      -7.491005319,      -5.525565621,      -6.601136112,      -3.643643945
          0,           0,        3994,      -7.491685988,      -5.526270339,      -6.601741327,      -3.644249388
          0,           0,        3995,      -7.492371887,      -5.526971994,      -6.601763558,      -3.644372393
          0,           0,        3996,       -7.49306257,       -5.52767103,      -6.602116292,      -3.644761466
          0,           0,        3997,       -7.49375535,      -5.528369214,      -6.603059035,      -3.645638273
          0,           0,        3998,      -7.494447756,      -5.529068069,      -6.604371139,      -3.646829843
          0,           0,        3999,       -7.49513872,      -5.529768181,      -6.605686701,      -3.648039972
          0,           0,        4000,      -7.495828476,      -5.530469327,      -6.606750471,      -3.649058318
          0,           0,        4001,      -7.496517843,      -5.531170956,      -6.607503568,      -3.649832385
          0,           0,        4002,      -7.497207541,      -5.531872615,      -6.608031755,      -3.650427728
          0,           0,        4003,       -7.49789787,      -5.532574129,      -6.608464308,      -3.650946556
          0,           0,        4004,      -7.498588756,      -5.533275554,      -6.608896664,      -3.651465137
          0,           0,        4005,      -7.499279958,      -5.533977043,      -6.609363913,      -3.652011606
          0,           0,        4006,      -7.499971266,      -5.534678716,      -6.609855915,      -3.652577149
          0,           0,        4007,      -7.500662596,      -5.535380615,      -6.610347447,      -3.653140714
          0,           0,        4008,      -7.501353975,      -5.536082712,      -6.610822052,        -3.6536881
          0,           0,        4009,      -7.502045478,      -5.536784955,      -6.611279442,      -3.654218581
          0,           0,        4010,      -7.502737173,      -5.537487296,      -6.611732455,      -3.654742139
          0,           0,        4011,      -7.503429088,      -5.538189717,      -6.612196603,      -3.655271306
          0,           0,        4012,      -7.504121216,      -5.538892217,      -6.612683325,       -3.65581571
          0,           0,        4013,      -7.504813535,      -5.539594807,      -6.613197533,       -3.65637953
          0,           0,        4014,      -7.505506022,      -5.540297495,      -6.613738336,      -3.656962472
          0,           0,        4015,      -7.506198669,       -5.54100028,      -6.614302512,      -3.657562241
          0,           0,        4016,      -7.506891478,      -5.541703155,      -6.614886954,      -3.658176684
          0,           0,        4017,      -7.507584455,      -5.542406111,      -6.615490016,       -3.65880468
          0,           0,        4018,      -7.508277606,       -5.54310914,      -6.616110613,      -3.659445737
          0,           0,        4019,      -7.508970932,      -5.543812236,      -6.616748405,      -3.660099761
          0,           0,        4020,      -7.509664433,      -5.544515394,      -6.617401776,      -3.660765769
          0,           0,        4021,      -7.510358105,      -5.545218612,      -6.618069237,      -3.661442726
          0,           0,        4022,      -7.511051946,      -5.545921888,      -6.618748252,      -3.662128799
          0,           0,        4023,      -7.511745953,      -5.546625219,      -6.619436404,       -3.66282211
          0,           0,        4024,      -7.512440126,      -5.547328602,      -6.620131104,      -3.663520629
          0,           0,        4025,      -7.513134464,      -5.548032033,      -6.620830376,      -3.664222992
          0,           0,        4026,      -7.513828968,       -5.54873551,      -6.621532207,      -3.664927432
          0,           0,        4027,      -7.514523636,      -5.549439029,      -6.622235333,      -3.665633152
          0,           0,        4028,       -7.51521847,      -5.550142589,      -6.622938237,      -3.666338846
          0,           0,        4029,      -7.515913466,      -5.550846188,      -6.623639691,      -3.667043646
          0,           0,        4030,      -7.516608626,      -5.551549826,      -6.624338591,      -3.667746634
          0,           0,        4031,      -7.517303947,        -5.5522535,      -6.625034279,      -3.668447313
          0,           0,        4032,      -7.517999429,       -5.55295721,      -6.625725952,      -3.669145038
          0,           0,        4033,      -7.518695072,      -5.553660955,       -6.62641336,      -3.669839521
          0,           0,        4034,      -7.519390876,      -5.554364734,      -6.627096073,      -3.670530662
          0,           0,        4035,      -7.520086839,      -5.555068547,      -6.627774276,      -3.671218407
          0,           0,        4036,      -7.520782961,      -5.555772393,      -6.628447961,      -3.671902777
          0,           0,        4037,      -7.521479243,      -5.556476271,      -6.629117326,      -3.672583974
          0,           0,        4038,      -7.522175682,      -5.557180183,      -6.629782723,      -3.673262188
          0,           0,        4039,       -7.52287228,      -5.557884127,      -6.630444577,      -3.673937847
          0,           0,        4040,      -7.523569035,      -5.558588102,      -6.631103276,      -3.674611093
          0,           0,        4041,      -7.524265945,       -5.55929211,      -6.631759261,      -3.675282419
          0,           0,        4042,      -7.524963013,       -5.55999615,      -6.632413094,      -3.675952109
          0,           0,        4043,      -7.525660236,      -5.560700222,        -6.6330652,      -3.676620563
          0,           0,        4044,      -7.526357613,      -5.561404326,      -6.633716044,      -3.677288044
          0,           0,        4045,      -7.527055145,      -5.562108461,      -6.634366193,      -3.677955079
          0,           0,        4046,      -7.527752831,      -5.562812628,      -6.635015797,      -3.678621652
          0,           0,        4047,      -7.528450669,      -5.563516826,      -6.635665277,      -3.679288221
          0,           0,        4048,       -7.52914866,      -5.564221056,      -6.636315056,       -3.67995493
          0,           0,        4049,      -7.529846803,      -5.564925317,      -6.636965157,      -3.680621928
          0,           0,        4050,      -7.530545096,       -5.56562961,      -6.637615921,       -3.68128942
          0,           0,        4051,       -7.53124354,      -5.566333934,      -6.638267301,      -3.681957314
          0,           0,        4052,      -7.531942133,       -5.56703829,      -6.638919592,      -3.682625882
          0,           0,        4053,      -7.532640874,      -5.567742677,      -6.639572498,      -3.683294961
          0,           0,        4054,      -7.532469523,      -5.570426713,      -6.449238911,      -3.485026163
          0,           0,        4055,       -7.53429268,      -5.570212896,      -6.599452986,      -3.647695277
          0,           0,        4056,       -7.53470158,      -5.572375944,      -6.429369051,      -3.467847166
          0,           0,        4057,      -7.536604437,      -5.572134317,      -6.604876484,      -3.653472761
          0,           0,        4058,      -7.536908529,      -5.574386314,      -6.439347925,      -3.478034779
          0,           0,        4059,      -7.538733881,      -5.574176349,      -6.601511888,      -3.652058868
          0,           0,        4060,      -7.539018808,      -5.576426895,      -6.428392236,      -3.469337855
          0,           0,        4061,      -7.540878202,      -5.576201966,      -6.591157975,      -3.644305255
          0,           0,        4062,      -7.541174515,      -5.578440184,      -6.423883823,      -3.466100818
          0,           0,        4063,      -7.543041754,      -5.578212871,      -6.588127708,      -3.642414028
          0,           0,        4064,      -7.543327355,      -5.580456704,      -6.423262908,      -3.466055658
          0,           0,        4065,      -7.545194231,      -5.580229368,      -6.586818857,      -3.641821962
          0,           0,        4066,      -7.545474699,      -5.582474494,      -6.422723371,      -3.465853828
          0,           0,        4067,      -7.547347267,      -5.582244908,      -6.586487344,      -3.641916232
          0,           0,        4068,      -7.547625696,       -5.58449051,      -6.423654277,      -3.466814464
          0,           0,        4069,      -7.549501657,       -5.58425972,      -6.587883226,      -3.643370807
          0,           0,        4070,      -7.549777276,      -5.586507011,      -6.425796997,      -3.468761191
          0,           0,        4071,      -7.551654906,      -5.586275548,      -6.590332329,      -3.645663678
          0,           0,        4072,      -7.552858152,      -5.586518872,      -6.593410983,      -3.649234696
          0,           0,        4073,      -7.553627247,      -5.587177703,       -6.62242857,       -3.67464879
          0,           0,        4074,      -7.554228599,      -5.587957759,      -6.638867313,      -3.689372651
          0,           0,        4075,      -7.554824137,      -5.588733111,      -6.637744909,      -3.688378435
          0,           0,        4076,      -7.554575516,      -5.591452044,      -6.446789007,      -3.486389905
          0,           0,        4077,      -7.556452452,      -5.591213279,      -6.596986771,      -3.649908294
          0,           0,        4078,      -7.556856117,      -5.593362648,       -6.43655421,      -3.476596889
          0,           0,        4079,      -7.558795748,       -5.59310592,      -6.616146896,      -3.666628217
          0,           0,        4080,      -7.560002433,      -5.593351016,      -6.623872712,      -3.674326445
          0,           0,        4081,       -7.56074394,      -5.594029632,      -6.653283174,      -3.699944321
          0,           0,        4082,       -7.56132041,      -5.594827075,       -6.66543253,       -3.71132257
          0,           0,        4083,      -7.560993863,        -5.5976133,      -6.467482121,       -3.50503888
          0,           0,        4084,      -7.562825109,      -5.597393505,      -6.608682266,      -3.660735936
          0,           0,        4085,      -7.564129577,      -5.597569214,      -6.609562613,      -3.662751519
          0,           0,        4086,      -7.564994995,      -5.598167694,      -6.646849326,      -3.694714202
          0,           0,        4087,      -7.565629843,      -5.598928635,      -6.672045993,      -3.716796054
          0,           0,        4088,      -7.566207822,      -5.599718067,      -6.672722127,      -3.717993679
          0,           0,        4089,      -7.566828286,      -5.600474798,      -6.662155868,      -3.709279123
          0,           0,        4090,      -7.567513878,      -5.601187759,       -6.65397652,      -3.702281091
          0,           0,        4091,      -7.568238728,      -5.601876154,      -6.653045836,      -3.701319329
          0,           0,        4092,      -7.568967803,      -5.602563417,      -6.657725322,      -3.705103065
          0,           0,        4093,      -7.569681335,      -5.603261846,      -6.664086878,      -3.710357378
          0,           0,        4094,      -7.570378153,      -5.603971504,      -6.669004069,      -3.714475576
          0,           0,        4095,      -7.571067015,      -5.604686397,      -6.671440055,      -3.716578676
          0,           0,        4096,      -7.571756909,      -5.605400753,      -6.672067086,      -3.717196453
          0,           0,        4097,      -7.572452087,      -5.606112031,      -6.672125472,      -3.717340838
          0,           0,        4098,      -7.573152063,      -5.606820702,      -6.672508582,       -3.71775273
          0,           0,        4099,      -7.573854124,      -5.607528544,      -6.673466755,      -3.718647425
          0,           0,        4100,      -7.574555795,      -5.608237072,      -6.674780858,      -3.719849762
          0,           0,        4101,      -7.575256018,       -5.60894686,      -6.676092939,       -3.72106545
          0,           0,        4102,      -7.575955041,      -5.609657677,      -6.677155108,      -3.722087977
          0,           0,        4103,      -7.576653687,      -5.610368973,      -6.677911612,      -3.722866862
          0,           0,        4104,      -7.577352671,      -5.611080298,      -6.678447681,      -3.723468519
          0,           0,        4105,      -7.578052292,      -5.611791482,      -6.678890153,      -3.723994531
          0,           0,        4106,      -7.578752471,      -5.612502583,      -6.679332135,      -3.724520412
          0,           0,        4107,      -7.579452967,      -5.613213752,      -6.679807871,      -3.725073465
          0,           0,        4108,      -7.580153573,      -5.613925109,      -6.680307826,      -3.725645289
          0,           0,        4109,      -7.580854205,      -5.614636692,      -6.680807744,      -3.726215338
          0,           0,        4110,      -7.581554892,      -5.615348476,       -6.68129152,      -3.726769511
          0,           0,        4111,       -7.58225571,      -5.616060405,      -6.681759877,      -3.727307902
          0,           0,        4112,      -7.582956723,      -5.616772435,      -6.682224777,      -3.727840018
          0,           0,        4113,      -7.583657961,      -5.617484546,      -6.682701614,      -3.728378526
          0,           0,        4114,      -7.584359415,       -5.61819674,      -6.683201679,      -3.728932937
          0,           0,        4115,      -7.585061063,      -5.618909025,      -6.683729411,      -3.729507111
          0,           0,        4116,      -7.585762885,      -5.619621408,      -6.684283876,      -3.730100849
          0,           0,        4117,      -7.586464871,      -5.620333889,      -6.684862176,      -3.730711935
          0,           0,        4118,      -7.587167022,      -5.621046461,      -6.685461041,      -3.731338035
          0,           0,        4119,      -7.587869345,      -5.621759115,       -6.68607871,       -3.73197811
          0,           0,        4120,      -7.588571846,      -5.622471841,      -6.686714201,      -3.732631672
          0,           0,        4121,      -7.589274525,      -5.623184635,      -6.687366707,      -3.733298184
          0,           0,        4122,      -7.589977383,      -5.623897491,      -6.688035149,      -3.733977082
          0,           0,        4123,      -7.590680415,      -5.624610407,      -6.688717529,      -3.734667054
          0,           0,        4124,      -7.591383619,      -5.625323381,      -6.689411382,      -3.735366085
          0,           0,        4125,      -7.592086992,      -5.626036409,      -6.690114135,       -3.73607234
          0,           0,        4126,      -7.592790533,      -5.626749489,      -6.690823458,      -3.736783944
          0,           0,        4127,      -7.593494243,      -5.627462616,      -6.691537131,      -3.737499138
          0,           0,        4128,      -7.594198121,      -5.628175787,      -6.692253372,      -3.738216584
          0,           0,        4129,      -7.594902167,      -5.628889001,      -6.692970529,      -3.738934926
          0,           0,        4130,      -7.595606379,      -5.629602255,      -6.693687405,      -3.739653203
          0,           0,        4131,      -7.596310758,      -5.630315548,      -6.694402796,      -3.740370644
          0,           0,        4132,      -7.597015301,      -5.631028877,      -6.695115276,      -3.741085887
          0,           0,        4133,      -7.597720009,      -5.631742243,       -6.69582452,      -3.741798792
          0,           0,        4134,       -7.59842488,      -5.632455643,      -6.696529585,      -3.742508531
          0,           0,        4135,      -7.599129914,      -5.633169077,      -6.697230272,      -3.743215135
          0,           0,        4136,       -7.59983511,      -5.633882545,      -6.697926136,      -3.743917951
          0,           0,        4137,      -7.600540469,      -5.634596045,      -6.698617377,      -3.744617436
          0,           0,        4138,      -7.601245989,      -5.635309578,      -6.699304128,      -3.745313406
          0,           0,        4139,      -7.601951669,      -5.636023142,      -6.699986366,      -3.746006131
          0,           0,        4140,       -7.60265751,      -5.636736738,      -6.700664778,      -3.746695882
          0,           0,        4141,      -7.603363511,      -5.637450366,      -6.701339572,      -3.747382978
          0,           0,        4142,       -7.60406967,      -5.638164024,      -6.702010964,       -3.74806751
          0,           0,        4143,      -7.604775988,      -5.638877714,      -6.702679916,      -3.748750216
          0,           0,        4144,      -7.605482465,      -5.639591435,      -6.703346714,       -3.74943134
          0,           0,        4145,      -7.606189098,      -5.640305186,      -6.704011744,      -3.750111104
          0,           0,        4146,      -7.606895889,      -5.641018968,      -6.704675555,      -3.750790012
          0,           0,        4147,      -7.607602835,      -5.641732781,      -6.705338588,       -3.75146833
          0,           0,        4148,      -7.608309937,      -5.642446624,      -6.706001216,      -3.752146342
          0,           0,        4149,      -7.609017194,      -5.643160498,      -6.706663836,      -3.752824328
          0,           0,        4150,      -7.609724604,      -5.643874402,       -6.70732666,      -3.753502482
          0,           0,        4151,      -7.610432168,      -5.644588336,      -6.707989931,      -3.754181039
          0,           0,        4152,      -7.611139885,        -5.6453023,      -6.708653867,      -3.754859996
          0,           0,        4153,      -7.611847753,      -5.646016295,      -6.709318483,      -3.755539534
          0,           0,        4154,      -7.612555772,       -5.64673032,      -6.709983924,      -3.756219583
          0,           0,        4155,      -7.613263942,      -5.647444375,      -6.710650186,      -3.756900369
          0,           0,        4156,      -7.613061797,      -5.650162282,      -6.520613564,      -3.557819137
          0,           0,        4157,      -7.614933098,      -5.649948594,       -6.67091284,      -3.721305122
          0,           0,        4158,      -7.615325096,      -5.652137218,      -6.500870192,       -3.54065656
          0,           0,        4159,      -7.617277706,      -5.651895644,      -6.676167121,      -3.727027647
          0,           0,        4160,      -7.617563128,      -5.654174308,      -6.510595174,      -3.550689385
          0,           0,        4161,      -7.619437272,      -5.653964328,      -6.672666467,      -3.725457813
          0,           0,        4162,      -7.619702958,      -5.656241381,      -6.499681527,      -3.541964961
          0,           0,        4163,      -7.621611761,      -5.656016454,       -6.66236347,      -3.717652702
          0,           0,        4164,      -7.621888675,      -5.658281136,      -6.495199826,       -3.53872643
          0,           0,        4165,      -7.623805546,      -5.658053836,      -6.659340923,       -3.71574009
          0,           0,        4166,      -7.624071522,       -5.66032416,       -6.49458498,      -3.538677612
          0,           0,        4167,      -7.625988145,      -5.660096797,       -6.65806063,      -3.715150349
          0,           0,        4168,      -7.626248848,      -5.662368399,      -6.494094711,      -3.538506866
          0,           0,        4169,      -7.628171275,       -5.66213878,      -6.657790574,      -3.715280254
          0,           0,        4170,      -7.628429843,      -5.664410855,       -6.49508393,      -3.539513005
          0,           0,        4171,      -7.630355713,       -5.66418003,      -6.659251099,      -3.716786189
          0,           0,        4172,      -7.630611413,      -5.666453779,      -6.497285491,      -3.541511547
          0,           0,        4173,      -7.632538954,       -5.66622228,      -6.661767386,      -3.719139968
          0,           0,        4174,      -7.633764031,      -5.666468187,      -6.664832058,      -3.722698623
          0,           0,        4175,      -7.634544127,      -5.667135639,      -6.693631952,      -3.748158762
          0,           0,        4176,      -7.635153278,       -5.66792618,      -6.709974221,      -3.762895547
          0,           0,        4177,      -7.635756545,      -5.668711947,      -6.708980153,      -3.761948507
          0,           0,        4178,       -7.63547513,      -5.671464811,      -6.518558616,      -3.559428927
          0,           0,        4179,      -7.637401166,       -5.67122613,      -6.668951845,      -3.723797568
          0,           0,        4180,      -7.637787173,       -5.67340071,       -6.50856408,      -3.549804344
          0,           0,        4181,      -7.639777028,      -5.673144026,      -6.687972725,      -3.740586989
          0,           0,        4182,      -7.641005522,      -5.673391736,      -6.695572702,      -3.748222461
          0,           0,        4183,      -7.641757724,      -5.674079012,      -6.724694256,      -3.773837598
          0,           0,        4184,      -7.642341763,      -5.674886915,      -6.736734417,      -3.785175824
          0,           0,        4185,      -7.641981509,      -5.677707639,      -6.539249243,      -3.578161626
          0,           0,        4186,      -7.643860911,      -5.677487951,      -6.680718153,      -3.734723237
          0,           0,        4187,      -7.645188594,      -5.677665639,      -6.681623389,      -3.736776215
          0,           0,        4188,      -7.646066147,      -5.678272261,      -6.718595855,      -3.768804549
          0,           0,        4189,      -7.646709045,      -5.679043545,      -6.743496116,      -3.790835857
          0,           0,        4190,      -7.647294443,      -5.679843438,       -6.74414011,      -3.791955218
          0,           0,        4191,      -7.647923143,      -5.680610119,      -6.733737268,      -3.783240685
          0,           0,        4192,       -7.64861787,      -5.681332631,      -6.725744608,      -3.776316153
          0,           0,        4193,      -7.649352236,      -5.682030488,      -6.724922376,       -3.77544177
          0,           0,        4194,      -7.650090754,       -5.68272731,      -6.729617186,      -3.779285076
          0,           0,        4195,      -7.650813518,      -5.683435401,      -6.735940272,      -3.784563441
          0,           0,        4196,      -7.651519444,      -5.684154746,      -6.740817001,      -3.788685021
          0,           0,        4197,      -7.652217416,      -5.684879294,       -6.74324295,      -3.790790804
          0,           0,        4198,      -7.652916484,      -5.685603265,      -6.743891107,      -3.791421137
          0,           0,        4199,      -7.653620885,      -5.686324144,      -6.743984105,      -3.791586794
          0,           0,        4200,      -7.654330097,       -5.68704243,      -6.744396155,      -3.792021034
          0,           0,        4201,      -7.655041381,      -5.687759909,      -6.745369118,      -3.792932939
          0,           0,        4202,      -7.655752258,      -5.688478089,      -6.746685468,      -3.794145488
          0,           0,        4203,      -7.656461685,      -5.689197531,      -6.747994532,      -3.795366604
          0,           0,        4204,      -7.657169918,      -5.689917997,      -6.749055417,      -3.796393057
          0,           0,        4205,      -7.657877785,      -5.690638937,      -6.749815586,      -3.797176901
          0,           0,        4206,      -7.658585999,      -5.691359906,      -6.750359468,      -3.797784908
          0,           0,        4207,      -7.659294853,      -5.692080737,      -6.750811547,      -3.798318207
          0,           0,        4208,      -7.660004267,      -5.692801491,      -6.751262892,      -3.798851191
          0,           0,        4209,         -7.660714,      -5.693522317,      -6.751747083,      -3.799411031
          0,           0,        4210,      -7.661423846,      -5.694243334,      -6.752254664,      -3.799989056
          0,           0,        4211,      -7.662133724,       -5.69496458,      -6.752762767,      -3.800565518
          0,           0,        4212,      -7.662843661,      -5.695686026,       -6.75325592,      -3.801126783
          0,           0,        4213,      -7.663553734,      -5.696407619,       -6.75373467,       -3.80167298
          0,           0,        4214,      -7.664264008,      -5.697129315,      -6.754211236,      -3.802213623
          0,           0,        4215,       -7.66497451,      -5.697851093,      -6.754700568,      -3.802761542
          0,           0,        4216,      -7.665685232,      -5.698572956,      -6.755213382,      -3.803325743
          0,           0,        4217,      -7.666396152,      -5.699294912,      -6.755754218,      -3.803910269
          0,           0,        4218,       -7.66710725,      -5.700016967,      -6.756322212,      -3.804514818
          0,           0,        4219,      -7.667818515,      -5.700739121,      -6.756914241,      -3.805137094
          0,           0,        4220,       -7.66852995,      -5.701461366,      -6.757526898,      -3.805774685
          0,           0,        4221,      -7.669241561,      -5.702183693,       -6.75815895,       -3.80642678
          0,           0,        4222,      -7.669953353,      -5.702906093,      -6.758808752,      -3.807092486
          0,           0,        4223,      -7.670665327,      -5.703628561,      -6.759475909,      -3.807771714
          0,           0,        4224,      -7.671377483,      -5.704351091,      -6.760158794,      -3.808463221
          0,           0,        4225,      -7.672089816,      -5.705073681,      -6.760855588,      -3.809165822
          0,           0,        4226,      -7.672802323,      -5.705796328,      -6.761563864,      -3.809877788
          0,           0,        4227,      -7.673515003,      -5.706519029,      -6.762280946,       -3.81059685
          0,           0,        4228,      -7.674227854,      -5.707241781,      -6.763004395,      -3.811321193
          0,           0,        4229,      -7.674940877,       -5.70796458,      -6.763732226,      -3.812049231
          0,           0,        4230,       -7.67565407,      -5.708687423,      -6.764462288,       -3.81277924
          0,           0,        4231,      -7.676367434,      -5.709410307,      -6.765193364,      -3.813510288
          0,           0,        4232,      -7.677080966,       -5.71013323,      -6.765923729,      -3.814240924
          0,           0,        4233,      -7.677794667,      -5.710856191,      -6.766652539,      -3.814970602
          0,           0,        4234,      -7.678508536,      -5.711579189,      -6.767378534,      -3.815698214
          0,           0,        4235,       -7.67922257,      -5.712302221,      -6.768100827,      -3.816423062
          0,           0,        4236,      -7.679936771,      -5.713025288,      -6.768818918,      -3.817144766
          0,           0,        4237,      -7.680651136,      -5.713748387,      -6.769532477,      -3.817862971
          0,           0,        4238,      -7.681365666,      -5.714471519,      -6.770241243,      -3.818577606
          0,           0,        4239,       -7.68208036,      -5.715194682,      -6.770945299,      -3.819288647
          0,           0,        4240,      -7.682795218,      -5.715917877,      -6.771644583,      -3.819996063
          0,           0,        4241,      -7.683510238,      -5.716641103,      -6.772339613,      -3.820700172
          0,           0,        4242,       -7.68422542,      -5.717364359,      -6.773030436,      -3.821401244
          0,           0,        4243,      -7.684940764,      -5.718087646,      -6.773717744,      -3.822099508
          0,           0,        4244,       -7.68565627,      -5.718810962,      -6.774401921,      -3.822795486
          0,           0,        4245,      -7.686371935,      -5.719534309,      -6.775083269,      -3.823489349
          0,           0,        4246,       -7.68708776,      -5.720257686,      -6.775762588,      -3.824181543
          0,           0,        4247,      -7.687803745,      -5.720981093,       -6.77644028,      -3.824872657
          0,           0,        4248,      -7.688519888,      -5.721704529,      -6.777116582,      -3.825562686
          0,           0,        4249,      -7.689236189,      -5.722427994,       -6.77779241,       -3.82625228
          0,           0,        4250,      -7.689952648,      -5.723151489,      -6.778467658,      -3.826941602
          0,           0,        4251,      -7.690669263,      -5.723875014,      -6.779142972,       -3.82763083
          0,           0,        4252,      -7.691386033,      -5.724598567,      -6.779818603,      -3.828320368
          0,           0,        4253,      -7.692102959,       -5.72532215,      -6.780494756,      -3.829010253
          0,           0,        4254,      -7.692820039,      -5.726045762,      -6.781171466,      -3.829700633
          0,           0,        4255,      -7.693537272,      -5.726769403,      -6.781848919,       -3.83039153
          0,           0,        4256,      -7.694254658,      -5.727493072,      -6.782527273,      -3.831083022
          0,           0,        4257,      -7.694972196,      -5.728216771,      -6.783206464,      -3.831775304
          0,           0,        4258,      -7.694740167,      -5.730967713,      -6.593441992,      -3.631945765
          0,           0,        4259,      -7.696658671,      -5.730754701,      -6.743829194,        -3.7961987
          0,           0,        4260,      -7.697034386,       -5.73296838,       -6.57382469,      -3.614809756
          0,           0,        4261,        -7.6990358,      -5.732727404,      -6.748923189,      -3.801866084
          0,           0,        4262,      -7.699303239,      -5.735032155,      -6.583308524,      -3.624691453
          0,           0,        4263,      -7.701225271,      -5.734822689,      -6.745294443,      -3.800147672
          0,           0,        4264,      -7.701472403,      -5.737125675,      -6.572435502,      -3.615944178
          0,           0,        4265,      -7.703429698,      -5.736901287,      -6.735040274,      -3.792297087
          0,           0,        4266,      -7.703687892,      -5.739191871,       -6.56797954,      -3.612705598
          0,           0,        4267,      -7.705653481,      -5.738965119,       -6.73202585,      -3.790365606
          0,           0,        4268,      -7.705900517,      -5.741261369,      -6.567371709,      -3.612654749
          0,           0,        4269,       -7.70786598,      -5.741034515,      -6.730773662,      -3.789779945
          0,           0,        4270,      -7.708107602,      -5.743332027,      -6.566929425,      -3.612515315
          0,           0,        4271,      -7.710078984,      -5.743102912,       -6.73056307,      -3.789945691
          0,           0,        4272,       -7.71031838,      -5.745400894,      -6.567975795,      -3.613566905
          0,           0,        4273,      -7.712293252,      -5.745170572,      -6.732086608,      -3.791502552
          0,           0,        4274,      -7.712529724,      -5.747470215,      -6.570234781,      -3.615616501
          0,           0,        4275,      -7.714506272,      -5.747239214,      -6.734668202,      -3.793916168
          0,           0,        4276,      -7.715752877,      -5.747487946,       -6.73772734,       -3.79746952
          0,           0,        4277,      -7.716543928,      -5.748164015,      -6.766319911,      -3.822961681
          0,           0,        4278,      -7.717160899,      -5.748964967,      -6.782571292,      -3.837705255
          0,           0,        4279,      -7.717771901,      -5.749761083,      -6.781699482,      -3.836806041
          0,           0,        4280,      -7.717458622,      -5.752547048,      -6.591775103,      -3.633807369
          0,           0,        4281,      -7.719432821,      -5.752309005,      -6.742359508,      -3.798976086
          0,           0,        4282,      -7.719801791,      -5.754508291,      -6.582014665,      -3.624352912
          0,           0,        4283,      -7.721840934,      -5.754252195,      -6.761249841,      -3.815827588
          0,           0,        4284,      -7.723090941,      -5.754502757,      -6.768738151,       -3.82340729
          0,           0,        4285,       -7.72385381,      -5.755198676,      -6.797584788,      -3.849006679
          0,           0,        4286,      -7.724445448,      -5.756016953,       -6.80952162,      -3.860301787
          0,           0,        4287,       -7.72405246,      -5.758871306,      -6.612467206,      -3.652620536
          0,           0,        4288,      -7.725979103,      -5.758652271,      -6.754197241,       -3.80999812
          0,           0,        4289,      -7.727329629,      -5.758832226,      -6.755132221,      -3.812092706
          0,           0,        4290,      -7.728219221,       -5.75944702,      -6.791804177,      -3.844167964
          0,           0,        4291,       -7.72887018,      -5.760228576,      -6.816423357,      -3.866140357
          0,           0,        4292,       -7.72946302,      -5.761038851,      -6.817037865,      -3.867185449
          0,           0,        4293,      -7.730099942,      -5.761815434,      -6.806790628,      -3.858476805
          0,           0,        4294,      -7.730803752,      -5.762547476,      -6.798974737,      -3.851626842
          0,           0,        4295,      -7.731547564,      -5.763254786,      -6.798254857,      -3.850836925
          0,           0,        4296,      -7.732295459,      -5.763961153,      -6.802964557,       -3.85473627
          0,           0,        4297,      -7.733027399,      -5.764678882,       -6.80925113,      -3.860035781
          0,           0,        4298,      -7.733742387,      -5.765407887,      -6.814090122,      -3.864159438
          0,           0,        4299,      -7.734449427,       -5.76614206,      -6.816507157,      -3.866267775
          0,           0,        4300,      -7.735157621,      -5.766875619,      -6.817176193,      -3.866910946
          0,           0,        4301,      -7.735871196,      -5.767606074,      -6.817302071,      -3.867097651
          0,           0,        4302,      -7.736589593,      -5.768333949,      -6.817742043,       -3.86755383
          0,           0,        4303,      -7.737310047,      -5.769061041,       -6.81872897,      -3.868482282
          0,           0,        4304,       -7.73803008,      -5.769788846,      -6.820047606,      -3.869704533
          0,           0,        4305,      -7.738748658,      -5.770517916,      -6.821354037,      -3.870930816
          0,           0,        4306,      -7.739466051,      -5.771248004,      -6.822414225,      -3.871961157
          0,           0,        4307,      -7.740183088,      -5.771978561,      -6.823178138,      -3.872749936
          0,           0,        4308,       -7.74090048,      -5.772709147,      -6.823729684,      -3.873364387
          0,           0,        4309,      -7.741618517,      -5.773439599,      -6.824191114,      -3.873904926
          0,           0,        4310,      -7.742337114,      -5.774169979,      -6.824651605,      -3.874445084
          0,           0,        4311,      -7.743056032,      -5.774900436,      -6.825143916,      -3.875011521
          0,           0,        4312,      -7.743775066,      -5.775631087,      -6.825659275,      -3.875595903
          0,           0,        4313,      -7.744494137,      -5.776361967,      -6.826175358,      -3.876178791
          0,           0,        4314,      -7.745213273,      -5.777093049,      -6.826677389,      -3.876746915
          0,           0,        4315,       -7.74593255,      -5.777824278,      -6.827166553,       -3.87730097
          0,           0,        4316,      -7.746652032,      -5.778555612,      -6.827654463,      -3.877850331
          0,           0,        4317,      -7.747371746,      -5.779287031,      -6.828155725,      -3.878407412
          0,           0,        4318,      -7.748091684,      -5.780018536,      -6.828681155,      -3.878981429
          0,           0,        4319,      -7.748811824,      -5.780750135,      -6.829234795,      -3.879576264
          0,           0,        4320,      -7.749532145,      -5.781481835,      -6.829815915,      -3.880191504
          0,           0,        4321,      -7.750252637,      -5.782213634,      -6.830420946,      -3.880824578
          0,           0,        4322,      -7.750973304,      -5.782945525,      -6.831047559,      -3.881473976
          0,           0,        4323,       -7.75169415,      -5.783677498,      -6.831693175,      -3.882137636
          0,           0,        4324,      -7.752415181,      -5.784409544,      -6.832357142,       -3.88281553
          0,           0,        4325,      -7.753136398,      -5.785141658,      -6.833038322,      -3.883507037
          0,           0,        4326,      -7.753857798,      -5.785873834,      -6.833735316,      -3.884210986
          0,           0,        4327,       -7.75457938,       -5.78660607,      -6.834446233,      -3.884926382
          0,           0,        4328,      -7.755301139,      -5.787338363,      -6.835168501,      -3.885650765
          0,           0,        4329,      -7.756023073,       -5.78807071,      -6.835899635,      -3.886382652
          0,           0,        4330,      -7.756745181,      -5.788803107,      -6.836636814,      -3.887119523
          0,           0,        4331,      -7.757467463,      -5.789535549,      -6.837378182,      -3.887859991
          0,           0,        4332,      -7.758189919,      -5.790268036,      -6.838121961,       -3.88860265
          0,           0,        4333,      -7.758912548,      -5.791000562,      -6.838866342,      -3.889345956
          0,           0,        4334,      -7.759635348,      -5.791733128,      -6.839610034,      -3.890088931
          0,           0,        4335,      -7.760358319,       -5.79246573,      -6.840351952,      -3.890830811
          0,           0,        4336,      -7.761081459,      -5.793198367,       -6.84109083,      -3.891570162
          0,           0,        4337,      -7.761804768,      -5.793931039,      -6.841826006,      -3.892307026
          0,           0,        4338,      -7.762528245,      -5.794663744,       -6.84255688,      -3.893040425
          0,           0,        4339,      -7.763251888,      -5.795396481,      -6.843282918,      -3.893770247
          0,           0,        4340,      -7.763975699,      -5.796129249,      -6.844004129,      -3.894496276
          0,           0,        4341,      -7.764699676,      -5.796862048,      -6.844720691,      -3.895218769
          0,           0,        4342,      -7.765423818,      -5.797594878,      -6.845432357,       -3.89593756
          0,           0,        4343,      -7.766148125,      -5.798327737,      -6.846139534,      -3.896652807
          0,           0,        4344,      -7.766872596,      -5.799060626,       -6.84684273,      -3.897365035
          0,           0,        4345,       -7.76759723,      -5.799793545,      -6.847542307,      -3.898074544
          0,           0,        4346,      -7.768322028,      -5.800526493,      -6.848238542,      -3.898781413
          0,           0,        4347,      -7.769046988,      -5.801259469,      -6.848932243,      -3.899486403
          0,           0,        4348,       -7.76977211,      -5.801992475,      -6.849623779,      -3.900189698
          0,           0,        4349,      -7.770497392,      -5.802725509,      -6.850313647,      -3.900891848
          0,           0,        4350,      -7.771222835,      -5.803458572,      -6.851002346,      -3.901592944
          0,           0,        4351,      -7.771948438,      -5.804191664,      -6.851690429,      -3.902293592
          0,           0,        4352,        -7.7726742,      -5.804924783,      -6.852378029,      -3.902994037
          0,           0,        4353,       -7.77340012,      -5.805657931,      -6.853065789,       -3.90369442
          0,           0,        4354,      -7.774126198,      -5.806391107,      -6.853753844,      -3.904395141
          0,           0,        4355,      -7.774852432,      -5.807124311,      -6.854442297,      -3.905096175
          0,           0,        4356,      -7.775578822,      -5.807857543,      -6.855131651,      -3.905797795
          0,           0,        4357,      -7.776305368,      -5.808590803,      -6.855821772,      -3.906499982
          0,           0,        4358,      -7.777032068,       -5.80932409,      -6.856512603,       -3.90720287
          0,           0,        4359,       -7.77775892,      -5.810057406,      -6.857204336,      -3.907906307
          0,           0,        4360,       -7.77749789,      -5.812840579,      -6.667689685,      -3.707385429
          0,           0,        4361,      -7.779462707,       -5.81262876,      -6.818167181,      -3.872360545
          0,           0,        4362,      -7.779822734,      -5.814866989,      -6.648197923,      -3.690284824
          0,           0,        4363,      -7.781872051,      -5.814627129,      -6.823109176,      -3.877972722
          0,           0,        4364,       -7.78212217,      -5.816957406,      -6.657451993,      -3.700019022
          0,           0,        4365,      -7.784091233,      -5.816748954,       -6.81935953,      -3.876112774
          0,           0,        4366,      -7.784320471,      -5.819077323,      -6.646618265,      -3.691252686
          0,           0,        4367,       -7.78632539,      -5.818853984,      -6.809151995,      -3.868221754
          0,           0,        4368,      -7.786565519,      -5.821169924,      -6.642187495,       -3.68801574
          0,           0,        4369,       -7.78857896,      -5.820944229,      -6.806145599,      -3.866273367
          0,           0,        4370,      -7.788807717,      -5.823265858,      -6.641587091,      -3.687963994
          0,           0,        4371,      -7.790821157,      -5.823040021,      -6.804921445,      -3.865693331
          0,           0,        4372,      -7.791044363,        -5.8253629,      -6.641191815,      -3.687856286
          0,           0,        4373,      -7.793063838,      -5.825134797,      -6.804768461,      -3.865895174
          0,           0,        4374,      -7.793284727,      -5.827458143,      -6.642293787,      -3.688952683
          0,           0,        4375,      -7.795307743,      -5.827228831,      -6.806353353,      -3.867502493
          0,           0,        4376,      -7.795525656,      -5.829553824,       -6.64460921,      -3.691052789
          0,           0,        4377,      -7.797550352,      -5.829323829,      -6.808998334,      -3.869974869
          0,           0,        4378,      -7.798818196,      -5.829575616,       -6.81205984,       -3.87352963
          0,           0,        4379,      -7.799620163,      -5.830260295,      -6.840454273,      -3.899041205
          0,           0,        4380,      -7.800244978,      -5.831071583,      -6.856619472,      -3.913786278
          0,           0,        4381,      -7.800863728,      -5.831877982,      -6.855864391,      -3.912935277
          0,           0,        4382,      -7.800519485,       -5.83469625,      -6.666403876,      -3.709503176
          0,           0,        4383,      -7.802540961,      -5.834459371,      -6.817175743,      -3.875426991
          0,           0,        4384,      -7.802893495,      -5.836682877,      -6.656871982,      -3.700220074
          0,           0,        4385,      -7.804981039,      -5.836427886,      -6.835943025,      -3.892333866
          0,           0,        4386,      -7.806252275,      -5.836681522,      -6.843332528,      -3.899864363
          0,           0,        4387,      -7.807025786,      -5.837386066,      -6.871916923,      -3.925436793
          0,           0,        4388,       -7.80762506,      -5.838214637,      -6.883755648,      -3.936686358
          0,           0,        4389,      -7.807200281,      -5.841101783,      -6.687100886,      -3.728393841
          0,           0,        4390,      -7.809173298,      -5.840883917,      -6.829084832,      -3.886543448
          0,           0,        4391,      -7.810546313,      -5.841066413,      -6.830054051,      -3.888683609
          0,           0,        4392,      -7.811447856,      -5.841689404,      -6.866437994,      -3.920789361
          0,           0,        4393,      -7.812106892,       -5.84248116,      -6.890790056,      -3.942695787
          0,           0,        4394,      -7.812707201,      -5.843301742,      -6.891377473,      -3.943670439
          0,           0,        4395,      -7.813352338,      -5.844088177,       -6.88127807,      -3.934972295
          0,           0,        4396,      -7.814065187,      -5.844829728,      -6.873630286,      -3.928197547
          0,           0,        4397,      -7.814818385,      -5.845546479,      -6.873007734,       -3.92748985
          0,           0,        4398,      -7.815575599,      -5.846262375,      -6.877730984,      -3.931441485
          0,           0,        4399,      -7.816316669,       -5.84698972,      -6.883983398,      -3.936759619
          0,           0,        4400,       -7.81704068,      -5.847728355,      -6.888787131,      -3.940884518
          0,           0,        4401,       -7.81775675,      -5.848472124,      -6.891196509,      -3.942995441
          0,           0,        4402,      -7.818474033,      -5.849215242,      -6.891885412,      -3.943651336
          0,           0,        4403,       -7.81919674,      -5.849955246,      -6.892043112,      -3.943858923
          0,           0,        4404,      -7.819924278,      -5.850692686,      -6.892509502,      -3.944336462
          0,           0,        4405,      -7.820653858,      -5.851429363,      -6.893510058,      -3.945280937
          0,           0,        4406,      -7.821383003,      -5.852166767,      -6.894831042,      -3.946512584
          0,           0,        4407,       -7.82211069,      -5.852905437,      -6.896135509,       -3.94774376
          0,           0,        4408,      -7.822837199,      -5.853645121,      -6.897195043,      -3.948777941
          0,           0,        4409,      -7.823563363,      -5.854385267,      -6.897962678,      -3.949571526
          0,           0,        4410,      -7.824289891,      -5.855125443,      -6.898521747,      -3.950192399
          0,           0,        4411,      -7.825017067,      -5.855865488,      -6.898992431,      -3.950740192
          0,           0,        4412,      -7.825744804,      -5.856605467,      -6.899461815,      -3.951287484
          0,           0,        4413,      -7.826472863,      -5.857345527,       -6.89996206,      -3.951860526
          0,           0,        4414,      -7.827201041,      -5.858085784,      -6.900485025,      -3.952451188
          0,           0,        4415,      -7.827929261,      -5.858826271,      -6.901008847,      -3.953040432
          0,           0,        4416,      -7.828657552,      -5.859566961,      -6.901519925,      -3.953615655
          0,           0,        4417,      -7.829385989,      -5.860307799,      -6.902018828,      -3.954177369
          0,           0,        4418,      -7.830114636,      -5.861048744,      -6.902517804,      -3.954735244
          0,           0,        4419,      -7.830843518,      -5.861789775,      -6.903031125,      -3.955301714
          0,           0,        4420,      -7.831572628,      -5.862530895,      -6.903568534,      -3.955885434
          0,           0,        4421,      -7.832301944,      -5.863272109,       -6.90413448,      -3.956490212
          0,           0,        4422,      -7.833031444,      -5.864013426,       -6.90472822,      -3.957116003
          0,           0,        4423,      -7.833761121,      -5.864754842,      -6.905346436,      -3.957760147
          0,           0,        4424,      -7.834490975,      -5.865496351,       -6.90598619,      -3.958420769
          0,           0,        4425,      -7.835221012,      -5.866237943,      -6.906645287,      -3.959096115
          0,           0,        4426,      -7.835951238,      -5.866979608,      -6.907322874,      -3.959785908
          0,           0,        4427,      -7.836681653,       -5.86772134,       -6.90801777,       -3.96048954
          0,           0,        4428,      -7.837412255,      -5.868463135,      -6.908728578,      -3.961206021
          0,           0,        4429,       -7.83814304,       -5.86920499,      -6.909453047,      -3.961933449
          0,           0,        4430,      -7.838874007,      -5.869946901,      -6.910189024,      -3.962670495
          0,           0,        4431,      -7.839605151,      -5.870688865,      -6.910933644,      -3.963414702
          0,           0,        4432,      -7.840336473,      -5.871430879,      -6.911684324,      -3.964164028
          0,           0,        4433,      -7.841067971,      -5.872172938,      -6.912439047,      -3.964916959
          0,           0,        4434,      -7.841799645,       -5.87291504,      -6.913196061,      -3.965671796
          0,           0,        4435,      -7.842531495,      -5.873657182,      -6.913953495,      -3.966427285
          0,           0,        4436,      -7.843263518,      -5.874399362,      -6.914710199,      -3.967182496
          0,           0,        4437,      -7.843995714,      -5.875141577,      -6.915464652,      -3.967935898
          0,           0,        4438,      -7.844728083,      -5.875883828,      -6.916216262,      -3.968687399
          0,           0,        4439,      -7.845460622,      -5.876626111,      -6.916963978,      -3.969435776
          0,           0,        4440,      -7.846193331,      -5.877368427,      -6.917707168,      -3.970180751
          0,           0,        4441,      -7.846926209,      -5.878110775,      -6.918445554,      -3.970922052
          0,           0,        4442,      -7.847659256,      -5.878853152,      -6.919178879,       -3.97165934
          0,           0,        4443,      -7.848392471,       -5.87959556,      -6.919907525,      -3.972393074
          0,           0,        4444,      -7.849125854,      -5.880337997,      -6.920631126,      -3.973122749
          0,           0,        4445,      -7.849859403,      -5.881080463,       -6.92135041,      -3.973849207
          0,           0,        4446,      -7.850593119,      -5.881822958,      -6.922065606,      -3.974572597
          0,           0,        4447,         -7.851327,      -5.882565481,      -6.922776872,      -3.975292774
          0,           0,        4448,      -7.852061045,      -5.883308033,      -6.923485202,      -3.976010726
          0,           0,        4449,      -7.852795256,      -5.884050613,      -6.924190802,      -3.976726612
          0,           0,        4450,      -7.853529629,      -5.884793221,      -6.924894129,       -3.97744065
          0,           0,        4451,      -7.854264167,      -5.885535856,      -6.925596152,      -3.978153907
          0,           0,        4452,      -7.854998865,      -5.886278519,      -6.926296644,      -3.978865773
          0,           0,        4453,      -7.855733726,       -5.88702121,      -6.926996696,      -3.979577326
          0,           0,        4454,      -7.856468747,      -5.887763928,       -6.92769653,       -3.98028879
          0,           0,        4455,      -7.857203929,      -5.888506673,       -6.92839635,      -3.981000252
          0,           0,        4456,       -7.85793927,      -5.889249445,      -6.929096387,      -3.981711804
          0,           0,        4457,      -7.858674769,      -5.889992244,       -6.92979712,      -3.982423953
          0,           0,        4458,      -7.859410426,      -5.890735069,      -6.930498712,      -3.983136716
          0,           0,        4459,      -7.860146239,      -5.891477922,      -6.931200774,      -3.983849908
          0,           0,        4460,      -7.860882209,      -5.892220801,      -6.931904066,      -3.984563943
          0,           0,        4461,      -7.861618334,      -5.892963707,      -6.932608109,      -3.985278631
          0,           0,        4462,       -7.86132915,      -5.895778344,      -6.743323086,      -3.784116799
          0,           0,        4463,      -7.863339445,       -5.89556821,       -6.89389276,      -3.949773689
          0,           0,        4464,       -7.86368436,      -5.897830508,      -6.723956452,      -3.767059521
          0,           0,        4465,      -7.865780732,      -5.897592255,      -6.898690337,      -3.955330999
          0,           0,        4466,      -7.866014167,      -5.899947528,      -6.732990873,      -3.776649502
          0,           0,        4467,      -7.868029459,      -5.899740565,      -6.894826208,      -3.953335634
          0,           0,        4468,      -7.868241442,      -5.902093791,       -6.72219529,       -3.76786762
          0,           0,        4469,      -7.870293169,      -5.901871984,      -6.884663199,      -3.945408815
          0,           0,        4470,      -7.870515862,      -5.904212763,      -6.717788648,      -3.764633249
          0,           0,        4471,      -7.872576346,      -5.903988609,       -6.88166526,      -3.943445651
          0,           0,        4472,      -7.872787458,      -5.906335098,      -6.717196325,      -3.764581802
          0,           0,        4473,      -7.874848069,      -5.906110761,       -6.88046843,      -3.942872423
          0,           0,        4474,      -7.875053497,      -5.908458489,      -6.716847027,      -3.764505866
          0,           0,        4475,      -7.877120262,       -5.90823188,      -6.880371667,      -3.943110564
          0,           0,        4476,      -7.877323283,      -5.910580074,      -6.718003412,      -3.765646777
          0,           0,        4477,       -7.87939364,      -5.910352255,       -6.88201601,      -3.944767531
          0,           0,        4478,      -7.879593634,      -5.912702083,      -6.720373955,      -3.767796646
          0,           0,        4479,      -7.881665679,      -5.912473577,      -6.884723079,      -3.947297756
          0,           0,        4480,      -7.882954492,      -5.912728636,      -6.887793604,      -3.950860021
          0,           0,        4481,      -7.883767342,       -5.91342192,      -6.915998296,      -3.976380085
          0,           0,        4482,      -7.884400033,      -5.914243473,      -6.932081626,      -3.991121992
          0,           0,        4483,      -7.885026551,      -5.915060094,       -6.93143802,      -3.990319236
          0,           0,        4484,      -7.884652208,      -5.917909907,      -6.742411429,      -3.786493801
          0,           0,        4485,      -7.886720135,      -5.917674692,      -6.893367144,      -3.953132149
          0,           0,        4486,      -7.887056811,      -5.919921956,      -6.733103095,      -3.777383152
          0,           0,        4487,      -7.889191926,       -5.91966856,      -6.912018599,      -3.970088788
          0,           0,        4488,      -7.890484126,      -5.919925485,      -6.919320897,      -3.977576435
          0,           0,        4489,      -7.891268264,      -5.920638638,      -6.947654279,      -4.003111998
          0,           0,        4490,      -7.891875216,      -5.921477425,      -6.959399257,      -4.014313682
          0,           0,        4491,      -7.891419551,      -5.924396569,      -6.763116273,      -3.805459322
          0,           0,        4492,      -7.893438138,      -5.924180365,      -6.905347825,      -3.964341469
          0,           0,        4493,      -7.894833309,      -5.924365662,      -6.906355275,      -3.966530805
          0,           0,        4494,      -7.895746726,      -5.924996874,      -6.942462526,      -3.998652835
          0,           0,        4495,      -7.896413861,      -5.925798767,      -6.966559642,      -4.020486976
          0,           0,        4496,      -7.897021674,      -5.926629581,      -6.967122112,      -4.021394561
          0,           0,        4497,      -7.897675028,      -5.927425824,      -6.957163724,       -4.01271105
          0,           0,        4498,        -7.8973366,      -5.930249682,      -6.760382949,       -3.80309622
          0,           0,        4499,      -7.899417778,      -5.930013618,      -6.913825129,      -3.972188433
          0,           0,        4500,      -7.900816872,      -5.930201527,      -6.919832048,        -3.9788187
          0,           0,        4501,      -7.901706024,      -5.930850887,      -6.956306247,      -4.011216428
          0,           0,        4502,      -7.902351025,      -5.931668937,      -6.977255257,      -4.030451101
          0,           0,        4503,      -7.902951054,      -5.932506535,      -6.973805726,      -4.028005227
          0,           0,        4504,      -7.903608473,      -5.933301937,      -6.961342943,      -4.017191327
          0,           0,        4505,       -7.90433864,      -5.934049713,       -6.95319311,      -4.009944393
          0,           0,        4506,      -7.905107581,      -5.934774126,      -6.953059462,      -4.009694421
          0,           0,        4507,      -7.905876332,      -5.935500405,      -6.958388529,      -4.014241492
          0,           0,        4508,       -7.90662564,      -5.936240015,      -6.964886099,      -4.019843279
          0,           0,        4509,       -7.90735687,      -5.936991331,      -6.969532915,      -4.023881513
          0,           0,        4510,      -7.908080921,      -5.937747166,      -6.971608645,      -4.025723064
          0,           0,        4511,      -7.908807513,      -5.938501479,      -6.972036827,      -4.026149264
          0,           0,        4512,      -7.909540477,      -5.939252101,      -6.972129574,      -4.026286703
          0,           0,        4513,      -7.910278533,      -5.940000013,      -6.972714459,      -4.026852223
          0,           0,        4514,      -7.911018398,      -5.940747302,      -6.973934304,      -4.027973879
          0,           0,        4515,       -7.91175745,      -5.941495518,      -6.975490472,      -4.029397037
          0,           0,        4516,      -7.912494788,      -5.942245108,      -6.976997842,      -4.030789974
          0,           0,        4517,       -7.91323089,      -5.942995696,      -6.978219305,      -4.031947966
          0,           0,        4518,       -7.91396673,      -5.943746656,      -6.979123056,      -4.032840825
          0,           0,        4519,      -7.914703053,      -5.944497539,      -6.979809142,      -4.033552918
          0,           0,        4520,      -7.915440102,      -5.945248217,      -6.980405482,      -4.034192278
          0,           0,        4521,      -7.916177731,      -5.945998793,      -6.980997451,      -4.034830822
          0,           0,        4522,      -7.916915657,      -5.946749442,      -6.981608512,      -4.035488111
          0,           0,        4523,      -7.917653668,      -5.947500282,      -6.982223006,      -4.036149318
          0,           0,        4524,      -7.918391697,      -5.948251342,       -6.98281567,      -4.036791675
          0,           0,        4525,      -7.919129793,      -5.949002584,      -6.983373693,      -4.037403717
          0,           0,        4526,      -7.919868046,      -5.949753949,      -6.983901768,      -4.037988501
          0,           0,        4527,      -7.920606523,      -5.950505394,      -6.984416134,      -4.038559469
          0,           0,        4528,      -7.921345247,      -5.951256903,      -6.984934971,      -4.039131953
          0,           0,        4529,      -7.922084204,      -5.952008483,      -6.985470391,      -4.039716292
          0,           0,        4530,       -7.92282337,      -5.952760146,      -6.986028979,       -4.04031816
          0,           0,        4531,      -7.923562724,      -5.953511898,      -6.986611069,      -4.040937524
          0,           0,        4532,      -7.924302256,      -5.954263738,      -6.987215139,      -4.041573666
          0,           0,        4533,      -7.925041973,      -5.955015659,      -6.987839793,      -4.042225337
          0,           0,        4534,      -7.925781879,      -5.955767652,      -6.988485207,      -4.042892749
          0,           0,        4535,       -7.92652198,      -5.956519707,      -6.989151136,      -4.043576081
          0,           0,        4536,      -7.927262278,       -5.95727182,      -6.989837632,      -4.044275686
          0,           0,        4537,      -7.928002769,      -5.958023988,      -6.990543998,      -4.044991035
          0,           0,        4538,      -7.928743449,      -5.958776207,      -6.991268138,      -4.045720527
          0,           0,        4539,      -7.929484314,      -5.959528477,      -6.992007757,      -4.046462622
          0,           0,        4540,      -7.930225362,      -5.960280793,      -6.992759602,      -4.047214671
          0,           0,        4541,      -7.930966591,      -5.961033152,      -6.993521441,      -4.047974657
          0,           0,        4542,         -7.931708,      -5.961785551,      -6.994290296,      -4.048740614
          0,           0,        4543,       -7.93244959,      -5.962537987,      -6.995063672,       -4.04951036
          0,           0,        4544,      -7.933191357,      -5.963290458,      -6.995839458,      -4.050282102
          0,           0,        4545,      -7.933933302,      -5.964042962,      -6.996616215,      -4.051054904
          0,           0,        4546,      -7.934675422,      -5.964795497,      -6.997391274,      -4.051826573
          0,           0,        4547,      -7.935417715,      -5.965548062,      -6.998163825,       -4.05259631
          0,           0,        4548,      -7.936160182,      -5.966300657,      -6.998932241,      -4.053362975
          0,           0,        4549,       -7.93690282,      -5.967053279,      -6.999695357,      -4.054125597
          0,           0,        4550,      -7.937645629,      -5.967805929,      -7.000452817,      -4.054883758
          0,           0,        4551,      -7.938388609,      -5.968558605,      -7.001204197,      -4.055637233
          0,           0,        4552,      -7.939131757,      -5.969311308,      -7.001949222,      -4.056385701
          0,           0,        4553,      -7.939875075,      -5.970064036,      -7.002688308,      -4.057129805
          0,           0,        4554,      -7.940618561,      -5.970816789,      -7.003421098,      -4.057868628
          0,           0,        4555,      -7.941362214,      -5.971569568,      -7.004148798,      -4.058603656
          0,           0,        4556,      -7.942106034,      -5.972322372,      -7.004871671,      -4.059334853
          0,           0,        4557,      -7.942850021,      -5.973075201,      -7.005590403,      -4.060062947
          0,           0,        4558,      -7.943594173,      -5.973828054,      -7.006305452,      -4.060787883
          0,           0,        4559,       -7.94433849,      -5.974580932,      -7.007017954,      -4.061511043
          0,           0,        4560,      -7.945082971,      -5.975333835,        -7.0077282,      -4.062232414
          0,           0,        4561,      -7.945827617,      -5.976086763,       -7.00843762,      -4.062952986
          0,           0,        4562,      -7.946572425,      -5.976839715,      -7.009145951,      -4.063672912
          0,           0,        4563,      -7.947317395,      -5.977592691,       -7.00985475,      -4.064392974
          0,           0,        4564,      -7.948062527,      -5.978345693,      -7.010563629,      -4.065113261
          0,           0,        4565,      -7.948807819,      -5.979098718,      -7.011273209,       -4.06583402
          0,           0,        4566,      -7.948489165,      -5.981945711,      -6.822197996,      -3.864045925
          0,           0,        4567,      -7.950545689,      -5.981737889,      -6.972865069,      -4.030373547
          0,           0,        4568,      -7.950874497,      -5.984025049,      -6.802954391,      -3.847035836
          0,           0,        4569,      -7.953018731,      -5.983789029,      -6.977510583,      -4.035867208
          0,           0,        4570,      -7.953234505,      -5.986170083,      -6.811767941,      -3.856478028
          0,           0,        4571,      -7.955296822,      -5.985965224,      -6.973531014,      -4.033735147
          0,           0,        4572,      -7.955490583,      -5.988344097,      -6.801013278,      -3.847685273
          0,           0,        4573,      -7.957589925,       -5.98812445,      -6.963415769,      -4.025777901
          0,           0,        4574,      -7.957794245,      -5.990490859,      -6.796636535,      -3.844459345
          0,           0,        4575,      -7.959902578,      -5.990268878,      -6.960432244,      -4.023805896
          0,           0,        4576,      -7.960095141,      -5.992641013,       -6.79605984,      -3.844414912
          0,           0,        4577,      -7.962203729,      -5.992418808,      -6.959271163,      -4.023247031
          0,           0,        4578,      -7.962390508,      -5.994792164,      -6.795764371,      -3.844378185
          0,           0,        4579,       -7.96450536,      -5.994567686,      -6.959239054,      -4.023529624
          0,           0,        4580,      -7.964689678,      -5.996941497,       -6.79698319,      -3.845570899
          0,           0,        4581,      -7.966808166,      -5.996715808,      -6.960951443,      -4.025244205
          0,           0,        4582,       -7.96811816,      -5.996974787,      -6.964062879,      -4.028865785
          0,           0,        4583,      -7.968942171,      -5.997676853,      -6.991790781,       -4.05414864
          0,           0,        4584,      -7.969582958,      -5.998508787,      -7.007503527,      -4.068638685
          0,           0,        4585,      -7.970217477,      -5.999335763,      -7.006797351,      -4.067728458
          0,           0,        4586,      -7.969814504,      -6.002216336,      -6.818404606,      -3.863731539
          0,           0,        4587,      -7.971928944,      -6.001983776,        -6.9693872,      -4.030849777
          0,           0,        4588,      -7.972251268,      -6.004254509,      -6.809658078,      -3.855038721
          0,           0,        4589,      -7.974433727,      -6.004003543,       -6.98828379,      -4.048129423
          0,           0,        4590,      -7.975746877,      -6.004264194,       -6.99566797,      -4.055705348
          0,           0,        4591,      -7.976541963,      -6.004986031,      -7.023866417,       -4.08129229
          0,           0,        4592,      -7.977157015,      -6.005835012,      -7.035696585,      -4.092583953
          0,           0,        4593,      -7.976673086,      -6.008785196,      -6.840327302,      -3.883677088
          0,           0,        4594,      -7.978736342,      -6.008571424,      -6.982820805,      -4.043253053
          0,           0,        4595,      -7.980153501,      -6.008759963,      -6.983956204,      -4.045554673
          0,           0,        4596,       -7.98107909,      -6.009399339,       -7.01992944,      -4.077788225
          0,           0,        4597,      -7.981754791,      -6.010211146,      -7.043941495,      -4.099673438
          0,           0,        4598,       -7.98237059,      -6.011051972,       -7.04462474,      -4.100637871
          0,           0,        4599,      -7.983032574,      -6.011857837,      -7.034903741,      -4.092061417
          0,           0,        4600,      -7.982667795,      -6.014711253,      -6.838543147,      -3.882071443
          0,           0,        4601,      -7.984793501,      -6.014477693,      -6.992139721,      -4.051839609
          0,           0,        4602,      -7.986214381,      -6.014668938,      -6.998086336,      -4.058461168
          0,           0,        4603,      -7.987115441,      -6.015326482,      -7.034284068,      -4.090844626
          0,           0,        4604,      -7.987768886,      -6.016154356,      -7.055012168,      -4.109990224
          0,           0,        4605,      -7.988376885,      -6.017001825,      -7.051553189,      -4.107467032
          0,           0,        4606,      -7.989042932,      -6.017806737,      -7.039205653,      -4.096649235
          0,           0,        4607,      -7.989782408,      -6.018563794,      -7.031158114,      -4.089441897
          0,           0,        4608,      -7.990560916,      -6.019297475,      -7.031046181,      -4.089220934
          0,           0,        4609,      -7.991339167,      -6.020033102,      -7.036318003,      -4.093761681
          0,           0,        4610,      -7.992097829,      -6.020782111,      -7.042721138,      -4.099327176
          0,           0,        4611,      -7.992838349,      -6.021542813,      -7.047283811,      -4.103320598
          0,           0,        4612,      -7.993571717,      -6.022307992,       -7.04930996,      -4.105127457
          0,           0,        4613,      -7.994307673,      -6.023071624,        -7.0497206,      -4.105535976
          0,           0,        4614,       -7.99505003,      -6.023831569,      -7.049809687,      -4.105667461
          0,           0,        4615,      -7.995797475,      -6.024588829,      -7.050389815,      -4.106230995
          0,           0,        4616,      -7.996546709,      -6.025345491,      -7.051596835,      -4.107348508
          0,           0,        4617,       -7.99729512,      -6.026103089,      -7.053136774,      -4.108766369
          0,           0,        4618,      -7.998041817,       -6.02686206,      -7.054631034,      -4.110155434
          0,           0,        4619,      -7.998787286,      -6.027622022,      -7.055847774,      -4.111313858
          0,           0,        4620,      -7.999532504,      -6.028382351,      -7.056756699,      -4.112212992
          0,           0,        4621,      -8.000278208,      -6.029142605,      -7.057455955,      -4.112936483
          0,           0,        4622,      -8.001024636,      -6.029902659,      -7.058070262,      -4.113590781
          0,           0,        4623,      -8.001771639,      -6.030662618,      -7.058681963,      -4.114245862
          0,           0,        4624,      -8.002518938,      -6.031422652,      -7.059313816,      -4.114920342
          0,           0,        4625,      -8.003266321,       -6.03218288,       -7.05994934,      -4.115598987
          0,           0,        4626,      -8.004013724,      -6.032943329,      -7.060563601,      -4.116259022
          0,           0,        4627,      -8.004761196,      -6.033703959,      -7.061144329,      -4.116889479
          0,           0,        4628,      -8.005508824,      -6.034464713,      -7.061695096,      -4.117492305
          0,           0,        4629,      -8.006256676,      -6.035225549,      -7.062231792,      -4.118081102
          0,           0,        4630,      -8.007004774,      -6.035986451,       -7.06277154,      -4.118670304
          0,           0,        4631,      -8.007753106,      -6.036747425,      -7.063326689,      -4.119270624
          0,           0,        4632,      -8.008501645,      -6.037508483,      -7.063903043,      -4.119886891
          0,           0,        4633,      -8.009250372,      -6.038269632,      -7.064500826,       -4.12051952
          0,           0,        4634,      -8.009999279,       -6.03903087,       -7.06511928,      -4.121167733
          0,           0,        4635,      -8.010748369,      -6.039792189,      -7.065756586,      -4.121830407
          0,           0,        4636,      -8.011497649,      -6.040553581,      -7.066412854,      -4.122507547
          0,           0,        4637,      -8.012247125,      -6.041315036,      -7.067088463,      -4.123199763
          0,           0,        4638,      -8.012996797,       -6.04207655,      -7.067783502,      -4.123907466
          0,           0,        4639,      -8.013746662,      -6.042838119,       -7.06849748,      -4.124630216
          0,           0,        4640,      -8.014496717,      -6.043599741,      -7.069228384,       -4.12536699
          0,           0,        4641,      -8.015246957,      -6.044361413,       -7.06997421,      -4.126115588
          0,           0,        4642,      -8.015997381,      -6.045123132,      -7.070732306,      -4.126874347
          0,           0,        4643,      -8.016747985,      -6.045884895,      -7.071500243,      -4.127641173
          0,           0,        4644,       -8.01749877,      -6.046646699,       -7.07227495,      -4.128413588
          0,           0,        4645,      -8.018249735,      -6.047408539,      -7.073054806,      -4.129190357
          0,           0,        4646,      -8.019000879,      -6.048170415,      -7.073837688,      -4.129969738
          0,           0,        4647,      -8.019752199,      -6.048932325,      -7.074621862,       -4.13075026
          0,           0,        4648,      -8.020503695,      -6.049694266,      -7.075405055,      -4.131530276
          0,           0,        4649,      -8.021255364,      -6.050456237,      -7.076185974,      -4.132308639
          0,           0,        4650,      -8.022007207,      -6.051218238,      -7.076963573,      -4.133084445
          0,           0,        4651,       -8.02275922,      -6.051980267,      -7.077736747,      -4.133856798
          0,           0,        4652,      -8.023511405,      -6.052742324,      -7.078504691,      -4.134624934
          0,           0,        4653,       -8.02426376,      -6.053504408,      -7.079266721,      -4.135388835
          0,           0,        4654,      -8.025016284,      -6.054266518,      -7.080023245,      -4.136147938
          0,           0,        4655,      -8.025768976,      -6.055028654,      -7.080773859,      -4.136902715
          0,           0,        4656,      -8.026521836,      -6.055790816,      -7.081518688,        -4.1376528
          0,           0,        4657,      -8.027274863,      -6.056553004,      -7.082258512,      -4.138399048
          0,           0,        4658,      -8.028028057,      -6.057315217,      -7.082993304,      -4.139141227
          0,           0,        4659,      -8.028781416,      -6.058077454,      -7.083724143,      -4.139880414
          0,           0,        4660,      -8.029534941,      -6.058839717,      -7.084451277,      -4.140616427
          0,           0,        4661,      -8.030288631,      -6.059602005,      -7.085175745,      -4.141350663
          0,           0,        4662,      -8.031042484,      -6.060364318,      -7.085897928,      -4.142082808
          0,           0,        4663,      -8.031796501,      -6.061126655,       -7.08661866,      -4.142813952
          0,           0,        4664,      -8.032550681,      -6.061889018,      -7.087338761,      -4.143544609
          0,           0,        4665,      -8.033305022,      -6.062651405,      -7.088058146,      -4.144274655
          0,           0,        4666,      -8.034059525,      -6.063413816,      -7.088778069,       -4.14500502
          0,           0,        4667,      -8.034814189,      -6.064176252,      -7.089498471,      -4.145735936
          0,           0,        4668,      -8.034469646,      -6.067052913,      -6.900610874,      -3.943390629
          0,           0,        4669,       -8.03657001,      -6.066847661,      -7.051373402,      -4.110327713
          0,           0,        4670,      -8.036885329,       -6.06915772,      -6.881488006,      -3.926434934
          0,           0,        4671,      -8.039074952,      -6.068924196,      -7.055885399,      -4.115764938
          0,           0,        4672,      -8.039275787,      -6.071328971,      -6.890097318,      -3.935736886
          0,           0,        4673,       -8.04138277,      -6.071126455,      -7.051798765,      -4.113506002
          0,           0,        4674,      -8.041560999,      -6.073528928,      -6.879374678,      -3.926931214
          0,           0,        4675,      -8.043705567,      -6.073311682,      -7.041720413,      -4.105517457
          0,           0,        4676,      -8.043894143,      -6.075701692,      -6.875017498,      -3.923707157
          0,           0,        4677,      -8.046047947,      -6.075482117,      -7.038742245,      -4.103531427
          0,           0,        4678,      -8.046224549,      -6.077877879,      -6.874447337,      -3.923662745
          0,           0,        4679,      -8.048378756,      -6.077658038,      -7.037605295,      -4.102979301
          0,           0,        4680,      -8.048549428,      -6.080055015,      -6.874194003,      -3.923656232
          0,           0,        4681,      -8.050710025,      -6.079832897,      -7.037624335,      -4.103296683
          0,           0,        4682,      -8.050878133,      -6.082230336,      -6.875463351,       -3.92489112
          0,           0,        4683,      -8.053042425,      -6.082007004,      -7.039392248,      -4.105058631
          0,           0,        4684,      -8.054372963,      -6.082269608,       -7.04252089,       -4.10869627
          0,           0,        4685,      -8.055207951,      -6.082980169,      -7.070072763,      -4.133966681
          0,           0,        4686,      -8.055856849,      -6.083822126,      -7.085711727,      -4.148444315
          0,           0,        4687,       -8.05649935,      -6.084659098,        -7.0851101,      -4.147582964
          0,           0,        4688,      -8.056068425,      -6.087569537,      -6.897107204,      -3.943271467
          0,           0,        4689,      -8.058227782,      -6.087339535,      -7.048266996,      -4.111029469
          0,           0,        4690,      -8.058535757,      -6.089632962,      -6.888579919,      -3.934756825
          0,           0,        4691,      -8.060764236,      -6.089384465,      -7.067067002,      -4.128356012
          0,           0,        4692,      -8.062097938,      -6.089648743,      -7.074386605,      -4.135903587
          0,           0,        4693,       -8.06290377,      -6.090379065,      -7.102356923,       -4.16143994
          0,           0,        4694,      -8.063526749,      -6.091238013,      -7.114103633,      -4.172683565
          0,           0,        4695,      -8.063014151,      -6.094218463,      -6.919056551,       -3.96330152
          0,           0,        4696,      -8.065121464,      -6.094007223,      -7.061789136,      -4.123543167
          0,           0,        4697,      -8.066560229,       -6.09419899,      -7.062972192,      -4.125903732
          0,           0,        4698,      -8.067497671,      -6.094846543,       -7.09869025,      -4.158130927
          0,           0,        4699,      -8.068181663,      -6.095668264,      -7.122469815,      -4.179935815
          0,           0,        4700,      -8.068805188,      -6.096519087,      -7.123130448,      -4.180839193
          0,           0,        4701,      -8.068337214,      -6.099460232,       -6.92258399,      -3.966636094
          0,           0,        4702,      -8.070473132,      -6.099239586,      -7.069348389,      -4.130630596
          0,           0,        4703,      -8.071917104,      -6.099431359,      -7.072221051,      -4.134607646
          0,           0,        4704,      -8.072846268,      -6.100086286,      -7.107639494,      -4.166572741
          0,           0,        4705,       -8.07352158,      -6.100915286,      -7.129677605,      -4.186922584
          0,           0,        4706,      -8.074141743,      -6.101769827,      -7.128277951,      -4.186089855
          0,           0,        4707,      -8.074813522,      -6.102585931,      -7.117324702,      -4.176373649
          0,           0,        4708,      -8.075557104,      -6.103355209,      -7.109675604,      -4.169445911
          0,           0,        4709,      -8.076341321,      -6.104100074,      -7.109328914,      -4.169004255
          0,           0,        4710,      -8.077127753,      -6.104845351,      -7.114214084,      -4.173227529
          0,           0,        4711,      -8.077896299,      -6.105602993,      -7.120407764,      -4.178636831
          0,           0,        4712,      -8.078647155,      -6.106372087,      -7.125030887,      -4.182695549
          0,           0,        4713,      -8.079390427,      -6.107145951,      -7.127294192,      -4.184705037
          0,           0,        4714,      -8.080135599,      -6.107918709,      -7.127965749,      -4.185330234
          0,           0,        4715,      -8.080886678,      -6.108688088,       -7.12823503,      -4.185610286
          0,           0,        4716,      -8.081642699,      -6.109454876,      -7.128888022,      -4.186236226
          0,           0,        4717,      -8.082400619,      -6.110220998,      -7.130092387,      -4.187356742
          0,           0,        4718,      -8.083157913,      -6.110987941,      -7.131601283,      -4.188756078
          0,           0,        4719,       -8.08391364,      -6.111756176,      -7.133071583,      -4.190133457
          0,           0,        4720,      -8.084668187,      -6.112525385,      -7.134282846,      -4.191294773
          0,           0,        4721,       -8.08542245,       -6.11329499,      -7.135197681,      -4.192205448
          0,           0,        4722,      -8.086177137,      -6.114064566,      -7.135901742,      -4.192938086
          0,           0,        4723,      -8.086932503,       -6.11483398,      -7.136511332,      -4.193592969
          0,           0,        4724,      -8.087688431,      -6.115603317,      -7.137106523,      -4.194237977
          0,           0,        4725,      -8.088444667,      -6.116372731,      -7.137714804,      -4.194896406
          0,           0,        4726,      -8.089201009,      -6.117142337,      -7.138325212,      -4.195556666
          0,           0,        4727,       -8.08995739,      -6.117912162,        -7.1389172,      -4.196200647
          0,           0,        4728,      -8.090713851,      -6.118682174,      -7.139480553,      -4.196817971
          0,           0,        4729,      -8.091470471,      -6.119452319,      -7.140018816,      -4.197411415
          0,           0,        4730,      -8.092227312,      -6.120222557,      -7.140546515,      -4.197993359
          0,           0,        4731,      -8.092984399,      -6.120992873,      -7.141079993,      -4.198577424
          0,           0,        4732,      -8.093741724,      -6.121763269,      -7.141631343,      -4.199174701
          0,           0,        4733,       -8.09449926,      -6.122533755,      -7.142205738,       -4.19978936
          0,           0,        4734,      -8.095256992,      -6.123304336,       -7.14280499,      -4.200423157
          0,           0,        4735,      -8.096014909,      -6.124075011,      -7.143427711,      -4.201075046
          0,           0,        4736,      -8.096773015,      -6.124845772,      -7.144072389,      -4.201743919
          0,           0,        4737,      -8.097531315,       -6.12561661,      -7.144738331,       -4.20242948
          0,           0,        4738,      -8.098289814,      -6.126387516,      -7.145425987,      -4.203132084
          0,           0,        4739,      -8.099048513,      -6.127158483,      -7.146134821,      -4.203851774
          0,           0,        4740,      -8.099807409,       -6.12792951,      -7.146863665,      -4.204587813
          0,           0,        4741,      -8.100566497,      -6.128700591,       -7.14761049,      -4.205338318
          0,           0,        4742,      -8.101325774,      -6.129471724,      -7.148372997,      -4.206102131
          0,           0,        4743,      -8.102085238,      -6.130242906,        -7.1491484,      -4.206876123
          0,           0,        4744,      -8.102844887,      -6.131014132,      -7.149933739,      -4.207658612
          0,           0,        4745,      -8.103604718,      -6.131785401,      -7.150726229,      -4.208447012
          0,           0,        4746,      -8.104364733,      -6.132556707,      -7.151523387,      -4.209239593
          0,           0,        4747,      -8.105124927,       -6.13332805,      -7.152323182,      -4.210034316
          0,           0,        4748,      -8.105885302,      -6.134099426,      -7.153124029,      -4.210830107
          0,           0,        4749,      -8.106645854,      -6.134870834,      -7.153923118,      -4.211624599
          0,           0,        4750,      -8.107406583,      -6.135642273,      -7.154719865,      -4.212417445
          0,           0,        4751,      -8.108167486,      -6.136413742,      -7.155512092,      -4.213206878
          0,           0,        4752,      -8.108928563,      -6.137185239,      -7.156299183,       -4.21399205
          0,           0,        4753,      -8.109689814,      -6.137956764,      -7.157080434,      -4.214772816
          0,           0,        4754,      -8.110451236,      -6.138728316,      -7.157855669,      -4.215548688
          0,           0,        4755,       -8.11121283,      -6.139499894,       -7.15862426,      -4.216319433
          0,           0,        4756,      -8.111974594,      -6.140271499,      -7.159386593,       -4.21708511
          0,           0,        4757,      -8.112736529,      -6.141043129,      -7.160142571,      -4.217845822
          0,           0,        4758,      -8.113498633,      -6.141814785,      -7.160893241,      -4.218602243
          0,           0,        4759,      -8.114260905,      -6.142586466,      -7.161638744,      -4.219354481
          0,           0,        4760,      -8.115023347,      -6.143358173,      -7.162380037,      -4.220103683
          0,           0,        4761,      -8.115785955,      -6.144129905,      -7.163117009,      -4.220849202
          0,           0,        4762,      -8.116548731,      -6.144901661,       -7.16385187,      -4.221593057
          0,           0,        4763,      -8.117311673,      -6.145673443,      -7.164584082,      -4.222335051
          0,           0,        4764,       -8.11807478,      -6.146445249,      -7.165314875,       -4.22307553
          0,           0,        4765,      -8.118838053,       -6.14721708,      -7.166044844,       -4.22381549
          0,           0,        4766,      -8.119601491,      -6.147988935,       -7.16677502,      -4.224555853
          0,           0,        4767,      -8.120365091,      -6.148760815,      -7.167505141,      -4.225295862
          0,           0,        4768,      -8.121128855,      -6.149532719,      -7.168236298,      -4.226036748
          0,           0,        4769,       -8.12189278,      -6.150304647,      -7.168968447,      -4.226778491
          0,           0,        4770,      -8.121522601,      -6.153210591,      -6.980263638,      -4.023916595
          0,           0,        4771,      -8.123666301,      -6.153008376,      -7.131122627,      -4.191435626
          0,           0,        4772,      -8.123968245,      -6.155341121,      -6.961267422,      -4.007025183
          0,           0,        4773,      -8.126202746,      -6.155110559,      -7.135512174,      -4.196821769
          0,           0,        4774,      -8.126388812,      -6.157538805,      -6.969684409,      -4.016193621
          0,           0,        4775,      -8.128539973,      -6.157339087,      -7.131328253,      -4.194444718
          0,           0,        4776,      -8.128702858,      -6.159764916,      -6.958997785,      -4.007381284
          0,           0,        4777,      -8.130892153,      -6.159550534,      -7.121291584,      -4.186432895
          0,           0,        4778,      -8.131065179,      -6.161963903,      -6.954663725,      -4.004163243
          0,           0,        4779,      -8.133263956,        -6.1617472,      -7.118323066,      -4.184437751
          0,           0,        4780,      -8.133424809,      -6.164166343,        -6.9541026,      -4.004121657
          0,           0,        4781,      -8.135624138,      -6.163949332,      -7.117212694,      -4.183895413
          0,           0,        4782,      -8.135778928,      -6.166369686,      -6.953892431,      -4.004146962
          0,           0,        4783,      -8.137984771,      -6.166150394,      -7.117283109,      -4.184248884
          0,           0,        4784,       -8.13813691,      -6.168571214,      -6.955212212,       -4.00542453
          0,           0,        4785,      -8.140346506,      -6.168350706,      -7.119105537,      -4.186058095
          0,           0,        4786,      -8.141697369,      -6.168617178,      -7.122255444,      -4.189714987
          0,           0,        4787,      -8.142543272,      -6.169336318,      -7.149636445,       -4.21496589
          0,           0,        4788,      -8.143200262,      -6.170188337,      -7.165203819,      -4.229427318
          0,           0,        4789,      -8.143850717,      -6.171035351,      -7.164703186,      -4.228614765
          0,           0,        4790,      -8.143392243,       -6.17397524,      -6.977070265,      -4.024016102
          0,           0,        4791,      -8.145595992,      -6.173748277,      -7.128405398,      -4.192386629
          0,           0,        4792,      -8.145889851,      -6.176064182,      -6.968758973,      -4.015680472
          0,           0,        4793,      -8.148163821,      -6.175818627,      -7.147112838,       -4.20975566
          0,           0,        4794,      -8.149517868,      -6.176086768,      -7.154374981,      -4.217278946
          0,           0,        4795,      -8.150334407,      -6.176825646,      -7.182124368,      -4.242757991
          0,           0,        4796,      -8.150965311,       -6.17769459,       -7.19379055,      -4.253951439
          0,           0,        4797,      -8.150424514,      -6.180704846,       -6.99904896,      -4.044129628
          0,           0,        4798,      -8.152575365,      -6.180496613,      -7.142016784,      -4.205010529
          0,           0,        4799,       -8.15403548,      -6.180691882,      -7.143250477,      -4.207432337
          0,           0,        4800,      -8.154984694,      -6.181347711,      -7.178720713,      -4.239643398
          0,           0,        4801,      -8.155676968,       -6.18217938,      -7.202276282,      -4.261363703
          0,           0,        4802,      -8.156308216,       -6.18304023,       -7.20291604,      -4.262208904
          0,           0,        4803,      -8.155812756,      -6.186010628,      -7.002694159,      -4.047568896
          0,           0,        4804,      -8.157992498,      -6.185793014,      -7.149650312,      -4.212182883
          0,           0,        4805,      -8.159457883,      -6.185988302,      -7.152546314,       -4.21620691
          0,           0,        4806,      -8.160398755,      -6.186651536,      -7.187700926,      -4.248141601
          0,           0,        4807,      -8.161082281,      -6.187490509,      -7.209513661,      -4.268393936
          0,           0,        4808,      -8.161710138,      -6.188355092,      -7.208103101,      -4.267498074
          0,           0,        4809,      -8.162390259,      -6.189180882,      -7.197282292,      -4.257806101
          0,           0,        4810,      -8.163142878,        -6.1899596,      -7.189775204,      -4.250954878
          0,           0,        4811,       -8.16393641,      -6.190713878,      -7.189506616,      -4.250585263
          0,           0,        4812,      -8.164732095,      -6.191468644,       -7.19439983,      -4.254848363
          0,           0,        4813,      -8.165509742,      -6.192235832,      -7.200564751,      -4.260268148
          0,           0,        4814,      -8.166269627,      -6.193014466,      -7.205162401,      -4.264326288
          0,           0,        4815,      -8.167021946,       -6.19379783,       -7.20742556,      -4.266340876
          0,           0,        4816,      -8.167776219,      -6.194580057,      -7.208120758,      -4.266983002
          0,           0,        4817,      -8.168536432,      -6.195358904,      -7.208422137,      -4.267287246
          0,           0,        4818,      -8.169301586,      -6.196135176,      -7.209101051,      -4.267936243
          0,           0,        4819,      -8.170068621,      -6.196910805,       -7.21031998,      -4.269073807
          0,           0,        4820,      -8.170835017,      -6.197687266,      -7.211833932,      -4.270483829
          0,           0,        4821,      -8.171599844,      -6.198465017,       -7.21330563,      -4.271868422
          0,           0,        4822,        -8.1723635,      -6.199243735,      -7.214519171,       -4.27303557
          0,           0,        4823,      -8.173126882,      -6.200022844,       -7.21543979,      -4.273953042
          0,           0,        4824,      -8.173890694,      -6.200801925,      -7.216152105,      -4.274693962
          0,           0,        4825,      -8.174655187,      -6.201580848,      -7.216771025,      -4.275357055
          0,           0,        4826,      -8.175420241,      -6.202359699,      -7.217374415,      -4.276009786
          0,           0,        4827,      -8.176185602,      -6.203138632,       -7.21798956,      -4.276674533
          0,           0,        4828,      -8.176951073,      -6.203917759,      -7.218606416,      -4.277341208
          0,           0,        4829,      -8.177716587,      -6.204697106,      -7.219204785,       -4.27799069
          0,           0,        4830,      -8.178482186,      -6.205476642,      -7.219775337,      -4.278614149
          0,           0,        4831,      -8.179247947,      -6.206256312,      -7.220321747,      -4.279214792
          0,           0,        4832,      -8.180013935,      -6.207036077,      -7.220858316,      -4.279803716
          0,           0,        4833,      -8.180780171,      -6.207815922,      -7.221401025,      -4.280395764
          0,           0,        4834,      -8.181546648,       -6.20859585,      -7.221962377,      -4.281001377
          0,           0,        4835,       -8.18231334,      -6.209375868,      -7.222546773,      -4.281624654
          0,           0,        4836,      -8.183080231,      -6.210155984,      -7.223156273,      -4.282267201
          0,           0,        4837,      -8.183847313,      -6.210936194,      -7.223790113,      -4.282928796
          0,           0,        4838,      -8.184614585,      -6.211716492,      -7.224445808,       -4.28360771
          0,           0,        4839,      -8.185382056,      -6.212496867,      -7.225123505,      -4.284303401
          0,           0,        4840,       -8.18614973,       -6.21327731,       -7.22582287,      -4.285016752
          0,           0,        4841,      -8.186917607,      -6.214057816,      -7.226543966,      -4.285747754
          0,           0,        4842,      -8.187685683,      -6.214838381,      -7.227284504,      -4.286494579
          0,           0,        4843,      -8.188453955,      -6.215619001,       -7.22804409,      -4.287256945
          0,           0,        4844,       -8.18922242,      -6.216399673,      -7.228819179,      -4.288032261
          0,           0,        4845,      -8.189991072,      -6.217180395,      -7.229606701,      -4.288818116
          0,           0,        4846,      -8.190759913,      -6.217961161,      -7.230404309,      -4.289612071
          0,           0,        4847,       -8.19152894,      -6.218741968,      -7.231209097,      -4.290412398
          0,           0,        4848,      -8.192298152,      -6.219522814,      -7.232018616,      -4.291216749
          0,           0,        4849,      -8.193067547,      -6.220303694,       -7.23283094,      -4.292023253
          0,           0,        4850,      -8.193837124,      -6.221084609,      -7.233643487,      -4.292830298
          0,           0,        4851,       -8.19460688,      -6.221865556,      -7.234454437,      -4.293636441
          0,           0,        4852,      -8.195376816,      -6.222646533,      -7.235262638,      -4.294440419
          0,           0,        4853,      -8.196146928,      -6.223427539,      -7.236066676,      -4.295241022
          0,           0,        4854,      -8.196917216,      -6.224208574,      -7.236865309,      -4.296037341
          0,           0,        4855,      -8.197687679,      -6.224989637,      -7.237657711,      -4.296828893
          0,           0,        4856,      -8.198458316,      -6.225770726,      -7.238444014,      -4.297615366
          0,           0,        4857,      -8.199229127,      -6.226551841,      -7.239223804,      -4.298396905
          0,           0,        4858,       -8.20000011,      -6.227332983,      -7.239996727,      -4.299172549
          0,           0,        4859,      -8.200771265,       -6.22811415,      -7.240763647,      -4.299943904
          0,           0,        4860,      -8.201542592,      -6.228895341,      -7.241524995,      -4.300710318
          0,           0,        4861,      -8.202314089,      -6.229676559,      -7.242281326,      -4.301473286
          0,           0,        4862,      -8.203085757,      -6.230457801,      -7.243032888,      -4.302231881
          0,           0,        4863,      -8.203857594,      -6.231239068,      -7.243781215,       -4.30298816
          0,           0,        4864,        -8.2046296,       -6.23202036,      -7.244526151,      -4.303741725
          0,           0,        4865,      -8.205401774,      -6.232801676,      -7.245269299,      -4.304493742
          0,           0,        4866,      -8.206174116,      -6.233583017,      -7.246010904,      -4.305244518
          0,           0,        4867,      -8.206946626,      -6.234364382,      -7.246751536,      -4.305994917
          0,           0,        4868,        -8.2077193,      -6.235145771,      -7.247492287,      -4.306744837
          0,           0,        4869,      -8.208492142,      -6.235927184,      -7.248233574,      -4.307495413
          0,           0,        4870,      -8.209265147,      -6.236708621,      -7.248975446,      -4.308246453
          0,           0,        4871,      -8.210038317,      -6.237490081,      -7.249718756,      -4.308998737
          0,           0,        4872,      -8.209643046,      -6.240424823,      -7.061180632,      -4.105648407
          0,           0,        4873,      -8.211829572,      -6.240226093,      -7.212138663,      -4.273725323
          0,           0,        4874,      -8.212118497,      -6.242581249,      -7.042308065,      -4.088824319
          0,           0,        4875,      -8.214397363,      -6.242354094,      -7.216407028,      -4.279058164
          0,           0,        4876,      -8.214569067,      -6.244805497,      -7.050536277,       -4.09785936
          0,           0,        4877,      -8.216763931,      -6.244609009,      -7.212127121,      -4.276564886
          0,           0,        4878,      -8.216911876,      -6.247057884,      -7.039883397,      -4.089041246
          0,           0,        4879,      -8.219145418,      -6.246846807,      -7.202128391,      -4.268530786
          0,           0,        4880,      -8.219303295,      -6.249283233,      -7.035570514,      -4.085828838
          0,           0,        4881,      -8.221546571,      -6.249069842,      -7.199167871,       -4.26652619
          0,           0,        4882,      -8.221692083,      -6.251512062,       -7.03501884,       -4.08579058
          0,           0,        4883,      -8.223936064,      -6.251298321,      -7.198083673,      -4.265994638
          0,           0,        4884,      -8.224075386,      -6.253741749,      -7.034851097,      -4.085847947
          0,           0,        4885,      -8.226326008,      -6.253525723,      -7.198204802,      -4.266384143
          0,           0,        4886,      -8.226462594,      -6.255969622,      -7.036221078,      -4.087168376
          0,           0,        4887,      -8.228717032,      -6.255752378,      -7.200082035,       -4.26824114
          0,           0,        4888,      -8.230088055,      -6.256022938,      -7.203257228,      -4.271921563
          0,           0,        4889,       -8.23094488,      -6.256750711,      -7.230473052,       -4.29714675
          0,           0,        4890,      -8.231610015,      -6.257612797,      -7.245972165,       -4.31158969
          0,           0,        4891,      -8.232268468,      -6.258469867,      -7.245569949,      -4.310826529
          0,           0,        4892,      -8.231783024,      -6.261438722,       -7.05828874,      -4.105965398
          0,           0,        4893,      -8.234030674,      -6.261215255,       -7.20979775,      -4.274923606
          0,           0,        4894,        -8.2343108,      -6.263553374,      -7.050192259,      -4.097810793
          0,           0,        4895,      -8.236629767,      -6.263311211,      -7.228418878,      -4.292333142
          0,           0,        4896,      -8.238004001,      -6.263583433,      -7.235630596,      -4.299836475
          0,           0,        4897,      -8.238831269,      -6.264330908,      -7.263165466,      -4.325251566
          0,           0,        4898,      -8.239470165,      -6.265209845,      -7.274754056,      -4.336393563
          0,           0,        4899,      -8.238901793,      -6.268249392,      -7.080300366,       -4.12616213
          0,           0,        4900,      -8.241095703,      -6.268044617,      -7.223500232,      -4.287657774
          0,           0,        4901,      -8.241373257,      -6.270376678,      -7.055461014,      -4.103101279
          0,           0,        4902,       -8.24371513,      -6.270128515,      -7.234519921,      -4.298635259
          0,           0,        4903,      -8.245102446,      -6.270394609,      -7.242783456,      -4.307191985
          0,           0,        4904,       -8.24593061,        -6.2711427,      -7.270470691,      -4.332824615
          0,           0,        4905,      -8.245306865,      -6.274248774,      -7.096175245,      -4.142449572
          0,           0,        4906,      -8.247414238,      -6.274083183,      -7.231123614,      -4.295994861
          0,           0,        4907,      -8.248853998,      -6.274307553,      -7.225216807,      -4.291962208
          0,           0,        4908,      -8.249817235,       -6.27497041,      -7.254914518,      -4.319326034
          0,           0,        4909,      -8.250540235,       -6.27579924,      -7.276911844,        -4.3397586
          0,           0,        4910,      -8.251198412,      -6.276659659,      -7.279826007,      -4.342457184
          0,           0,        4911,       -8.25189215,      -6.277492176,      -7.273627447,      -4.336633531
          0,           0,        4912,      -8.252646888,      -6.278284878,      -7.268862138,      -4.332053921
          0,           0,        4913,      -8.253439868,      -6.279054505,      -7.269425543,      -4.332319814
          0,           0,        4914,      -8.254238464,      -6.279822241,      -7.274170519,      -4.336389889
          0,           0,        4915,      -8.255023943,      -6.280599353,      -7.280164281,      -4.341613465
          0,           0,        4916,       -8.25579476,      -6.281386119,      -7.285078196,      -4.345901465
          0,           0,        4917,      -8.256558506,      -6.282177431,      -7.288135917,      -4.348562265
          0,           0,        4918,      -8.257323031,      -6.282968391,      -7.289802937,       -4.35001099
          0,           0,        4919,      -8.258092001,       -6.28375688,      -7.290948033,      -4.351020794
          0,           0,        4920,       -8.25886499,      -6.284543311,      -7.292193892,      -4.352146609
          0,           0,        4921,      -8.259639694,      -6.285329147,      -7.293710728,      -4.353538076
          0,           0,        4922,       -8.26041407,       -6.28611559,      -7.295344858,      -4.355057239
          0,           0,        4923,      -8.261187279,       -6.28690307,      -7.296854487,      -4.356485933
          0,           0,        4924,      -8.261959554,       -6.28769138,      -7.298079384,       -4.35767955
          0,           0,        4925,      -8.262731571,      -6.288480086,      -7.298993473,       -4.35861088
          0,           0,        4926,      -8.263503902,      -6.289268849,      -7.299666356,      -4.359339156
          0,           0,        4927,      -8.264276778,       -6.29005755,      -7.300197839,      -4.359948517
          0,           0,        4928,       -8.26505014,      -6.290846242,      -7.300664485,      -4.360504361
          0,           0,        4929,      -8.265823805,      -6.291635042,      -7.301104521,      -4.361037899
          0,           0,        4930,      -8.266597622,      -6.292424038,      -7.301525359,      -4.361553402
          0,           0,        4931,      -8.267371538,      -6.293213255,      -7.301925466,      -4.362047903
          0,           0,        4932,      -8.268145579,      -6.294002672,      -7.302306088,      -4.362521275
          0,           0,        4933,      -8.268919804,       -6.29479225,      -7.302677801,      -4.362982041
          0,           0,        4934,      -8.269694265,      -6.295581956,      -7.303057173,      -4.363444794
          0,           0,        4935,      -8.270468984,      -6.296371774,      -7.303461196,      -4.363923973
          0,           0,        4936,      -8.271243955,      -6.297161702,      -7.303902136,      -4.364430663
          0,           0,        4937,      -8.272019164,      -6.297951746,      -7.304388007,       -4.36497236
          0,           0,        4938,      -8.272794594,      -6.298741904,       -7.30492018,      -4.365550312
          0,           0,        4939,      -8.273570238,      -6.299532174,      -7.305498542,      -4.366165022
          0,           0,        4940,      -8.274346096,      -6.300322545,      -7.306120715,      -4.366815101
          0,           0,        4941,      -8.275122171,      -6.301113008,      -7.306785495,      -4.367499281
          0,           0,        4942,      -8.275898463,      -6.301903553,      -7.307489891,       -4.36821586
          0,           0,        4943,      -8.276674973,      -6.302694169,      -7.308231563,      -4.368962813
          0,           0,        4944,      -8.277451697,      -6.303484853,      -7.309005767,      -4.369737171
          0,           0,        4945,      -8.278228629,      -6.304275598,      -7.309808808,      -4.370535397
          0,           0,        4946,      -8.279005764,      -6.305066399,      -7.310635959,      -4.371353576
          0,           0,        4947,        -8.2797831,      -6.305857251,      -7.311481022,      -4.372186889
          0,           0,        4948,      -8.280560633,      -6.306648149,      -7.312339223,      -4.373031817
          0,           0,        4949,      -8.281338361,      -6.307439089,      -7.313206369,      -4.373883847
          0,           0,        4950,       -8.28211628,      -6.308230067,      -7.314077053,      -4.374739261
          0,           0,        4951,       -8.28289439,      -6.309021079,      -7.314948475,      -4.375595852
          0,           0,        4952,      -8.283672688,      -6.309812123,      -7.315816101,      -4.376449387
          0,           0,        4953,      -8.284451173,      -6.310603198,      -7.316678086,      -4.377298653
          0,           0,        4954,      -8.285229841,        -6.3113943,      -7.317531457,      -4.378141061
          0,           0,        4955,      -8.286008694,       -6.31218543,      -7.318375108,      -4.378975936
          0,           0,        4956,      -8.286787727,      -6.312976586,      -7.319207191,      -4.379801213
          0,           0,        4957,      -8.287566942,      -6.313767768,      -7.320027886,      -4.380617258
          0,           0,        4958,      -8.288346336,      -6.314558974,      -7.320835891,      -4.381423327
          0,           0,        4959,      -8.289125911,      -6.315350206,      -7.321632882,      -4.382220631
          0,           0,        4960,      -8.289905665,      -6.316141461,      -7.322418074,      -4.383008381
          0,           0,        4961,      -8.290685599,       -6.31693274,      -7.323193681,      -4.383788095
          0,           0,        4962,      -8.291465711,      -6.317724043,      -7.323960803,      -4.384561185
          0,           0,        4963,      -8.292246001,       -6.31851537,      -7.324719497,      -4.385327763
          0,           0,        4964,       -8.29302647,      -6.319306721,      -7.325472658,      -4.386089527
          0,           0,        4965,      -8.293807115,      -6.320098095,        -7.3262211,      -4.386847448
          0,           0,        4966,      -8.294587939,      -6.320889493,      -7.326965811,      -4.387602849
          0,           0,        4967,      -8.295368938,      -6.321680914,      -7.327709523,      -4.388356744
          0,           0,        4968,      -8.296150115,      -6.322472357,      -7.328451321,      -4.389109797
          0,           0,        4969,      -8.296931467,      -6.323263823,      -7.329194621,      -4.389863524
          0,           0,        4970,      -8.297712994,      -6.324055312,      -7.329939077,      -4.390618072
          0,           0,        4971,      -8.298494695,      -6.324846823,      -7.330685465,      -4.391374551
          0,           0,        4972,       -8.29927657,      -6.325638356,      -7.331434363,      -4.392132949
          0,           0,        4973,      -8.300058615,      -6.326429911,      -7.332186459,      -4.392893901
          0,           0,        4974,      -8.300840832,      -6.327221488,      -7.332941095,      -4.393656667
          0,           0,        4975,       -8.30162322,      -6.328013085,      -7.333699643,      -4.394422814
          0,           0,        4976,      -8.301201436,      -6.330977706,      -7.145347677,      -4.190615533
          0,           0,        4977,      -8.303431832,      -6.330783143,      -7.296407828,      -4.359245655
          0,           0,        4978,       -8.30370671,      -6.333161658,      -7.126619116,      -4.173878063
          0,           0,        4979,      -8.306031026,      -6.332938589,      -7.300570749,      -4.364536385
          0,           0,        4980,      -8.306187363,      -6.335414083,      -7.134672507,      -4.182789163
          0,           0,        4981,      -8.308426986,      -6.335221491,      -7.296212223,       -4.36194097
          0,           0,        4982,      -8.308559001,      -6.337694339,       -7.12406652,      -4.173977494
          0,           0,        4983,      -8.310837851,      -6.337487245,      -7.286266957,       -4.35389903
          0,           0,        4984,      -8.310979615,       -6.33994765,      -7.119784946,      -4.170779983
          0,           0,        4985,      -8.313268449,      -6.339738252,      -7.283325006,      -4.351894608
          0,           0,        4986,      -8.313397685,      -6.342204462,      -7.119249392,      -4.170751407
          0,           0,        4987,      -8.315687377,      -6.341994671,      -7.282273012,      -4.351378996
          0,           0,        4988,      -8.315810323,      -6.344462076,      -7.119127565,      -4.170844397
          0,           0,        4989,      -8.318106782,      -6.344249996,      -7.282448384,      -4.351808813
          0,           0,        4990,      -8.319498153,      -6.344525602,      -7.285459083,       -4.35539105
          0,           0,        4991,      -8.320366609,      -6.345262064,      -7.312040637,      -4.380182958
          0,           0,        4992,      -8.321040564,      -6.346134143,      -7.327008265,      -4.394209946
          0,           0,        4993,      -8.321707476,      -6.347001337,       -7.32636163,       -4.39320206
          0,           0,        4994,      -8.321196385,      -6.349998492,      -7.139310809,      -4.188042922
          0,           0,        4995,      -8.323488116,      -6.349779764,      -7.290751969,      -4.357267529
          0,           0,        4996,      -8.323755853,      -6.352140107,      -7.131571521,      -4.180154612
          0,           0,        4997,      -8.326120118,        -6.3519023,      -7.309437138,      -4.374821174
          0,           0,        4998,      -8.327514763,      -6.352179113,      -7.316763909,      -4.382440786
          0,           0,        4999,      -8.328353245,      -6.352935369,      -7.344132054,      -4.407831239
          0,           0,        5000,       -8.32900068,      -6.353824421,      -7.355772906,      -4.419021062
          0,           0,        5001,      -8.329658273,      -6.354697257,      -7.350183437,      -4.413865857
          0,           0,        5002,      -8.330393729,      -6.355515728,      -7.342122846,      -4.406179838
          0,           0,        5003,       -8.33119317,      -6.356293681,      -7.340477437,      -4.404362964
          0,           0,        5004,      -8.332012826,      -6.357060492,      -7.345492998,      -4.408649526
          0,           0,        5005,      -8.332819354,      -6.357836745,      -7.353331002,      -4.415522655
          0,           0,        5006,      -8.333603874,      -6.358627187,      -7.360157238,      -4.421525887
          0,           0,        5007,      -8.333135028,      -6.361616627,      -7.176472542,      -4.221151708
          0,           0,        5008,      -8.335376119,       -6.36141784,      -7.327556357,      -4.390253116
          0,           0,        5009,      -8.335623049,      -6.363802314,      -7.155980459,      -4.202619387
          0,           0,        5010,      -8.337973707,      -6.363571663,       -7.33119858,      -4.395052448
          0,           0,        5011,       -8.33937596,      -6.363849786,      -7.336090881,      -4.400798215
          0,           0,        5012,      -8.340223386,      -6.364603982,      -7.361290704,      -4.424324818
          0,           0,        5013,       -8.34087567,      -6.365492264,      -7.370638599,      -4.433662565
          0,           0,        5014,      -8.340273932,      -6.368564816,      -7.172137283,      -4.219659807
          0,           0,        5015,      -8.342512121,      -6.368368791,      -7.314152605,      -4.380298601
          0,           0,        5016,      -8.344015807,      -6.368575532,      -7.315323269,      -4.382829709
          0,           0,        5017,      -8.344989827,      -6.369250907,       -7.34885717,      -4.413819728
          0,           0,        5018,      -8.345700365,      -6.370104875,      -7.370607589,      -4.434223193
          0,           0,        5019,      -8.346348774,      -6.370988137,      -7.370485261,      -4.434292322
          0,           0,        5020,      -8.347045806,      -6.371835178,      -7.361147329,      -4.425638996
          0,           0,        5021,      -8.347814847,      -6.372635836,      -7.354661038,      -4.419500588
          0,           0,        5022,      -8.348626077,      -6.373411455,      -7.354965804,      -4.419559701
          0,           0,        5023,      -8.349440996,      -6.374186625,      -7.360269089,      -4.424173805
          0,           0,        5024,      -8.350238821,      -6.374973562,      -7.366940101,      -4.430038104
          0,           0,        5025,      -8.351019084,      -6.375771735,      -7.372243588,      -4.434688608
          0,           0,        5026,      -8.351791505,      -6.376574746,      -7.375355232,      -4.437392061
          0,           0,        5027,      -8.352565473,      -6.377376825,      -7.376914215,       -4.43872631
          0,           0,        5028,      -8.353345076,      -6.378175668,      -7.377986907,      -4.439649762
          0,           0,        5029,      -8.354129487,      -6.378971964,      -7.379297125,      -4.440812901
          0,           0,        5030,      -8.354915783,      -6.379767548,      -7.381008784,      -4.442361095
          0,           0,        5031,      -8.355701494,      -6.380563859,      -7.382904317,      -4.444097352
          0,           0,        5032,      -8.356485679,      -6.381361366,      -7.384671231,      -4.445739842
          0,           0,        5033,       -8.35726869,      -6.382159782,      -7.386108174,      -4.447107121
          0,           0,        5034,      -8.358051382,      -6.382958567,      -7.387181906,      -4.448165967
          0,           0,        5035,      -8.358834447,      -6.383757321,      -7.387976171,      -4.448989337
          0,           0,        5036,      -8.359618144,      -6.384555917,      -7.388606892,      -4.449676394
          0,           0,        5037,      -8.360402374,      -6.385354437,      -7.389161199,      -4.450302434
          0,           0,        5038,      -8.361186905,      -6.386153031,      -7.389676924,      -4.450898035
          0,           0,        5039,      -8.361971554,      -6.386951808,      -7.390159525,      -4.451465351
          0,           0,        5040,      -8.362756256,        -6.3877508,       -7.39060281,      -4.451996419
          0,           0,        5041,      -8.363541053,      -6.388549981,      -7.391006152,      -4.452490069
          0,           0,        5042,      -8.364326021,      -6.389349303,      -7.391382817,      -4.452956174
          0,           0,        5043,      -8.365111223,      -6.390148732,      -7.391753863,      -4.453413101
          0,           0,        5044,      -8.365896685,      -6.390948252,      -7.392139711,      -4.453878897
          0,           0,        5045,        -8.3666824,      -6.391747866,      -7.392557936,      -4.454368675
          0,           0,        5046,      -8.367468348,      -6.392547583,       -7.39301744,      -4.454890169
          0,           0,        5047,      -8.368254512,      -6.393347406,      -7.393522239,      -4.455447782
          0,           0,        5048,      -8.369040885,      -6.394147333,      -7.394073032,      -4.456041906
          0,           0,        5049,      -8.369827465,      -6.394947356,       -7.39466965,       -4.45667224
          0,           0,        5050,      -8.370614259,      -6.395747464,      -7.395310398,      -4.457338561
          0,           0,        5051,      -8.371401268,      -6.396547648,      -7.395994448,      -4.458040388
          0,           0,        5052,      -8.372188493,      -6.397347901,      -7.396718803,       -4.45877539
          0,           0,        5053,      -8.372975928,      -6.398148215,      -7.397481403,      -4.459541451
          0,           0,        5054,       -8.37376357,      -6.398948587,      -7.398277295,      -4.460335973
          0,           0,        5055,      -8.374551411,      -6.399749013,      -7.399101326,      -4.461153492
          0,           0,        5056,      -8.375339446,      -6.400549489,      -7.399947401,      -4.461989674
          0,           0,        5057,      -8.376127675,      -6.401350009,      -7.400811203,      -4.462840771
          0,           0,        5058,      -8.376916093,      -6.402150568,      -7.401685716,      -4.463701087
          0,           0,        5059,      -8.377704699,      -6.402951165,      -7.402567218,      -4.464567358
          0,           0,        5060,      -8.378493488,      -6.403751795,      -7.403450568,      -4.465435288
          0,           0,        5061,       -8.37928246,      -6.404552456,      -7.404332614,      -4.466302808
          0,           0,        5062,      -8.380071612,      -6.405353147,      -7.405209623,      -4.467166017
          0,           0,        5063,      -8.380860942,      -6.406153865,      -7.406077866,      -4.468022506
          0,           0,        5064,      -8.381650447,      -6.406954611,      -7.406937107,      -4.468871603
          0,           0,        5065,      -8.382440127,      -6.407755382,      -7.407783757,      -4.469710835
          0,           0,        5066,      -8.383229981,       -6.40855618,      -7.408617964,      -4.470539957
          0,           0,        5067,      -8.384020009,      -6.409357002,      -7.409438765,      -4.471357674
          0,           0,        5068,       -8.38481021,      -6.410157849,      -7.410247297,      -4.472166114
          0,           0,        5069,      -8.385600584,       -6.41095872,      -7.411043429,      -4.472964335
          0,           0,        5070,      -8.386391129,      -6.411759617,      -7.411828533,       -4.47375342
          0,           0,        5071,      -8.387181846,      -6.412560538,      -7.412603608,       -4.47453447
          0,           0,        5072,      -8.387972736,      -6.413361484,      -7.413369887,      -4.475308634
          0,           0,        5073,      -8.388763797,      -6.414162455,      -7.414129438,      -4.476076997
          0,           0,        5074,      -8.389555029,      -6.414963451,      -7.414883811,      -4.476841487
          0,           0,        5075,      -8.390346434,      -6.415764472,      -7.415634086,      -4.477602257
          0,           0,        5076,      -8.391138009,      -6.416565517,       -7.41638231,      -4.478361705
          0,           0,        5077,      -8.391929755,      -6.417366587,      -7.417130117,      -4.479120765
          0,           0,        5078,       -8.39272167,      -6.418167682,      -7.417878048,       -4.47987971
          0,           0,        5079,      -8.393513755,      -6.418968801,      -7.418627229,      -4.480639671
          0,           0,        5080,      -8.393068666,      -6.421961099,       -7.23036378,      -4.276346876
          0,           0,        5081,      -8.395341546,      -6.421770861,      -7.381528118,      -4.445498303
          0,           0,        5082,      -8.395604827,       -6.42417112,      -7.211731137,      -4.259664955
          0,           0,        5083,      -8.397973194,      -6.423952309,      -7.385541582,      -4.450706858
          0,           0,        5084,      -8.398116656,      -6.426450235,      -7.219578757,      -4.268424102
          0,           0,        5085,      -8.400399786,      -6.426261685,       -7.38106507,      -4.447978368
          0,           0,        5086,        -8.4005183,      -6.428756879,      -7.208990672,      -4.259597423
          0,           0,        5087,      -8.402841209,      -6.428553918,      -7.371140584,      -4.439905661
          0,           0,        5088,      -8.402969217,       -6.43103671,       -7.20472461,      -4.256402118
          0,           0,        5089,      -8.405302385,      -6.430831452,      -7.368202229,      -4.437889775
          0,           0,        5090,      -8.405417662,      -6.433320082,      -7.204200236,      -4.256378607
          0,           0,        5091,      -8.407751864,      -6.433114391,      -7.367179936,      -4.437389401
          0,           0,        5092,      -8.409161785,      -6.433396174,       -7.36986974,      -4.440756883
          0,           0,        5093,      -8.410041318,      -6.434141386,      -7.395576596,      -4.464879948
          0,           0,        5094,      -8.410724516,      -6.435022836,      -7.409704512,      -4.478215197
          0,           0,        5095,       -8.41140068,      -6.435899287,      -7.408521779,      -4.476723334
          0,           0,        5096,      -8.410867301,      -6.438922211,      -7.221194703,      -4.270908813
          0,           0,        5097,      -8.413201583,      -6.438708606,      -7.372529843,      -4.440334617
          0,           0,        5098,      -8.413458985,      -6.441089885,      -7.213593545,      -4.263128646
          0,           0,        5099,      -8.415867041,      -6.440856863,      -7.391008149,      -4.457800357
          0,           0,        5100,      -8.417281957,      -6.441138284,      -7.398419902,      -4.465517987
          0,           0,        5101,      -8.418132035,      -6.441902923,      -7.425515785,      -4.490780992
          0,           0,        5102,      -8.418788534,      -6.442801589,      -7.437102335,      -4.501922322
          0,           0,        5103,      -8.419455141,       -6.44368403,      -7.431762873,      -4.496901925
          0,           0,        5104,      -8.420200253,      -6.444511823,      -7.424060231,      -4.489459577
          0,           0,        5105,      -8.421009837,      -6.445298924,      -7.422736012,      -4.487902919
          0,           0,        5106,      -8.421839746,      -6.446074849,      -7.427999342,      -4.492422108
          0,           0,        5107,      -8.422656417,      -6.446860231,      -7.436037059,      -4.499496255
          0,           0,        5108,      -8.423450957,      -6.447659792,      -7.443050128,      -4.505679751
          0,           0,        5109,      -8.422961801,      -6.450675354,      -7.259895092,      -4.305232425
          0,           0,        5110,      -8.425243757,      -6.450480999,      -7.411167013,      -4.474901004
          0,           0,        5111,      -8.425481589,      -6.452885905,      -7.239793567,      -4.286992231
          0,           0,        5112,        -8.4278743,      -6.452659653,      -7.414977512,      -4.479878679
          0,           0,        5113,      -8.429296491,      -6.452942262,      -7.419850913,      -4.485619876
          0,           0,        5114,      -8.430155393,      -6.453704593,      -7.444913796,      -4.509117034
          0,           0,        5115,      -8.430816675,      -6.454602134,      -7.454226556,      -4.518427845
          0,           0,        5116,      -8.430192965,      -6.457700757,      -7.255920378,      -4.304029968
          0,           0,        5117,      -8.432471675,       -6.45750911,      -7.398165336,      -4.465230428
          0,           0,        5118,      -8.433996003,       -6.45772006,      -7.399355462,      -4.467797686
          0,           0,        5119,      -8.434982266,      -6.458403409,      -7.432666983,      -4.498730996
          0,           0,        5120,      -8.435702061,      -6.459266625,      -7.454204815,      -4.519016771
          0,           0,        5121,      -8.436359224,      -6.460159181,      -7.454023829,      -4.519000143
          0,           0,        5122,      -8.437065466,      -6.461015267,      -7.444742386,      -4.510336942
          0,           0,        5123,      -8.436566567,      -6.464015242,      -7.251397626,      -4.299821597
          0,           0,        5124,       -8.43891937,       -6.46380185,      -7.405038408,       -4.47171933
          0,           0,        5125,      -8.440449946,      -6.464013285,      -7.411544802,      -4.479013959
          0,           0,        5126,       -8.44141164,      -6.464714176,      -7.446496254,      -4.511325433
          0,           0,        5127,      -8.442108364,      -6.465593597,      -7.466595317,      -4.530313463
          0,           0,        5128,      -8.442757374,      -6.466493008,      -7.463977084,      -4.528117742
          0,           0,        5129,      -8.443467856,      -6.467348088,       -7.45322019,      -4.518149662
          0,           0,        5130,      -8.444255226,      -6.468154042,      -7.446672515,      -4.511976143
          0,           0,        5131,      -8.445082916,      -6.468936389,      -7.447618165,      -4.512676479
          0,           0,        5132,      -8.445909912,       -6.46972095,      -7.453529005,      -4.517916032
          0,           0,        5133,      -8.446716486,      -6.470519072,      -7.460348514,      -4.523991795
          0,           0,        5134,      -8.447504513,      -6.471328778,      -7.465298239,      -4.528398133
          0,           0,        5135,      -8.448285454,      -6.472142703,      -7.467765916,      -4.530588543
          0,           0,        5136,       -8.44906921,      -6.472954878,      -7.468640415,      -4.531366726
          0,           0,        5137,      -8.449859473,       -6.47376331,      -7.469133547,      -4.531823446
          0,           0,        5138,      -8.450654763,      -6.474569111,      -7.469992333,      -4.532631065
          0,           0,        5139,      -8.451451712,      -6.475374378,      -7.471338463,      -4.533895522
          0,           0,        5140,      -8.452247736,      -6.476180597,      -7.472899251,      -4.535369572
          0,           0,        5141,      -8.453042022,      -6.476988149,      -7.474338637,      -4.536748252
          0,           0,        5142,      -8.453835105,      -6.477796637,      -7.475458468,      -4.537851679
          0,           0,        5143,      -8.454627972,      -6.478605451,      -7.476248524,      -4.538669128
          0,           0,        5144,      -8.455421341,      -6.479414183,      -7.476812813,      -4.539292479
          0,           0,        5145,      -8.456215432,      -6.480222733,      -7.477277324,      -4.539832297
          0,           0,        5146,      -8.457010089,      -6.481031213,      -7.477727379,      -4.540361598
          0,           0,        5147,      -8.457805045,      -6.481839791,      -7.478192984,       -4.54090737
          0,           0,        5148,      -8.458600101,      -6.482648574,      -7.478667661,      -4.541460216
          0,           0,        5149,      -8.459395206,      -6.483457585,      -7.479138176,      -4.542006703
          0,           0,        5150,       -8.46019041,      -6.484266784,      -7.479598003,      -4.542541064
          0,           0,        5151,      -8.460985801,      -6.485076117,       -7.48005509,      -4.543068791
          0,           0,        5152,       -8.46178144,      -6.485885545,      -7.480527813,       -4.54360601
          0,           0,        5153,      -8.462577347,      -6.486695053,       -7.48103057,      -4.544165678
          0,           0,        5154,      -8.463373511,      -6.487504645,      -7.481575575,      -4.544759224
          0,           0,        5155,      -8.464169904,      -6.488314331,       -7.48216744,      -4.545389414
          0,           0,        5156,      -8.464966505,      -6.489124116,      -7.482804432,      -4.546056669
          0,           0,        5157,      -8.465763306,      -6.489933994,      -7.483481796,      -4.546756511
          0,           0,        5158,       -8.46656031,      -6.490743957,       -7.48419679,      -4.547486084
          0,           0,        5159,      -8.467357523,      -6.491553995,      -7.484946679,      -4.548244019
          0,           0,        5160,      -8.468154941,      -6.492364099,      -7.485726483,      -4.549026425
          0,           0,        5161,      -8.468952568,      -6.493174262,      -7.486533759,      -4.549831716
          0,           0,        5162,      -8.469750398,       -6.49398448,      -7.487364241,      -4.550656196
          0,           0,        5163,      -8.470548424,       -6.49479475,      -7.488213522,      -4.551496546
          0,           0,        5164,      -8.471346642,       -6.49560507,      -7.489076316,      -4.552347867
          0,           0,        5165,      -8.472145049,      -6.496415435,      -7.489948056,      -4.553208011
          0,           0,        5166,      -8.472943639,      -6.497225842,      -7.490822764,      -4.554069828
          0,           0,        5167,      -8.473742415,      -6.498036288,      -7.491698816,      -4.554933937
          0,           0,        5168,      -8.474541374,      -6.498846769,      -7.492571948,      -4.555795316
          0,           0,        5169,      -8.475340513,      -6.499657285,      -7.493439446,      -4.556652856
          0,           0,        5170,       -8.47613983,      -6.500467833,      -7.494299282,      -4.557504352
          0,           0,        5171,      -8.476939326,      -6.501278412,      -7.495150189,      -4.558348475
          0,           0,        5172,      -8.477738997,      -6.502089021,      -7.495990848,      -4.559184288
          0,           0,        5173,      -8.478538842,      -6.502899659,      -7.496820536,      -4.560011588
          0,           0,        5174,      -8.479338864,      -6.503710327,      -7.497639985,      -4.560830713
          0,           0,        5175,      -8.480139057,      -6.504521022,      -7.498448022,      -4.561639707
          0,           0,        5176,      -8.480939428,      -6.505331744,      -7.499247157,      -4.562442578
          0,           0,        5177,       -8.48173997,      -6.506142495,      -7.500037497,      -4.563237613
          0,           0,        5178,      -8.482540686,      -6.506953272,      -7.500820243,      -4.564026323
          0,           0,        5179,      -8.483341575,      -6.507764077,      -7.501596608,      -4.564810392
          0,           0,        5180,      -8.484142635,      -6.508574909,      -7.502368089,       -4.56559012
          0,           0,        5181,      -8.484943869,      -6.509385767,      -7.503136035,      -4.566366545
          0,           0,        5182,      -8.485745276,      -6.510196652,      -7.503901486,      -4.567141777
          0,           0,        5183,      -8.486546853,      -6.511007565,      -7.504666188,       -4.56791582
          0,           0,        5184,      -8.486077706,      -6.514027736,      -7.316534442,       -4.36319666
          0,           0,        5185,      -8.488393119,       -6.51384232,      -7.467812324,       -4.53286352
          0,           0,        5186,      -8.488644153,      -6.516264507,       -7.29802133,      -4.346592083
          0,           0,        5187,      -8.491056611,      -6.516050456,      -7.471704233,       -4.53801052
          0,           0,        5188,      -8.491186611,      -6.518570977,      -7.305681087,      -4.355212063
          0,           0,        5189,      -8.493513278,      -6.518386974,      -7.467126168,      -4.535162743
          0,           0,        5190,      -8.493617733,      -6.520904683,       -7.29511514,       -4.34637706
          0,           0,        5191,      -8.495984721,      -6.520706379,      -7.457225016,       -4.52706404
          0,           0,        5192,      -8.496098435,      -6.523211733,      -7.290860974,      -4.343182488
          0,           0,        5193,      -8.498475965,      -6.523011148,      -7.454285221,      -4.525033567
          0,           0,        5194,      -8.499906839,       -6.52329839,      -7.457048379,      -4.528562308
          0,           0,        5195,      -8.500796716,      -6.524053192,      -7.482193733,      -4.552286614
          0,           0,        5196,      -8.501487127,      -6.524945413,      -7.495412115,      -4.564874637
          0,           0,        5197,      -8.502170801,      -6.525832249,      -7.493308232,       -4.56257526
          0,           0,        5198,      -8.501615023,      -6.528880756,      -7.304803979,      -4.355369208
          0,           0,        5199,      -8.503991169,      -6.528672936,      -7.455918697,      -4.524890081
          0,           0,        5200,      -8.504238524,      -6.531075064,      -7.296905058,      -4.347363436
          0,           0,        5201,      -8.506690096,      -6.530847616,      -7.473833612,      -4.541979713
          0,           0,        5202,      -8.506791196,      -6.533376154,      -7.314858881,       -4.36467375
          0,           0,        5203,      -8.509131016,      -6.533186858,      -7.477322683,      -4.545794269
          0,           0,        5204,      -8.509214739,      -6.535709932,      -7.308228906,      -4.358841512
          0,           0,        5205,      -8.511599241,      -6.535505177,      -7.472122902,      -4.541566903
          0,           0,        5206,      -8.513037827,      -6.535787295,      -7.474306851,      -4.544517619
          0,           0,        5207,      -8.513933227,      -6.536539573,      -7.500974458,      -4.569550077
          0,           0,        5208,       -8.51462504,      -6.537431751,       -7.51569106,      -4.583497921
          0,           0,        5209,      -8.515306632,      -6.538320394,      -7.514160547,      -4.581817176
          0,           0,        5210,      -8.516052924,      -6.539163192,      -7.508652108,      -4.576242732
          0,           0,        5211,      -8.516860716,      -6.539967041,      -7.507686441,      -4.574916893
          0,           0,        5212,      -8.516380134,      -6.542971646,      -7.329704269,      -4.377932424
          0,           0,        5213,      -8.518753138,      -6.542767676,      -7.486585534,      -4.553146855
          0,           0,        5214,      -8.518971097,      -6.545197103,      -7.322935875,      -4.371496558
          0,           0,        5215,      -8.521401881,      -6.544977119,      -7.497844684,      -4.564488996
          0,           0,        5216,      -8.522835507,      -6.545267221,       -7.50238344,      -4.569813365
          0,           0,        5217,       -8.52370253,       -6.54603916,      -7.527248791,      -4.593193928
          0,           0,        5218,      -8.523016883,      -6.549221257,      -7.352590447,      -4.400823853
          0,           0,        5219,      -8.525258002,      -6.549067237,      -7.489836952,      -4.557565139
          0,           0,        5220,      -8.526761711,      -6.549305346,      -7.485004772,      -4.554484717
          0,           0,        5221,      -8.527758546,      -6.549996233,       -7.51447327,      -4.582043438
          0,           0,        5222,      -8.528505331,      -6.550857369,      -7.535660686,      -4.602007823
          0,           0,        5223,      -8.529187197,      -6.551749267,      -7.537870179,      -4.604055588
          0,           0,        5224,      -8.529907766,      -6.552611354,      -7.531361932,      -4.597839936
          0,           0,        5225,      -8.530691971,      -6.553432504,      -7.526575943,      -4.593189994
          0,           0,        5226,      -8.531515241,      -6.554230511,      -7.527195796,      -4.593547604
          0,           0,        5227,      -8.532343599,      -6.555027086,       -7.53193078,      -4.597703905
          0,           0,        5228,      -8.533158016,      -6.555833453,      -7.537817745,      -4.602930426
          0,           0,        5229,       -8.53395734,      -6.556649593,       -7.54257353,      -4.607144667
          0,           0,        5230,      -8.534749643,      -6.557470164,      -7.545487669,      -4.609708011
          0,           0,        5231,      -8.535542991,      -6.558290212,      -7.547057961,      -4.611078049
          0,           0,        5232,      -8.536341012,      -6.559107692,      -7.548154909,      -4.612046909
          0,           0,        5233,      -8.537143123,      -6.559923119,      -7.549381281,      -4.613161298
          0,           0,        5234,      -8.537946899,      -6.560738009,      -7.550888218,      -4.614555103
          0,           0,        5235,      -8.538750265,      -6.561553564,      -7.552512353,      -4.616078237
          0,           0,        5236,      -8.539552412,       -6.56237018,      -7.554016252,      -4.617511649
          0,           0,        5237,      -8.540353624,      -6.563187624,      -7.555243569,      -4.618712874
          0,           0,        5238,      -8.541154601,      -6.564005448,      -7.556173724,      -4.619658687
          0,           0,        5239,      -8.541955918,      -6.564823321,      -7.556875589,      -4.620409884
          0,           0,        5240,      -8.542757797,      -6.565641133,      -7.557447528,      -4.621051848
          0,           0,        5241,      -8.543560161,      -6.566458945,      -7.557961189,      -4.621645227
          0,           0,        5242,      -8.544362828,      -6.567276875,      -7.558453761,      -4.622221398
          0,           0,        5243,      -8.545165646,      -6.568095007,      -7.558928436,      -4.622781295
          0,           0,        5244,      -8.545968564,      -6.568913364,      -7.559384571,      -4.623321814
          0,           0,        5245,      -8.546771615,      -6.569731922,      -7.559823416,      -4.623842558
          0,           0,        5246,      -8.547574861,      -6.570550641,      -7.560254524,      -4.624352015
          0,           0,        5247,      -8.548378351,      -6.571369488,      -7.560694029,      -4.624863496
          0,           0,        5248,      -8.549182104,      -6.572188451,      -7.561157244,      -4.625391677
          0,           0,        5249,      -8.549986118,      -6.573007526,      -7.561655465,      -4.625945457
          0,           0,        5250,      -8.550790372,      -6.573826719,      -7.562196763,      -4.626534341
          0,           0,        5251,      -8.551594855,      -6.574646028,      -7.562780818,      -4.627156132
          0,           0,        5252,      -8.552399559,      -6.575465451,       -7.56340879,      -4.627813792
          0,           0,        5253,      -8.553204483,      -6.576284976,      -7.564076443,      -4.628503622
          0,           0,        5254,      -8.554009629,      -6.577104594,      -7.564784164,      -4.629225921
          0,           0,        5255,      -8.554814999,      -6.577924296,      -7.565528289,      -4.629978803
          0,           0,        5256,      -8.555620591,      -6.578744073,      -7.566305414,      -4.630759063
          0,           0,        5257,      -8.556426402,      -6.579563918,      -7.567113302,       -4.63156564
          0,           0,        5258,      -8.557232425,      -6.580383827,      -7.567946692,      -4.632393367
          0,           0,        5259,      -8.558038657,      -6.581203795,      -7.568802269,      -4.633240775
          0,           0,        5260,      -8.558845092,      -6.582023818,      -7.569672447,      -4.634100147
          0,           0,        5261,      -8.559651728,      -6.582843888,      -7.570554757,      -4.634970335
          0,           0,        5262,      -8.560458564,      -6.583664003,      -7.571444357,      -4.635847128
          0,           0,        5263,      -8.561265595,      -6.584484159,      -7.572337783,      -4.636727438
          0,           0,        5264,      -8.562072819,      -6.585304353,      -7.573229667,      -4.637606821
          0,           0,        5265,      -8.562880235,      -6.586124581,      -7.574118396,      -4.638484056
          0,           0,        5266,      -8.563687841,      -6.586944843,      -7.575002225,      -4.639356909
          0,           0,        5267,      -8.564495632,      -6.587765136,      -7.575876997,      -4.640222881
          0,           0,        5268,      -8.565303611,       -6.58858546,      -7.576743039,      -4.641081988
          0,           0,        5269,      -8.566111772,      -6.589405813,      -7.577598012,      -4.641931205
          0,           0,        5270,      -8.566920121,      -6.590226195,      -7.578443009,      -4.642773064
          0,           0,        5271,      -8.567728651,      -6.591046605,      -7.579276609,      -4.643605243
          0,           0,        5272,      -8.568537361,      -6.591867043,      -7.580099262,      -4.644428089
          0,           0,        5273,      -8.569346257,      -6.592687507,      -7.580912744,      -4.645244208
          0,           0,        5274,      -8.570155333,      -6.593507999,      -7.581716253,      -4.646051257
          0,           0,        5275,      -8.570964591,      -6.594328517,      -7.582513059,       -4.64685315
          0,           0,        5276,      -8.571774029,      -6.595149063,      -7.583302179,      -4.647649409
          0,           0,        5277,       -8.57258365,      -6.595969634,      -7.584086614,      -4.648440986
          0,           0,        5278,      -8.573393449,      -6.596790233,      -7.584867179,      -4.649229779
          0,           0,        5279,      -8.574203429,      -6.597610857,      -7.585644866,      -4.650015402
          0,           0,        5280,       -8.57501359,      -6.598431507,      -7.586421027,      -4.650800816
          0,           0,        5281,      -8.575823929,      -6.599252183,      -7.587196185,       -4.65158495
          0,           0,        5282,      -8.576634447,      -6.600072884,      -7.587973273,      -4.652370662
          0,           0,        5283,      -8.577445142,       -6.60089361,      -7.588749941,      -4.653156186
          0,           0,        5284,      -8.578256015,      -6.601714362,      -7.589530351,       -4.65394444
          0,           0,        5285,      -8.579067062,      -6.602535138,      -7.590311908,      -4.654734078
          0,           0,        5286,      -8.578574946,      -6.605582614,      -7.402340539,      -4.449652179
          0,           0,        5287,      -8.580931979,      -6.605402604,      -7.553721349,      -4.619795495
          0,           0,        5288,      -8.581171525,      -6.607846464,      -7.383979576,      -4.433154469
          0,           0,        5289,      -8.583627114,      -6.607637735,      -7.557535321,      -4.624914446
          0,           0,        5290,      -8.583744484,      -6.610180508,       -7.39148955,      -4.441663373
          0,           0,        5291,      -8.586113745,      -6.610001583,      -7.552896226,        -4.6219828
          0,           0,        5292,      -8.586204991,      -6.612541437,      -7.380970982,      -4.432841756
          0,           0,        5293,      -8.588615087,      -6.612348311,      -7.543047663,      -4.613886278
          0,           0,        5294,       -8.58871536,      -6.614875834,      -7.376746109,      -4.429663454
          0,           0,        5295,      -8.591136267,      -6.614680429,      -7.540126172,      -4.611859142
          0,           0,        5296,      -8.592586986,      -6.614972775,      -7.542907405,      -4.615406237
          0,           0,        5297,      -8.593488101,       -6.61573655,        -7.5678881,      -4.639067228
          0,           0,        5298,      -8.594187154,      -6.616638987,      -7.581038096,      -4.651611964
          0,           0,        5299,      -8.594879288,       -6.61753606,      -7.579022424,      -4.649353674
          0,           0,        5300,      -8.594298861,      -6.620612003,      -7.390827398,      -4.441968338
          0,           0,        5301,      -8.596717735,       -6.62040962,      -7.542106602,      -4.611987602
          0,           0,        5302,      -8.598288694,      -6.620623291,      -7.548891674,       -4.61934766
          0,           0,        5303,      -8.599281802,      -6.621330911,      -7.584907799,      -4.652880384
          0,           0,        5304,      -8.598617896,      -6.624527356,      -7.428369089,       -4.47686704
          0,           0,        5305,      -8.600857288,      -6.624392308,      -7.566032154,      -4.633887915
          0,           0,        5306,      -8.601028246,      -6.626847411,      -7.387953847,      -4.438162719
          0,           0,        5307,      -8.603547322,      -6.626614647,      -7.562309228,       -4.63128775
          0,           0,        5308,      -8.605035742,      -6.626886622,      -7.570533222,      -4.639872739
          0,           0,        5309,      -8.605927658,      -6.627658088,      -7.599858313,      -4.667395557
          0,           0,        5310,      -8.606602055,      -6.628576734,       -7.61316078,      -4.680202987
          0,           0,        5311,      -8.607276094,      -6.629485127,        -7.6079659,      -4.675300698
          0,           0,        5312,      -8.608029424,      -6.630338462,      -7.599161289,      -4.666820281
          0,           0,        5313,      -8.608853127,      -6.631147803,      -7.596349748,      -4.663931951
          0,           0,        5314,      -8.609702659,      -6.631943003,      -7.600404813,      -4.667437718
          0,           0,        5315,        -8.6091982,       -6.63498526,      -7.423906822,      -4.471894194
          0,           0,        5316,      -8.611584594,      -6.634797277,      -7.579117353,       -4.64585591
          0,           0,        5317,      -8.613121851,      -6.635036396,      -7.582731689,      -4.650590081
          0,           0,        5318,      -8.614094015,      -6.635758998,      -7.614016403,      -4.679744836
          0,           0,        5319,      -8.614812941,      -6.636652328,      -7.631376936,      -4.696348777
          0,           0,        5320,      -8.614134162,       -6.63982372,      -7.437289346,      -4.485099935
          0,           0,        5321,      -8.616462324,      -6.639653324,       -7.57778535,      -4.645386055
          0,           0,        5322,      -8.616683307,        -6.6420802,      -7.404672943,      -4.454867889
          0,           0,        5323,       -8.61920706,      -6.641853099,      -7.581685545,      -4.650436688
          0,           0,        5324,      -8.620683491,       -6.64213733,      -7.589648564,      -4.658959103
          0,           0,        5325,      -8.621561661,       -6.64292006,      -7.616049859,      -4.683925031
          0,           0,        5326,      -8.622230454,      -6.643844738,      -7.625840886,      -4.693638151
          0,           0,        5327,       -8.62154169,      -6.647007853,      -7.429466677,      -4.479569322
          0,           0,        5328,      -8.623911465,      -6.646825949,      -7.571571258,      -4.641199537
          0,           0,        5329,      -8.625481144,      -6.647044545,      -7.573150112,      -4.644065735
          0,           0,        5330,        -8.6264943,      -6.647744575,      -7.606573033,      -4.675412789
          0,           0,        5331,       -8.62723309,      -6.648628426,      -7.628659104,      -4.696312028
          0,           0,        5332,      -8.627907067,      -6.649542571,      -7.629510887,      -4.697087097
          0,           0,        5333,      -8.628630732,      -6.650419958,      -7.621325384,       -4.68921971
          0,           0,        5334,      -8.629428175,      -6.651250298,      -7.615787607,      -4.683794601
          0,           0,        5335,      -8.630268764,      -6.652055299,      -7.616721797,      -4.684405243
          0,           0,        5336,      -8.631113119,      -6.652859824,      -7.622393048,      -4.689411464
          0,           0,        5337,      -8.631940093,      -6.653676126,      -7.629284302,       -4.69554794
          0,           0,        5338,      -8.632749281,      -6.654503613,      -7.634756744,       -4.70040366
          0,           0,        5339,       -8.63355057,      -6.655335852,      -7.638026027,      -4.703273061
          0,           0,        5340,      -8.634353419,      -6.656167112,      -7.639714869,       -4.70473575
          0,           0,        5341,      -8.635161888,      -6.656995151,      -7.640853149,      -4.705731989
          0,           0,        5342,      -8.635975115,      -6.657820695,      -7.642143341,      -4.706903135
          0,           0,        5343,       -8.63679017,      -6.658645575,      -7.643752893,      -4.708396377
          0,           0,        5344,      -8.637604609,      -6.659471203,      -7.645485569,       -4.71002769
          0,           0,        5345,      -8.638417527,      -6.660298023,      -7.647061227,      -4.711536375
          0,           0,        5346,      -8.639229294,      -6.661125749,      -7.648297431,      -4.712757506
          0,           0,        5347,      -8.640040763,      -6.661953849,      -7.649177357,      -4.713668076
          0,           0,        5348,      -8.640852613,      -6.662781945,      -7.649788574,      -4.714347552
          0,           0,        5349,      -8.641665095,      -6.663609919,      -7.650248326,      -4.714898048
          0,           0,        5350,      -8.642478118,      -6.664437855,       -7.65064502,      -4.715395523
          0,           0,        5351,      -8.643291452,      -6.665265897,      -7.651022499,      -4.715876678
          0,           0,        5352,      -8.644104927,      -6.666094147,      -7.651388669,      -4.716346505
          0,           0,        5353,      -8.644918484,      -6.666922633,      -7.651740952,      -4.716800024
          0,           0,        5354,      -8.645732164,       -6.66775133,      -7.652083399,      -4.717239735
          0,           0,        5355,      -8.646546036,      -6.668580189,      -7.652425439,      -4.717673557
          0,           0,        5356,      -8.647360166,      -6.669409173,      -7.652787341,      -4.718119233
          0,           0,        5357,      -8.648174576,      -6.670238268,      -7.653187538,       -4.71859357
          0,           0,        5358,      -8.648989258,      -6.671067475,      -7.653639271,        -4.7191084
          0,           0,        5359,       -8.64980419,      -6.671896798,      -7.654147719,      -4.719668414
          0,           0,        5360,      -8.650619357,      -6.672726237,      -7.654717186,      -4.720278733
          0,           0,        5361,      -8.651434749,       -6.67355579,      -7.655341567,      -4.720933773
          0,           0,        5362,      -8.652250365,      -6.674385446,      -7.656021756,      -4.721634438
          0,           0,        5363,      -8.653066203,      -6.675215193,      -7.656748325,       -4.72237375
          0,           0,        5364,      -8.653882272,      -6.676045022,       -7.65752262,      -4.723153204
          0,           0,        5365,      -8.654698563,      -6.676874921,      -7.658336076,      -4.723964513
          0,           0,        5366,      -8.655515074,      -6.677704887,      -7.659185792,      -4.724807887
          0,           0,        5367,      -8.656331795,      -6.678534914,      -7.660064397,      -4.725674943
          0,           0,        5368,      -8.657148723,      -6.679364997,      -7.660965691,      -4.726561322
          0,           0,        5369,      -8.657965852,      -6.680195131,      -7.661882596,      -4.727461981
          0,           0,        5370,      -8.658783179,      -6.681025312,      -7.662810125,      -4.728371584
          0,           0,        5371,      -8.659600699,      -6.681855534,       -7.66374076,      -4.729284011
          0,           0,        5372,      -8.660418409,      -6.682685795,      -7.664672077,      -4.730197725
          0,           0,        5373,      -8.661236308,      -6.683516092,      -7.665596742,      -4.731105689
          0,           0,        5374,      -8.662054397,      -6.684346423,      -7.666515469,      -4.732009731
          0,           0,        5375,      -8.662872664,      -6.685176786,      -7.667421241,      -4.732903136
          0,           0,        5376,      -8.663691117,      -6.686007181,      -7.668315052,      -4.733786117
          0,           0,        5377,      -8.664509748,      -6.686837605,      -7.669193694,      -4.734657287
          0,           0,        5378,      -8.665328562,      -6.687668061,       -7.67005821,      -4.735516926
          0,           0,        5379,      -8.666147556,      -6.688498544,      -7.670908249,      -4.736364151
          0,           0,        5380,      -8.666966728,      -6.689329057,      -7.671743399,      -4.737199226
          0,           0,        5381,      -8.667786078,      -6.690159599,      -7.672565704,      -4.738023502
          0,           0,        5382,      -8.668605612,      -6.690990168,      -7.673376221,      -4.738838758
          0,           0,        5383,      -8.669425321,      -6.691820767,      -7.674176355,      -4.739645294
          0,           0,        5384,      -8.670245213,      -6.692651395,      -7.674968675,      -4.740444947
          0,           0,        5385,      -8.671065283,      -6.693482051,      -7.675752921,      -4.741238555
          0,           0,        5386,      -8.671885533,      -6.694312735,      -7.676534385,      -4.742028671
          0,           0,        5387,      -8.672705961,      -6.695143449,      -7.677312514,      -4.742817523
          0,           0,        5388,      -8.673526569,       -6.69597419,      -7.678089017,      -4.743603568
          0,           0,        5389,      -8.674347356,       -6.69680496,      -7.678865073,      -4.744390339
          0,           0,        5390,      -8.673832292,      -6.699879629,      -7.490965381,      -4.538885773
          0,           0,        5391,      -8.676231559,      -6.699705448,      -7.642460765,      -4.709512295
          0,           0,        5392,      -8.676459689,      -6.702170947,      -7.472707251,      -4.522459575
          0,           0,        5393,      -8.678959098,      -6.701967985,      -7.646134749,      -4.714549939
          0,           0,        5394,      -8.679063917,         -6.704533,      -7.480021449,      -4.530819399
          0,           0,        5395,      -8.681476536,      -6.704359589,      -7.641384557,      -4.711491704
          0,           0,        5396,      -8.681554612,      -6.706921615,      -7.469519725,      -4.521988127
          0,           0,        5397,      -8.684008616,      -6.706734127,      -7.631556234,      -4.703370945
          0,           0,        5398,      -8.685483323,      -6.707030936,      -7.633422168,      -4.706200789
          0,           0,        5399,      -8.686401435,      -6.707801044,      -7.657875024,      -4.729471563
          0,           0,        5400,       -8.68711248,      -6.708711939,      -7.670588403,      -4.741700842
          0,           0,        5401,      -8.686428546,       -6.71188541,      -7.483770557,       -4.53578652
          0,           0,        5402,      -8.688825557,       -6.71171111,      -7.626890101,      -4.698174934
          0,           0,        5403,      -8.690404432,      -6.711936749,      -7.629473785,      -4.701752286
          0,           0,        5404,         -8.691425,       -6.71264356,      -7.663032613,      -4.733274609
          0,           0,        5405,      -8.692173398,       -6.71353292,      -7.685635543,      -4.754601872
          0,           0,        5406,      -8.691472396,      -6.716734394,      -7.502780035,      -4.552598174
          0,           0,        5407,      -8.693830417,      -6.716571936,      -7.643383592,      -4.712808053
          0,           0,        5408,      -8.694040699,      -6.719018072,      -7.473491112,      -4.524479085
          0,           0,        5409,      -8.696605245,      -6.718792842,      -7.650505069,      -4.720333119
          0,           0,        5410,      -8.698101213,      -6.719078486,      -7.659201275,      -4.729375379
          0,           0,        5411,      -8.698992518,      -6.719866289,      -7.687189248,      -4.755776632
          0,           0,        5412,      -8.699671645,      -6.720797734,      -7.698994178,      -4.767221949
          0,           0,        5413,      -8.700357031,      -6.721714846,      -7.693169307,      -4.761659993
          0,           0,        5414,      -8.701124639,      -6.722575312,       -7.68461213,      -4.753342927
          0,           0,        5415,      -8.701961938,      -6.723392479,      -7.682442234,      -4.751027212
          0,           0,        5416,      -8.701452505,      -6.726441738,      -7.503828726,      -4.552940308
          0,           0,        5417,      -8.703906162,      -6.726251372,      -7.661353796,      -4.729483857
          0,           0,        5418,      -8.704106731,      -6.728724083,      -7.497174755,      -4.546824728
          0,           0,        5419,      -8.706616589,      -6.728517695,      -7.671280554,      -4.739870128
          0,           0,        5420,       -8.70808923,      -6.728819582,      -7.675450206,      -4.744940542
          0,           0,        5421,       -8.70898013,       -6.72960869,      -7.699316492,      -4.767604148
          0,           0,        5422,      -8.708253023,      -6.732841931,      -7.523885083,      -4.573702437
          0,           0,        5423,       -8.71057473,      -6.732699593,       -7.66137264,      -4.731177073
          0,           0,        5424,      -8.710748066,      -6.735160861,      -7.485645037,      -4.537478896
          0,           0,        5425,      -8.713327106,      -6.734935029,      -7.660909229,      -4.731858492
          0,           0,        5426,      -8.714833638,      -6.735216311,      -7.669572326,      -4.740964853
          0,           0,        5427,      -8.715729789,      -6.736003308,      -7.697234801,       -4.76718103
          0,           0,        5428,      -8.716408069,      -6.736937507,      -7.708682475,      -4.778333733
          0,           0,        5429,      -8.715687727,      -6.740132236,      -7.515340501,      -4.566272281
          0,           0,        5430,      -8.718100257,       -6.73995558,      -7.657717608,      -4.728408255
          0,           0,        5431,      -8.719690328,      -6.740178257,      -7.659400056,      -4.731294357
          0,           0,        5432,      -8.720716138,      -6.740886275,      -7.692973208,      -4.762884337
          0,           0,        5433,      -8.721464666,      -6.741779623,      -7.715504591,      -4.784215391
          0,           0,        5434,      -8.722147618,       -6.74270359,       -7.71705868,      -4.785554181
          0,           0,        5435,      -8.722880338,      -6.743590791,      -7.709572023,      -4.778240203
          0,           0,        5436,      -8.722305636,      -6.746675554,      -7.518662478,      -4.568298629
          0,           0,        5437,      -8.724788684,      -6.746478205,       -7.67318827,       -4.74224259
          0,           0,        5438,      -8.726382415,      -6.746704056,      -7.679560228,      -4.749492129
          0,           0,        5439,      -8.727380134,      -6.747431578,      -7.714168234,      -4.781882585
          0,           0,        5440,      -8.728103542,       -6.74834171,      -7.734134266,      -4.800904046
          0,           0,        5441,      -8.728777809,      -6.749272004,      -7.731768263,      -4.798806966
          0,           0,        5442,      -8.729514879,      -6.750157344,       -7.72139025,      -4.789027286
          0,           0,        5443,      -8.730330196,      -6.750993296,       -7.71506159,      -4.783008351
          0,           0,        5444,      -8.731186289,      -6.751805782,      -7.715944184,      -4.783716585
          0,           0,        5445,      -8.732041536,      -6.752620669,      -7.721538549,      -4.788791751
          0,           0,        5446,      -8.732876146,      -6.753449132,      -7.727907486,      -4.794582037
          0,           0,        5447,      -8.733692211,      -6.754289049,      -7.732404585,      -4.798664462
          0,           0,        5448,      -8.734501344,      -6.755133055,      -7.734488601,      -4.800556484
          0,           0,        5449,      -8.735313416,      -6.755975291,      -7.735050914,      -4.801077715
          0,           0,        5450,      -8.736132024,      -6.756813879,      -7.735266016,      -4.801305801
          0,           0,        5451,      -8.736955613,      -6.757649975,      -7.735850782,      -4.801893504
          0,           0,        5452,      -8.737780816,      -6.758485647,      -7.736919183,      -4.802939841
          0,           0,        5453,      -8.738605106,      -6.759322324,      -7.738220684,      -4.804210372
          0,           0,        5454,      -8.739427716,      -6.760160348,      -7.739437834,      -4.805413206
          0,           0,        5455,      -8.740249208,      -6.760999307,      -7.740392337,      -4.806383629
          0,           0,        5456,      -8.741070542,      -6.761838608,      -7.741075508,      -4.807111118
          0,           0,        5457,      -8.741892421,      -6.762677859,      -7.741587668,      -4.807688502
          0,           0,        5458,      -8.742715042,      -6.763516967,      -7.742043415,      -4.808216987
          0,           0,        5459,      -8.743538251,      -6.764356043,      -7.742519122,      -4.808766093
          0,           0,        5460,      -8.744361777,      -6.765195243,       -7.74303706,       -4.80935187
          0,           0,        5461,      -8.745185437,      -6.766034665,      -7.743589861,      -4.809967786
          0,           0,        5462,      -8.746009176,      -6.766874323,      -7.744158732,      -4.810594271
          0,           0,        5463,      -8.746833048,      -6.767714176,      -7.744734887,        -4.8112239
          0,           0,        5464,      -8.747657132,      -6.768554168,      -7.745320996,      -4.811857412
          0,           0,        5465,      -8.748481479,      -6.769394264,      -7.745927976,      -4.812505605
          0,           0,        5466,      -8.749306116,      -6.770234447,      -7.746567254,      -4.813179846
          0,           0,        5467,      -8.750131021,      -6.771074718,      -7.747246195,       -4.81388436
          0,           0,        5468,      -8.750956173,      -6.771915086,      -7.747965345,       -4.81462336
          0,           0,        5469,      -8.751781544,      -6.772755555,      -7.748720431,      -4.815390734
          0,           0,        5470,      -8.752607127,       -6.77359612,      -7.749506217,      -4.816183478
          0,           0,        5471,      -8.753432932,      -6.774436768,      -7.750317482,      -4.816996645
          0,           0,        5472,      -8.754258952,      -6.775277493,       -7.75115043,      -4.817828131
          0,           0,        5473,      -8.755085193,      -6.776118285,      -7.752002099,      -4.818675605
          0,           0,        5474,      -8.755911654,      -6.776959136,      -7.752868257,       -4.81953348
          0,           0,        5475,      -8.756738329,      -6.777800046,      -7.753746519,      -4.820402994
          0,           0,        5476,      -8.757565213,      -6.778641009,       -7.75463162,      -4.821279365
          0,           0,        5477,      -8.758392301,      -6.779482023,      -7.755521428,      -4.822159184
          0,           0,        5478,       -8.75921959,      -6.780323085,      -7.756412833,      -4.823041244
          0,           0,        5479,       -8.76004708,      -6.781164192,      -7.757301493,      -4.823920794
          0,           0,        5480,      -8.760874766,      -6.782005339,      -7.758185163,      -4.824796999
          0,           0,        5481,      -8.761702654,      -6.782846524,      -7.759065507,      -4.825671002
          0,           0,        5482,      -8.762530734,      -6.783687746,      -7.759936651,      -4.826536749
          0,           0,        5483,      -8.763359008,      -6.784529004,      -7.760801193,      -4.827398311
          0,           0,        5484,      -8.764187478,      -6.785370294,      -7.761657304,      -4.828252121
          0,           0,        5485,      -8.765016139,      -6.786211617,      -7.762506204,      -4.829100164
          0,           0,        5486,      -8.765844991,      -6.787052971,      -7.763346613,      -4.829941624
          0,           0,        5487,      -8.766674034,      -6.787894356,      -7.764179465,      -4.830777096
          0,           0,        5488,      -8.767503269,      -6.788735771,      -7.765007138,      -4.831607547
          0,           0,        5489,       -8.76833269,      -6.789577215,      -7.765827391,      -4.832432343
          0,           0,        5490,      -8.769162306,      -6.790418687,      -7.766644595,       -4.83325413
          0,           0,        5491,      -8.769992107,      -6.791260189,      -7.767457136,      -4.834072445
          0,           0,        5492,      -8.770822098,      -6.792101717,      -7.768267766,      -4.834889029
          0,           0,        5493,      -8.771652276,      -6.792943274,      -7.769075348,      -4.835703486
          0,           0,        5494,      -8.771111686,      -6.796046616,      -7.581333507,      -4.629853646
          0,           0,        5495,      -8.773554335,      -6.795879085,      -7.732956384,      -4.800974179
          0,           0,        5496,      -8.773769043,      -6.798367441,      -7.563226704,      -4.613541291
          0,           0,        5497,      -8.776313432,      -6.798171062,      -7.736537645,      -4.805968684
          0,           0,        5498,      -8.776403748,      -6.800759519,      -7.570374666,       -4.62177541
          0,           0,        5499,      -8.778860822,      -6.800592442,      -7.731709114,      -4.802812485
          0,           0,        5500,      -8.780334411,      -6.800910189,      -7.730787766,      -4.803218666
          0,           0,        5501,      -8.781258846,      -6.801693463,      -7.752328118,      -4.823867883
          0,           0,        5502,      -8.781984694,      -6.802611629,      -7.762986622,       -4.83427571
          0,           0,        5503,       -8.78128918,      -6.805804774,      -7.574049237,      -4.626254038
          0,           0,        5504,      -8.783727725,      -6.805638136,      -7.717790708,      -4.789585105
          0,           0,        5505,      -8.785326538,      -6.805871573,      -7.720501829,      -4.793403958
          0,           0,        5506,      -8.786357274,      -6.806589624,      -7.753394335,      -4.824456542
          0,           0,        5507,      -8.787113294,        -6.8074908,      -7.774942305,      -4.844920403
          0,           0,        5508,      -8.786389029,      -6.810719273,      -7.590481394,      -4.641143476
          0,           0,        5509,      -8.788788312,      -6.810564247,      -7.730855864,      -4.801375295
          0,           0,        5510,      -8.788987874,       -6.81303202,      -7.560926625,      -4.612772622
          0,           0,        5511,      -8.791596844,      -6.812814468,      -7.737445927,      -4.808501781
          0,           0,        5512,      -8.793113203,      -6.813106532,      -7.746176309,      -4.817623245
          0,           0,        5513,      -8.794016179,      -6.813904057,      -7.773726335,      -4.843733418
          0,           0,        5514,        -8.7947044,      -6.814846338,      -7.785284617,      -4.854952206
          0,           0,        5515,      -8.795398816,      -6.815774298,      -7.779555296,      -4.849394817
          0,           0,        5516,      -8.796176127,      -6.816645374,      -7.771262883,      -4.841243771
          0,           0,        5517,      -8.797023657,      -6.817473012,      -7.769366357,      -4.839147043
          0,           0,        5518,      -8.797894913,      -6.818287919,      -7.774255901,      -4.843433797
          0,           0,        5519,       -8.79734866,      -6.821384359,        -7.5990735,      -4.648275963
          0,           0,        5520,      -8.799816529,      -6.821210131,      -7.754384473,      -4.822987089
          0,           0,        5521,      -8.801394743,      -6.821460685,      -7.758145443,      -4.827871172
          0,           0,        5522,      -8.802392024,      -6.822200961,        -7.7891489,      -4.856996273
          0,           0,        5523,      -8.803130688,      -6.823114129,       -7.80646704,      -4.873628157
          0,           0,        5524,      -8.802410151,      -6.826338183,      -7.613179501,      -4.662071555
          0,           0,        5525,      -8.804819215,      -6.826180452,      -7.754253802,      -4.823508369
          0,           0,        5526,      -8.805021731,      -6.828648844,      -7.581421353,      -4.632507007
          0,           0,        5527,       -8.80763012,      -6.828434845,       -7.75828939,      -4.828770079
          0,           0,        5528,       -8.80914652,      -6.828730439,      -7.766142275,      -4.837245764
          0,           0,        5529,      -8.810048245,      -6.829530919,      -7.792152425,      -4.862009257
          0,           0,        5530,      -8.810735769,       -6.83047536,      -7.801786148,       -4.87157116
          0,           0,        5531,      -8.810003589,      -6.833690366,      -7.605679757,      -4.656797894
          0,           0,        5532,      -8.812455094,      -6.833521084,      -7.748260378,      -4.819469473
          0,           0,        5533,      -8.814066038,      -6.833750555,      -7.749931892,       -4.82245986
          0,           0,        5534,      -8.815104068,      -6.834468248,      -7.782900125,      -4.853629615
          0,           0,        5535,      -8.815861981,       -6.83537202,      -7.804553664,      -4.874252251
          0,           0,        5536,      -8.816554128,       -6.83630613,       -7.80528717,      -4.874860559
          0,           0,        5537,      -8.817296807,      -6.837203065,      -7.797222633,       -4.86700575
          0,           0,        5538,      -8.816703879,      -6.840311818,      -7.605870113,      -4.656342269
          0,           0,        5539,      -8.819228458,      -6.840122037,      -7.760229907,      -4.830378138
          0,           0,        5540,      -8.820843376,      -6.840353854,      -7.766750714,      -4.837813282
          0,           0,        5541,      -8.821854167,      -6.841090298,      -7.800951386,      -4.869978907
          0,           0,        5542,      -8.822587805,      -6.842010409,       -7.82059295,      -4.888752456
          0,           0,        5543,      -8.823271889,      -6.842950737,      -7.818220718,      -4.886581715
          0,           0,        5544,      -8.824019269,        -6.8438459,      -7.808049545,      -4.876901936
          0,           0,        5545,      -8.824845432,      -6.844691536,      -7.801981521,      -4.871068672
          0,           0,        5546,      -8.825712592,      -6.845513683,      -7.803096536,      -4.871978055
          0,           0,        5547,      -8.826578834,      -6.846338262,      -7.808889405,      -4.877240645
          0,           0,        5548,      -8.827424309,      -6.847176422,      -7.815445594,       -4.88320839
          0,           0,        5549,       -8.82825117,         -6.848026,      -7.820142359,      -4.887468709
          0,           0,        5550,      -8.829071111,      -6.848879607,      -7.822446801,      -4.889544305
          0,           0,        5551,      -8.829894021,      -6.849731396,      -7.823234829,      -4.890252819
          0,           0,        5552,      -8.830723463,      -6.850579512,      -7.823664529,      -4.890657683
          0,           0,        5553,       -8.83155786,      -6.851425131,      -7.824438949,      -4.891408148
          0,           0,        5554,      -8.832393818,      -6.852270325,      -7.825662722,      -4.892589194
          0,           0,        5555,      -8.833228823,      -6.853116514,      -7.827087132,      -4.893969413
          0,           0,        5556,      -8.834062122,       -6.85396403,      -7.828398974,      -4.895256739
          0,           0,        5557,      -8.834894281,      -6.854812461,       -7.82942191,       -4.89628775
          0,           0,        5558,      -8.835726282,      -6.855661215,       -7.83015159,      -4.897058444
          0,           0,        5559,      -8.836558806,      -6.856509912,      -7.830688925,      -4.897660025
          0,           0,        5560,      -8.837392054,      -6.857358462,      -7.831148751,      -4.898193427
          0,           0,        5561,      -8.838225875,      -6.858206979,      -7.831609411,      -4.898732183
          0,           0,        5562,      -8.839059997,      -6.859055622,      -7.832098605,      -4.899296034
          0,           0,        5563,      -8.839894246,      -6.859904486,      -7.832611025,      -4.899879185
          0,           0,        5564,      -8.840728566,      -6.860753589,      -7.833132475,      -4.900467907
          0,           0,        5565,       -8.84156301,      -6.861602889,      -7.833654597,      -4.901052252
          0,           0,        5566,      -8.842397668,      -6.862452332,      -7.834185553,      -4.901641286
          0,           0,        5567,      -8.843232594,      -6.863301882,       -7.83474061,      -4.902247118
          0,           0,        5568,      -8.844067799,      -6.864151524,      -7.835327674,      -4.902876972
          0,           0,        5569,      -8.844903276,      -6.865001262,      -7.835959888,      -4.903545515
          0,           0,        5570,       -8.84573899,      -6.865851101,      -7.836636649,      -4.904247266
          0,           0,        5571,      -8.846574937,      -6.866701045,      -7.837356537,       -4.90498814
          0,           0,        5572,      -8.847411092,       -6.86755109,      -7.838114594,       -4.90575798
          0,           0,        5573,      -8.848247467,      -6.868401224,      -7.838907603,       -4.90655738
          0,           0,        5574,      -8.849084059,      -6.869251437,       -7.83972732,      -4.907378567
          0,           0,        5575,      -8.849920872,      -6.870101723,      -7.840574782,      -4.908222508
          0,           0,        5576,      -8.850757901,      -6.870952073,      -7.841442137,      -4.909084894
          0,           0,        5577,      -8.851595145,      -6.871802482,      -7.842327958,      -4.909961698
          0,           0,        5578,      -8.852432596,      -6.872652948,      -7.843226117,      -4.910849391
          0,           0,        5579,      -8.853270248,      -6.873503468,      -7.844134695,       -4.91174788
          0,           0,        5580,      -8.854108098,      -6.874354038,      -7.845045879,      -4.912646951
          0,           0,        5581,      -8.854946142,      -6.875204654,      -7.845957754,      -4.913547539
          0,           0,        5582,      -8.855784379,      -6.876055315,      -7.846866583,      -4.914446301
          0,           0,        5583,      -8.856622814,      -6.876906016,      -7.847772538,      -4.915343062
          0,           0,        5584,      -8.857461431,      -6.877756757,      -7.848669408,      -4.916231596
          0,           0,        5585,      -8.858300241,      -6.878607537,       -7.84955807,       -4.91711472
          0,           0,        5586,      -8.859139237,       -6.87945835,      -7.850436272,      -4.917988838
          0,           0,        5587,       -8.85997842,      -6.880309199,      -7.851305865,      -4.918855009
          0,           0,        5588,      -8.860817792,      -6.881160083,      -7.852165228,      -4.919714409
          0,           0,        5589,      -8.861657346,      -6.882011001,      -7.853015397,      -4.920565206
          0,           0,        5590,      -8.862497081,      -6.882861953,      -7.853856686,       -4.92140802
          0,           0,        5591,      -8.863337007,      -6.883712937,      -7.854688689,      -4.922244183
          0,           0,        5592,      -8.864177112,      -6.884563955,        -7.8555154,      -4.923076067
          0,           0,        5593,      -8.865017404,      -6.885415003,      -7.856334815,      -4.923900816
          0,           0,        5594,      -8.865857876,      -6.886266085,      -7.857149857,       -4.92472273
          0,           0,        5595,      -8.866698534,      -6.887117196,      -7.857961724,      -4.925541255
          0,           0,        5596,      -8.866139568,      -6.890245266,      -7.670285135,      -4.719329028
          0,           0,        5597,      -8.868622641,      -6.890084384,      -7.822025615,      -4.890889157
          0,           0,        5598,      -8.868829467,      -6.892592729,      -7.652292873,      -4.703105251
          0,           0,        5599,      -8.871415784,      -6.892402938,      -7.825490828,       -4.89581778
          0,           0,        5600,      -8.871497204,      -6.895011847,      -7.659261098,      -4.711197659
          0,           0,        5601,      -8.873995911,      -6.894851046,      -7.820560295,      -4.892545404
          0,           0,        5602,      -8.874049325,       -6.89745682,      -7.648805846,      -4.702362132
          0,           0,        5603,      -8.876590485,      -6.897282223,      -7.810782359,      -4.884391447
          0,           0,        5604,      -8.876652112,      -6.899875864,      -7.644619875,      -4.699194878
          0,           0,        5605,      -8.879204999,      -6.899699032,      -7.807864368,      -4.882333197
          0,           0,        5606,      -8.880716417,      -6.900008236,      -7.810717843,      -4.885958964
          0,           0,        5607,      -8.881652704,      -6.900799886,      -7.835188079,      -4.909378035
          0,           0,        5608,      -8.882379241,      -6.901733788,      -7.848121785,      -4.921768206
          0,           0,        5609,      -8.883098221,      -6.902662441,      -7.846362159,      -4.919631161
          0,           0,        5610,      -8.882445533,      -6.905819926,      -7.659080138,      -4.711818891
          0,           0,        5611,      -8.884994306,      -6.905637069,      -7.810866167,      -4.883280384
          0,           0,        5612,       -8.88519479,      -6.908125316,      -7.652048416,      -4.704592205
          0,           0,        5613,      -8.887823643,      -6.907922162,      -7.828530536,      -4.900492754
          0,           0,        5614,       -8.88933983,       -6.90823042,      -7.835910126,      -4.908296629
          0,           0,        5615,      -8.890247537,       -6.90904037,      -7.861843267,      -4.932940883
          0,           0,        5616,      -8.890948872,      -6.909990336,       -7.87296958,      -4.943679142
          0,           0,        5617,       -8.89165966,      -6.910924188,      -7.868165353,      -4.938852509
          0,           0,        5618,      -8.892451656,       -6.91180241,      -7.861334818,      -4.931975193
          0,           0,        5619,      -8.893310273,      -6.912639464,      -7.860699013,      -4.931014254
          0,           0,        5620,      -8.892754193,      -6.915744511,      -7.683624239,      -4.733480322
          0,           0,        5621,      -8.895289776,       -6.91556809,      -7.841472143,      -4.911072438
          0,           0,        5622,      -8.896897103,       -6.91581817,      -7.847121587,      -4.917678813
          0,           0,        5623,      -8.897903773,      -6.916568535,       -7.87935376,      -4.948024703
          0,           0,        5624,      -8.898644718,      -6.917495495,      -7.896970022,      -4.964961663
          0,           0,        5625,      -8.899343205,      -6.918438294,      -7.893471308,      -4.961786869
          0,           0,        5626,      -8.898674652,      -6.921613213,      -7.692560976,      -4.742181902
          0,           0,        5627,      -8.901202166,      -6.921436115,      -7.842207442,      -4.912274064
          0,           0,        5628,      -8.901409308,      -6.923923378,      -7.675808524,      -4.727000193
          0,           0,        5629,      -8.904039758,      -6.923723628,      -7.852771632,      -4.923669589
          0,           0,        5630,      -8.905560622,      -6.924034287,      -7.859175363,      -4.930859096
          0,           0,        5631,      -8.906468039,      -6.924847114,      -7.883216082,       -4.95387127
          0,           0,        5632,      -8.907166935,      -6.925800249,      -7.891551871,      -4.962235907
          0,           0,        5633,      -8.906414575,      -6.929037562,      -7.695108557,      -4.746714818
          0,           0,        5634,      -8.908912313,      -6.928874228,      -7.838466618,      -4.910443756
          0,           0,        5635,      -8.910544405,      -6.929109346,      -7.840450861,      -4.913760826
          0,           0,        5636,      -8.911593169,      -6.929837319,      -7.873208524,      -4.944856703
          0,           0,        5637,      -8.912358645,      -6.930752635,      -7.894447016,        -4.9651626
          0,           0,        5638,      -8.913058556,      -6.931697893,      -7.894851345,      -4.965444311
          0,           0,        5639,      -8.913810202,      -6.932605326,      -7.886646811,      -4.957415414
          0,           0,        5640,      -8.913192541,      -6.935740597,      -7.695384698,      -4.746437102
          0,           0,        5641,      -8.915761248,       -6.93555788,        -7.8498671,      -4.920911173
          0,           0,        5642,      -8.917397253,       -6.93579539,      -7.856460541,       -4.92845375
          0,           0,        5643,      -8.918420071,      -6.936541343,      -7.890394272,      -4.960505085
          0,           0,        5644,      -8.919162649,      -6.937472268,      -7.909837133,      -4.979141869
          0,           0,        5645,      -8.919855268,      -6.938423449,      -7.907487333,      -4.976938003
          0,           0,        5646,      -8.920611739,      -6.939329234,      -7.897475315,      -4.967338709
          0,           0,        5647,      -8.921447536,      -6.940185369,      -7.891576047,      -4.961628515
          0,           0,        5648,      -8.922324521,      -6.941018035,      -7.892806712,      -4.962648173
          0,           0,        5649,      -8.923200519,      -6.941853189,      -7.898660686,      -4.967987998
          0,           0,        5650,      -8.924055643,      -6.942701936,       -7.90524977,      -4.974006533
          0,           0,        5651,      -8.924892122,      -6.943562065,      -7.909984773,       -4.97831129
          0,           0,        5652,      -8.925721715,       -6.94442617,      -7.912345159,      -4.980435929
          0,           0,        5653,      -8.926554329,       -6.94528843,      -7.913205624,      -4.981201598
          0,           0,        5654,      -8.927393495,      -6.946147022,      -7.913702254,      -4.981663528
          0,           0,        5655,      -8.928237597,      -6.947003138,      -7.914532527,       -4.98246229
          0,           0,        5656,      -8.929083233,       -6.94785885,      -7.915795701,      -4.983680264
          0,           0,        5657,      -8.929927901,      -6.948715566,      -7.917242206,      -4.985083643
          0,           0,        5658,      -8.930770864,      -6.949573602,      -7.918566522,      -4.986384608
          0,           0,        5659,      -8.931612705,      -6.950432546,      -7.919597756,      -4.987426656
          0,           0,        5660,      -8.932454396,      -6.951291807,       -7.92033431,      -4.988202858
          0,           0,        5661,      -8.933296619,      -6.952151011,      -7.920873183,      -4.988806635
          0,           0,        5662,      -8.934139574,      -6.953010074,      -7.921332157,      -4.989341585
          0,           0,        5663,      -8.934983098,      -6.953869111,      -7.921787335,      -4.989873937
          0,           0,        5664,      -8.935826936,      -6.954728277,      -7.922271046,      -4.990434424
          0,           0,        5665,      -8.936670899,      -6.955587673,      -7.922774973,      -4.991011622
          0,           0,        5666,      -8.937514951,      -6.956447306,      -7.923286402,      -4.991592824
          0,           0,        5667,      -8.938359142,      -6.957307139,      -7.923803159,      -4.992173183
          0,           0,        5668,       -8.93920355,      -6.958167118,      -7.924328721,      -4.992758327
          0,           0,        5669,      -8.940048238,      -6.959027204,      -7.924879455,       -4.99335907
          0,           0,        5670,      -8.940893221,      -6.959887388,      -7.925467915,       -4.99399261
          0,           0,        5671,      -8.941738481,      -6.960747669,       -7.92610015,      -4.994660295
          0,           0,        5672,      -8.942583994,      -6.961608056,      -7.926783505,      -4.995368899
          0,           0,        5673,      -8.943429742,      -6.962468549,      -7.927509615,      -4.996116066
          0,           0,        5674,      -8.944275716,      -6.963329143,       -7.92827652,      -4.996894441
          0,           0,        5675,      -8.945121914,      -6.964189829,      -7.929079196,      -4.997702933
          0,           0,        5676,      -8.945968345,      -6.965050595,       -7.92991435,      -4.998538747
          0,           0,        5677,      -8.946814999,      -6.965911434,      -7.930774592,      -4.999395501
          0,           0,        5678,      -8.947661883,      -6.966772338,      -7.931659595,      -5.000272934
          0,           0,        5679,      -8.948508987,      -6.967633304,       -7.93256317,      -5.001167552
          0,           0,        5680,      -8.949356303,      -6.968494326,      -7.933477055,      -5.002069911
          0,           0,        5681,      -8.950203833,      -6.969355404,      -7.934404268,      -5.002985321
          0,           0,        5682,       -8.95105156,      -6.970216531,      -7.935332216,      -5.003899579
          0,           0,        5683,        -8.9518995,      -6.971077706,      -7.936263896,      -5.004820678
          0,           0,        5684,       -8.95274763,      -6.971938925,      -7.937190017,      -5.005734575
          0,           0,        5685,      -8.953595962,      -6.972800186,      -7.938111271,      -5.006644864
          0,           0,        5686,      -8.954444491,      -6.973661486,      -7.939023565,      -5.007550151
          0,           0,        5687,       -8.95529321,      -6.974522826,      -7.939927279,      -5.008446349
          0,           0,        5688,      -8.956142128,      -6.975384201,      -7.940821313,      -5.009336039
          0,           0,        5689,      -8.956991238,       -6.97624561,      -7.941703468,      -5.010214631
          0,           0,        5690,      -8.957840537,      -6.977107057,      -7.942575802,      -5.011085992
          0,           0,        5691,      -8.958690026,      -6.977968536,      -7.943435802,      -5.011946485
          0,           0,        5692,      -8.959539707,      -6.978830052,      -7.944289377,      -5.012802108
          0,           0,        5693,      -8.960389576,      -6.979691601,      -7.945130728,       -5.01364803
          0,           0,        5694,      -8.961239639,       -6.98055318,      -7.945967659,      -5.014487938
          0,           0,        5695,      -8.962089888,      -6.981414793,      -7.946795996,      -5.015322647
          0,           0,        5696,      -8.962940333,      -6.982276438,      -7.947620735,      -5.016154943
          0,           0,        5697,      -8.963790961,      -6.983138116,      -7.948442276,      -5.016982221
          0,           0,        5698,      -8.963210007,      -6.986292873,       -7.76086099,      -4.810433219
          0,           0,        5699,      -8.965735084,      -6.986139615,      -7.912724175,      -4.982441763
          0,           0,        5700,      -8.965931188,      -6.988669556,      -7.743004443,      -4.794316815
          0,           0,        5701,      -8.968561086,      -6.988487317,      -7.916085242,      -4.987314779
          0,           0,        5702,      -8.968630818,      -6.991118296,      -7.749804682,      -4.802278617
          0,           0,        5703,      -8.971172724,      -6.990964738,      -7.911074123,      -4.983941758
          0,           0,        5704,      -8.971213838,      -6.993592507,      -7.739378824,      -4.793448134
          0,           0,        5705,      -8.973798729,      -6.993425302,      -7.901327476,      -4.975780286
          0,           0,        5706,      -8.973847789,      -6.996041009,       -7.73521409,      -4.790291835
          0,           0,        5707,      -8.976444723,      -6.995871586,       -7.89841945,      -4.973720618
          0,           0,        5708,      -8.977976386,      -6.996187108,      -7.901307207,      -4.977381977
          0,           0,        5709,      -8.978924603,      -6.996988479,      -7.925610743,      -5.000710614
          0,           0,        5710,      -8.979660571,      -6.997933227,      -7.938474105,      -5.013046362
          0,           0,        5711,      -8.980388741,       -6.99887278,      -7.936800814,      -5.010954003
          0,           0,        5712,      -8.979712434,      -7.002057207,      -7.749807141,      -4.803026153
          0,           0,        5713,      -8.982304494,      -7.001882123,      -7.901769541,      -4.974954088
          0,           0,        5714,      -8.982493704,      -7.004391971,      -7.742999486,      -4.796006343
          0,           0,        5715,      -8.985167017,      -7.004196396,      -7.919376978,      -4.992193122
          0,           0,        5716,      -8.986703622,      -7.004510905,      -7.926750325,       -5.00001004
          0,           0,        5717,      -8.987623265,      -7.005330478,      -7.952498527,      -5.024548227
          0,           0,        5718,      -8.988334025,      -7.006291187,      -7.963563149,      -5.035227807
          0,           0,        5719,      -8.989054028,      -7.007235848,       -7.95886159,      -5.030448307
          0,           0,        5720,      -8.988388685,      -7.010412899,      -7.766601709,      -4.817797801
          0,           0,        5721,      -8.990983695,      -7.010235611,      -7.919980053,      -4.991562858
          0,           0,        5722,      -8.991177115,      -7.012745681,      -7.758677836,      -4.810390095
          0,           0,        5723,      -8.993843341,      -7.012552913,      -7.935755737,      -5.007492897
          0,           0,        5724,      -8.995378305,      -7.012870109,      -7.942094714,      -5.014509391
          0,           0,        5725,      -8.996296474,      -7.013691056,      -7.966619703,      -5.037962135
          0,           0,        5726,      -8.997006471,      -7.014652231,      -7.976016615,      -5.047223121
          0,           0,        5727,       -8.99772586,      -7.015597147,      -7.969580056,      -5.040989849
          0,           0,        5728,      -8.997052227,      -7.018775488,      -7.774333414,      -4.825785933
          0,           0,        5729,      -8.999651103,      -7.018599361,      -7.927263338,      -4.999163584
          0,           0,        5730,       -8.99983719,      -7.021112168,      -7.764963422,      -4.817199204
          0,           0,        5731,      -9.002509696,      -7.020920528,      -7.941373073,      -5.013656224
          0,           0,        5732,      -9.004046453,      -7.021238432,      -7.947529783,      -5.020542621
          0,           0,        5733,      -9.004964694,      -7.022060994,      -7.971441694,      -5.043470102
          0,           0,        5734,      -9.005674191,      -7.023024214,       -7.98035993,      -5.052285446
          0,           0,        5735,      -9.004894664,      -7.026289744,      -7.786120067,      -4.838143412
          0,           0,        5736,      -9.007439558,      -7.026132823,      -7.930388458,      -5.003053513
          0,           0,        5737,      -9.009092886,      -7.026373408,      -7.932668383,      -5.006609076
          0,           0,        5738,      -9.010153135,      -7.027111421,      -7.965651069,       -5.03799623
          0,           0,        5739,      -9.010926916,      -7.028038202,      -7.987119605,      -5.058538982
          0,           0,        5740,      -9.011634981,      -7.028994798,      -7.987803936,      -5.059036211
          0,           0,        5741,      -9.012395508,      -7.029913169,      -7.979871326,      -5.051217689
          0,           0,        5742,      -9.011752117,      -7.033075952,      -7.788671222,      -4.839873847
          0,           0,        5743,      -9.014364083,      -7.032900777,      -7.943528542,      -5.015113547
          0,           0,        5744,      -9.016020858,      -7.033144521,      -7.949975352,      -5.022568753
          0,           0,        5745,      -9.017055456,      -7.033900426,      -7.983657723,       -5.05449488
          0,           0,        5746,      -9.017806819,      -7.034842462,      -8.002841582,      -5.072938028
          0,           0,        5747,      -9.018507783,      -7.035804756,      -8.000329964,      -5.070563723
          0,           0,        5748,      -9.019272985,      -7.036721515,       -7.99022461,      -5.060849245
          0,           0,        5749,      -9.020117924,      -7.037588648,      -7.984233742,      -5.055058493
          0,           0,        5750,      -9.021004182,      -7.038432432,      -7.985317425,      -5.055970165
          0,           0,        5751,       -9.02188943,      -7.039278785,      -7.990968185,      -5.061165406
          0,           0,        5752,       -9.02275378,      -7.040138729,      -7.997334455,      -5.067017381
          0,           0,        5753,      -9.023599525,      -7.041010003,      -8.001866881,      -5.071161583
          0,           0,        5754,      -9.024438478,      -7.041885212,      -8.004072232,        -5.0731569
          0,           0,        5755,      -9.025280509,      -7.042758578,       -8.00482016,      -5.073825748
          0,           0,        5756,      -9.026129125,      -7.043628318,      -8.005239804,      -5.074220815
          0,           0,        5757,      -9.026982659,      -7.044495639,      -8.006008463,      -5.074965539
          0,           0,        5758,      -9.027837733,      -7.045362596,      -8.007224247,      -5.076146937
          0,           0,        5759,      -9.028691845,      -7.046230573,      -8.008637012,      -5.077522714
          0,           0,        5760,      -9.029544293,      -7.047099875,      -8.009948093,      -5.078813811
          0,           0,        5761,      -9.030395643,      -7.047970082,      -8.010987402,      -5.079862513
          0,           0,        5762,      -9.031246878,      -7.048840606,      -8.011747843,      -5.080659002
          0,           0,        5763,      -9.032098667,       -7.04971108,      -8.012329168,      -5.081297254
          0,           0,        5764,        -9.0329512,       -7.05058142,      -8.012841752,      -5.081875562
          0,           0,        5765,      -9.033804318,      -7.051451742,        -8.0133602,      -5.082462734
          0,           0,        5766,      -9.034657749,      -7.052322202,      -8.013903688,      -5.083073111
          0,           0,        5767,      -9.035511323,      -7.053192889,      -8.014472947,      -5.083705383
          0,           0,        5768,      -9.036365004,      -7.054063814,      -8.015050473,      -5.084341824
          0,           0,        5769,       -9.03721883,      -7.054934935,      -8.015626486,      -5.084972196
          0,           0,        5770,      -9.038072897,      -7.055806201,      -8.016213712,      -5.085609385
          0,           0,        5771,      -9.038927244,      -7.056677574,      -8.016817586,      -5.086256588
          0,           0,        5772,      -9.039781897,      -7.057549045,      -8.017456117,      -5.086931288
          0,           0,        5773,      -9.040636836,      -7.058420615,      -8.018134346,      -5.087639845
          0,           0,        5774,      -9.041492039,      -7.059292288,      -8.018851575,      -5.088378403
          0,           0,        5775,      -9.042347491,      -7.060164067,      -8.019607768,      -5.089151968
          0,           0,        5776,      -9.043203169,      -7.061035946,      -8.020398901,      -5.089951731
          0,           0,        5777,       -9.04405909,      -7.061907915,      -8.021220857,      -5.090777673
          0,           0,        5778,      -9.044915249,      -7.062779967,      -8.022068124,      -5.091626335
          0,           0,        5779,      -9.045771648,       -7.06365209,      -8.022938316,      -5.092492876
          0,           0,        5780,      -9.046628282,       -7.06452428,      -8.023828554,      -5.093377131
          0,           0,        5781,      -9.047485149,      -7.065396529,      -8.024731503,      -5.094272083
          0,           0,        5782,      -9.048342244,      -7.066268837,       -8.02565033,      -5.095181113
          0,           0,        5783,      -9.049199557,      -7.067141197,      -8.026574646,      -5.096095092
          0,           0,        5784,      -9.050057087,      -7.068013612,      -8.027500926,      -5.097012215
          0,           0,        5785,      -9.050914831,      -7.068886072,      -8.028431576,      -5.097932326
          0,           0,        5786,      -9.051772789,      -7.069758577,      -8.029355388,      -5.098847326
          0,           0,        5787,      -9.052630956,      -7.070631123,      -8.030277104,      -5.099761456
          0,           0,        5788,      -9.053489332,      -7.071503707,      -8.031192095,      -5.100668296
          0,           0,        5789,      -9.054347919,      -7.072376328,       -8.03209911,      -5.101570976
          0,           0,        5790,      -9.055206705,      -7.073248987,      -8.032997906,      -5.102465121
          0,           0,        5791,      -9.056065694,      -7.074121684,      -8.033889204,      -5.103354029
          0,           0,        5792,      -9.056924894,      -7.074994409,      -8.034769046,      -5.104233036
          0,           0,        5793,       -9.05778429,       -7.07586717,      -8.035640344,      -5.105105079
          0,           0,        5794,      -9.058643893,      -7.076739962,      -8.036505361,      -5.105971681
          0,           0,        5795,      -9.059503696,      -7.077612789,      -8.037364999,      -5.106833944
          0,           0,        5796,      -9.060363697,      -7.078485648,      -8.038214171,      -5.107688292
          0,           0,        5797,      -9.061223901,      -7.079358535,      -8.039062256,       -5.10853968
          0,           0,        5798,      -9.062084297,      -7.080231456,       -8.03990295,       -5.10938522
          0,           0,        5799,      -9.062944905,      -7.081104405,      -8.040742646,       -5.11023123
          0,           0,        5800,      -9.062340568,      -7.084286893,      -7.853275304,       -4.90336753
          0,           0,        5801,      -9.064908738,      -7.084142223,      -8.005269984,      -5.075830733
          0,           0,        5802,      -9.065093087,      -7.086694738,      -7.835575188,       -4.88737914
          0,           0,        5803,      -9.067767692,      -7.086521007,      -8.008541426,      -5.080657665
          0,           0,        5804,       -9.06782475,      -7.089175005,      -7.842211736,      -4.895213304
          0,           0,        5805,      -9.070410974,      -7.089029624,      -8.003455805,      -5.077191392
          0,           0,        5806,      -9.070438809,      -7.091680329,      -7.831824022,      -4.886394814
          0,           0,        5807,      -9.073068554,      -7.091521476,      -7.993749122,      -5.069030158
          0,           0,        5808,      -9.073104086,      -7.094160194,      -7.827683984,      -4.883254529
          0,           0,        5809,      -9.075746199,      -7.093999137,      -7.990852649,      -5.066971095
          0,           0,        5810,       -9.07729842,      -7.094321658,      -7.993775909,       -5.07066892
          0,           0,        5811,      -9.078258716,      -7.095133404,      -8.017910868,      -5.093902577
          0,           0,        5812,      -9.079004189,      -7.096089655,       -8.03070333,      -5.106179386
          0,           0,        5813,      -9.079741616,       -7.09704078,      -8.029116382,      -5.104133342
          0,           0,        5814,      -9.079040515,        -7.1002531,      -7.842406145,      -4.896095853
          0,           0,        5815,      -9.081676926,      -7.100086787,      -7.994551592,      -5.068493066
          0,           0,        5816,      -9.081854034,      -7.102619168,      -7.835830902,      -4.889292891
          0,           0,        5817,      -9.084572901,      -7.102432149,      -8.012102555,      -5.085758051
          0,           0,        5818,      -9.086130274,      -7.102753573,       -8.01947091,      -5.093590308
          0,           0,        5819,      -9.087062022,      -7.103583393,      -8.045025721,      -5.118009976
          0,           0,        5820,      -9.087782333,      -7.104555471,      -8.056028219,      -5.128628389
          0,           0,        5821,      -9.088511657,      -7.105511579,      -8.051431405,      -5.123897971
          0,           0,        5822,      -9.087821994,      -7.108716247,      -7.859437296,      -4.911100866
          0,           0,        5823,      -9.090460887,      -7.108547838,      -8.012984273,      -5.085337335
          0,           0,        5824,      -9.090642558,      -7.111080303,      -7.851684418,      -4.903858449
          0,           0,        5825,      -9.093353957,      -7.110896176,      -8.028646631,      -5.101244723
          0,           0,        5826,      -9.094909665,      -7.111220317,      -8.034964094,      -5.108256333
          0,           0,        5827,      -9.095839972,      -7.112051482,       -8.05928392,      -5.131580664
          0,           0,        5828,      -9.096559543,       -7.11302398,      -8.068602864,      -5.140759811
          0,           0,        5829,      -9.097288245,      -7.113980319,      -8.062259628,       -5.13455889
          0,           0,        5830,      -9.096590326,      -7.117186116,      -7.867269239,      -4.919192491
          0,           0,        5831,      -9.099233057,      -7.117018956,      -8.020354642,      -5.093023691
          0,           0,        5832,      -9.099407375,      -7.119554112,      -7.858055795,      -4.910754053
          0,           0,        5833,      -9.102125131,      -7.119371184,      -8.034336459,      -5.107474196
          0,           0,        5834,      -9.103682663,       -7.11969607,      -8.040469185,      -5.114355398
          0,           0,        5835,      -9.104613092,      -7.120528857,      -8.064172528,      -5.137146277
          0,           0,        5836,      -9.105332213,      -7.121503404,      -8.073015474,      -5.145877603
          0,           0,        5837,      -9.104527951,      -7.124796682,      -7.879000987,      -4.931520837
          0,           0,        5838,      -9.107116483,       -7.12464854,      -8.023504654,      -5.096924727
          0,           0,        5839,      -9.108791146,      -7.124896125,      -8.025866936,      -5.100581897
          0,           0,        5840,      -9.109864209,      -7.125644446,      -8.058626553,      -5.131868175
          0,           0,        5841,      -9.110647863,      -7.126582633,      -8.079908568,      -5.152284896
          0,           0,        5842,      -9.111365312,      -7.127550665,      -8.080588633,      -5.152745081
          0,           0,        5843,      -9.112135625,      -7.128480309,      -8.072777464,      -5.144989402
          0,           0,        5844,      -9.111468756,      -7.131670263,      -7.881818489,      -4.933484912
          0,           0,        5845,      -9.114124698,      -7.131504127,      -8.036820098,      -5.109175656
          0,           0,        5846,      -9.115802889,      -7.131754892,      -8.043301331,      -5.116700101
          0,           0,        5847,      -9.116850301,       -7.13252104,       -8.07673014,      -5.148499747
          0,           0,        5848,      -9.117611569,        -7.1334744,      -8.095734723,      -5.166812464
          0,           0,        5849,      -9.118321995,      -7.134448057,       -8.09324053,      -5.164406887
          0,           0,        5850,      -9.119097042,       -7.13537606,      -8.083273397,      -5.154765205
          0,           0,        5851,      -9.119952208,      -7.136254417,      -8.077409088,      -5.149068515
          0,           0,        5852,      -9.120848845,      -7.137109486,      -8.078557781,      -5.150052253
          0,           0,        5853,      -9.121744419,      -7.137967167,      -8.084211105,      -5.155272595
          0,           0,        5854,      -9.122619039,      -7.138838419,      -8.090549306,      -5.161122172
          0,           0,        5855,      -9.123475068,      -7.139720938,      -8.095065453,      -5.165262267
          0,           0,        5856,      -9.124324359,      -7.140607333,      -8.097273317,      -5.167263887
          0,           0,        5857,      -9.125176779,      -7.141491865,      -8.098044373,      -5.167951589
          0,           0,        5858,      -9.126035783,      -7.142372786,      -8.098494028,      -5.168370444
          0,           0,        5859,      -9.126899691,       -7.14325132,        -8.0992841,      -5.169137581
          0,           0,        5860,      -9.127765105,      -7.144129514,      -8.100509989,      -5.170329479
          0,           0,        5861,      -9.128629542,      -7.145008738,      -8.101922489,      -5.171709503
          0,           0,        5862,      -9.129492331,      -7.145889275,      -8.103231509,      -5.173002793
          0,           0,        5863,      -9.130354047,      -7.146770706,      -8.104269459,      -5.174051235
          0,           0,        5864,      -9.131215663,      -7.147652448,      -8.105036529,      -5.174855017
          0,           0,        5865,      -9.132077845,      -7.148534142,      -8.105625107,      -5.175501076
          0,           0,        5866,      -9.132940766,      -7.149415708,       -8.10614404,      -5.176082523
          0,           0,        5867,      -9.133804269,      -7.150297267,      -8.106666075,       -5.17667464
          0,           0,        5868,      -9.134668105,      -7.151178962,      -8.107216713,      -5.177291189
          0,           0,        5869,      -9.135532091,      -7.152060885,       -8.10779123,      -5.177927912
          0,           0,        5870,      -9.136396181,      -7.152943049,      -8.108374445,      -5.178569691
          0,           0,        5871,      -9.137260444,      -7.153825409,      -8.108960497,      -5.179210715
          0,           0,        5872,      -9.138124943,      -7.154707917,      -8.109554559,       -5.17985282
          0,           0,        5873,       -9.13898974,      -7.155590533,      -8.110169023,      -5.180510158
          0,           0,        5874,      -9.139854847,      -7.156473245,      -8.110816387,      -5.181193699
          0,           0,        5875,      -9.140720256,      -7.157356058,      -8.111506619,      -5.181910854
          0,           0,        5876,      -9.141585935,      -7.158238977,      -8.112236358,      -5.182661925
          0,           0,        5877,      -9.142451858,      -7.159122004,      -8.113003364,      -5.183445278
          0,           0,        5878,      -9.143318031,       -7.16000513,      -8.113808656,      -5.184259127
          0,           0,        5879,       -9.14418445,      -7.160888348,        -8.1146421,      -5.185096502
          0,           0,        5880,      -9.145051119,      -7.161771645,      -8.115503294,      -5.185957344
          0,           0,        5881,      -9.145918035,      -7.162655016,      -8.116386574,      -5.186837715
          0,           0,        5882,       -9.14678519,      -7.163538455,      -8.117290504,      -5.187733676
          0,           0,        5883,      -9.147652582,      -7.164421954,      -8.118208688,      -5.188643349
          0,           0,        5884,      -9.148520209,      -7.165305512,      -8.119136872,      -5.189563183
          0,           0,        5885,      -9.149388068,      -7.166189122,      -8.120074977,      -5.190490873
          0,           0,        5886,       -9.15025615,      -7.167072781,      -8.121012974,       -5.19141886
          0,           0,        5887,      -9.151124453,      -7.167956491,      -8.121957279,      -5.192352206
          0,           0,        5888,      -9.151992968,      -7.168840247,      -8.122895072,      -5.193281718
          0,           0,        5889,      -9.152861707,      -7.169724044,      -8.123828885,      -5.194208056
          0,           0,        5890,      -9.153730654,      -7.170607877,      -8.124753613,      -5.195123221
          0,           0,        5891,       -9.15459982,       -7.17149175,      -8.125674799,      -5.196039637
          0,           0,        5892,      -9.155469195,      -7.172375661,      -8.126584751,      -5.196946645
          0,           0,        5893,      -9.156338775,      -7.173259605,      -8.127485467,      -5.197843717
          0,           0,        5894,      -9.157208571,      -7.174143585,      -8.128377205,      -5.198735503
          0,           0,        5895,      -9.158078578,      -7.175027597,      -8.129261499,      -5.199620764
          0,           0,        5896,      -9.158948786,      -7.175911642,      -8.130136866,       -5.20049578
          0,           0,        5897,      -9.159819204,       -7.17679572,      -8.131003879,      -5.201367438
          0,           0,        5898,       -9.16068983,       -7.17767983,      -8.131865469,      -5.202232554
          0,           0,        5899,      -9.161560658,      -7.178563974,      -8.132725424,      -5.203095225
          0,           0,        5900,      -9.162431698,      -7.179448146,      -8.133576862,      -5.203952328
          0,           0,        5901,      -9.163302939,      -7.180332354,      -8.134425925,      -5.204809056
          0,           0,        5902,      -9.164174388,      -7.181216587,      -8.135273304,      -5.205660442
          0,           0,        5903,      -9.165046044,      -7.182100851,      -8.136122573,      -5.206515044
          0,           0,        5904,      -9.164421301,      -7.185310254,      -7.948738646,      -4.999330828
          0,           0,        5905,      -9.167032879,      -7.185175006,      -8.100867211,      -5.172238958
          0,           0,        5906,      -9.167208054,      -7.187749706,      -7.931195094,      -4.983474151
          0,           0,        5907,      -9.169927687,      -7.187585321,      -8.104043461,      -5.177014789
          0,           0,        5908,      -9.169974684,      -7.190261866,      -7.937663327,      -4.991172568
          0,           0,        5909,      -9.172605691,      -7.190125435,      -8.098879201,      -5.173451362
          0,           0,        5910,      -9.172622765,      -7.192798608,      -7.927312269,      -4.982366646
          0,           0,        5911,      -9.175297827,      -7.192648882,      -8.089210859,      -5.165291527
          0,           0,        5912,       -9.17687494,      -7.192977986,      -8.091232984,      -5.168281937
          0,           0,        5913,      -9.177853591,      -7.193797389,      -8.114786625,      -5.191059492
          0,           0,        5914,      -9.178612528,      -7.194763154,      -8.127064208,      -5.202935274
          0,           0,        5915,      -9.179360112,      -7.195725437,      -8.124864783,      -5.200393569
          0,           0,        5916,       -9.17864022,      -7.198963491,      -7.936548174,      -4.990734962
          0,           0,        5917,      -9.181315093,        -7.1988086,      -8.088244243,      -5.162942595
          0,           0,        5918,      -9.181485375,      -7.201362391,      -7.928783598,      -4.982940665
          0,           0,        5919,      -9.184248036,      -7.201185709,      -8.104475206,      -5.179142129
          0,           0,        5920,      -9.185827035,       -7.20151478,      -8.111798943,      -5.186986589
          0,           0,        5921,      -9.186772452,      -7.202354668,      -8.136820476,      -5.210991435
          0,           0,        5922,       -9.18750386,      -7.203337819,      -8.147447431,      -5.221261355
          0,           0,        5923,      -9.188243925,      -7.204305185,      -8.142791097,      -5.216417927
          0,           0,        5924,      -9.187534916,      -7.207535756,      -7.951348388,      -5.003783192
          0,           0,        5925,      -9.190217892,      -7.207377372,      -8.104877598,      -5.178199522
          0,           0,        5926,      -9.190392221,      -7.209931326,      -7.944134894,      -4.996975436
          0,           0,        5927,      -9.193148695,      -7.209756696,      -8.120824404,      -5.194400748
          0,           0,        5928,      -9.194725758,      -7.210088078,      -8.127324914,      -5.201585113
          0,           0,        5929,      -9.195669583,      -7.210929201,      -8.151573152,      -5.224890415
          0,           0,        5930,      -9.196400355,      -7.211912622,      -8.161018577,      -5.234162388
          0,           0,        5931,      -9.197140045,      -7.212879962,       -8.15501545,      -5.228207215
          0,           0,        5932,      -9.196424378,      -7.216111204,      -7.960799656,      -5.013163787
          0,           0,        5933,      -9.199109712,      -7.215953714,      -8.114100024,      -5.187472825
          0,           0,        5934,      -9.199277657,      -7.218509795,      -7.952041692,      -5.005121343
          0,           0,        5935,      -9.202038888,      -7.218336219,      -8.128289699,      -5.202165532
          0,           0,        5936,      -9.203617543,      -7.218668256,       -8.13447097,      -5.209099398
          0,           0,        5937,      -9.204561437,      -7.219510745,      -8.158085092,      -5.231849084
          0,           0,        5938,      -9.205291734,      -7.220495873,      -8.166948694,      -5.240584977
          0,           0,        5939,      -9.204469462,      -7.223814115,      -7.973127762,      -5.026014187
          0,           0,        5940,      -9.207099581,      -7.223675329,      -8.117906005,      -5.191955909
          0,           0,        5941,      -9.208795619,       -7.22393015,      -8.120334046,      -5.195693238
          0,           0,        5942,      -9.209882459,       -7.22468832,      -8.152888119,      -5.226879837
          0,           0,        5943,      -9.210677337,      -7.225637173,      -8.173973733,      -5.247150564
          0,           0,        5944,      -9.211405587,      -7.226615855,      -8.174602182,      -5.247535223
          0,           0,        5945,      -9.212186952,       -7.22755605,      -8.166838126,      -5.239787129
          0,           0,        5946,      -9.211502162,      -7.230770562,      -7.975903287,      -5.027965552
          0,           0,        5947,      -9.214200359,      -7.230614021,      -8.131053845,      -5.204093554
          0,           0,        5948,      -9.215900056,       -7.23087196,      -8.137544033,      -5.211668418
          0,           0,        5949,      -9.216961219,      -7.231647915,      -8.170684291,      -5.243299104
          0,           0,        5950,      -9.217733689,      -7.232611915,      -8.189448093,      -5.261417344
          0,           0,        5951,      -9.218454886,      -7.233596246,      -8.186908191,      -5.258931187
          0,           0,        5952,      -9.219240954,      -7.234534849,      -8.177016796,      -5.249311395
          0,           0,        5953,      -9.220107446,      -7.235423854,      -8.171240828,      -5.243680241
          0,           0,        5954,      -9.221015468,      -7.236289666,      -8.172421674,      -5.244705145
          0,           0,        5955,      -9.221922395,      -7.237158138,       -8.17805361,      -5.249930833
          0,           0,        5956,      -9.222808338,      -7.238040154,      -8.184353339,      -5.255767022
          0,           0,        5957,      -9.223675737,      -7.238933369,      -8.188842667,      -5.259894083
          0,           0,        5958,      -9.224536448,      -7.239830411,      -8.191056428,      -5.261901558
          0,           0,        5959,      -9.225400334,      -7.240725576,       -8.19185952,      -5.262616873
          0,           0,        5960,      -9.226270771,      -7.241617158,      -8.192343843,      -5.263064263
          0,           0,        5961,      -9.227146099,      -7.242506388,      -8.193172677,      -5.263866813
          0,           0,        5962,       -9.22802288,      -7.243395306,       -8.19442217,       -5.26508216
          0,           0,        5963,      -9.228898683,       -7.24428526,      -8.195857405,      -5.266483634
          0,           0,        5964,      -9.229772823,      -7.245176532,      -8.197181799,      -5.267793867
          0,           0,        5965,      -9.230645912,      -7.246068683,      -8.198239315,      -5.268859715
          0,           0,        5966,      -9.231518904,      -7.246961149,      -8.199023324,      -5.269678291
          0,           0,        5967,      -9.232392465,      -7.247853569,      -8.199631841,      -5.270341409
          0,           0,        5968,      -9.233266762,      -7.248745872,       -8.20016891,        -5.2709434
          0,           0,        5969,      -9.234141631,      -7.249638175,      -8.200709649,      -5.271546495
          0,           0,        5970,      -9.235016815,      -7.250530632,      -8.201272252,      -5.272176889
          0,           0,        5971,      -9.235892159,      -7.251423321,      -8.201855269,      -5.272820582
          0,           0,        5972,      -9.236767605,      -7.252316253,      -8.202442713,      -5.273464343
          0,           0,        5973,      -9.237643226,      -7.253209387,       -8.20303623,       -5.27411236
          0,           0,        5974,      -9.238519093,      -7.254102672,      -8.203632608,       -5.27475888
          0,           0,        5975,      -9.239395238,      -7.254996079,      -8.204252712,      -5.275420846
          0,           0,        5976,       -9.24027172,      -7.255889584,      -8.204904849,      -5.276108673
          0,           0,        5977,      -9.241148479,      -7.256783202,      -8.205595984,      -5.276828454
          0,           0,        5978,      -9.242025518,      -7.257676928,       -8.20632644,      -5.277580793
          0,           0,        5979,      -9.242902813,      -7.258570768,      -8.207097356,      -5.278368178
          0,           0,        5980,      -9.243780353,      -7.259464714,      -8.207905798,      -5.279186458
          0,           0,        5981,      -9.244658144,      -7.260358754,      -8.208739709,      -5.280023021
          0,           0,        5982,       -9.24553618,      -7.261252885,       -8.20960647,       -5.28089172
          0,           0,        5983,      -9.246414464,      -7.262147091,      -8.210492636,      -5.281775745
          0,           0,        5984,      -9.247292999,       -7.26304137,      -8.211403727,      -5.282680471
          0,           0,        5985,       -9.24817177,      -7.263935716,      -8.212328314,      -5.283597864
          0,           0,        5986,      -9.249050767,      -7.264830126,      -8.213266401,      -5.284524093
          0,           0,        5987,      -9.249930006,      -7.265724595,      -8.214210827,      -5.285461441
          0,           0,        5988,       -9.25080947,      -7.266619114,      -8.215159917,      -5.286400646
          0,           0,        5989,      -9.251689149,      -7.267513693,      -8.216115618,      -5.287342282
          0,           0,        5990,      -9.252569047,      -7.268408321,       -8.21706025,       -5.28828226
          0,           0,        5991,      -9.253449164,      -7.269302993,      -8.218006352,      -5.289219379
          0,           0,        5992,      -9.254329495,      -7.270197709,      -8.218944956,      -5.290148271
          0,           0,        5993,       -9.25521004,      -7.271092469,      -8.219873786,      -5.291074184
          0,           0,        5994,      -9.256090801,       -7.27198727,      -8.220798669,      -5.291993407
          0,           0,        5995,      -9.256971768,       -7.27288211,      -8.221711098,       -5.29290289
          0,           0,        5996,      -9.257852948,      -7.273776994,      -8.222616152,      -5.293808073
          0,           0,        5997,      -9.258734328,      -7.274671914,      -8.223510224,      -5.294701367
          0,           0,        5998,      -9.259615927,      -7.275566869,      -8.224398298,      -5.295589779
          0,           0,        5999,      -9.260497721,      -7.276461864,      -8.225273692,      -5.296468602
          0,           0,        6000,      -9.261379735,      -7.277356899,       -8.22614827,      -5.297348486
          0,           0,        6001,      -9.262261956,      -7.278251965,       -8.22701678,      -5.298220278
          0,           0,        6002,      -9.263144377,      -7.279147069,      -8.227878527,      -5.299085213
          0,           0,        6003,      -9.264027002,      -7.280042214,      -8.228736413,      -5.299951523
          0,           0,        6004,      -9.264909842,      -7.280937389,      -8.229594841,      -5.300814168
          0,           0,        6005,      -9.265792881,      -7.281832605,      -8.230449471,      -5.301676818
          0,           0,        6006,      -9.265150128,       -7.28506728,      -8.043132534,       -5.09417939
          0,           0,        6007,      -9.267804037,      -7.284941791,        -8.1953984,      -5.267519155
          0,           0,        6008,      -9.267971827,       -7.28753744,      -8.025735752,      -5.078453032
          0,           0,        6009,      -9.270735364,      -7.287382755,      -8.198471961,      -5.272235408
          0,           0,        6010,       -9.27077418,      -7.290080579,      -8.032026226,      -5.086006532
          0,           0,        6011,      -9.273448937,      -7.289953451,      -8.193219111,      -5.268566677
          0,           0,        6012,      -9.273457119,      -7.292647845,      -8.021697065,      -5.077203384
          0,           0,        6013,      -9.276176476,      -7.292507618,      -8.183574605,      -5.260398341
          0,           0,        6014,      -9.277774701,      -7.292844089,      -8.185643491,      -5.263438969
          0,           0,        6015,      -9.278766711,      -7.293673674,      -8.209017859,      -5.286098956
          0,           0,        6016,      -9.279536651,      -7.294650575,      -8.221199597,      -5.297888362
          0,           0,        6017,      -9.280294966,      -7.295624066,      -8.219067402,      -5.295377063
          0,           0,        6018,      -9.279555077,      -7.298887742,      -8.031007573,      -5.085617849
          0,           0,        6019,      -9.282273664,      -7.298742821,      -8.182889151,      -5.258274256
          0,           0,        6020,      -9.282435651,      -7.301317701,      -8.023481898,      -5.078049191
          0,           0,        6021,      -9.285243278,      -7.301150786,      -8.199070146,      -5.274493317
          0,           0,        6022,      -9.286843627,      -7.301487141,      -8.206401663,      -5.282364354
          0,           0,        6023,      -9.287802484,      -7.302337095,      -8.231229376,      -5.306237591
          0,           0,        6024,      -9.288544973,      -7.303331287,      -8.241791903,       -5.31643438
          0,           0,        6025,      -9.289295817,      -7.304309812,      -8.237234778,      -5.311642989
          0,           0,        6026,      -9.288566888,      -7.307565941,      -8.046038205,      -5.098887451
          0,           0,        6027,      -9.291293309,      -7.307417672,      -8.199748238,       -5.27375899
          0,           0,        6028,      -9.291459419,      -7.309992694,      -8.039008932,      -5.092260741
          0,           0,        6029,      -9.294260617,      -7.309827926,      -8.215589112,      -5.289937771
          0,           0,        6030,      -9.295859038,      -7.310166633,       -8.22208695,      -5.297137768
          0,           0,        6031,       -9.29681628,      -7.311017835,      -8.246127386,      -5.320297777
          0,           0,        6032,      -9.297558099,      -7.312012311,      -8.255499391,      -5.329486398
          0,           0,        6033,       -9.29830851,      -7.312990829,      -8.249580966,       -5.32356266
          0,           0,        6034,      -9.297572703,      -7.316247592,      -8.055590209,      -5.108372384
          0,           0,        6035,       -9.30030148,      -7.316100332,      -8.209057117,      -5.283124407
          0,           0,        6036,         -9.300461,      -7.318677513,        -8.0469943,      -5.100490656
          0,           0,        6037,      -9.303267079,      -7.318513901,      -8.223121953,      -5.297770189
          0,           0,        6038,      -9.304867105,      -7.318853332,      -8.229296899,      -5.304715707
          0,           0,        6039,      -9.305824408,      -7.319705954,       -8.25269855,      -5.327313752
          0,           0,        6040,       -9.30656575,       -7.32070219,      -8.261480444,      -5.335955148
          0,           0,        6041,      -9.305722825,      -7.324046245,      -8.067847258,      -5.121179102
          0,           0,        6042,      -9.308396315,      -7.323917499,      -8.212871878,      -5.287606075
          0,           0,        6043,      -9.310114054,      -7.324179856,       -8.21539711,       -5.29146155
          0,           0,        6044,      -9.311214681,      -7.324948375,      -8.247723333,      -5.322525965
          0,           0,        6045,      -9.312020729,      -7.325908487,       -8.26862145,      -5.342659631
          0,           0,        6046,      -9.312759693,      -7.326898446,      -8.269241073,      -5.343004299
          0,           0,        6047,      -9.313552064,      -7.327849809,      -8.261594504,      -5.335320222
          0,           0,        6048,      -9.312847474,       -7.33108977,      -8.070873461,      -5.123352365
          0,           0,        6049,      -9.315589364,      -7.330943599,      -8.226178052,      -5.299915759
          0,           0,        6050,       -9.31731084,      -7.331209119,      -8.232719547,      -5.307578256
          0,           0,        6051,      -9.318385821,      -7.331995378,      -8.265606061,       -5.33906556
          0,           0,        6052,      -9.319169491,      -7.332970581,      -8.284187046,      -5.357039507
          0,           0,        6053,      -9.319901446,      -7.333966161,      -8.281665836,      -5.354522213
          0,           0,        6054,       -9.32069854,      -7.334915947,      -8.271898411,      -5.344971653
          0,           0,        6055,       -9.32157633,       -7.33581618,      -8.266250787,      -5.339441243
          0,           0,        6056,      -9.322495727,      -7.336693316,      -8.267496348,      -5.340536214
          0,           0,        6057,      -9.323413979,      -7.337573152,        -8.2731277,      -5.345783833
          0,           0,        6058,      -9.324311219,      -7.338466506,      -8.279400879,      -5.351614519
          0,           0,        6059,      -9.325189968,      -7.339370978,      -8.283870689,      -5.355734568
          0,           0,        6060,      -9.326062086,      -7.340279232,      -8.286091963,      -5.357751477
          0,           0,        6061,      -9.326937414,      -7.341185588,      -8.286912584,      -5.358478811
          0,           0,        6062,      -9.327819305,      -7.342088388,      -8.287431419,      -5.358959684
          0,           0,        6063,      -9.328706008,      -7.342988874,       -8.28827452,      -5.359771532
          0,           0,        6064,      -9.329594163,      -7.343889087,      -8.289535699,      -5.361005461
          0,           0,        6065,      -9.330481318,      -7.344790336,      -8.290969314,      -5.362406808
          0,           0,        6066,      -9.331366823,      -7.345692902,      -8.292289879,      -5.363715728
          0,           0,        6067,      -9.332251296,      -7.346596343,      -8.293347594,       -5.36478587
          0,           0,        6068,      -9.333135687,      -7.347500094,      -8.294136773,      -5.365609304
          0,           0,        6069,      -9.334020634,      -7.348403809,      -8.294749406,      -5.366276216
          0,           0,        6070,      -9.334906339,      -7.349307416,      -8.295292361,      -5.366882585
          0,           0,        6071,      -9.335792599,      -7.350211037,      -8.295836983,      -5.367491017
          0,           0,        6072,      -9.336679185,      -7.351114816,      -8.296403065,      -5.368123047
          0,           0,        6073,      -9.337565931,      -7.352018836,      -8.296991486,      -5.368772839
          0,           0,        6074,      -9.338452788,      -7.352923105,        -8.2975844,      -5.369423992
          0,           0,        6075,      -9.339339826,      -7.353827581,      -8.298182556,      -5.370073819
          0,           0,        6076,      -9.340227114,      -7.354732214,      -8.298789828,      -5.370729674
          0,           0,        6077,        -9.3411147,      -7.355636972,      -8.299418705,      -5.371399682
          0,           0,        6078,      -9.342002608,      -7.356541838,      -8.300074751,       -5.37209318
          0,           0,        6079,      -9.342890821,      -7.357446815,      -8.300777767,      -5.372820659
          0,           0,        6080,      -9.343779313,      -7.358351913,       -8.30152093,      -5.373588913
          0,           0,        6081,      -9.344668054,      -7.359257127,      -8.302301947,      -5.374381962
          0,           0,        6082,      -9.345557054,      -7.360162457,      -8.303121333,      -5.375213884
          0,           0,        6083,      -9.346446306,      -7.361067885,      -8.303970388,       -5.37606288
          0,           0,        6084,      -9.347335818,      -7.361973406,      -8.304848516,       -5.37694431
          0,           0,        6085,       -9.34822557,      -7.362879007,      -8.305745014,      -5.377836775
          0,           0,        6086,      -9.349115591,      -7.363784682,      -8.306668357,       -5.37875525
          0,           0,        6087,       -9.35000585,      -7.364690432,       -8.30760655,      -5.379683923
          0,           0,        6088,      -9.350896347,      -7.365596246,       -8.30855649,      -5.380623787
          0,           0,        6089,       -9.35178707,      -7.366502131,      -8.309514792,       -5.38157306
          0,           0,        6090,       -9.35267803,      -7.367408071,      -8.310479024,      -5.382527804
          0,           0,        6091,      -9.353569206,      -7.368314069,      -8.311439174,      -5.383475862
          0,           0,        6092,       -9.35446062,      -7.369220122,      -8.312402556,      -5.384431889
          0,           0,        6093,      -9.355352242,      -7.370126221,      -8.313358362,      -5.385378887
          0,           0,        6094,      -9.356244089,      -7.371032371,      -8.314306899,      -5.386320973
          0,           0,        6095,      -9.357136149,      -7.371938568,      -8.315248948,      -5.387255372
          0,           0,        6096,      -9.358028432,      -7.372844814,       -8.31618576,      -5.388187796
          0,           0,        6097,      -9.358920918,      -7.373751103,      -8.317106783,      -5.389109565
          0,           0,        6098,      -9.359813623,      -7.374657431,      -8.318017271,      -5.390017023
          0,           0,        6099,      -9.360706548,      -7.375563804,      -8.318928247,      -5.390927693
          0,           0,        6100,       -9.36159967,      -7.376470222,      -8.319821442,      -5.391822472
          0,           0,        6101,      -9.362493011,      -7.377376682,      -8.320714042,      -5.392717747
          0,           0,        6102,      -9.363386569,      -7.378283182,      -8.321595567,      -5.393604574
          0,           0,        6103,      -9.364280325,      -7.379189726,      -8.322473587,      -5.394486168
          0,           0,        6104,      -9.365174297,      -7.380096304,      -8.323344712,      -5.395359814
          0,           0,        6105,      -9.366068487,      -7.381002925,      -8.324214201,       -5.39623565
          0,           0,        6106,      -9.366962886,      -7.381909583,      -8.325081268,      -5.397109422
          0,           0,        6107,      -9.367857488,      -7.382816286,      -8.325949437,      -5.397981737
          0,           0,        6108,       -9.36719639,      -7.386076637,       -8.13869179,      -5.190185003
          0,           0,        6109,        -9.3698933,       -7.38596196,      -8.291110012,      -5.363960536
          0,           0,        6110,       -9.37005348,      -7.388579029,      -8.121455043,      -5.174596726
          0,           0,        6111,      -9.372861628,      -7.388435108,      -8.294082938,      -5.368622784
          0,           0,        6112,       -9.37289211,      -7.391154641,      -8.127568193,      -5.182005873
          0,           0,        6113,      -9.375611362,      -7.391037838,      -8.288739582,      -5.364842813
          0,           0,        6114,       -9.37561052,      -7.393753886,      -8.117265121,      -5.173210116
          0,           0,        6115,      -9.378374902,      -7.393624205,      -8.279126753,      -5.356674567
          0,           0,        6116,      -9.379994521,      -7.393968686,      -8.281248391,      -5.359773249
          0,           0,        6117,      -9.381000145,      -7.394808974,      -8.304430681,      -5.382297099
          0,           0,        6118,      -9.381781402,      -7.395797493,      -8.316518432,      -5.393999164
          0,           0,        6119,      -9.382550721,      -7.396782701,      -8.314461406,      -5.391525498
          0,           0,        6120,      -9.381790636,      -7.400072371,       -8.12665495,      -5.181676523
          0,           0,        6121,      -9.384553633,      -7.399938513,      -8.278736226,      -5.354786716
          0,           0,        6122,      -9.384707214,      -7.402534962,      -8.119379492,      -5.174346301
          0,           0,        6123,      -9.387560489,       -7.40237889,      -8.294864126,      -5.371024536
          0,           0,        6124,      -9.389182489,      -7.402723163,      -8.302210308,       -5.37892652
          0,           0,        6125,      -9.390155126,      -7.403583678,      -8.326839888,      -5.402659799
          0,           0,        6126,      -9.390909038,      -7.404589377,       -8.33733432,       -5.41278133
          0,           0,        6127,      -9.391670959,      -7.405579557,        -8.3328818,      -5.408042271
          0,           0,        6128,      -9.390922038,      -7.408861572,      -8.141928026,      -5.195177595
          0,           0,        6129,       -9.39369253,      -7.408724527,      -8.295828025,      -5.370509374
          0,           0,        6130,      -9.393850414,      -7.411321069,      -8.135088111,      -5.188740618
          0,           0,        6131,      -9.396696996,      -7.411167247,      -8.311563791,      -5.386664093
          0,           0,        6132,      -9.398317072,       -7.41151392,      -8.318064328,      -5.393885409
          0,           0,        6133,       -9.39928808,       -7.41237569,      -8.341896984,      -5.416890421
          0,           0,        6134,      -9.400041299,      -7.413381682,      -8.351180895,      -5.425984228
          0,           0,        6135,       -9.40080276,      -7.414371864,      -8.345352638,      -5.420096679
          0,           0,        6136,      -9.400046845,      -7.417654432,      -8.151585816,      -5.204774549
          0,           0,        6137,      -9.402819646,      -7.417518526,      -8.305232358,      -5.379970895
          0,           0,        6138,      -9.402970842,       -7.42011723,      -8.143163213,      -5.197063607
          0,           0,        6139,      -9.405822367,      -7.419964693,      -8.319173863,      -5.394575135
          0,           0,        6140,      -9.407444059,      -7.420312159,      -8.325338523,      -5.401527087
          0,           0,        6141,      -9.408415171,      -7.421175392,      -8.348528855,       -5.42396661
          0,           0,        6142,      -9.409167939,      -7.422183189,      -8.357224381,      -5.432510777
          0,           0,        6143,       -9.40830452,      -7.425553275,      -8.163779904,      -5.217539117
          0,           0,        6144,      -9.411021987,      -7.425435675,      -8.309054762,      -5.384459353
          0,           0,        6145,      -9.412761649,       -7.42570627,      -8.311690151,      -5.388437618
          0,           0,        6146,      -9.413876384,      -7.426485681,      -8.343785263,      -5.419376047
          0,           0,        6147,       -9.41469395,      -7.427457521,      -8.364490181,      -5.439360836
          0,           0,        6148,      -9.415444004,      -7.428459215,      -8.365101269,       -5.43966265
          0,           0,        6149,      -9.416247735,      -7.429422225,      -8.357569184,      -5.432045878
          0,           0,        6150,      -9.415523495,      -7.432687874,      -8.167062732,      -5.219943657
          0,           0,        6151,      -9.418309669,      -7.432553208,      -8.322537871,      -5.396955535
          0,           0,        6152,      -9.420053145,       -7.43282701,      -8.329130034,      -5.404701803
          0,           0,        6153,      -9.421142282,      -7.433624085,       -8.36175494,      -5.436034216
          0,           0,        6154,      -9.421937535,      -7.434610947,      -8.380148122,      -5.453849968
          0,           0,        6155,      -9.422680666,      -7.435618213,      -8.377640705,      -5.451306022
          0,           0,        6156,      -9.423489135,      -7.436579666,      -8.368014124,      -5.441837741
          0,           0,        6157,      -9.424378519,      -7.437491638,      -8.362489072,      -5.436405389
          0,           0,        6158,      -9.425309584,      -7.438380616,      -8.363799293,      -5.437567739
          0,           0,        6159,      -9.426239454,      -7.439272342,      -8.369436726,      -5.442842747
          0,           0,        6160,      -9.427148307,      -7.440177536,       -8.37567817,      -5.448665268
          0,           0,        6161,      -9.428038723,      -7.441093776,      -8.380135679,      -5.452784702
          0,           0,        6162,      -9.428922575,      -7.442013725,      -8.382355351,      -5.454800044
          0,           0,        6163,       -9.42980969,      -7.442931768,      -8.383204811,      -5.455556389
          0,           0,        6164,      -9.430703335,      -7.443846284,      -8.383750904,      -5.456054113
          0,           0,        6165,      -9.431601777,      -7.444758528,      -8.384612036,      -5.456891056
          0,           0,        6166,      -9.432501617,      -7.445670521,      -8.385886166,      -5.458134545
          0,           0,        6167,      -9.433400434,      -7.446583576,      -8.387318054,      -5.459539082
          0,           0,        6168,      -9.434297635,      -7.447497925,      -8.388639331,      -5.460849624
          0,           0,        6169,      -9.435193819,      -7.448413151,      -8.389694536,      -5.461921132
          0,           0,        6170,      -9.436089932,      -7.449328684,       -8.39048588,      -5.462747351
          0,           0,        6171,      -9.436986627,      -7.450244182,      -8.391106185,      -5.463419933
          0,           0,        6172,      -9.437884052,       -7.45115959,      -8.391652346,       -5.46403166
          0,           0,        6173,      -9.438782046,      -7.452075019,      -8.392202349,      -5.464646706
          0,           0,        6174,      -9.439680363,      -7.452990611,      -8.392774835,      -5.465280989
          0,           0,        6175,       -9.44057885,      -7.453906454,      -8.393367707,      -5.465936219
          0,           0,        6176,      -9.441477456,      -7.454822556,       -8.39396828,        -5.4665962
          0,           0,        6177,      -9.442376248,       -7.45573886,      -8.394569948,      -5.467248406
          0,           0,        6178,      -9.443275297,      -7.456655329,      -8.395182379,      -5.467907891
          0,           0,        6179,      -9.444174664,      -7.457571925,       -8.39582163,      -5.468587108
          0,           0,        6180,      -9.445074363,      -7.458488639,      -8.396493745,      -5.469295159
          0,           0,        6181,      -9.445974354,      -7.459405476,      -8.397201294,      -5.470032584
          0,           0,        6182,      -9.446874624,      -7.460322436,      -8.397955952,      -5.470805257
          0,           0,        6183,      -9.447775175,      -7.461239512,      -8.398753576,       -5.47161445
          0,           0,        6184,      -9.448675997,      -7.462156705,      -8.399577596,      -5.472455892
          0,           0,        6185,      -9.449577062,      -7.463074007,      -8.400445155,      -5.473319034
          0,           0,        6186,      -9.450478389,      -7.463991402,      -8.401335113,      -5.474210829
          0,           0,        6187,      -9.451379981,      -7.464908886,      -8.402247255,      -5.475118502
          0,           0,        6188,      -9.452281814,      -7.465826448,      -8.403175974,      -5.476041993
          0,           0,        6189,      -9.453183924,      -7.466744083,      -8.404134051,      -5.476990303
          0,           0,        6190,      -9.454086266,      -7.467661794,      -8.405095182,      -5.477943588
          0,           0,        6191,      -9.454988847,      -7.468579571,      -8.406065185,      -5.478903966
          0,           0,        6192,      -9.455891656,      -7.469497417,       -8.40704201,      -5.479871412
          0,           0,        6193,      -9.456794693,      -7.470415319,      -8.408017313,      -5.480832226
          0,           0,        6194,       -9.45769796,      -7.471333283,      -8.408993348,      -5.481802256
          0,           0,        6195,      -9.458601462,      -7.472251292,      -8.409958881,      -5.482758875
          0,           0,        6196,      -9.459505184,      -7.473169359,      -8.410918457,      -5.483712773
          0,           0,        6197,      -9.460409132,      -7.474087478,      -8.411875054,      -5.484662688
          0,           0,        6198,      -9.461313296,      -7.475005642,      -8.412817153,      -5.485599255
          0,           0,        6199,       -9.46221767,      -7.475923861,      -8.413755052,      -5.486534898
          0,           0,        6200,      -9.463122261,      -7.476842126,      -8.414680406,      -5.487458367
          0,           0,        6201,      -9.464027086,      -7.477760438,      -8.415594568,      -5.488375121
          0,           0,        6202,      -9.464932116,      -7.478678794,      -8.416502168,      -5.489283499
          0,           0,        6203,      -9.465837367,      -7.479597195,       -8.41740307,       -5.49018498
          0,           0,        6204,      -9.466742827,      -7.480515651,      -8.418297424,      -5.491086094
          0,           0,        6205,      -9.467648506,      -7.481434139,      -8.419182443,      -5.491973404
          0,           0,        6206,      -9.468554406,      -7.482352673,      -8.420065746,      -5.492861737
          0,           0,        6207,      -9.469460524,      -7.483271254,      -8.420948024,      -5.493748121
          0,           0,        6208,      -9.470366852,      -7.484189881,      -8.421825409,      -5.494633607
          0,           0,        6209,      -9.471273376,      -7.485108557,      -8.422699656,      -5.495511557
          0,           0,        6210,      -9.470594499,      -7.488394649,      -8.235505533,       -5.28742472
          0,           0,        6211,      -9.473334886,      -7.488291955,      -8.388078766,      -5.461641784
          0,           0,        6212,      -9.473487928,      -7.490930714,      -8.218432289,       -5.27198452
          0,           0,        6213,      -9.476341191,      -7.490798715,       -8.39095075,       -5.46624237
          0,           0,        6214,      -9.476363931,      -7.493540173,      -8.224364159,      -5.279246615
          0,           0,        6215,      -9.479128234,      -7.493434823,      -8.385517881,      -5.462359023
          0,           0,        6216,      -9.479118913,      -7.496172746,      -8.214091604,      -5.270458776
          0,           0,        6217,      -9.481928874,      -7.496054766,      -8.375934605,      -5.454186169
          0,           0,        6218,      -9.483570203,      -7.496407914,      -8.378113115,      -5.457341986
          0,           0,        6219,       -9.48458992,      -7.497259373,      -8.401102074,      -5.479729794
          0,           0,        6220,      -9.485382971,      -7.498259948,      -8.413097461,      -5.491342079
          0,           0,        6221,      -9.486163762,       -7.49925731,      -8.411111806,      -5.488902369
          0,           0,        6222,      -9.485384069,      -7.502573029,      -8.223555494,      -5.278975519
          0,           0,        6223,      -9.488191954,      -7.502451434,       -8.37584783,      -5.452544155
          0,           0,        6224,      -9.488337646,      -7.505069737,      -8.216543452,      -5.271896385
          0,           0,        6225,      -9.491237089,       -7.50492569,      -8.391922148,      -5.468798614
          0,           0,        6226,      -9.492881093,      -7.505278542,      -8.399289451,      -5.476736905
          0,           0,        6227,      -9.493867995,      -7.506150066,      -8.423717746,      -5.500319719
          0,           0,        6228,      -9.494633859,      -7.507167688,      -8.434139612,      -5.510359103
          0,           0,        6229,      -9.495407354,      -7.508169947,      -8.429794602,      -5.505679207
          0,           0,        6230,      -9.494639063,      -7.511477885,      -8.239079322,      -5.292715945
          0,           0,        6231,      -9.497454084,       -7.51135329,      -8.393179574,      -5.468511706
          0,           0,        6232,      -9.497604302,      -7.513971622,      -8.232445095,      -5.286484243
          0,           0,        6233,      -9.500496726,      -7.513829946,      -8.408807736,      -5.484635127
          0,           0,        6234,      -9.502138812,      -7.514185255,      -8.415320236,      -5.491889363
          0,           0,        6235,      -9.503124107,       -7.51505803,      -8.438932851,      -5.514723121
          0,           0,        6236,      -9.503889267,      -7.516075942,         -8.448135,      -5.523724844
          0,           0,        6237,      -9.504662261,      -7.517078212,      -8.442392948,      -5.517871836
          0,           0,        6238,      -9.503886905,      -7.520386612,      -8.248853475,      -5.302429017
          0,           0,        6239,      -9.506704183,      -7.520263292,      -8.402680505,      -5.478077509
          0,           0,        6240,      -9.506847591,      -7.522883787,      -8.240607093,      -5.294897974
          0,           0,        6241,      -9.509745054,      -7.522743537,      -8.416497641,      -5.492629352
          0,           0,        6242,      -9.511388784,      -7.523099705,      -8.422671802,      -5.499605802
          0,           0,        6243,      -9.512374188,      -7.523973997,      -8.445626452,      -5.521861472
          0,           0,        6244,      -9.513138952,      -7.524993754,      -8.454240913,      -5.530310663
          0,           0,        6245,       -9.51225579,      -7.528389829,      -8.260976491,      -5.315147683
          0,           0,        6246,      -9.515017723,        -7.5282846,      -8.406518582,      -5.482568142
          0,           0,        6247,      -9.516779555,       -7.52856418,      -8.409269937,      -5.486682938
          0,           0,        6248,      -9.517908811,      -7.529354999,      -8.441126976,      -5.517481262
          0,           0,        6249,      -9.518738385,      -7.530339004,      -8.461630473,      -5.537301551
          0,           0,        6250,      -9.519500073,       -7.53135284,      -8.462227398,      -5.537558869
          0,           0,        6251,      -9.520315647,      -7.532327946,      -8.454821928,       -5.53001824
          0,           0,        6252,       -9.51957248,      -7.535619292,      -8.264526989,      -5.317795362
          0,           0,        6253,      -9.522403355,      -7.535497381,      -8.420175252,      -5.495254274
          0,           0,        6254,      -9.524169086,      -7.535780215,      -8.426834188,       -5.50309536
          0,           0,        6255,      -9.525272811,      -7.536588621,      -8.459189132,       -5.53426262
          0,           0,        6256,       -9.52608021,      -7.537587539,      -8.477386698,      -5.551913034
          0,           0,        6257,      -9.526835036,       -7.53860691,      -8.474902633,      -5.549338765
          0,           0,        6258,      -9.527655373,       -7.53958047,      -8.465405417,      -5.539949449
          0,           0,        6259,      -9.528556792,      -7.540504668,      -8.460013197,      -5.534626212
          0,           0,        6260,      -9.529499901,      -7.541406002,      -8.461390812,      -5.535862582
          0,           0,        6261,      -9.530441806,      -7.542310106,       -8.46702617,       -5.54115785
          0,           0,        6262,      -9.531362692,       -7.54322764,      -8.473253449,      -5.546982902
          0,           0,        6263,      -9.532265186,      -7.544156125,      -8.477680294,      -5.551083301
          0,           0,        6264,      -9.533161244,      -7.545088246,       -8.47991104,      -5.553117097
          0,           0,        6265,      -9.534060568,      -7.546018449,      -8.480786567,      -5.553881565
          0,           0,        6266,       -9.53496643,      -7.546945157,      -8.481353105,      -5.554411375
          0,           0,        6267,      -9.535877033,      -7.547869638,      -8.482243527,      -5.555269081
          0,           0,        6268,      -9.536788977,      -7.548793902,      -8.483522525,      -5.556518355
          0,           0,        6269,      -9.537699915,      -7.549719236,      -8.484956368,      -5.557933382
          0,           0,        6270,      -9.538609235,      -7.550645861,      -8.486273039,      -5.559242381
          0,           0,        6271,      -9.539517565,       -7.55157335,      -8.487332022,       -5.56031783
          0,           0,        6272,      -9.540425842,      -7.552501142,      -8.488126138,      -5.561144387
          0,           0,        6273,      -9.541334699,      -7.553428909,      -8.488747742,      -5.561823061
          0,           0,        6274,      -9.542244289,      -7.554356596,      -8.489305818,      -5.562437835
          0,           0,        6275,       -9.54315446,      -7.555284311,      -8.489855756,      -5.563058891
          0,           0,        6276,      -9.544064951,      -7.556212211,      -8.490435969,      -5.563703348
          0,           0,        6277,      -9.544975606,      -7.557140352,      -8.491028504,      -5.564354997
          0,           0,        6278,      -9.545886399,      -7.558068763,      -8.491637772,      -5.565022408
          0,           0,        6279,      -9.546797396,      -7.558997382,      -8.492248538,      -5.565683626
          0,           0,        6280,       -9.54770865,      -7.559926174,      -8.492874076,      -5.566356209
          0,           0,        6281,      -9.548620224,      -7.560855097,      -8.493513094,      -5.567038918
          0,           0,        6282,      -9.549532144,      -7.561784139,      -8.494197703,       -5.56775164
          0,           0,        6283,      -9.550444361,      -7.562713317,      -8.494918442,      -5.568503916
          0,           0,        6284,      -9.551356877,      -7.563642614,      -8.495683735,       -5.56928732
          0,           0,        6285,      -9.552269674,       -7.56457204,       -8.49649109,      -5.570107936
          0,           0,        6286,      -9.553182743,      -7.565501586,      -8.497334706,      -5.570960624
          0,           0,        6287,      -9.554096067,      -7.566431237,       -8.49820828,      -5.571834038
          0,           0,        6288,       -9.55500966,      -7.567360999,      -8.499109845,      -5.572740477
          0,           0,        6289,      -9.555923525,      -7.568290845,      -8.500037387,       -5.57366196
          0,           0,        6290,      -9.556837655,       -7.56922078,      -8.500986171,      -5.574602946
          0,           0,        6291,      -9.557752038,      -7.570150791,      -8.501955177,      -5.575561424
          0,           0,        6292,       -9.55866666,       -7.57108088,       -8.50292744,      -5.576523292
          0,           0,        6293,      -9.559581533,      -7.572011045,      -8.503913011,      -5.577501709
          0,           0,        6294,      -9.560496668,      -7.572941266,       -8.50489971,      -5.578480678
          0,           0,        6295,      -9.561412022,      -7.573871557,      -8.505890839,      -5.579459143
          0,           0,        6296,      -9.562327591,      -7.574801914,      -8.506879211,      -5.580434111
          0,           0,        6297,      -9.563243409,      -7.575732327,      -8.507857749,      -5.581407442
          0,           0,        6298,      -9.564159451,        -7.5766628,      -8.508829944,      -5.582374778
          0,           0,        6299,      -9.565075728,      -7.577593318,      -8.509795458,      -5.583332126
          0,           0,        6300,      -9.565992233,      -7.578523894,      -8.510752014,      -5.584284443
          0,           0,        6301,      -9.566908946,      -7.579454535,      -8.511704675,      -5.585234082
          0,           0,        6302,      -9.567825875,      -7.580385219,      -8.512632944,      -5.586163787
          0,           0,        6303,      -9.568743049,      -7.581315955,      -8.513561278,       -5.58709104
          0,           0,        6304,      -9.569660439,      -7.582246737,      -8.514482987,      -5.588012638
          0,           0,        6305,      -9.570578053,      -7.583177575,      -8.515393581,      -5.588927606
          0,           0,        6306,      -9.571495871,      -7.584108459,      -8.516299005,      -5.589835018
          0,           0,        6307,      -9.572413935,      -7.585039394,      -8.517193286,      -5.590735765
          0,           0,        6308,      -9.573332199,      -7.585970382,      -8.518087921,       -5.59163468
          0,           0,        6309,      -9.574250683,      -7.586901407,      -8.518979314,      -5.592527283
          0,           0,        6310,      -9.575169422,      -7.587832487,      -8.519871092,      -5.593429963
          0,           0,        6311,      -9.576088352,      -7.588763612,      -8.520755501,      -5.594318041
          0,           0,        6312,      -9.575392603,      -7.592075369,      -8.333611881,      -5.385940533
          0,           0,        6313,      -9.578176828,       -7.59198597,      -8.486359952,      -5.560605624
          0,           0,        6314,      -9.578323539,      -7.594646619,      -8.316714932,       -5.37066855
          0,           0,        6315,      -9.581222273,      -7.594527847,      -8.489121062,      -5.565139011
          0,           0,        6316,      -9.581238142,      -7.597291345,      -8.322457261,      -5.377769768
          0,           0,        6317,      -9.584047983,      -7.597198714,      -8.483598137,      -5.561148468
          0,           0,        6318,      -9.584031061,      -7.599958637,      -8.312217828,      -5.368997164
          0,           0,        6319,      -9.586887058,       -7.59985364,      -8.474041988,      -5.552973883
          0,           0,        6320,      -9.588550421,      -7.600216212,      -8.476294736,      -5.556207595
          0,           0,        6321,      -9.589584741,      -7.601079331,      -8.499072775,      -5.578438446
          0,           0,        6322,      -9.590390199,      -7.602092378,      -8.510973393,      -5.589951107
          0,           0,        6323,      -9.591183034,      -7.603102331,      -8.509057422,      -5.587545443
          0,           0,        6324,      -9.590384676,      -7.606444012,      -8.321756174,      -5.377558653
          0,           0,        6325,      -9.593237851,      -7.606336042,      -8.474264579,      -5.551587455
          0,           0,        6326,      -9.593376396,      -7.608976401,      -8.315013521,      -5.370739196
          0,           0,        6327,      -9.596322451,       -7.60884573,       -8.49029304,      -5.567864308
          0,           0,        6328,      -9.597988788,      -7.609207889,      -8.497685531,      -5.575843195
          0,           0,        6329,      -9.598990543,      -7.610090893,      -8.521903125,      -5.599262515
          0,           0,        6330,      -9.599768989,      -7.611120838,      -8.532253232,      -5.609213907
          0,           0,        6331,      -9.600554668,      -7.612135609,      -8.528018576,      -5.604597197
          0,           0,        6332,      -9.599767956,       -7.61546938,      -8.337536443,      -5.391543321
          0,           0,        6333,      -9.602627858,      -7.615358609,       -8.49184855,      -5.567811478
          0,           0,        6334,      -9.602771243,      -7.617998928,      -8.331122886,      -5.385531784
          0,           0,        6335,      -9.605709867,       -7.61787077,      -8.507374036,      -5.583914023
          0,           0,        6336,      -9.607374315,      -7.618235435,      -8.513898042,       -5.59118559
          0,           0,        6337,      -9.608374491,      -7.619119694,      -8.537289558,      -5.613852137
          0,           0,        6338,       -9.60915221,      -7.620149921,         -8.546395,      -5.622736348
          0,           0,        6339,      -9.609937354,      -7.621164731,      -8.540753687,      -5.616937388
          0,           0,        6340,      -9.609143547,      -7.624498843,      -8.347428894,      -5.401379666
          0,           0,        6341,      -9.612005629,      -7.624389525,       -8.50145793,      -5.577487882
          0,           0,        6342,      -9.612142069,      -7.627031992,      -8.339372714,      -5.394040562
          0,           0,        6343,      -9.615085861,      -7.626905386,      -8.515141591,      -5.591979551
          0,           0,        6344,      -9.616751932,      -7.627271016,      -8.521321549,      -5.598978308
          0,           0,        6345,      -9.617752273,      -7.628156841,      -8.544057304,      -5.621060279
          0,           0,        6346,       -9.61852964,      -7.629188973,      -8.552569879,      -5.629388644
          0,           0,        6347,      -9.617627873,      -7.632610861,      -8.359479141,      -5.414052468
          0,           0,        6348,      -9.620434646,      -7.632519372,      -8.505306431,      -5.581975144
          0,           0,        6349,      -9.622218888,      -7.632808781,      -8.508180903,       -5.58624123
          0,           0,        6350,      -9.623363095,      -7.633611561,      -8.539792295,      -5.616884381
          0,           0,        6351,      -9.624205305,      -7.634608163,      -8.560088496,      -5.636531218
          0,           0,        6352,      -9.624979223,      -7.635634585,      -8.560682306,      -5.636749421
          0,           0,        6353,      -9.625807204,      -7.636622256,      -8.553394965,      -5.629282423
          0,           0,        6354,      -9.625046172,       -7.63993917,      -8.363309016,      -5.416949646
          0,           0,        6355,      -9.627922042,       -7.63983145,      -8.519143724,      -5.594858034
          0,           0,        6356,      -9.629710269,      -7.640124145,      -8.525869796,      -5.602803786
          0,           0,        6357,      -9.630829076,      -7.640944408,      -8.557952729,      -5.633791201
          0,           0,        6358,      -9.631649243,      -7.641955819,      -8.575953698,      -5.651265375
          0,           0,        6359,      -9.632416385,      -7.642987725,      -8.573484296,      -5.648661916
          0,           0,        6360,      -9.633249155,      -7.643973865,      -8.564124929,      -5.639362216
          0,           0,        6361,      -9.634163092,      -7.644910809,      -8.558863012,      -5.634144502
          0,           0,        6362,      -9.635118717,      -7.645825029,      -8.560316311,      -5.635462629
          0,           0,        6363,      -9.636073095,      -7.646742053,      -8.565952801,      -5.640778285
          0,           0,        6364,      -9.637006488,      -7.647672437,      -8.572145109,       -5.64659541
          0,           0,        6365,      -9.637921594,      -7.648613663,      -8.576558023,      -5.650683192
          0,           0,        6366,      -9.638830351,       -7.64955846,      -8.578797338,      -5.652726115
          0,           0,        6367,      -9.639742403,      -7.650501335,      -8.579691279,      -5.653512748
          0,           0,        6368,      -9.640660962,      -7.651440751,      -8.580300992,      -5.654070329
          0,           0,        6369,      -9.641584221,      -7.652377979,      -8.581201444,      -5.654947534
          0,           0,        6370,      -9.642508771,      -7.653315032,      -8.582491843,      -5.656210139
          0,           0,        6371,      -9.643432316,      -7.654253151,      -8.583931578,      -5.657630779
          0,           0,        6372,      -9.644354253,      -7.655192566,      -8.585247888,        -5.6589411
          0,           0,        6373,      -9.645275209,      -7.656132829,      -8.586300262,      -5.660009835
          0,           0,        6374,      -9.646196145,      -7.657073403,      -8.587100773,      -5.660848345
          0,           0,        6375,       -9.64711768,      -7.658013938,      -8.587723256,      -5.661525014
          0,           0,        6376,      -9.648039943,      -7.658954423,      -8.588290098,      -5.662155016
          0,           0,        6377,      -9.648962765,      -7.659894945,      -8.588846428,      -5.662777343
          0,           0,        6378,       -9.64988592,      -7.660835647,      -8.589429169,      -5.663424489
          0,           0,        6379,      -9.650809248,      -7.661776616,      -8.590032436,      -5.664084365
          0,           0,        6380,      -9.651732722,      -7.662717847,      -8.590638691,       -5.66474968
          0,           0,        6381,      -9.652656408,      -7.663659306,      -8.591262792,      -5.665426008
          0,           0,        6382,      -9.653580371,      -7.664600932,      -8.591893896,      -5.666103228
          0,           0,        6383,      -9.654504661,      -7.665542694,      -8.592548463,      -5.666793115
          0,           0,        6384,      -9.655429285,      -7.666484587,      -8.593230115,      -5.667513087
          0,           0,        6385,      -9.656354268,      -7.667426606,      -8.593977356,      -5.668284238
          0,           0,        6386,       -9.65727949,      -7.668368769,      -8.594745188,      -5.669069665
          0,           0,        6387,      -9.658205041,      -7.669311058,      -8.595568073,      -5.669907474
          0,           0,        6388,      -9.659130848,      -7.670253476,      -8.596422102,      -5.670769836
          0,           0,        6389,      -9.660056939,      -7.671196005,      -8.597311365,      -5.671661042
          0,           0,        6390,      -9.660983304,      -7.672138647,      -8.598227283,      -5.672578825
          0,           0,        6391,      -9.661909942,      -7.673081374,      -8.599171674,      -5.673512445
          0,           0,        6392,      -9.662836861,      -7.674024191,      -8.600130002,      -5.674470523
          0,           0,        6393,      -9.663764007,      -7.674967104,      -8.601110115,      -5.675435039
          0,           0,        6394,      -9.664691449,      -7.675910087,      -8.602102237,       -5.67641949
          0,           0,        6395,       -9.66561912,      -7.676853149,      -8.603102147,      -5.677411686
          0,           0,        6396,      -9.666547051,      -7.677796279,      -8.604099034,      -5.678397062
          0,           0,        6397,      -9.667475203,       -7.67873949,      -8.605105054,      -5.679390964
          0,           0,        6398,      -9.668403605,      -7.679682757,      -8.606104754,      -5.680380337
          0,           0,        6399,       -9.66933226,      -7.680626085,      -8.607098831,       -5.68136621
          0,           0,        6400,      -9.670261121,      -7.681569483,       -8.60808066,      -5.682344656
          0,           0,        6401,      -9.671190228,      -7.682512932,      -8.609061084,      -5.683314373
          0,           0,        6402,       -9.67211956,      -7.683456451,      -8.610031626,      -5.684285455
          0,           0,        6403,      -9.673049125,      -7.684400023,      -8.610990988,      -5.685240251
          0,           0,        6404,      -9.673978924,      -7.685343657,      -8.611940261,       -5.68619107
          0,           0,        6405,      -9.674908924,      -7.686287338,       -8.61287896,      -5.687124364
          0,           0,        6406,      -9.675839163,      -7.687231077,      -8.613800551,       -5.68804839
          0,           0,        6407,      -9.676769671,      -7.688174864,      -8.614734724,       -5.68898656
          0,           0,        6408,      -9.677700349,      -7.689118713,      -8.615641741,      -5.689896691
          0,           0,        6409,      -9.678631296,      -7.690062619,      -8.616555475,      -5.690819354
          0,           0,        6410,      -9.679562434,       -7.69100657,      -8.617456466,      -5.691716427
          0,           0,        6411,      -9.680493829,      -7.691950583,      -8.618368499,      -5.692638307
          0,           0,        6412,      -9.681425421,      -7.692894643,      -8.619258313,      -5.693534522
          0,           0,        6413,      -9.682357256,      -7.693838758,      -8.620161391,      -5.694439291
          0,           0,        6414,      -9.681645938,      -7.697175952,      -8.433055164,        -5.4857794
          0,           0,        6415,       -9.68447424,      -7.697101349,      -8.585982634,      -5.660890736
          0,           0,        6416,      -9.684615649,      -7.699783984,      -8.416349585,      -5.470684599
          0,           0,        6417,      -9.687560092,      -7.699679972,      -8.588647353,      -5.665368481
          0,           0,        6418,      -9.687570262,      -7.702465559,      -8.421897298,      -5.477629332
          0,           0,        6419,      -9.690425933,      -7.702387113,      -8.583027706,      -5.661266076
          0,           0,        6420,      -9.690402571,      -7.705169048,      -8.411682302,      -5.468861662
          0,           0,        6421,       -9.69330492,      -7.705078535,      -8.573497069,       -5.65308656
          0,           0,        6422,      -9.694990606,      -7.705451353,      -8.575822341,      -5.656397031
          0,           0,        6423,      -9.696040142,      -7.706326664,      -8.598401369,       -5.67847226
          0,           0,        6424,      -9.696858658,      -7.707352646,      -8.610197681,      -5.689879907
          0,           0,        6425,      -9.697664152,       -7.70837567,      -8.608345363,      -5.687499571
          0,           0,        6426,      -9.696848405,      -7.711743083,      -8.421296487,       -5.47746365
          0,           0,        6427,       -9.69974716,      -7.711650318,      -8.574041856,      -5.651974072
          0,           0,        6428,        -9.6998796,      -7.714312855,      -8.414840549,      -5.470925501
          0,           0,        6429,      -9.702872478,      -7.714197115,      -8.590018645,       -5.66826118
          0,           0,        6430,      -9.704561495,      -7.714569408,      -8.597449714,      -5.676296549
          0,           0,        6431,      -9.705578748,      -7.715464386,      -8.621450668,       -5.69953565
          0,           0,        6432,      -9.706370458,      -7.716507102,      -8.631720994,       -5.70939222
          0,           0,        6433,      -9.707168956,      -7.717534859,      -8.627592251,      -5.704838088
          0,           0,        6434,      -9.706365197,       -7.72089422,      -8.437353596,      -5.491711475
          0,           0,        6435,      -9.709270181,      -7.720798862,      -8.591881724,       -5.66845089
          0,           0,        6436,      -9.709407763,      -7.723461291,      -8.431159379,      -5.485928357
          0,           0,        6437,      -9.712392843,      -7.723348208,      -8.607309343,      -5.684526137
          0,           0,        6438,       -9.71407995,      -7.723723083,      -8.613851316,      -5.691845606
          0,           0,        6439,      -9.715095603,      -7.724619342,      -8.637007822,      -5.714311552
          0,           0,        6440,      -9.715886646,      -7.725662325,      -8.646025549,       -5.72308654
          0,           0,        6441,      -9.716684584,      -7.726690127,      -8.640481369,       -5.71733582
          0,           0,        6442,      -9.715873667,      -7.730049688,      -8.447355634,      -5.501667377
          0,           0,        6443,      -9.718780746,      -7.729955989,      -8.601607094,      -5.678241861
          0,           0,        6444,      -9.718911322,      -7.732620545,      -8.439506279,      -5.494539353
          0,           0,        6445,      -9.721901587,      -7.732509198,       -8.61515516,      -5.692675236
          0,           0,        6446,      -9.723590366,      -7.732885125,      -8.621352096,      -5.699713086
          0,           0,        6447,      -9.724606234,      -7.733782998,      -8.643840103,      -5.721582285
          0,           0,        6448,      -9.725396955,      -7.734827938,      -8.652265941,      -5.729795973
          0,           0,        6449,      -9.724478097,      -7.738275294,      -8.459342357,      -5.514295856
          0,           0,        6450,      -9.727329936,      -7.738199171,      -8.605468407,      -5.682743566
          0,           0,        6451,      -9.729136682,      -7.738499342,      -8.608467732,      -5.687153749
          0,           0,        6452,      -9.730296356,      -7.739314696,        -8.6398313,      -5.717631561
          0,           0,        6453,      -9.731151896,      -7.740324367,      -8.659918441,       -5.73709872
          0,           0,        6454,      -9.731938732,      -7.741363842,      -8.660501122,      -5.737270976
          0,           0,        6455,      -9.732779719,      -7.742364579,      -8.653335484,      -5.729882775
          0,           0,        6456,      -9.732002241,      -7.745706792,      -8.463454009,      -5.517450866
          0,           0,        6457,       -9.73492327,      -7.745614916,      -8.619492213,      -5.695816438
          0,           0,        6458,      -9.736734152,      -7.745918413,      -8.626300138,      -5.703888197
          0,           0,        6459,      -9.737868549,      -7.746751123,      -8.658094717,      -5.734661958
          0,           0,        6460,      -9.738702169,      -7.747775502,      -8.675888642,      -5.751956132
          0,           0,        6461,      -9.739482356,      -7.748820386,      -8.673432919,      -5.749322349
          0,           0,        6462,      -9.740328182,      -7.749819613,      -8.664218833,      -5.740114113
          0,           0,        6463,      -9.741255159,      -7.750769872,      -8.659098836,      -5.735022862
          0,           0,        6464,      -9.742223791,      -7.751697551,      -8.660610743,      -5.736402526
          0,           0,        6465,      -9.743191155,      -7.752628074,      -8.666256171,      -5.741744892
          0,           0,        6466,      -9.744137575,      -7.753571872,      -8.672430445,      -5.747556063
          0,           0,        6467,      -9.745065833,      -7.754526403,      -8.676818712,      -5.751638999
          0,           0,        6468,      -9.745987832,      -7.755484429,      -8.679065363,      -5.753682578
          0,           0,        6469,      -9.746913169,      -7.756440518,        -8.6799809,      -5.754494841
          0,           0,        6470,       -9.74784499,       -7.75739319,      -8.680624089,       -5.75508428
          0,           0,        6471,      -9.748781437,      -7.758343714,      -8.681545767,      -5.755973131
          0,           0,        6472,      -9.749719158,       -7.75929411,      -8.682853614,      -5.757259389
          0,           0,        6473,      -9.750655827,      -7.760245576,      -8.684290983,       -5.75867566
          0,           0,        6474,      -9.751590892,      -7.761198334,      -8.685594118,      -5.759983566
          0,           0,        6475,       -9.75252505,      -7.762151934,      -8.686658307,      -5.761065592
          0,           0,        6476,      -9.753459193,      -7.763105823,      -8.687452116,      -5.761897502
          0,           0,        6477,       -9.75439391,      -7.764059708,      -8.688086827,       -5.76258337
          0,           0,        6478,      -9.755329385,      -7.765013529,      -8.688656883,      -5.763215552
          0,           0,        6479,      -9.756265419,      -7.765967414,      -8.689221811,      -5.763844489
          0,           0,        6480,      -9.757201775,      -7.766921495,      -8.689806268,      -5.764496655
          0,           0,        6481,      -9.758138307,      -7.767875843,      -8.690414723,      -5.765164593
          0,           0,        6482,      -9.759075017,      -7.768830459,      -8.691033214,      -5.765839544
          0,           0,        6483,      -9.760011918,      -7.769785307,      -8.691654913,       -5.76651226
          0,           0,        6484,      -9.760949146,       -7.77074032,      -8.692296567,      -5.767199797
          0,           0,        6485,      -9.761886682,      -7.771695483,      -8.692963367,      -5.767901046
          0,           0,        6486,      -9.762824584,      -7.772650788,      -8.693666148,      -5.768640074
          0,           0,        6487,      -9.763762781,       -7.77360623,       -8.69440769,      -5.769402128
          0,           0,        6488,      -9.764701338,      -7.774561802,      -8.695201139,      -5.770219908
          0,           0,        6489,      -9.765640141,      -7.775517519,      -8.696029537,      -5.771055851
          0,           0,        6490,       -9.76657927,      -7.776473367,      -8.696899316,      -5.771935775
          0,           0,        6491,       -9.76751866,      -7.777429333,      -8.697800371,      -5.772837733
          0,           0,        6492,      -9.768458333,      -7.778385415,      -8.698732244,      -5.773772779
          0,           0,        6493,      -9.769398274,      -7.779341594,       -8.69968444,       -5.77471348
          0,           0,        6494,      -9.770338522,      -7.780297863,      -8.700670647,      -5.775694673
          0,           0,        6495,      -9.771279009,      -7.781254233,      -8.701657784,      -5.776675457
          0,           0,        6496,      -9.772219793,      -7.782210668,      -8.702666008,      -5.777670761
          0,           0,        6497,      -9.773160813,      -7.783167203,      -8.703682376,      -5.778675365
          0,           0,        6498,      -9.774102069,      -7.784123812,      -8.704695116,      -5.779674577
          0,           0,        6499,      -9.775043583,      -7.785080487,      -8.705708919,      -5.780679204
          0,           0,        6500,      -9.775985378,      -7.786037238,      -8.706722151,      -5.781686754
          0,           0,        6501,      -9.776927367,      -7.786994064,      -8.707732099,      -5.782688547
          0,           0,        6502,      -9.777869606,      -7.787950941,      -8.708731083,      -5.783678335
          0,           0,        6503,      -9.778812106,      -7.788907891,      -8.709724959,      -5.784665758
          0,           0,        6504,      -9.779754815,      -7.789864911,      -8.710706383,      -5.785644761
          0,           0,        6505,      -9.780697756,      -7.790821989,      -8.711675196,      -5.786610507
          0,           0,        6506,      -9.781640945,      -7.791779129,      -8.712637502,      -5.787567319
          0,           0,        6507,      -9.782584378,      -7.792736324,      -8.713589961,      -5.788521179
          0,           0,        6508,      -9.783528015,       -7.79369359,      -8.714527987,      -5.789462386
          0,           0,        6509,      -9.784471896,      -7.794650917,       -8.71546602,      -5.790405021
          0,           0,        6510,      -9.785416032,      -7.795608292,      -8.716394245,       -5.79133193
          0,           0,        6511,      -9.786360363,       -7.79656573,      -8.717309706,      -5.792255486
          0,           0,        6512,      -9.787304963,      -7.797523226,      -8.718230478,      -5.793176866
          0,           0,        6513,      -9.788249782,      -7.798480785,      -8.719140263,      -5.794102068
          0,           0,        6514,      -9.789194807,      -7.799438398,      -8.720058269,      -5.795012439
          0,           0,        6515,      -9.790140106,      -7.800396073,      -8.720965257,      -5.795928502
          0,           0,        6516,      -9.789414878,      -7.803758316,       -8.53389558,      -5.586994866
          0,           0,        6517,      -9.792287265,      -7.803700265,       -8.68701588,      -5.762561276
          0,           0,        6518,      -9.792424676,      -7.806404922,      -8.517385003,      -5.572090704
          0,           0,        6519,      -9.795414777,      -7.806317437,      -8.689574341,      -5.766973079
          0,           0,        6520,      -9.795420762,      -7.809124995,      -8.522734667,      -5.578862653
          0,           0,        6521,      -9.798322365,      -7.809062443,         -8.683843,      -5.762747643
          0,           0,        6522,      -9.798294043,      -7.811866313,       -8.51254616,      -5.570106633
          0,           0,        6523,      -9.801242849,      -7.811792051,      -8.674352795,      -5.754585888
          0,           0,        6524,      -9.802951072,       -7.81217605,       -8.67676104,      -5.757978297
          0,           0,        6525,      -9.804016394,       -7.81306415,      -8.699123101,       -5.77987288
          0,           0,        6526,      -9.804848707,      -7.814103543,      -8.710809346,      -5.791158157
          0,           0,        6527,      -9.805667635,      -7.815140129,      -8.709033897,      -5.788829274
          0,           0,        6528,      -9.804836211,      -7.818532877,      -8.522229244,       -5.57874957
          0,           0,        6529,      -9.807780531,      -7.818457124,      -8.675226301,      -5.753735049
          0,           0,        6530,      -9.807908203,      -7.821141907,      -8.516083914,      -5.572516824
          0,           0,        6531,      -9.810947873,      -7.821042893,      -8.691161423,      -5.770045626
          0,           0,        6532,      -9.812659794,      -7.821426268,      -8.698632945,      -5.778142334
          0,           0,        6533,      -9.813693204,      -7.822333798,      -8.722408523,      -5.801191124
          0,           0,        6534,      -9.814499034,      -7.823389709,      -8.732594669,      -5.810937529
          0,           0,        6535,      -9.815311078,       -7.82443095,      -8.728576653,      -5.806451712
          0,           0,        6536,      -9.814492073,      -7.827815469,      -8.538568513,      -5.593269046
          0,           0,        6537,      -9.817442028,      -7.827737389,      -8.693342199,      -5.770489373
          0,           0,        6538,      -9.817575206,      -7.830421976,      -8.532623749,       -5.58773947
          0,           0,        6539,      -9.820606611,       -7.83032579,      -8.708653071,      -5.786529765
          0,           0,        6540,      -9.822316627,      -7.830711829,       -8.71524165,      -5.793904619
          0,           0,        6541,      -9.823348455,      -7.831620626,      -8.738148458,      -5.816159325
          0,           0,        6542,      -9.824153631,      -7.832676823,       -8.74706589,       -5.82481025
          0,           0,        6543,      -9.824965062,      -7.833718127,      -8.741610134,      -5.819101633
          0,           0,        6544,      -9.824138933,      -7.837102695,      -8.548705608,      -5.603355911
          0,           0,        6545,      -9.827090874,      -7.837026488,      -8.703172798,      -5.780405808
          0,           0,        6546,      -9.827216955,       -7.83971316,      -8.541071187,      -5.596447829
          0,           0,        6547,      -9.830253625,      -7.839618918,      -8.716598343,      -5.794776751
          0,           0,        6548,      -9.831965258,      -7.840006131,      -8.722812697,      -5.801847993
          0,           0,        6549,      -9.832997393,      -7.840916605,       -8.74505848,      -5.823508363
          0,           0,        6550,      -9.833802263,      -7.841974807,      -8.753375297,      -5.831585472
          0,           0,        6551,      -9.832868338,      -7.845447072,      -8.560611406,      -5.615927881
          0,           0,        6552,      -9.835765173,      -7.845388155,      -8.707044676,      -5.784897534
          0,           0,        6553,      -9.837594494,      -7.845700214,      -8.710212159,      -5.789497458
          0,           0,        6554,      -9.838770091,      -7.846528816,      -8.741305695,      -5.819784452
          0,           0,        6555,      -9.839639639,       -7.84755207,      -8.761154047,      -5.839041271
          0,           0,        6556,      -9.840440215,      -7.848605055,      -8.761730788,      -5.839179135
          0,           0,        6557,      -9.841294907,       -7.84961941,      -8.754700399,      -5.831870068
          0,           0,        6558,      -9.840502882,      -7.852986456,      -8.565025805,      -5.619359838
          0,           0,        6559,      -9.843468885,      -7.852912331,      -8.721271524,       -5.79818031
          0,           0,        6560,      -9.845302414,      -7.853227763,      -8.728182436,      -5.806393216
          0,           0,        6561,      -9.846452957,      -7.854073565,      -8.759667421,      -5.836944414
          0,           0,        6562,      -9.847300825,      -7.855111378,      -8.777250789,       -5.85404324
          0,           0,        6563,      -9.848094816,      -7.856169711,      -8.774804634,      -5.851360612
          0,           0,        6564,      -9.848954383,      -7.857182585,      -8.765753378,       -5.84227311
          0,           0,        6565,      -9.849894984,      -7.858146735,      -8.760772249,      -5.837292994
          0,           0,        6566,      -9.850877152,      -7.859088531,      -8.762353303,      -5.838753559
          0,           0,        6567,      -9.851857983,      -7.860033197,      -8.768009312,      -5.844129787
          0,           0,        6568,         -9.852818,      -7.860991018,      -8.774141408,      -5.849921652
          0,           0,        6569,      -9.853759977,      -7.861959435,      -8.778508052,      -5.853983053
          0,           0,        6570,      -9.854695852,      -7.862931263,      -8.780764353,      -5.856044195
          0,           0,        6571,      -9.855635064,      -7.863901158,      -8.781719887,      -5.856880316
          0,           0,        6572,      -9.856580738,      -7.864867679,       -8.78238842,      -5.857499733
          0,           0,        6573,      -9.857530936,      -7.865832124,      -8.783341545,      -5.858418835
          0,           0,        6574,      -9.858482325,      -7.866796463,      -8.784644692,      -5.859703175
          0,           0,        6575,       -9.85943273,      -7.867761884,      -8.786085036,      -5.861130319
          0,           0,        6576,      -9.860381518,      -7.868728575,      -8.787389367,      -5.862437459
          0,           0,        6577,      -9.861329448,      -7.869696097,      -8.788457376,      -5.863518272
          0,           0,        6578,      -9.862277366,      -7.870663922,      -8.789253151,      -5.864354782
          0,           0,        6579,      -9.863225845,      -7.871631743,      -8.789893801,      -5.865048104
          0,           0,        6580,      -9.864175095,      -7.872599524,      -8.790458543,       -5.86568213
          0,           0,        6581,      -9.865124914,      -7.873567371,      -8.791051963,      -5.866328784
          0,           0,        6582,      -9.866075044,      -7.874535419,      -8.791628823,      -5.866976005
          0,           0,        6583,      -9.867025339,       -7.87550375,      -8.792237905,      -5.867645755
          0,           0,        6584,      -9.867975865,      -7.876472349,      -8.792867653,      -5.868328341
          0,           0,        6585,      -9.868926576,      -7.877441183,       -8.79349769,      -5.869013325
          0,           0,        6586,      -9.869877597,       -7.87841021,      -8.794144074,      -5.869707725
          0,           0,        6587,      -9.870828982,      -7.879379367,      -8.794820964,      -5.870412026
          0,           0,        6588,      -9.871780713,      -7.880348687,      -8.795538933,      -5.871173143
          0,           0,        6589,      -9.872732754,      -7.881318136,      -8.796283976,      -5.871929088
          0,           0,        6590,      -9.873685177,       -7.88228775,      -8.797102981,      -5.872782922
          0,           0,        6591,      -9.874637818,      -7.883257488,      -8.797938899,      -5.873613325
          0,           0,        6592,      -9.875590814,      -7.884227379,      -8.798820234,       -5.87451498
          0,           0,        6593,      -9.876544073,      -7.885197391,      -8.799738279,      -5.875427959
          0,           0,        6594,      -9.877497634,      -7.886167505,      -8.800679474,      -5.876367679
          0,           0,        6595,      -9.878451496,      -7.887137743,      -8.801663917,      -5.877350121
          0,           0,        6596,      -9.879405594,      -7.888108063,      -8.802644622,      -5.878313992
          0,           0,        6597,      -9.880360029,      -7.889078501,      -8.803659951,       -5.87932972
          0,           0,        6598,      -9.881314702,      -7.890049013,       -8.80468143,      -5.880336922
          0,           0,        6599,      -9.882269639,      -7.891019612,      -8.805707974,      -5.881350918
          0,           0,        6600,      -9.883224822,      -7.891990307,      -8.806745661,      -5.882375175
          0,           0,        6601,      -9.884180261,       -7.89296107,      -8.807770892,      -5.883391286
          0,           0,        6602,      -9.885135993,      -7.893931901,      -8.808797004,      -5.884411155
          0,           0,        6603,      -9.886091934,      -7.894902817,      -8.809824111,       -5.88542433
          0,           0,        6604,      -9.887048113,      -7.895873814,      -8.810840132,      -5.886438742
          0,           0,        6605,      -9.888004549,      -7.896844858,      -8.811832331,      -5.887421566
          0,           0,        6606,      -9.888961204,      -7.897815987,      -8.812835415,      -5.888417255
          0,           0,        6607,      -9.889918133,      -7.898787179,      -8.813816489,      -5.889399429
          0,           0,        6608,      -9.890875287,      -7.899758454,      -8.814795759,      -5.890382062
          0,           0,        6609,      -9.891832646,      -7.900729776,      -8.815751343,      -5.891328369
          0,           0,        6610,      -9.892790334,      -7.901701172,      -8.816708258,        -5.8923029
          0,           0,        6611,      -9.893748142,      -7.902672634,      -8.817656612,      -5.893232991
          0,           0,        6612,      -9.894706282,      -7.903644156,      -8.818596607,      -5.894184867
          0,           0,        6613,      -9.895664643,      -7.904615739,      -8.819530253,      -5.895120728
          0,           0,        6614,      -9.896623212,      -7.905587396,      -8.820454716,      -5.896059986
          0,           0,        6615,      -9.897581996,      -7.906559111,      -8.821378299,        -5.8969727
          0,           0,        6616,      -9.898541107,      -7.907530894,      -8.822309249,      -5.897919495
          0,           0,        6617,      -9.899500392,      -7.908502737,      -8.823225631,      -5.898839018
          0,           0,        6618,      -9.898763567,      -7.911889386,      -8.636190484,      -5.689644033
          0,           0,        6619,      -9.901679548,      -7.911849952,      -8.789512268,      -5.865667001
          0,           0,        6620,      -9.901814749,      -7.914576496,      -8.619893148,      -5.674950008
          0,           0,        6621,      -9.904850057,       -7.91450759,      -8.791955648,      -5.870009969
          0,           0,        6622,      -9.904853784,      -7.917336855,      -8.625020375,      -5.681527131
          0,           0,        6623,      -9.907801055,      -7.917292222,      -8.786138995,      -5.865683131
          0,           0,        6624,      -9.907769649,      -7.920117788,      -8.614867553,      -5.672796157
          0,           0,        6625,      -9.910764531,      -7.920061796,      -8.776672042,      -5.857502849
          0,           0,        6626,      -9.912495381,      -7.920458111,      -8.779172498,       -5.86100916
          0,           0,        6627,      -9.913577138,      -7.921359597,      -8.801303059,      -5.882701201
          0,           0,        6628,      -9.914424123,      -7.922412899,      -8.812870701,      -5.893863424
          0,           0,        6629,        -9.9152572,      -7.923463583,      -8.811176399,      -5.891567514
          0,           0,        6630,      -9.914412485,      -7.926880966,      -8.624617361,      -5.681467238
          0,           0,        6631,      -9.917401932,      -7.926824385,      -8.777880152,      -5.856947412
          0,           0,        6632,      -9.917526581,      -7.929531305,      -8.618797967,      -5.675565919
          0,           0,        6633,      -9.920612557,      -7.929451138,      -8.793767055,      -5.873274317
          0,           0,        6634,      -9.922347439,      -7.929846694,      -8.801307804,      -5.881445549
          0,           0,        6635,      -9.923397763,      -7.930767326,      -8.824835578,      -5.904282818
          0,           0,        6636,      -9.924218594,      -7.931836952,      -8.834938994,      -5.913923976
          0,           0,        6637,      -9.925044966,      -7.932892186,      -8.831043888,      -5.909508255
          0,           0,        6638,      -9.924213101,      -7.936301147,      -8.641258831,      -5.696270158
          0,           0,        6639,      -9.927207532,       -7.93624253,      -8.796284629,      -5.873994728
          0,           0,        6640,      -9.927338123,      -7.938949121,      -8.635576449,      -5.691016121
          0,           0,        6641,      -9.930415311,      -7.938872012,      -8.811500364,      -5.890005317
          0,           0,        6642,      -9.932148274,      -7.939270328,      -8.818120818,      -5.897437449
          0,           0,        6643,      -9.933196994,      -7.940192243,      -8.840761693,      -5.919442548
          0,           0,        6644,      -9.934017149,      -7.941262131,      -8.849581968,      -5.927972219
          0,           0,        6645,      -9.934842951,      -7.942317433,      -8.844225777,      -5.922316878
          0,           0,        6646,        -9.9340041,      -7.945726267,      -8.651528958,      -5.706504837
          0,           0,        6647,      -9.937000232,      -7.945669778,      -8.806242969,       -5.88402653
          0,           0,        6648,      -9.937123679,      -7.948378397,      -8.644116086,      -5.699825045
          0,           0,        6649,      -9.940206153,      -7.948303464,      -8.819527588,      -5.898334428
          0,           0,        6650,      -9.941940745,      -7.948703064,       -8.82577465,       -5.90546445
          0,           0,        6651,      -9.942989795,      -7.949626745,      -8.847756022,      -5.926869032
          0,           0,        6652,      -9.943809714,      -7.950698692,      -8.855962679,       -5.93481227
          0,           0,        6653,      -9.942863496,      -7.954194974,      -8.663346979,      -5.719008275
          0,           0,        6654,      -9.945804775,      -7.954155504,      -8.810133111,      -5.888539275
          0,           0,        6655,      -9.947656397,      -7.954480711,      -8.813455975,      -5.893319062
          0,           0,        6656,      -9.948848422,      -7.955323277,      -8.844264138,      -5.923385832
          0,           0,        6657,      -9.949732825,      -7.956360642,      -8.863897504,      -5.942445364
          0,           0,        6658,      -9.950547966,      -7.957427638,      -8.864453524,      -5.942522775
          0,           0,        6659,       -9.95141713,      -7.958456169,      -8.857562979,      -5.935324695
          0,           0,        6660,      -9.950613086,      -7.961847251,      -8.668076582,       -5.72272918
          0,           0,        6661,      -9.953623401,      -7.961793177,      -8.824558499,      -5.902029813
          0,           0,        6662,      -9.955479344,      -7.962121802,       -8.83157201,      -5.910386052
          0,           0,        6663,      -9.956646526,      -7.962981416,      -8.862760422,      -5.940702835
          0,           0,        6664,      -9.957509491,      -7.964033157,      -8.880103314,      -5.957569021
          0,           0,        6665,      -9.958318224,      -7.965105427,      -8.877682943,      -5.954862577
          0,           0,        6666,      -9.959192228,      -7.966132497,      -8.868769895,      -5.945876026
          0,           0,        6667,      -9.960147043,      -7.967111216,       -8.86393694,      -5.941032697
          0,           0,        6668,      -9.961143227,      -7.968067791,       -8.86559952,      -5.942574459
          0,           0,        6669,      -9.962138073,      -7.969027263,      -8.871253582,      -5.947965731
          0,           0,        6670,       -9.96311228,      -7.969999744,      -8.877371817,       -5.95374934
          0,           0,        6671,      -9.964068606,      -7.970982709,       -8.88171934,      -5.957818096
          0,           0,        6672,      -9.965018888,      -7.971968969,      -8.883975112,       -5.95986421
          0,           0,        6673,      -9.965972609,      -7.972953309,      -8.884953524,      -5.960733872
          0,           0,        6674,      -9.966932696,      -7.973934308,      -8.885654353,      -5.961372862
          0,           0,        6675,      -9.967897296,      -7.974913286,      -8.886645708,      -5.962329296
          0,           0,        6676,      -9.968862989,      -7.975892213,      -8.887958854,        -5.9636222
          0,           0,        6677,      -9.969827624,      -7.976872225,      -8.889387387,       -5.96504606
          0,           0,        6678,      -9.970790796,      -7.977853493,      -8.890700013,      -5.966359683
          0,           0,        6679,      -9.971753057,      -7.978835579,      -8.891756667,       -5.96744315
          0,           0,        6680,       -9.97271528,      -7.979817996,      -8.892571942,       -5.96829607
          0,           0,        6681,      -9.973678125,      -7.980800387,      -8.893206348,      -5.968977315
          0,           0,        6682,      -9.974641775,      -7.981782728,      -8.893786743,      -5.969621352
          0,           0,        6683,      -9.975605949,      -7.982765176,      -8.894370803,      -5.970271862
          0,           0,        6684,      -9.976570424,      -7.983747853,       -8.89496288,      -5.970925023
          0,           0,        6685,      -9.977535106,      -7.984730798,      -8.895575135,      -5.971601221
          0,           0,        6686,      -9.978499978,      -7.985714018,      -8.896199866,        -5.9722814
          0,           0,        6687,      -9.979465106,       -7.98669749,      -8.896859752,      -5.972986023
          0,           0,        6688,      -9.980430539,      -7.987681135,      -8.897506516,      -5.973685056
          0,           0,        6689,      -9.981396305,      -7.988664952,      -8.898192457,      -5.974402132
          0,           0,        6690,       -9.98236245,      -7.989648914,      -8.898918225,      -5.975161687
          0,           0,        6691,      -9.983328921,      -7.990633041,      -8.899687173,      -5.975951811
          0,           0,        6692,      -9.984295757,      -7.991617295,      -8.900506274,      -5.976792044
          0,           0,        6693,      -9.985262909,      -7.992601727,      -8.901371214,      -5.977666723
          0,           0,        6694,      -9.986230318,      -7.993586281,      -8.902266441,      -5.978563447
          0,           0,        6695,      -9.987198017,      -7.994570974,      -8.903186015,      -5.979490308
          0,           0,        6696,      -9.988166058,      -7.995555798,      -8.904161129,      -5.980456991
          0,           0,        6697,      -9.989134367,      -7.996540723,      -8.905145911,      -5.981437212
          0,           0,        6698,      -9.990103003,      -7.997525742,      -8.906149591,      -5.982436325
          0,           0,        6699,       -9.99107189,      -7.998510869,       -8.90717586,      -5.983447956
          0,           0,        6700,      -9.992041045,      -7.999496094,      -8.908208275,      -5.984469532
          0,           0,        6701,      -9.993010511,      -8.000481405,      -8.909260798,      -5.985515997
          0,           0,        6702,      -9.993980191,      -8.001466813,        -8.9103082,      -5.986545321
          0,           0,        6703,      -9.994950148,      -8.002452315,      -8.911356255,      -5.987584152
          0,           0,        6704,      -9.995920351,      -8.003437896,      -8.912398496,        -5.9886195
          0,           0,        6705,      -9.996890813,      -8.004423535,      -8.913429724,      -5.989634893
          0,           0,        6706,      -9.997861514,      -8.005409266,      -8.914453491,      -5.990659318
          0,           0,        6707,      -9.998832513,       -8.00639507,      -8.915482049,      -5.991683811
          0,           0,        6708,      -9.999803697,      -8.007380962,      -8.916494926,      -5.992681445
          0,           0,        6709,      -10.00077514,      -8.008366911,      -8.917477954,      -5.993670409
          0,           0,        6710,      -10.00174687,      -8.009352935,       -8.91848213,      -5.994665024
          0,           0,        6711,      -10.00271878,      -8.010339049,      -8.919450573,        -5.9956388
          0,           0,        6712,      -10.00369097,      -8.011325211,      -8.920412579,      -5.996599692
          0,           0,        6713,      -10.00466339,      -8.012311456,       -8.92138064,      -5.997569725
          0,           0,        6714,      -10.00563607,      -8.013297768,      -8.922327703,       -5.99852014
          0,           0,        6715,      -10.00660897,      -8.014284161,       -8.92327313,       -5.99947134
          0,           0,        6716,      -10.00758214,      -8.015270607,      -8.924208968,      -6.000417465
          0,           0,        6717,      -10.00855555,      -8.016257123,      -8.925164191,      -6.001360624
          0,           0,        6718,       -10.0095292,      -8.017243726,      -8.926091514,      -6.002308534
          0,           0,        6719,      -10.01050306,      -8.018230397,      -8.927029665,      -6.003244954
          0,           0,        6720,      -10.00975768,      -8.021640365,      -8.739994593,      -5.793776619
          0,           0,        6721,      -10.01271637,      -8.021621978,      -8.893573022,      -5.970301236
          0,           0,        6722,      -10.01285142,      -8.024370049,      -8.723918939,      -5.779314479
          0,           0,        6723,      -10.01593092,      -8.024322175,      -8.895894867,      -5.974552783
          0,           0,        6724,      -10.01593493,      -8.027172681,      -8.728848314,       -5.78572299
          0,           0,        6725,      -10.01892689,      -8.027148268,      -8.889954949,      -5.970096228
          0,           0,        6726,      -10.01889488,      -8.029995027,      -8.718712768,      -5.776993969
          0,           0,        6727,      -10.02193501,      -8.029959686,      -8.880519251,      -5.961930579
          0,           0,        6728,      -10.02368822,      -8.030369585,      -8.883125142,      -5.965551089
          0,           0,        6729,      -10.02478706,      -8.031285145,      -8.905012636,      -5.987019981
          0,           0,        6730,      -10.02564956,       -8.03235285,       -8.91646255,       -5.99805303
          0,           0,        6731,      -10.02649762,      -8.033418167,      -8.914838781,      -5.995790354
          0,           0,        6732,      -10.02564275,      -8.036859128,      -8.728528184,      -5.785689544
          0,           0,        6733,      -10.02867627,      -8.036824219,      -8.882081705,      -5.961675674
          0,           0,        6734,      -10.02880014,      -8.039552935,      -8.723065176,       -5.78013961
          0,           0,        6735,       -10.0319313,      -8.039494118,      -8.897930171,      -5.978024687
          0,           0,        6736,        -10.033689,      -8.039903126,      -8.905524543,      -5.986276457
          0,           0,        6737,      -10.03475692,      -8.040837492,      -8.928812742,      -6.008871205
          0,           0,        6738,      -10.03559366,      -8.041921273,      -8.938826314,      -6.018403011
          0,           0,        6739,      -10.03643528,      -8.042991034,      -8.935039613,      -6.014062003
          0,           0,        6740,      -10.03559386,      -8.046423306,      -8.745492283,      -5.800798242
          0,           0,        6741,      -10.03863157,       -8.04638672,      -8.900803526,      -5.979040937
          0,           0,        6742,      -10.03876181,      -8.049114958,      -8.740091612,      -5.795832515
          0,           0,        6743,      -10.04188356,      -8.049059433,      -8.915903176,        -5.9950045
          0,           0,        6744,      -10.04363927,      -8.049471312,       -8.92257868,      -6.002504205
          0,           0,        6745,       -10.0447056,      -8.050406985,      -8.944944231,      -6.024263823
          0,           0,        6746,       -10.0455417,      -8.051491035,      -8.953652847,      -6.032640336
          0,           0,        6747,      -10.04638268,      -8.052560866,      -8.948398262,      -6.027041492
          0,           0,        6748,      -10.04553449,       -8.05599272,      -8.755892838,      -5.811166489
          0,           0,        6749,      -10.04857353,      -8.055958581,      -8.910876857,      -5.989193334
          0,           0,        6750,      -10.04869681,      -8.058688786,      -8.748749133,      -5.804765989
          0,           0,        6751,      -10.05182362,      -8.058635751,       -8.92402221,      -6.003430374
          0,           0,        6752,      -10.05358089,      -8.059049049,      -8.930308935,      -6.010608277
          0,           0,        6753,      -10.05464766,      -8.059986547,      -8.952024451,      -6.031763997
          0,           0,        6754,      -10.05548363,      -8.061072668,      -8.960104105,      -6.039555177
          0,           0,        6755,      -10.05452879,      -8.064591609,      -8.767629025,      -5.823611813
          0,           0,        6756,      -10.05751326,      -8.064574138,      -8.914779096,      -5.993702017
          0,           0,        6757,      -10.05938663,      -8.064913994,      -8.918300124,      -5.998700719
          0,           0,        6758,      -10.06059546,      -8.065771345,      -8.948806782,      -6.028537264
          0,           0,        6759,      -10.06149553,      -8.066823354,      -8.968189121,      -6.047365026
          0,           0,        6760,       -10.0623261,      -8.067904866,      -8.968725983,      -6.047378523
          0,           0,        6761,      -10.06321048,      -8.068948132,      -8.961965546,      -6.040264735
          0,           0,        6762,      -10.06239804,      -8.072361999,      -8.772697835,      -5.827639243
          0,           0,        6763,      -10.06545119,      -8.072330668,      -8.929433596,      -6.007435561
          0,           0,        6764,      -10.06732896,      -8.072673972,      -8.936567739,      -6.015948993
          0,           0,        6765,      -10.06851329,      -8.073548118,      -8.967414197,      -6.045980318
          0,           0,        6766,      -10.06939217,      -8.074614293,      -8.984525277,      -6.062616763
          0,           0,        6767,      -10.07021655,      -8.075701005,      -8.982117264,      -6.059890532
          0,           0,        6768,      -10.07110575,       -8.07674284,      -8.973369412,      -6.050999697
          0,           0,        6769,      -10.07207538,      -8.077736801,      -8.968697097,      -6.046319566
          0,           0,        6770,      -10.07308606,      -8.078708885,      -8.970438519,       -6.04794373
          0,           0,        6771,      -10.07409549,      -8.079683843,      -8.976090416,      -6.053348403
          0,           0,        6772,      -10.07508432,      -8.080671703,      -8.982178521,        -6.0591186
          0,           0,        6773,      -10.07605559,      -8.081669829,      -8.986508076,      -6.063176403
          0,           0,        6774,      -10.07702097,      -8.082671175,      -8.988772462,      -6.065231655
          0,           0,        6775,      -10.07798981,      -8.083670574,      -8.989789213,      -6.066130124
          0,           0,        6776,      -10.07896492,      -8.084666721,      -8.990529268,      -6.066812623
          0,           0,        6777,      -10.07994437,      -8.085660926,      -8.991530665,      -6.067773002
          0,           0,        6778,      -10.08092496,      -8.086655086,      -8.992856396,      -6.069082637
          0,           0,        6779,      -10.08190449,      -8.087650339,      -8.994306643,      -6.070522633
          0,           0,        6780,      -10.08288249,      -8.088646851,      -8.995603604,      -6.071828829
          0,           0,        6781,      -10.08385964,      -8.089644171,      -8.996655929,      -6.072905534
          0,           0,        6782,      -10.08483684,      -8.090641759,      -8.997460271,      -6.073754513
          0,           0,        6783,      -10.08581465,        -8.0916394,      -8.998130334,       -6.07446714
          0,           0,        6784,      -10.08679316,      -8.092637026,      -8.998693168,      -6.075106195
          0,           0,        6785,      -10.08777226,      -8.093634712,      -8.999280349,      -6.075756472
          0,           0,        6786,      -10.08875161,      -8.094632655,      -8.999885002,      -6.076404772
          0,           0,        6787,      -10.08973133,      -8.095630878,      -9.000510432,      -6.077106209
          0,           0,        6788,      -10.09071111,      -8.096629379,      -9.001148339,      -6.077791464
          0,           0,        6789,      -10.09169115,      -8.097628142,      -9.001789812,      -6.078490833
          0,           0,        6790,      -10.09267153,      -8.098627086,      -9.002465458,      -6.079200823
          0,           0,        6791,       -10.0936523,      -8.099626196,      -9.003144822,      -6.079928552
          0,           0,        6792,      -10.09463347,       -8.10062545,      -9.003897664,      -6.080708791
          0,           0,        6793,      -10.09561489,      -8.101624915,      -9.004679395,      -6.081509643
          0,           0,        6794,      -10.09659666,      -8.102624496,      -9.005514328,      -6.082350554
          0,           0,        6795,      -10.09757882,      -8.103624253,      -9.006384263,      -6.083249501
          0,           0,        6796,      -10.09856126,      -8.104624136,      -9.007296392,      -6.084163332
          0,           0,        6797,        -10.099544,      -8.105624144,      -9.008230364,       -6.08508216
          0,           0,        6798,      -10.10052709,      -8.106624322,      -9.009239796,       -6.08610504
          0,           0,        6799,      -10.10151039,      -8.107624596,      -9.010229059,      -6.087079661
          0,           0,        6800,      -10.10249405,      -8.108624973,      -9.011240469,      -6.088090762
          0,           0,        6801,      -10.10347798,      -8.109625471,      -9.012302856,      -6.089134982
          0,           0,        6802,      -10.10446223,      -8.110626052,      -9.013361477,      -6.090177531
          0,           0,        6803,      -10.10544666,      -8.111626756,      -9.014419574,      -6.091227219
          0,           0,        6804,      -10.10643139,      -8.112627549,      -9.015476851,      -6.092266886
          0,           0,        6805,      -10.10741642,      -8.113628433,      -9.016538072,      -6.093332633
          0,           0,        6806,      -10.10840174,       -8.11462935,      -9.017590836,      -6.094361775
          0,           0,        6807,      -10.10938727,      -8.115630416,      -9.018661836,      -6.095433815
          0,           0,        6808,      -10.11037302,      -8.116631529,      -9.019694799,      -6.096444343
          0,           0,        6809,      -10.11135906,      -8.117632756,       -9.02073632,       -6.09748784
          0,           0,        6810,      -10.11234537,      -8.118634033,      -9.021750239,      -6.098494514
          0,           0,        6811,       -10.1133319,      -8.119635418,      -9.022770462,      -6.099520445
          0,           0,        6812,      -10.11431864,      -8.120636875,      -9.023764534,      -6.100497701
          0,           0,        6813,      -10.11530567,      -8.121638412,      -9.024763803,      -6.101506309
          0,           0,        6814,      -10.11629296,      -8.122640007,      -9.025733827,      -6.102476517
          0,           0,        6815,      -10.11728047,      -8.123641691,      -9.026702214,      -6.103444099
          0,           0,        6816,      -10.11826829,      -8.124643446,      -9.027676052,      -6.104427924
          0,           0,        6817,      -10.11925626,      -8.125645301,       -9.02864393,      -6.105389048
          0,           0,        6818,      -10.12024456,      -8.126647196,      -9.029592986,      -6.106344476
          0,           0,        6819,      -10.12123309,      -8.127649189,      -9.030536968,      -6.107301057
          0,           0,        6820,      -10.12222182,      -8.128651251,      -9.031488427,      -6.108246822
          0,           0,        6821,      -10.12321087,      -8.129653384,      -9.032445712,      -6.109215342
          0,           0,        6822,      -10.12246103,      -8.133085078,      -8.845401632,       -5.89949178
          0,           0,        6823,       -10.1254604,      -8.133090588,        -8.9992392,      -6.076498862
          0,           0,        6824,      -10.12559834,      -8.135859492,      -8.829590403,      -5.885287686
          0,           0,        6825,      -10.12871987,      -8.135835523,       -9.00143768,      -6.080693375
          0,           0,        6826,      -10.12872737,       -8.13870632,      -8.834270384,      -5.891488129
          0,           0,        6827,       -10.1317622,      -8.138704935,      -8.995383315,      -6.076076816
          0,           0,        6828,        -10.131733,      -8.141571936,      -8.824176023,      -5.882785184
          0,           0,        6829,      -10.13481623,      -8.141560171,      -8.985977816,      -6.067937245
          0,           0,        6830,      -10.13659134,      -8.141985097,      -8.988725277,      -6.071698661
          0,           0,        6831,      -10.13770773,      -8.142915431,      -9.010348616,      -6.092920537
          0,           0,        6832,      -10.13858664,      -8.143998033,      -9.021650999,      -6.103784487
          0,           0,        6833,       -10.1394506,       -8.14507851,      -9.020114284,       -6.10158269
          0,           0,        6834,      -10.13859004,      -8.148541262,      -8.834040948,      -5.891494954
          0,           0,        6835,      -10.14166542,       -8.14853106,      -8.987922167,      -6.068010647
          0,           0,        6836,       -10.1417915,      -8.151280844,      -8.828960325,      -5.886322176
          0,           0,        6837,      -10.14496565,      -8.151246369,      -9.003732107,      -6.084376125
          0,           0,        6838,      -10.14674554,       -8.15167028,       -9.01141777,      -6.092731645
          0,           0,        6839,      -10.14783167,       -8.15261903,      -9.034409411,      -6.115041997
          0,           0,        6840,      -10.14868547,      -8.153717373,      -9.044344946,      -6.124460068
          0,           0,        6841,      -10.14954311,       -8.15480216,      -9.040681669,      -6.120189232
          0,           0,        6842,      -10.14869665,      -8.158255992,      -8.851352179,      -5.906931967
          0,           0,        6843,      -10.15177529,      -8.158244478,      -9.006968601,      -6.085692793
          0,           0,        6844,      -10.15190835,      -8.160993586,      -8.846253766,      -5.902277693
          0,           0,        6845,      -10.15507222,      -8.160962688,      -9.021947493,      -6.101611343
          0,           0,        6846,      -10.15685005,      -8.161389607,      -9.028696375,      -6.109195004
          0,           0,        6847,      -10.15793469,      -8.162339656,      -9.050779779,      -6.130668596
          0,           0,        6848,       -10.1587877,      -8.163438276,      -9.059369875,      -6.138898516
          0,           0,        6849,      -10.15964479,      -8.164523136,      -9.054211388,      -6.133358739
          0,           0,        6850,      -10.15879187,      -8.167976205,      -8.861902407,      -5.917445196
          0,           0,        6851,      -10.16187136,      -8.167967516,        -9.0171809,      -6.095987797
          0,           0,        6852,      -10.16199763,      -8.170718475,      -8.855028384,      -5.911333701
          0,           0,        6853,      -10.16516632,      -8.170690372,      -9.030177454,      -6.110135478
          0,           0,        6854,      -10.16694566,      -8.171118883,      -9.036530223,      -6.117400515
          0,           0,        6855,       -10.1680306,      -8.172070849,      -9.057922429,      -6.138242375
          0,           0,        6856,      -10.16888367,      -8.173171606,      -9.065905393,      -6.145887272
          0,           0,        6857,      -10.16792527,      -8.176711106,      -8.873550653,        -5.9298227
          0,           0,        6858,      -10.17095058,      -8.176718731,       -9.02109016,      -6.100495033
          0,           0,        6859,      -10.17284468,      -8.177074966,      -9.024817687,      -6.105744836
          0,           0,        6860,      -10.17407033,      -8.177947942,      -9.055002048,      -6.135281816
          0,           0,        6861,      -10.17498703,      -8.179015034,      -9.074127695,      -6.153856438
          0,           0,        6862,      -10.17583408,      -8.180111514,      -9.074664944,      -6.153841802
          0,           0,        6863,      -10.17673441,      -8.181170102,      -9.068055695,      -6.146848188
          0,           0,        6864,      -10.17591827,      -8.184604821,      -8.878953265,      -5.934160129
          0,           0,        6865,      -10.17901162,      -8.184599386,      -9.035966615,      -6.114458044
          0,           0,        6866,      -10.18091014,      -8.184959129,      -9.043275172,      -6.123184732
          0,           0,        6867,      -10.18211181,      -8.185848622,      -9.073757465,      -6.152898275
          0,           0,        6868,       -10.1830076,      -8.186929669,      -9.090609061,      -6.169264261
          0,           0,        6869,      -10.18384857,      -8.188031224,      -9.088216464,      -6.166494707
          0,           0,        6870,      -10.18475374,        -8.1890884,      -9.079629234,      -6.157763169
          0,           0,        6871,      -10.18573865,      -8.190098262,      -9.075147212,      -6.153214717
          0,           0,        6872,      -10.18676426,      -8.191086566,      -9.076953224,      -6.154930389
          0,           0,        6873,       -10.1877886,      -8.192077738,      -9.082610448,      -6.160363547
          0,           0,        6874,      -10.18879265,      -8.193081612,      -9.088671773,      -6.166121912
          0,           0,        6875,      -10.18977934,      -8.194095556,      -9.092982558,       -6.17015606
          0,           0,        6876,      -10.19076037,       -8.19511263,      -9.095261968,      -6.172227998
          0,           0,        6877,      -10.19174479,      -8.196127715,      -9.096278394,      -6.173121095
          0,           0,        6878,      -10.19273546,      -8.197139671,      -9.097089628,      -6.173871424
          0,           0,        6879,       -10.1937304,      -8.198149701,      -9.098101234,      -6.174848144
          0,           0,        6880,       -10.1947263,      -8.199159782,      -9.099455755,      -6.176182024
          0,           0,        6881,      -10.19572115,      -8.200170932,      -9.100879015,      -6.177599542
          0,           0,        6882,      -10.19671451,      -8.201183325,      -9.102197612,      -6.178916232
          0,           0,        6883,      -10.19770708,      -8.202196503,       -9.10321592,       -6.17999204
          0,           0,        6884,      -10.19869974,      -8.203209983,      -9.104066569,      -6.180869267
          0,           0,        6885,      -10.19969291,      -8.204223493,      -9.104720836,      -6.181562104
          0,           0,        6886,      -10.20068683,      -8.205236975,      -9.105287295,      -6.182209992
          0,           0,        6887,      -10.20168135,       -8.20625056,      -9.105882453,      -6.182845756
          0,           0,        6888,      -10.20267624,      -8.207264419,      -9.106506428,       -6.18354405
          0,           0,        6889,      -10.20367124,      -8.208278588,       -9.10712483,       -6.18424188
          0,           0,        6890,       -10.2046664,      -8.209293018,       -9.10776286,      -6.184909637
          0,           0,        6891,      -10.20566192,      -8.210307693,      -9.108419474,      -6.185626055
          0,           0,        6892,      -10.20665778,      -8.211322559,      -9.109102349,      -6.186349066
          0,           0,        6893,      -10.20765398,      -8.212337615,      -9.109817334,      -6.187093481
          0,           0,        6894,      -10.20865054,      -8.213352846,      -9.110559144,      -6.187876284
          0,           0,        6895,      -10.20964751,       -8.21436822,      -9.111355065,      -6.188692955
          0,           0,        6896,      -10.21064473,      -8.215383779,      -9.112208713,      -6.189555393
          0,           0,        6897,      -10.21164234,      -8.216399501,      -9.113097353,      -6.190458486
          0,           0,        6898,      -10.21264027,      -8.217415347,      -9.114022775,      -6.191385177
          0,           0,        6899,      -10.21363848,       -8.21843137,      -9.115001948,      -6.192357664
          0,           0,        6900,      -10.21463703,      -8.219447518,      -9.115997564,      -6.193356778
          0,           0,        6901,      -10.21563584,       -8.22046377,      -9.116997805,      -6.194353311
          0,           0,        6902,      -10.21663499,      -8.221480137,      -9.118051521,      -6.195391263
          0,           0,        6903,      -10.21763448,      -8.222496609,      -9.119126042,      -6.196447299
          0,           0,        6904,      -10.21863417,      -8.223513224,      -9.120205233,      -6.197521499
          0,           0,        6905,      -10.21963412,      -8.224529921,      -9.121261928,      -6.198569056
          0,           0,        6906,      -10.22063445,      -8.225546684,      -9.122345549,      -6.199635197
          0,           0,        6907,      -10.22163492,      -8.226563588,      -9.123421668,      -6.200702129
          0,           0,        6908,      -10.22263577,      -8.227580588,      -9.124532199,       -6.20180215
          0,           0,        6909,      -10.22363679,      -8.228597652,      -9.125578638,      -6.202839296
          0,           0,        6910,      -10.22463807,      -8.229614811,      -9.126632144,       -6.20388011
          0,           0,        6911,      -10.22563962,      -8.230632073,      -9.127686696,      -6.204932514
          0,           0,        6912,      -10.22664146,      -8.231649401,      -9.128730485,      -6.205970263
          0,           0,        6913,      -10.22764353,      -8.232666792,       -9.12974654,      -6.206977034
          0,           0,        6914,      -10.22864585,       -8.23368431,      -9.130768839,      -6.208001837
          0,           0,        6915,      -10.22964839,      -8.234701923,       -9.13180057,      -6.209029992
          0,           0,        6916,      -10.23065119,      -8.235719581,      -9.132773049,       -6.21000539
          0,           0,        6917,      -10.23165422,      -8.236737339,      -9.133744142,      -6.210985432
          0,           0,        6918,      -10.23265754,       -8.23775518,      -9.134738062,      -6.211972323
          0,           0,        6919,      -10.23366119,      -8.238773091,      -9.135718421,       -6.21295604
          0,           0,        6920,      -10.23466493,      -8.239791087,      -9.136689684,       -6.21392428
          0,           0,        6921,      -10.23566896,      -8.240809166,      -9.137635079,      -6.214887523
          0,           0,        6922,      -10.23667335,      -8.241827321,      -9.138621306,      -6.215871024
          0,           0,        6923,      -10.23767786,      -8.242845575,       -9.13957288,      -6.216819258
          0,           0,        6924,      -10.23692938,      -8.246296491,      -8.952530073,      -6.006878469
          0,           0,        6925,      -10.23996583,      -8.246329321,      -9.106613909,      -6.184376444
          0,           0,        6926,      -10.24011061,      -8.249117751,      -8.936974877,      -5.992960244
          0,           0,        6927,      -10.24327052,       -8.24912112,      -9.108727083,      -6.188493196
          0,           0,        6928,      -10.24328593,      -8.252010687,      -8.941402759,      -5.998933836
          0,           0,        6929,      -10.24636021,      -8.252035665,      -9.102525814,      -6.183749435
          0,           0,        6930,      -10.24633813,      -8.254921368,      -8.931341496,      -5.990242521
          0,           0,        6931,      -10.24946118,      -8.254936545,      -9.093169102,      -6.175625639
          0,           0,        6932,      -10.25125675,      -8.255378242,      -9.096037686,      -6.179522867
          0,           0,        6933,      -10.25239115,      -8.256324041,      -9.117383222,      -6.200467787
          0,           0,        6934,      -10.25328744,      -8.257421905,      -9.128547004,      -6.211170941
          0,           0,        6935,      -10.25416811,      -8.258517941,       -9.12710285,      -6.209013438
          0,           0,        6936,      -10.25330774,      -8.261999933,      -8.941247365,      -5.998961281
          0,           0,        6937,      -10.25642149,      -8.262017957,      -9.095501482,      -6.176030274
          0,           0,        6938,      -10.25655371,      -8.264787598,      -8.936599979,        -5.9942311
          0,           0,        6939,      -10.25976689,      -8.264780938,      -9.111261046,      -6.192407504
          0,           0,        6940,      -10.26156777,      -8.265221511,      -9.119041514,      -6.200883568
          0,           0,        6941,       -10.2626727,      -8.266185229,      -9.141781792,      -6.222914942
          0,           0,        6942,       -10.2635444,      -8.267298492,      -9.151572756,      -6.232156801
          0,           0,        6943,      -10.26441903,      -8.268398679,      -9.148050565,      -6.227992837
          0,           0,        6944,      -10.26357379,      -8.271871319,      -8.958930146,      -6.014741325
          0,           0,        6945,       -10.2666893,       -8.27188855,      -9.114899524,      -6.194057794
          0,           0,        6946,      -10.26682945,      -8.274657215,       -8.95418408,      -6.010465004
          0,           0,        6947,      -10.27003133,      -8.274654519,      -9.129787302,      -6.209938042
          0,           0,        6948,      -10.27182984,      -8.275098246,      -9.136598613,       -6.21762231
          0,           0,        6949,      -10.27293329,      -8.276063255,      -9.158365889,      -6.238774296
          0,           0,        6950,      -10.27380427,      -8.277176748,      -9.166818778,      -6.246819612
          0,           0,        6951,      -10.27467825,      -8.278277046,        -9.1617765,      -6.241358772
          0,           0,        6952,      -10.27382714,      -8.281748492,      -8.969655423,      -6.025438666
          0,           0,        6953,      -10.27694291,      -8.281768924,      -9.125247432,       -6.20448006
          0,           0,        6954,       -10.2770763,      -8.284539261,       -8.96307178,      -6.019640432
          0,           0,        6955,      -10.28028262,      -8.284539759,      -9.138103172,      -6.218569195
          0,           0,        6956,      -10.28208249,      -8.284985255,      -9.144523051,      -6.225902543
          0,           0,        6957,      -10.28318637,      -8.285952244,      -9.165605751,      -6.246432015
          0,           0,        6958,      -10.28405747,      -8.287067906,      -9.173422037,      -6.253889918
          0,           0,        6959,      -10.28310249,      -8.290624873,      -8.981207554,      -6.037733459
          0,           0,        6960,      -10.28616443,      -8.290661275,      -9.129180275,      -6.209014785
          0,           0,        6961,      -10.28807714,      -8.291035959,      -9.133147056,      -6.214519929
          0,           0,        6962,      -10.28931994,      -8.291925376,      -9.162984316,      -6.243777673
          0,           0,        6963,      -10.29025385,      -8.293007986,       -9.18184494,        -6.2620673
          0,           0,        6964,      -10.29111818,      -8.294119746,      -9.182326303,      -6.261933249
          0,           0,        6965,      -10.29203531,      -8.295194086,      -9.175886169,      -6.255094912
          0,           0,        6966,      -10.29122219,      -8.298646762,      -8.986986817,      -6.042429457
          0,           0,        6967,      -10.29435117,      -8.298671017,      -9.144307469,      -6.223235962
          0,           0,        6968,       -10.2962683,      -8.299049235,      -9.151763247,      -6.232141803
          0,           0,        6969,      -10.29748748,      -8.299954856,      -9.181887638,      -6.261547374
          0,           0,        6970,      -10.29840104,      -8.301051061,      -9.198456927,      -6.277584543
          0,           0,        6971,      -10.29925963,      -8.302167786,      -9.196085589,      -6.274820585
          0,           0,        6972,      -10.30018131,      -8.303240789,      -9.187678918,      -6.266216341
          0,           0,        6973,       -10.3011818,      -8.304267172,      -9.183362428,      -6.261821542
          0,           0,        6974,      -10.30222263,      -8.305272368,      -9.185248679,      -6.263646614
          0,           0,        6975,      -10.30326213,      -8.306280383,      -9.190915208,      -6.269081777
          0,           0,        6976,       -10.3042817,      -8.307300904,      -9.196953049,      -6.274833665
          0,           0,        6977,       -10.3052843,      -8.308331209,      -9.201253394,      -6.278859318
          0,           0,        6978,      -10.30628115,      -8.309364581,      -9.203510542,      -6.280906358
          0,           0,        6979,      -10.30728173,      -8.310395999,      -9.204614592,      -6.281884626
          0,           0,        6980,      -10.30828822,      -8.311424294,       -9.20542684,      -6.282627655
          0,           0,        6981,      -10.30929896,      -8.312450741,      -9.206470536,      -6.283640983
          0,           0,        6982,      -10.31031059,      -8.313477286,      -9.207833557,      -6.284992892
          0,           0,        6983,      -10.31132109,      -8.314504931,      -9.209282484,      -6.286436655
          0,           0,        6984,       -10.3123301,      -8.315533807,      -9.210576088,      -6.287737582
          0,           0,        6985,      -10.31333839,      -8.316563413,      -9.211607521,      -6.288791447
          0,           0,        6986,       -10.3143468,      -8.317593324,      -9.212448509,      -6.289672522
          0,           0,        6987,      -10.31535584,      -8.318623274,       -9.21310751,      -6.290409097
          0,           0,        6988,      -10.31636538,      -8.319653229,      -9.213687124,      -6.291023628
          0,           0,        6989,      -10.31737566,      -8.320683327,      -9.214313391,      -6.291719763
          0,           0,        6990,      -10.31838618,      -8.321713648,      -9.214906344,      -6.292379712
          0,           0,        6991,      -10.31939694,      -8.322744271,      -9.215555835,      -6.293076259
          0,           0,        6992,      -10.32040786,      -8.323775231,      -9.216181266,      -6.293774166
          0,           0,        6993,      -10.32141911,      -8.324806384,      -9.216852062,      -6.294494826
          0,           0,        6994,      -10.32243069,      -8.325837739,      -9.217539762,      -6.295216816
          0,           0,        6995,      -10.32344266,      -8.326869285,      -9.218269061,      -6.295973169
          0,           0,        6996,      -10.32445501,      -8.327901029,      -9.219046255,      -6.296785506
          0,           0,        6997,      -10.32546765,      -8.328932958,      -9.219829063,      -6.297604375
          0,           0,        6998,      -10.32648064,      -8.329965018,      -9.220714265,      -6.298483174
          0,           0,        6999,      -10.32749405,      -8.330997264,      -9.221616746,      -6.299399685
          0,           0,        7000,      -10.32850767,       -8.33202962,      -9.222547438,      -6.300323357
          0,           0,        7001,      -10.32952174,      -8.333062192,      -9.223538632,       -6.30133573
          0,           0,        7002,      -10.33053608,      -8.334094859,      -9.224572002,      -6.302347912
          0,           0,        7003,      -10.33155055,      -8.335127676,      -9.225599815,      -6.303372589
          0,           0,        7004,      -10.33256547,      -8.336160574,      -9.226659956,       -6.30440362
          0,           0,        7005,      -10.33358081,      -8.337193606,      -9.227748132,      -6.305510305
          0,           0,        7006,      -10.33459622,      -8.338226762,       -9.22882731,      -6.306572427
          0,           0,        7007,      -10.33561198,      -8.339260015,      -9.229948999,      -6.307665222
          0,           0,        7008,       -10.3366281,      -8.340293346,      -9.231042899,      -6.308738666
          0,           0,        7009,      -10.33764434,      -8.341326806,      -9.232137812,      -6.309832407
          0,           0,        7010,      -10.33866088,      -8.342360377,      -9.233251885,      -6.310925042
          0,           0,        7011,      -10.33967772,      -8.343394006,      -9.234316709,      -6.311998256
          0,           0,        7012,      -10.34069474,      -8.344427737,      -9.235380463,      -6.313041178
          0,           0,        7013,      -10.34171218,      -8.345461582,      -9.236495287,      -6.314150246
          0,           0,        7014,      -10.34272968,        -8.3464955,      -9.237538024,      -6.315172004
          0,           0,        7015,       -10.3437475,       -8.34752948,      -9.238569829,      -6.316202882
          0,           0,        7016,      -10.34476558,      -8.348563621,      -9.239609988,      -6.317245645
          0,           0,        7017,      -10.34578389,      -8.349597811,      -9.240631619,      -6.318278869
          0,           0,        7018,      -10.34680246,      -8.350632035,      -9.241600206,      -6.319259275
          0,           0,        7019,       -10.3478214,      -8.351666401,       -9.24265161,      -6.320296499
          0,           0,        7020,      -10.34884035,      -8.352700851,       -9.24362438,      -6.321267233
          0,           0,        7021,      -10.34985971,      -8.353735375,      -9.244622297,      -6.322253471
          0,           0,        7022,      -10.35087929,      -8.354770001,      -9.245601749,      -6.323253661
          0,           0,        7023,      -10.35189913,      -8.355804718,       -9.24659266,       -6.32425215
          0,           0,        7024,      -10.35291913,      -8.356839501,      -9.247557595,      -6.325199963
          0,           0,        7025,      -10.35393954,      -8.357874382,      -9.248557901,      -6.326218948
          0,           0,        7026,      -10.35320002,      -8.361340783,      -9.061432987,      -6.116025385
          0,           0,        7027,      -10.35626805,      -8.361405011,      -9.215884094,       -6.29405667
          0,           0,        7028,      -10.35642473,      -8.364210887,      -9.046214435,      -6.102432471
          0,           0,        7029,      -10.35961708,      -8.364245682,      -9.217824469,      -6.298071427
          0,           0,        7030,       -10.3596462,      -8.367151524,      -9.050360839,      -6.108163312
          0,           0,        7031,      -10.36275442,      -8.367206842,      -9.211522867,      -6.293179102
          0,           0,        7032,      -10.36274533,      -8.370108808,      -9.040329239,      -6.099514481
          0,           0,        7033,      -10.36590225,      -8.370154974,      -9.202175536,      -6.285075261
          0,           0,        7034,      -10.36771618,      -8.370615456,      -9.205225428,      -6.289163384
          0,           0,        7035,      -10.36886865,      -8.371577231,       -9.22624124,      -6.309753843
          0,           0,        7036,      -10.36978316,      -8.372690625,      -9.237267046,      -6.320299618
          0,           0,        7037,      -10.37068127,      -8.373802514,      -9.235911314,      -6.318200821
          0,           0,        7038,      -10.36982936,      -8.377299797,      -9.050282879,      -6.108207014
          0,           0,        7039,      -10.37297529,      -8.377350366,      -9.204915126,       -6.28585293
          0,           0,        7040,      -10.37311921,      -8.380137609,      -9.046097979,      -6.103950713
          0,           0,        7041,      -10.37636499,      -8.380163048,       -9.22065961,      -6.302228043
          0,           0,        7042,      -10.37818468,      -8.380622184,      -9.228570419,      -6.310871045
          0,           0,        7043,       -10.3793086,      -8.381601437,      -9.251012026,      -6.332579461
          0,           0,        7044,      -10.38019907,      -8.382729772,      -9.260659105,      -6.341634597
          0,           0,        7045,      -10.38109153,      -8.383845575,      -9.257276159,      -6.337553004
          0,           0,        7046,      -10.38025603,      -8.387332998,      -9.068368926,      -6.124372633
          0,           0,        7047,      -10.38340204,      -8.387383336,      -9.224718549,      -6.304262728
          0,           0,        7048,      -10.38355475,      -8.390169214,      -9.064007619,      -6.120490297
          0,           0,        7049,      -10.38678794,       -8.39019905,      -9.239487462,      -6.320085672
          0,           0,        7050,      -10.38860484,      -8.390661556,      -9.246403299,      -6.327879601
          0,           0,        7051,      -10.38972737,      -8.391642016,      -9.267831395,      -6.348668177
          0,           0,        7052,      -10.39061715,      -8.392770521,      -9.276145583,      -6.356539709
          0,           0,        7053,      -10.39150888,      -8.393886401,      -9.271190652,      -6.351105266
          0,           0,        7054,      -10.39066808,      -8.397372025,      -9.079248094,       -6.13521286
          0,           0,        7055,      -10.39381355,      -8.397426084,      -9.235203454,      -6.314839235
          0,           0,        7056,      -10.39395998,      -8.400213389,      -9.073023604,      -6.129803513
          0,           0,        7057,      -10.39719682,      -8.400246864,       -9.24793803,      -6.328820219
          0,           0,        7058,      -10.39901475,      -8.400711426,      -9.254433552,      -6.336271332
          0,           0,        7059,      -10.40013762,      -8.401693911,      -9.275146687,      -6.356405717
          0,           0,        7060,      -10.40102771,      -8.402824558,       -9.28282781,      -6.363664495
          0,           0,        7061,      -10.40008576,       -8.40639431,      -9.090703427,      -6.147437854
          0,           0,        7062,      -10.40317767,      -8.406463881,      -9.239151997,       -6.31935235
          0,           0,        7063,      -10.40510586,      -8.406859387,      -9.243389142,      -6.325178469
          0,           0,        7064,      -10.40636514,      -8.407766021,      -9.272885564,      -6.354074733
          0,           0,        7065,      -10.40731696,      -8.408864317,      -9.291409023,      -6.372041225
          0,           0,        7066,      -10.40819958,      -8.409991532,      -9.291897638,      -6.371893267
          0,           0,        7067,      -10.40913373,      -8.411081953,      -9.285607032,      -6.365131368
          0,           0,        7068,      -10.40833271,      -8.414548137,      -9.096892489,      -6.152505267
          0,           0,        7069,      -10.41149023,      -8.414606626,      -9.254549199,      -6.333842712
          0,           0,        7070,      -10.41342278,      -8.415005697,      -9.262224987,      -6.343007804
          0,           0,        7071,      -10.41465894,      -8.415928122,      -9.291943568,      -6.372010302
          0,           0,        7072,      -10.41559104,      -8.417039685,      -9.308230626,      -6.387781074
          0,           0,        7073,      -10.41646785,      -8.418171668,      -9.305843772,      -6.384915757
          0,           0,        7074,      -10.41740676,      -8.419260705,      -9.297621266,      -6.376470004
          0,           0,        7075,      -10.41842296,      -8.420304076,        -9.2934798,      -6.372262517
          0,           0,        7076,      -10.41947882,      -8.421326678,      -9.295476622,       -6.37419199
          0,           0,        7077,       -10.4205334,      -8.422352126,      -9.301194079,      -6.379679637
          0,           0,        7078,      -10.42156838,      -8.423389696,      -9.307155826,      -6.385374322
          0,           0,        7079,      -10.42258679,      -8.424436851,      -9.311390833,      -6.389333331
          0,           0,        7080,          -10.4236,      -8.425486884,      -9.313725829,      -6.391470199
          0,           0,        7081,      -10.42461661,      -8.426534964,      -9.314861635,      -6.392424844
          0,           0,        7082,       -10.4256391,      -8.427580054,      -9.315688386,      -6.393247731
          0,           0,        7083,      -10.42666544,       -8.42862342,      -9.316775771,      -6.394270545
          0,           0,        7084,      -10.42769293,      -8.429666835,      -9.318170977,      -6.395642634
          0,           0,        7085,       -10.4287191,      -8.430711368,      -9.319579334,      -6.397066285
          0,           0,        7086,      -10.42974373,      -8.431757161,      -9.320897542,      -6.398399561
          0,           0,        7087,       -10.4307678,      -8.432803641,      -9.321958951,      -6.399475046
          0,           0,        7088,      -10.43179188,      -8.433850348,      -9.322729992,      -6.400274555
          0,           0,        7089,      -10.43281676,      -8.434897135,      -9.323440668,      -6.401048053
          0,           0,        7090,      -10.43384212,      -8.435943965,      -9.324035304,      -6.401726589
          0,           0,        7091,      -10.43486802,      -8.436990928,      -9.324630411,      -6.402372057
          0,           0,        7092,      -10.43589426,      -8.438038181,      -9.325261319,      -6.403070718
          0,           0,        7093,      -10.43692066,      -8.439085649,      -9.325877126,      -6.403731425
          0,           0,        7094,      -10.43794734,      -8.440133476,      -9.326545842,      -6.404461994
          0,           0,        7095,      -10.43897432,      -8.441181532,      -9.327209877,      -6.405188222
          0,           0,        7096,      -10.44000163,      -8.442229782,      -9.327925572,      -6.405916674
          0,           0,        7097,      -10.44102927,      -8.443278254,      -9.328656645,      -6.406710712
          0,           0,        7098,       -10.4420572,      -8.444326893,      -9.329427616,      -6.407497154
          0,           0,        7099,       -10.4430857,      -8.445375681,      -9.330291043,      -6.408372872
          0,           0,        7100,      -10.44411436,      -8.446424664,      -9.331140611,      -6.409231132
          0,           0,        7101,      -10.44514349,      -8.447473789,      -9.332050134,      -6.410178307
          0,           0,        7102,      -10.44617279,      -8.448523108,      -9.333047332,      -6.411149914
          0,           0,        7103,      -10.44720251,      -8.449572538,      -9.334043378,      -6.412137499
          0,           0,        7104,      -10.44823261,      -8.450622081,      -9.335083284,      -6.413191185
          0,           0,        7105,      -10.44926285,      -8.451671818,      -9.336140362,      -6.414220833
          0,           0,        7106,      -10.45029344,      -8.452721655,      -9.337219524,      -6.415298206
          0,           0,        7107,      -10.45132438,        -8.4537716,      -9.338349471,      -6.416396979
          0,           0,        7108,       -10.4523555,      -8.454821612,      -9.339408519,      -6.417455355
          0,           0,        7109,      -10.45338702,      -8.455871838,      -9.340602252,      -6.418638551
          0,           0,        7110,      -10.45441865,      -8.456922085,      -9.341690917,      -6.419712117
          0,           0,        7111,      -10.45545063,      -8.457972427,      -9.342780302,       -6.42079145
          0,           0,        7112,       -10.4564829,       -8.45902288,      -9.343920074,      -6.421906332
          0,           0,        7113,      -10.45751541,      -8.460073423,      -9.345028888,      -6.422995685
          0,           0,        7114,      -10.45854804,      -8.461124139,       -9.34613231,      -6.424113387
          0,           0,        7115,      -10.45958098,      -8.462174902,      -9.347215717,      -6.425177848
          0,           0,        7116,      -10.46061428,      -8.463225726,      -9.348273835,      -6.426231835
          0,           0,        7117,       -10.4616477,      -8.464276646,      -9.349354142,      -6.427302239
          0,           0,        7118,      -10.46268134,      -8.465327704,      -9.350385072,      -6.428345084
          0,           0,        7119,      -10.46371539,      -8.466378797,      -9.351414512,      -6.429376802
          0,           0,        7120,      -10.46474951,      -8.467429964,      -9.352459363,      -6.430364106
          0,           0,        7121,      -10.46578403,      -8.468481267,       -9.35347175,      -6.431424187
          0,           0,        7122,      -10.46681858,       -8.46953268,      -9.354479988,      -6.432429129
          0,           0,        7123,      -10.46785361,      -8.470584159,      -9.355512925,      -6.433466694
          0,           0,        7124,      -10.46888867,      -8.471635702,      -9.356506993,      -6.434446123
          0,           0,        7125,      -10.46992413,       -8.47268736,      -9.357515843,      -6.435441854
          0,           0,        7126,      -10.47095981,      -8.473739072,      -9.358475625,      -6.436447913
          0,           0,        7127,      -10.47199569,      -8.474790929,      -9.359503922,       -6.43746416
          0,           0,        7128,      -10.47127562,      -8.478267234,      -9.172282997,      -6.227026972
          0,           0,        7129,      -10.47436647,      -8.478367692,      -9.327123049,      -6.405634089
          0,           0,        7130,      -10.47454207,      -8.481187666,      -9.157440888,      -6.213846087
          0,           0,        7131,      -10.47775739,      -8.481258795,      -9.328938106,      -6.409562792
          0,           0,        7132,      -10.47780795,      -8.484177082,      -9.161278109,      -6.219292318
          0,           0,        7133,       -10.4809412,      -8.484267438,      -9.322467701,      -6.404517062
          0,           0,        7134,      -10.48095301,      -8.487181905,       -9.15128649,      -6.210695254
          0,           0,        7135,      -10.48413443,      -8.487263868,      -9.313142752,      -6.396393962
          0,           0,        7136,      -10.48596317,      -8.487745291,      -9.316404385,      -6.400705758
          0,           0,        7137,      -10.48713337,      -8.488723591,      -9.337097234,       -6.42099877
          0,           0,        7138,      -10.48806651,      -8.489852358,      -9.347945938,      -6.431292264
          0,           0,        7139,      -10.48898254,      -8.490980067,      -9.346661448,      -6.429204507
          0,           0,        7140,      -10.48815058,      -8.494486859,      -9.161267314,      -6.219370078
          0,           0,        7141,      -10.49131915,      -8.494574892,      -9.316334008,      -6.397556916
          0,           0,        7142,      -10.49148176,      -8.497376431,      -9.157593824,      -6.215622908
          0,           0,        7143,      -10.49475034,      -8.497438915,       -9.33205259,      -6.413993413
          0,           0,        7144,      -10.49658496,      -8.497918912,      -9.340139766,      -6.422791641
          0,           0,        7145,       -10.4977276,      -8.498913967,      -9.362187559,      -6.444109957
          0,           0,        7146,      -10.49863772,      -8.500057147,      -9.371745099,      -6.452995358
          0,           0,        7147,      -10.49954852,      -8.501188528,      -9.368528009,      -6.449052465
          0,           0,        7148,      -10.49873426,      -8.504684717,      -9.179793359,      -6.235929259
          0,           0,        7149,      -10.50190079,      -8.504773165,      -9.336550932,      -6.416366405
          0,           0,        7150,      -10.50207357,      -8.507572863,      -9.175857863,      -6.232502764
          0,           0,        7151,      -10.50532752,      -8.507640249,      -9.351211999,       -6.43214606
          0,           0,        7152,      -10.50715904,      -8.508123782,      -9.358264656,       -6.44010797
          0,           0,        7153,      -10.50830007,      -8.509120035,       -9.37933142,      -6.460505858
          0,           0,        7154,      -10.50920949,      -8.510263221,      -9.387449873,       -6.46809892
          0,           0,        7155,      -10.51011948,      -8.511394668,      -9.382678699,      -6.462842387
          0,           0,        7156,      -10.50930127,      -8.514888234,      -9.190860262,      -6.246959159
          0,           0,        7157,      -10.51246571,      -8.514981031,      -9.347243904,      -6.427113608
          0,           0,        7158,      -10.51263276,      -8.517781731,      -9.185010889,      -6.241975761
          0,           0,        7159,      -10.51588938,      -8.517853243,      -9.359754486,      -6.440983864
          0,           0,        7160,      -10.51772132,      -8.518339107,      -9.366400243,      -6.448607215
          0,           0,        7161,      -10.51886275,      -8.519337396,      -9.386736683,       -6.46831326
          0,           0,        7162,      -10.51977263,      -8.520482707,      -9.394254535,      -6.475336844
          0,           0,        7163,      -10.51885655,      -8.524058603,        -9.2021883,      -6.259092041
          0,           0,        7164,      -10.52196804,      -8.524166438,      -9.351213866,      -6.431673037
          0,           0,        7165,      -10.52390668,      -8.524585534,      -9.355759919,      -6.437850416
          0,           0,        7166,      -10.52518091,      -8.525510065,      -9.384800931,      -6.466337026
          0,           0,        7167,      -10.52615119,      -8.526623879,        -9.4030369,      -6.483924081
          0,           0,        7168,      -10.52705243,      -8.527766232,      -9.403478541,      -6.483686025
          0,           0,        7169,      -10.52800402,      -8.528872649,      -9.397367923,      -6.477134386
          0,           0,        7170,      -10.52722751,       -8.53234591,      -9.208810027,      -6.264550586
          0,           0,        7171,       -10.5304023,      -8.532443965,      -9.366898693,      -6.446431917
          0,           0,        7172,      -10.53234515,      -8.532866576,      -9.374784997,      -6.455900106
          0,           0,        7173,      -10.53359705,      -8.533806398,      -9.404024906,      -6.484414494
          0,           0,        7174,      -10.53454809,      -8.534932941,      -9.420041777,      -6.499848069
          0,           0,        7175,      -10.53544383,      -8.536079881,      -9.417641673,      -6.496936071
          0,           0,        7176,      -10.53639982,      -8.537184976,        -9.4096394,      -6.488688569
          0,           0,        7177,      -10.53743129,      -8.538245461,      -9.405671167,        -6.4846287
          0,           0,        7178,      -10.53850143,       -8.53928585,      -9.407827526,      -6.486733622
          0,           0,        7179,      -10.53957034,      -8.540328836,      -9.413427781,      -6.492133043
          0,           0,        7180,      -10.54062048,      -8.541383592,      -9.419442125,      -6.497846952
          0,           0,        7181,      -10.54165441,      -8.542447712,      -9.423687839,      -6.501856164
          0,           0,        7182,       -10.5426832,      -8.543514523,      -9.426013857,      -6.503938835
          0,           0,        7183,      -10.54371544,      -8.544579475,      -9.427156964,      -6.504975844
          0,           0,        7184,      -10.54475336,      -8.545641406,      -9.428039189,      -6.505774618
          0,           0,        7185,       -10.5457952,      -8.546701709,      -9.429199397,      -6.506891574
          0,           0,        7186,      -10.54683763,      -8.547762172,      -9.430584958,       -6.50825598
          0,           0,        7187,      -10.54787895,      -8.548823732,      -9.432018051,      -6.509680943
          0,           0,        7188,      -10.54891889,      -8.549886448,      -9.433271298,      -6.510972731
          0,           0,        7189,      -10.54995811,      -8.550949824,      -9.434331352,      -6.512050848
          0,           0,        7190,      -10.55099752,      -8.552013545,       -9.43520053,      -6.512969874
          0,           0,        7191,       -10.5520374,      -8.553077223,      -9.435809358,      -6.513606764
          0,           0,        7192,      -10.55307805,      -8.554141039,      -9.436472668,      -6.514363225
          0,           0,        7193,      -10.55411896,      -8.555204919,      -9.437074767,      -6.515012008
          0,           0,        7194,      -10.55516037,      -8.556269054,      -9.437661155,      -6.515670903
          0,           0,        7195,      -10.55620193,       -8.55733353,      -9.438317511,      -6.516365161
          0,           0,        7196,      -10.55724374,      -8.558398285,      -9.438983625,      -6.517141481
          0,           0,        7197,      -10.55828578,      -8.559463303,      -9.439722049,      -6.517874652
          0,           0,        7198,      -10.55932801,      -8.560528537,      -9.440394963,      -6.518582864
          0,           0,        7199,      -10.56037091,      -8.561593855,       -9.44111585,      -6.519365055
          0,           0,        7200,      -10.56141394,      -8.562659472,      -9.441935936,      -6.520212016
          0,           0,        7201,      -10.56245739,      -8.563725187,      -9.442777545,      -6.521031003
          0,           0,        7202,      -10.56350127,      -8.564791083,      -9.443654692,      -6.521956976
          0,           0,        7203,      -10.56454533,      -8.565857147,      -9.444631711,      -6.522938978
          0,           0,        7204,      -10.56558977,      -8.566923353,      -9.445634964,      -6.523912794
          0,           0,        7205,      -10.56663451,      -8.567989743,      -9.446612025,      -6.524903107
          0,           0,        7206,      -10.56767959,      -8.569056244,      -9.447676909,      -6.525989628
          0,           0,        7207,      -10.56872484,      -8.570122894,      -9.448802801,      -6.527093071
          0,           0,        7208,      -10.56977042,      -8.571189594,      -9.449879294,      -6.528118672
          0,           0,        7209,      -10.57081634,       -8.57225642,      -9.450991478,      -6.529224949
          0,           0,        7210,      -10.57186261,      -8.573323348,      -9.452162091,      -6.530372612
          0,           0,        7211,      -10.57290895,       -8.57439051,      -9.453304685,      -6.531549083
          0,           0,        7212,      -10.57395544,      -8.575457645,      -9.454429331,      -6.532590386
          0,           0,        7213,      -10.57500252,      -8.576524883,      -9.455598536,      -6.533788475
          0,           0,        7214,      -10.57604963,       -8.57759224,      -9.456708019,      -6.534881144
          0,           0,        7215,      -10.57709711,      -8.578659657,      -9.457854485,      -6.535996341
          0,           0,        7216,      -10.57814457,      -8.579727325,      -9.459001314,      -6.537155646
          0,           0,        7217,      -10.57919243,       -8.58079493,      -9.460094696,      -6.538200419
          0,           0,        7218,      -10.58024044,      -8.581862603,      -9.461137906,      -6.539254015
          0,           0,        7219,      -10.58128901,        -8.5829304,      -9.462249756,      -6.540372319
          0,           0,        7220,      -10.58233732,      -8.583998343,      -9.463312537,      -6.541427636
          0,           0,        7221,      -10.58338612,      -8.585066348,      -9.464397185,      -6.542513891
          0,           0,        7222,      -10.58443499,        -8.5861344,      -9.465387693,      -6.543472286
          0,           0,        7223,      -10.58548447,      -8.587202575,       -9.46650494,      -6.544589083
          0,           0,        7224,      -10.58653379,       -8.58827082,      -9.467488281,      -6.545586872
          0,           0,        7225,      -10.58758339,      -8.589339158,      -9.468478503,      -6.546597292
          0,           0,        7226,      -10.58863338,      -8.590407594,      -9.469511147,      -6.547621396
          0,           0,        7227,       -10.5896835,      -8.591476093,      -9.470544436,      -6.548653981
          0,           0,        7228,      -10.59073388,      -8.592544718,      -9.471546322,      -6.549671456
          0,           0,        7229,      -10.59178455,      -8.593613348,       -9.47257543,      -6.550666989
          0,           0,        7230,      -10.59109865,      -8.597091518,      -9.285291416,      -6.340120312
          0,           0,        7231,      -10.59419825,      -8.597233829,      -9.440494433,      -6.519230673
          0,           0,        7232,      -10.59440208,       -8.60006275,      -9.270804974,      -6.327339984
          0,           0,        7233,      -10.59762603,       -8.60017589,      -9.442163109,      -6.523045069
          0,           0,        7234,      -10.59770852,       -8.60310087,      -9.274317226,      -6.332513893
          0,           0,        7235,      -10.60085255,      -8.603231903,      -9.435573598,       -6.51787484
          0,           0,        7236,      -10.60089579,      -8.606152865,      -9.264351628,      -6.323910809
          0,           0,        7237,      -10.60408796,      -8.606276284,      -9.426262877,      -6.509768322
          0,           0,        7238,      -10.60592528,      -8.606781342,      -9.429744523,      -6.514326637
          0,           0,        7239,       -10.6071118,      -8.607776193,      -9.450089953,      -6.534198858
          0,           0,        7240,      -10.60806368,      -8.608919689,      -9.460708396,      -6.544222365
          0,           0,        7241,      -10.60899789,      -8.610062629,      -9.459551979,      -6.542255755
          0,           0,        7242,      -10.60820129,      -8.613570285,      -9.274348369,      -6.332542681
          0,           0,        7243,      -10.61137782,      -8.613701864,      -9.429898231,      -6.511368001
          0,           0,        7244,      -10.61156886,      -8.616512247,      -9.271271058,      -6.329393685
          0,           0,        7245,      -10.61484492,      -8.616617794,      -9.445653451,      -6.527831744
          0,           0,        7246,      -10.61668828,      -8.617121145,      -9.453895502,      -6.536807008
          0,           0,        7247,      -10.61784852,      -8.618131852,      -9.475586804,      -6.557687308
          0,           0,        7248,      -10.61877853,      -8.619289062,      -9.484975756,      -6.566349729
          0,           0,        7249,      -10.61970755,      -8.620435349,      -9.481895148,      -6.562503615
          0,           0,        7250,      -10.61893105,       -8.62393147,      -9.293375117,      -6.349570641
          0,           0,        7251,       -10.6221025,      -8.624064188,      -9.450609955,      -6.530607587
          0,           0,        7252,      -10.62230526,      -8.626872048,      -9.289906917,      -6.346646559
          0,           0,        7253,      -10.62556412,      -8.626982894,      -9.465144536,      -6.546278435
          0,           0,        7254,      -10.62740388,      -8.627490103,      -9.472379054,       -6.55448427
          0,           0,        7255,      -10.62856221,      -8.628501954,      -9.493042655,      -6.574386137
          0,           0,        7256,      -10.62949148,       -8.62965912,      -9.501014104,      -6.581775591
          0,           0,        7257,      -10.63041942,      -8.630805302,      -9.496295048,      -6.576499517
          0,           0,        7258,      -10.62964046,      -8.634297695,      -9.304611688,      -6.360803659
          0,           0,        7259,      -10.63280803,       -8.63443535,      -9.461511988,      -6.541524484
          0,           0,        7260,      -10.63300622,      -8.637243535,      -9.299223959,      -6.356284083
          0,           0,        7261,       -10.6362657,      -8.637359351,      -9.473835678,      -6.555269288
          0,           0,        7262,      -10.63810503,      -8.637869114,       -9.48061787,      -6.563047551
          0,           0,        7263,      -10.63926395,      -8.638882935,      -9.500574782,       -6.58232678
          0,           0,        7264,      -10.64019344,        -8.6400421,      -9.507888311,      -6.589071256
          0,           0,        7265,      -10.63932154,       -8.64361406,      -9.315830015,      -6.372826152
          0,           0,        7266,      -10.64243618,      -8.643766357,      -9.465433052,      -6.546042358
          0,           0,        7267,      -10.64437758,      -8.644212062,       -9.47036141,      -6.552647794
          0,           0,        7268,      -10.64566444,      -8.645154812,      -9.499028358,      -6.580707998
          0,           0,        7269,      -10.64665262,      -8.646283236,      -9.516798648,      -6.597821663
          0,           0,        7270,      -10.64757267,      -8.647439932,      -9.517307944,       -6.59758399
          0,           0,        7271,      -10.64854096,      -8.648561849,      -9.511355242,      -6.591173048
          0,           0,        7272,       -10.6478061,      -8.652032514,      -9.322916939,      -6.378708636
          0,           0,        7273,      -10.65098123,      -8.652176351,      -9.481464478,      -6.561136336
          0,           0,        7274,      -10.65292634,      -8.652625631,      -9.489609278,      -6.570919126
          0,           0,        7275,      -10.65419173,      -8.653582951,      -9.518457542,      -6.598996262
          0,           0,        7276,      -10.65516121,      -8.654723626,      -9.534034109,      -6.613925795
          0,           0,        7277,      -10.65607599,      -8.655884531,      -9.531671099,      -6.611036443
          0,           0,        7278,      -10.65704834,      -8.657005018,      -9.523884144,      -6.602942478
          0,           0,        7279,      -10.65809379,      -8.658082328,      -9.520134294,      -6.599126505
          0,           0,        7280,      -10.65917671,      -8.659140109,      -9.522393443,      -6.601328341
          0,           0,        7281,      -10.66025846,      -8.660200424,      -9.528064694,      -6.606816613
          0,           0,        7282,      -10.66132194,      -8.661272065,      -9.533979284,      -6.612433511
          0,           0,        7283,      -10.66236998,      -8.662352661,      -9.538202323,      -6.616399367
          0,           0,        7284,      -10.66341344,      -8.663435719,       -9.54055891,      -6.618518676
          0,           0,        7285,      -10.66446002,      -8.664516963,      -9.541748832,      -6.619610305
          0,           0,        7286,      -10.66551203,      -8.665595308,      -9.542668905,      -6.620426526
          0,           0,        7287,      -10.66656761,      -8.666672168,       -9.54385198,       -6.62153801
          0,           0,        7288,      -10.66762395,      -8.667749167,      -9.545276776,      -6.622972828
          0,           0,        7289,      -10.66867879,      -8.668827307,      -9.546706079,      -6.624415487
          0,           0,        7290,      -10.66973248,      -8.669906462,      -9.547974413,      -6.625682769
          0,           0,        7291,      -10.67078537,      -8.670986366,      -9.549020152,      -6.626757236
          0,           0,        7292,      -10.67183853,      -8.672066394,      -9.549826206,      -6.627616106
          0,           0,        7293,      -10.67289217,      -8.673146507,      -9.550526424,      -6.628360838
          0,           0,        7294,      -10.67394653,      -8.674226726,      -9.551184059,      -6.629062534
          0,           0,        7295,      -10.67500103,      -8.675307119,      -9.551767341,      -6.629726246
          0,           0,        7296,      -10.67605593,      -8.676387676,       -9.55238532,      -6.630418548
          0,           0,        7297,      -10.67711116,      -8.677468531,      -9.553067014,      -6.631135662
          0,           0,        7298,      -10.67816641,      -8.678549701,      -9.553695184,      -6.631831426
          0,           0,        7299,      -10.67922211,      -8.679631075,      -9.554391482,      -6.632595056
          0,           0,        7300,      -10.68027793,      -8.680712692,      -9.555145734,      -6.633392014
          0,           0,        7301,      -10.68133421,      -8.681794393,      -9.555910851,      -6.634149002
          0,           0,        7302,      -10.68239078,      -8.682876324,      -9.556735084,      -6.635000285
          0,           0,        7303,      -10.68344775,      -8.683958427,      -9.557602572,      -6.635911176
          0,           0,        7304,      -10.68450477,      -8.685040656,      -9.558476799,      -6.636782751
          0,           0,        7305,       -10.6855625,      -8.686122982,      -9.559451533,      -6.637733348
          0,           0,        7306,      -10.68662038,      -8.687205544,      -9.560465287,      -6.638788385
          0,           0,        7307,      -10.68767825,      -8.688288256,      -9.561502003,      -6.639770698
          0,           0,        7308,      -10.68873669,      -8.689371049,      -9.562602057,      -6.640919903
          0,           0,        7309,       -10.6897955,      -8.690453901,      -9.563700647,      -6.641978713
          0,           0,        7310,      -10.69085433,      -8.691536956,      -9.564878991,      -6.643123173
          0,           0,        7311,      -10.69191343,      -8.692620086,      -9.565975983,      -6.644227536
          0,           0,        7312,      -10.69297278,      -8.693703301,      -9.567174343,      -6.645375546
          0,           0,        7313,      -10.69403255,      -8.694786608,      -9.568355937,       -6.64657107
          0,           0,        7314,      -10.69509238,      -8.695869983,      -9.569501081,       -6.64768022
          0,           0,        7315,      -10.69615253,      -8.696953373,      -9.570653931,      -6.648807964
          0,           0,        7316,      -10.69721259,      -8.698037036,      -9.571807161,       -6.64997072
          0,           0,        7317,      -10.69827328,       -8.69912074,      -9.572985793,      -6.651143785
          0,           0,        7318,      -10.69933375,      -8.700204435,      -9.574149808,      -6.652210637
          0,           0,        7319,      -10.70039482,      -8.701288196,      -9.575203045,      -6.653360937
          0,           0,        7320,      -10.70145592,      -8.702372169,      -9.576428494,      -6.654521048
          0,           0,        7321,      -10.70251715,      -8.703456096,      -9.577450377,      -6.655504448
          0,           0,        7322,      -10.70357867,      -8.704540212,      -9.578544032,      -6.656647287
          0,           0,        7323,      -10.70464045,      -8.705624297,      -9.579634992,      -6.657700723
          0,           0,        7324,      -10.70570239,      -8.706708504,      -9.580712621,      -6.658793417
          0,           0,        7325,      -10.70676437,      -8.707792797,      -9.581708258,      -6.659789043
          0,           0,        7326,      -10.70782677,      -8.708877186,      -9.582828794,      -6.660916697
          0,           0,        7327,      -10.70888921,       -8.70996159,      -9.583872607,       -6.66189957
          0,           0,        7328,      -10.70995199,      -8.711046123,      -9.584915315,      -6.662970675
          0,           0,        7329,      -10.71101481,      -8.712130686,       -9.58588819,      -6.663946873
          0,           0,        7330,      -10.71207805,      -8.713215424,      -9.586970542,      -6.665052813
          0,           0,        7331,       -10.7131413,      -8.714300071,      -9.587978261,      -6.666033182
          0,           0,        7332,      -10.71250945,      -8.717768064,      -9.400554142,      -6.455361953
          0,           0,        7333,      -10.71559727,      -8.717959054,      -9.556262146,      -6.635054339
          0,           0,        7334,      -10.71584146,      -8.720788685,      -9.386471756,      -6.443050552
          0,           0,        7335,      -10.71905241,      -8.720950591,      -9.557745593,      -6.638727531
          0,           0,        7336,      -10.71918069,      -8.723873637,       -9.38969786,      -6.447949035
          0,           0,        7337,       -10.7223147,      -8.724051659,      -9.550995444,       -6.63339339
          0,           0,        7338,      -10.72240325,       -8.72697053,      -9.379722817,      -6.439368195
          0,           0,        7339,      -10.72558426,      -8.727142025,      -9.541678868,      -6.625291952
          0,           0,        7340,      -10.72742131,      -8.727673401,      -9.545474074,      -6.630209903
          0,           0,        7341,      -10.72862127,       -8.72868424,      -9.565396716,      -6.649554145
          0,           0,        7342,      -10.72959121,      -8.729841024,      -9.575853545,      -6.659352427
          0,           0,        7343,      -10.73054255,      -8.730997709,      -9.574739113,      -6.657429874
          0,           0,        7344,      -10.72980267,      -8.734493511,      -9.389714493,       -6.44789448
          0,           0,        7345,      -10.73296535,      -8.734675481,      -9.545869061,      -6.627374038
          0,           0,        7346,      -10.73319782,      -8.737486658,      -9.387321101,      -6.445474376
          0,           0,        7347,      -10.73645783,      -8.737642003,      -9.561562578,      -6.643813781
          0,           0,        7348,      -10.73830072,      -8.738171443,      -9.570071449,      -6.653091043
          0,           0,        7349,      -10.73947605,      -8.739197069,      -9.591387499,      -6.673495932
          0,           0,        7350,      -10.74042524,      -8.740366639,      -9.600608842,      -6.681931416
          0,           0,        7351,      -10.74137164,      -8.741526281,      -9.597634821,      -6.678109888
          0,           0,        7352,      -10.74065441,      -8.745009226,       -9.40926781,      -6.465417236
          0,           0,        7353,      -10.74380824,      -8.745193187,      -9.567091296,       -6.64708753
          0,           0,        7354,      -10.74405424,      -8.748000884,      -9.406403184,      -6.463149236
          0,           0,        7355,      -10.74729375,      -8.748162211,      -9.581498804,      -6.662679297
          0,           0,        7356,      -10.74913197,      -8.748695731,      -9.588918582,       -6.67105847
          0,           0,        7357,      -10.75030524,      -8.749722246,      -9.609202797,      -6.690507574
          0,           0,        7358,      -10.75125355,      -8.750891465,      -9.616943991,      -6.697607089
          0,           0,        7359,      -10.75219845,      -8.752050873,      -9.612311561,      -6.692434307
          0,           0,        7360,      -10.75148127,      -8.755528441,      -9.420758448,      -6.476846774
          0,           0,        7361,      -10.75462826,      -8.755718251,      -9.578167974,      -6.658236353
          0,           0,        7362,      -10.75487068,      -8.758525195,      -9.415884388,      -6.472896581
          0,           0,        7363,      -10.75810875,       -8.75869227,      -9.590332975,      -6.671817957
          0,           0,        7364,      -10.75994546,      -8.759228639,      -9.597350313,      -6.679841834
          0,           0,        7365,       -10.7611184,      -8.760257167,      -9.616739533,      -6.698479818
          0,           0,        7366,      -10.76206721,      -8.761428102,      -9.623862596,      -6.704939693
          0,           0,        7367,      -10.76126348,      -8.764981682,      -9.431864817,      -6.488768107
          0,           0,        7368,      -10.76435786,      -8.765185441,      -9.582128811,      -6.662783786
          0,           0,        7369,       -10.7662897,       -8.76566129,      -9.587434133,      -6.669728937
          0,           0,        7370,       -10.7675849,      -8.766621811,      -9.615619891,      -6.697289184
          0,           0,        7371,      -10.76858925,      -8.767763228,      -9.633033844,      -6.713967817
          0,           0,        7372,      -10.76952766,      -8.768932171,      -9.633543813,      -6.713683146
          0,           0,        7373,      -10.77051063,      -8.770067941,      -9.627742235,       -6.70739283
          0,           0,        7374,      -10.76984095,       -8.77352209,      -9.439454688,      -6.495151099
          0,           0,        7375,      -10.77299112,      -8.773719016,      -9.598545923,      -6.678213035
          0,           0,        7376,      -10.77492629,      -8.774198279,      -9.607021128,      -6.688310341
          0,           0,        7377,      -10.77620056,      -8.775172554,      -9.635292263,      -6.715787684
          0,           0,        7378,      -10.77718753,      -8.776325318,      -9.650486364,      -6.730253158
          0,           0,        7379,      -10.77812027,      -8.777498117,      -9.648192625,      -6.727325794
          0,           0,        7380,       -10.7791072,      -8.778632336,      -9.640567484,       -6.71946185
          0,           0,        7381,       -10.7801638,      -8.779725244,      -9.637071423,      -6.715886999
          0,           0,        7382,      -10.78125636,      -8.780799248,      -9.639478931,      -6.718220447
          0,           0,        7383,      -10.78234795,      -8.781875571,      -9.645046035,      -6.723607103
          0,           0,        7384,      -10.78342197,       -8.78296277,      -9.651078574,      -6.729300591
          0,           0,        7385,      -10.78448158,      -8.784058334,      -9.655200781,      -6.733206822
          0,           0,        7386,      -10.78553661,      -8.785156382,      -9.657569997,      -6.735354464
          0,           0,        7387,      -10.78659475,      -8.786252523,      -9.658822264,      -6.736452372
          0,           0,        7388,      -10.78765806,      -8.787345853,      -9.659836409,      -6.737327467
          0,           0,        7389,      -10.78872468,      -8.788437899,      -9.661040212,       -6.73856034
          0,           0,        7390,      -10.78979164,      -8.789529949,      -9.662435456,      -6.739907739
          0,           0,        7391,      -10.79085746,      -8.790623015,      -9.663883542,      -6.741336643
          0,           0,        7392,      -10.79192192,      -8.791717267,       -9.66517702,      -6.742664371
          0,           0,        7393,      -10.79298553,      -8.792812143,      -9.666169336,      -6.743705943
          0,           0,        7394,      -10.79404955,        -8.7939072,      -9.667099021,      -6.744635144
          0,           0,        7395,      -10.79511382,      -8.795002102,      -9.667631639,      -6.745242452
          0,           0,        7396,      -10.79617888,      -8.796097285,      -9.668386027,      -6.746076153
          0,           0,        7397,      -10.79724421,       -8.79719248,      -9.668975797,      -6.746679134
          0,           0,        7398,      -10.79830932,       -8.79828798,      -9.669550462,      -6.747370259
          0,           0,        7399,      -10.79937518,      -8.799383681,      -9.670292881,      -6.748133459
          0,           0,        7400,      -10.80044106,      -8.800479621,      -9.670936884,      -6.748852775
          0,           0,        7401,      -10.80150694,      -8.801575895,      -9.671656128,      -6.749636101
          0,           0,        7402,      -10.80257334,      -8.802672152,       -9.67233312,      -6.750325262
          0,           0,        7403,      -10.80363989,        -8.8037687,      -9.673149617,      -6.751164189
          0,           0,        7404,      -10.80470673,      -8.804865344,      -9.673966295,      -6.751994696
          0,           0,        7405,      -10.80577415,      -8.805962198,      -9.674893535,      -6.753000499
          0,           0,        7406,      -10.80684143,      -8.807059092,      -9.675840009,       -6.75388663
          0,           0,        7407,       -10.8079093,      -8.808156107,       -9.67677609,      -6.754810915
          0,           0,        7408,      -10.80897735,      -8.809253323,      -9.677851643,      -6.755943383
          0,           0,        7409,      -10.81004532,      -8.810350608,      -9.678899952,      -6.756964899
          0,           0,        7410,      -10.81111401,      -8.811447968,      -9.680052035,      -6.758056201
          0,           0,        7411,      -10.81218271,      -8.812545585,      -9.681215719,      -6.759281317
          0,           0,        7412,      -10.81325135,      -8.813643037,      -9.682269992,      -6.760246411
          0,           0,        7413,      -10.81432072,      -8.814740723,      -9.683549568,      -6.761523232
          0,           0,        7414,      -10.81539004,       -8.81583835,      -9.684709334,      -6.762641243
          0,           0,        7415,      -10.81645954,      -8.816936232,      -9.685896779,       -6.76390352
          0,           0,        7416,        -10.817529,      -8.818034017,      -9.687099269,      -6.764958662
          0,           0,        7417,      -10.81859897,      -8.819132061,      -9.688330806,      -6.766243004
          0,           0,        7418,      -10.81966884,      -8.820229964,      -9.689465784,      -6.767331617
          0,           0,        7419,       -10.8207391,      -8.821328014,      -9.690650502,      -6.768514998
          0,           0,        7420,      -10.82180933,      -8.822426066,           -9.6918,      -6.769634512
          0,           0,        7421,      -10.82288005,       -8.82352425,      -9.693040024,       -6.77082864
          0,           0,        7422,      -10.82395051,      -8.824622485,       -9.69410502,      -6.771946108
          0,           0,        7423,      -10.82502129,      -8.825720744,       -9.69524512,      -6.773029046
          0,           0,        7424,      -10.82609213,        -8.8268191,      -9.696307987,      -6.774122445
          0,           0,        7425,      -10.82716313,      -8.827917518,       -9.69747131,      -6.775244298
          0,           0,        7426,      -10.82823451,      -8.829015906,      -9.698519197,      -6.776283585
          0,           0,        7427,        -10.829306,      -8.830114442,      -9.699639249,      -6.777406195
          0,           0,        7428,      -10.83037734,      -8.831213057,      -9.700678007,      -6.778440981
          0,           0,        7429,      -10.83144905,      -8.832311561,      -9.701784303,      -6.779468252
          0,           0,        7430,      -10.83252098,      -8.833410262,      -9.702733575,      -6.780578647
          0,           0,        7431,      -10.83359299,      -8.834508947,      -9.703851572,      -6.781600946
          0,           0,        7432,      -10.83466519,      -8.835607639,      -9.704948797,      -6.782661358
          0,           0,        7433,       -10.8357377,      -8.836706493,      -9.705994244,      -6.783764333
          0,           0,        7434,      -10.83518591,       -8.84014703,      -9.518331435,      -6.572970667
          0,           0,        7435,      -10.83823199,      -8.840393813,      -9.674581311,      -6.753218145
          0,           0,        7436,      -10.83853249,      -8.843212596,       -9.50475359,      -6.561210955
          0,           0,        7437,      -10.84169884,      -8.843430813,      -9.675954054,      -6.756844746
          0,           0,        7438,      -10.84189027,      -8.846338951,      -9.507570065,       -6.56578325
          0,           0,        7439,      -10.84498343,      -8.846571179,      -9.668942222,      -6.751235176
          0,           0,        7440,      -10.84513602,      -8.849475017,      -9.497679202,      -6.557236228
          0,           0,        7441,      -10.84827397,      -8.849702043,      -9.659687694,      -6.743222903
          0,           0,        7442,      -10.85009676,      -8.850262368,      -9.663788566,      -6.748411784
          0,           0,        7443,      -10.85130525,      -8.851287569,      -9.683211015,      -6.767277606
          0,           0,        7444,      -10.85229107,      -8.852454511,      -9.693454761,      -6.776710501
          0,           0,        7445,      -10.85325697,      -8.853622272,      -9.692516245,      -6.774850972
          0,           0,        7446,      -10.85260307,      -8.857088156,      -9.507616309,      -6.565701886
          0,           0,        7447,      -10.85571913,      -8.857328156,      -9.664398261,      -6.745781565
          0,           0,        7448,      -10.85600916,      -8.860127783,      -9.505952372,      -6.563980752
          0,           0,        7449,       -10.8592203,      -8.860340618,      -9.680141021,      -6.762287634
          0,           0,        7450,      -10.86104834,      -8.860898809,      -9.688971393,      -6.771832488
          0,           0,        7451,      -10.86223395,      -8.861937433,      -9.709767874,      -6.791612149
          0,           0,        7452,      -10.86319994,      -8.863116094,      -9.718788651,      -6.799753949
          0,           0,        7453,      -10.86416124,      -8.864286004,      -9.715985729,      -6.796101537
          0,           0,        7454,      -10.86353343,      -8.867737305,      -9.527882531,       -6.58380078
          0,           0,        7455,       -10.8666353,      -8.867980188,      -9.686214934,      -6.765999866
          0,           0,        7456,       -10.8669416,      -8.870774701,      -9.525488533,      -6.582072052
          0,           0,        7457,      -10.87012769,      -8.870994292,      -9.700519564,      -6.781561771
          0,           0,        7458,      -10.87194939,      -8.871556823,      -9.708245338,      -6.790172742
          0,           0,        7459,      -10.87313231,      -8.872596132,      -9.727979024,      -6.808979559
          0,           0,        7460,      -10.87409716,      -8.873774034,      -9.735449368,      -6.815734311
          0,           0,        7461,       -10.8750567,      -8.874943269,       -9.73095747,      -6.810618587
          0,           0,        7462,      -10.87443205,      -8.878387012,      -9.539558142,      -6.595453202
          0,           0,        7463,      -10.87752304,      -8.878636629,       -9.69747054,      -6.777320127
          0,           0,        7464,      -10.87782776,      -8.881429204,       -9.53517947,      -6.592045282
          0,           0,        7465,      -10.88100849,      -8.881655289,      -9.709528529,      -6.790835863
          0,           0,        7466,      -10.88282708,      -8.882220949,      -9.716772357,      -6.799048786
          0,           0,        7467,      -10.88400913,      -8.883262054,      -9.735778276,      -6.817153768
          0,           0,        7468,      -10.88497441,      -8.884441191,      -9.742532699,      -6.823199461
          0,           0,        7469,      -10.88427117,      -8.887955674,      -9.550352105,      -6.607111563
          0,           0,        7470,       -10.8873103,      -8.888218702,      -9.701587539,      -6.781956631
          0,           0,        7471,      -10.88921603,      -8.888728126,      -9.707364738,      -6.789487526
          0,           0,        7472,      -10.89051193,      -8.889704949,      -9.735030886,       -6.81637435
          0,           0,        7473,      -10.89152976,      -8.890855839,      -9.751978409,      -6.832466963
          0,           0,        7474,      -10.89248242,      -8.892033725,       -9.75231628,      -6.832060333
          0,           0,        7475,      -10.89347758,      -8.893179899,      -9.746789822,      -6.825952235
          0,           0,        7476,      -10.89290383,      -8.896597323,      -9.558589152,      -6.614049525
          0,           0,        7477,      -10.89599247,      -8.896855272,      -9.718369438,      -6.797719286
          0,           0,        7478,      -10.89790011,      -8.897368108,      -9.727161783,      -6.808263648
          0,           0,        7479,      -10.89917626,      -8.898357423,      -9.754893252,      -6.834999045
          0,           0,        7480,      -10.90017696,      -8.899518716,      -9.769702835,      -6.848944871
          0,           0,        7481,      -10.90112517,      -8.900699561,      -9.767299778,      -6.845939453
          0,           0,        7482,      -10.90212309,      -8.901844251,      -9.760017144,      -6.838416141
          0,           0,        7483,      -10.90318563,      -8.902949907,      -9.756704878,      -6.835044773
          0,           0,        7484,      -10.90428256,      -8.904037534,       -9.75923484,      -6.837461021
          0,           0,        7485,      -10.90537887,      -8.905127133,      -9.764968986,      -6.843016081
          0,           0,        7486,      -10.90645838,      -8.906227047,      -9.770781722,       -6.84856385
          0,           0,        7487,      -10.90752454,      -8.907334567,      -9.774974821,       -6.85236008
          0,           0,        7488,      -10.90858645,      -8.908444465,      -9.777338744,      -6.854562237
          0,           0,        7489,      -10.90965105,      -8.909552467,      -9.778615031,      -6.855699853
          0,           0,        7490,      -10.91072075,      -8.910657896,      -9.779805036,      -6.856761899
          0,           0,        7491,      -10.91179298,      -8.911761991,      -9.780988194,      -6.857881052
          0,           0,        7492,        -10.912866,      -8.912866166,      -9.782377645,      -6.859323705
          0,           0,        7493,      -10.91393736,       -8.91397125,      -9.783828779,      -6.860735149
          0,           0,        7494,      -10.91500731,      -8.915077421,      -9.785144432,      -6.862074009
          0,           0,        7495,      -10.91607649,      -8.916184109,      -9.786110334,      -6.863066302
          0,           0,        7496,      -10.91714613,      -8.917290995,      -9.787010356,       -6.86399804
          0,           0,        7497,      -10.91821582,      -8.918397806,      -9.787678781,       -6.86472721
          0,           0,        7498,      -10.91928605,      -8.919504594,      -9.788328542,      -6.865435086
          0,           0,        7499,      -10.92035663,      -8.920611438,      -9.788882424,      -6.866020938
          0,           0,        7500,      -10.92142771,      -8.921718548,      -9.789599137,      -6.866805471
          0,           0,        7501,      -10.92249825,      -8.922825936,      -9.790224325,      -6.867557694
          0,           0,        7502,       -10.9235691,      -8.923933516,      -9.790912624,      -6.868250515
          0,           0,        7503,      -10.92464016,      -8.925041272,      -9.791642811,      -6.868992183
          0,           0,        7504,      -10.92571116,      -8.926149185,       -9.79238196,      -6.869824369
          0,           0,        7505,      -10.92678283,      -8.927257068,       -9.79320524,      -6.870627812
          0,           0,        7506,      -10.92785474,      -8.928365078,      -9.793979172,      -6.871506718
          0,           0,        7507,       -10.9289266,      -8.929473377,      -9.794927591,      -6.872426331
          0,           0,        7508,      -10.92999869,        -8.9305816,      -9.795894274,      -6.873362893
          0,           0,        7509,      -10.93107119,      -8.931689953,      -9.796977519,      -6.874442483
          0,           0,        7510,      -10.93214359,      -8.932798342,      -9.797984374,      -6.875472574
          0,           0,        7511,      -10.93321624,      -8.933906948,      -9.799071775,       -6.87653893
          0,           0,        7512,      -10.93428922,      -8.935015324,      -9.800246478,       -6.87763237
          0,           0,        7513,      -10.93536229,      -8.936123932,      -9.801408646,      -6.878845284
          0,           0,        7514,      -10.93643523,      -8.937232715,      -9.802613559,      -6.879979848
          0,           0,        7515,      -10.93750853,      -8.938341217,      -9.803773194,      -6.881128322
          0,           0,        7516,      -10.93858236,       -8.93944997,      -9.805082096,      -6.882428345
          0,           0,        7517,      -10.93965555,      -8.940558668,      -9.806199071,      -6.883493192
          0,           0,        7518,      -10.94072912,      -8.941667569,      -9.807540129,      -6.884862998
          0,           0,        7519,      -10.94180305,      -8.942776253,      -9.808726128,      -6.885977338
          0,           0,        7520,      -10.94287692,      -8.943885063,      -9.809976273,      -6.887227368
          0,           0,        7521,      -10.94395055,      -8.944993927,       -9.81119318,       -6.88836246
          0,           0,        7522,      -10.94502453,      -8.946102743,      -9.812326197,      -6.889494915
          0,           0,        7523,      -10.94609863,      -8.947211533,       -9.81352084,      -6.890718648
          0,           0,        7524,      -10.94717279,      -8.948320486,      -9.814756603,      -6.891878403
          0,           0,        7525,       -10.9482468,       -8.94942935,      -9.815810139,      -6.892950079
          0,           0,        7526,      -10.94932126,       -8.95053821,      -9.816995171,      -6.894148449
          0,           0,        7527,      -10.95039556,      -8.951646953,      -9.818077433,      -6.895121062
          0,           0,        7528,      -10.95146996,      -8.952756105,      -9.819239691,      -6.896370848
          0,           0,        7529,      -10.95254454,      -8.953864858,      -9.820373674,      -6.897425413
          0,           0,        7530,      -10.95361891,      -8.954973892,      -9.821346124,      -6.898465694
          0,           0,        7531,      -10.95469378,      -8.956082935,      -9.822541468,      -6.899634989
          0,           0,        7532,       -10.9557682,      -8.957191837,      -9.823587503,      -6.900620063
          0,           0,        7533,       -10.9568434,      -8.958300759,      -9.824685108,      -6.901768297
          0,           0,        7534,      -10.95791808,      -8.959409753,      -9.825712248,      -6.902773906
          0,           0,        7535,      -10.95899296,      -8.960518678,      -9.826690796,      -6.903726126
          0,           0,        7536,      -10.95855702,      -8.963907054,      -9.638868566,      -6.693189044
          0,           0,        7537,      -10.96151717,      -8.964217586,      -9.795766597,      -6.873859638
          0,           0,        7538,      -10.96189514,      -8.967008229,      -9.625921954,      -6.682130945
          0,           0,        7539,      -10.96497088,       -8.96729045,      -9.796918183,       -6.87734015
          0,           0,        7540,      -10.96524859,      -8.970164712,      -9.628242535,      -6.686199412
          0,           0,        7541,      -10.96825672,      -8.970459146,      -9.789735055,      -6.871681253
          0,           0,        7542,      -10.96849576,         -8.973329,      -9.618369837,      -6.677717448
          0,           0,        7543,      -10.97154608,       -8.97361912,      -9.780448081,      -6.863533676
          0,           0,        7544,      -10.97333463,      -8.974211172,      -9.785094094,      -6.869371642
          0,           0,        7545,      -10.97454351,      -8.975247338,      -9.804057297,       -6.88761647
          0,           0,        7546,      -10.97554016,      -8.976419231,      -9.813802106,      -6.896444643
          0,           0,        7547,      -10.97651609,      -8.977592758,      -9.813039738,      -6.894745915
          0,           0,        7548,      -10.97598557,      -8.981002707,       -9.62824792,      -6.686051249
          0,           0,        7549,      -10.97900847,      -8.981308884,      -9.785864308,      -6.866719631
          0,           0,        7550,      -10.97937871,      -8.984078892,      -9.627500252,       -6.68527378
          0,           0,        7551,      -10.98249209,      -8.984357311,      -9.801592914,       -6.88324607
          0,           0,        7552,      -10.98428471,      -8.984946618,      -9.810782748,      -6.893246675
          0,           0,        7553,      -10.98547202,      -8.985994298,      -9.831082519,      -6.912269076
          0,           0,        7554,      -10.98645109,      -8.987176527,      -9.839959884,       -6.92014796
          0,           0,        7555,      -10.98742225,       -8.98835145,      -9.837321923,      -6.916679389
          0,           0,        7556,      -10.98692115,      -8.991743993,       -9.64910636,      -6.704618972
          0,           0,        7557,      -10.98992444,      -8.992054192,      -9.808386628,      -6.887644898
          0,           0,        7558,      -10.99031324,      -8.994817081,      -9.647555946,      -6.703811952
          0,           0,        7559,      -10.99339582,      -8.995103136,      -9.822611677,      -6.903050287
          0,           0,        7560,      -10.99518002,      -8.995696754,       -9.83054068,      -6.911954616
          0,           0,        7561,       -10.9963643,      -8.996744803,      -9.849788177,      -6.930116037
          0,           0,        7562,      -10.99734064,      -8.997925491,      -9.856949776,       -6.93636761
          0,           0,        7563,      -10.99831006,      -8.999099134,      -9.852629303,      -6.931498308
          0,           0,        7564,      -10.99781663,      -9.002481279,      -9.661125909,      -6.716634304
          0,           0,        7565,      -11.00080333,       -9.00279901,      -9.819939304,      -6.899142231
          0,           0,        7566,       -11.0011922,      -9.005557898,      -9.657386078,      -6.713916914
          0,           0,        7567,      -11.00426472,      -9.005851196,      -9.831689936,      -6.912457707
          0,           0,        7568,      -11.00604341,      -9.006448423,      -9.839255772,        -6.9209717
          0,           0,        7569,      -11.00722625,      -9.007497583,       -9.85762929,      -6.938352081
          0,           0,        7570,      -11.00820279,      -9.008678975,        -9.8641592,      -6.943961807
          0,           0,        7571,      -11.00764232,      -9.012125233,      -9.671803872,      -6.728132088
          0,           0,        7572,      -11.01057597,      -9.012455415,      -9.823901062,       -6.90365137
          0,           0,        7573,      -11.01243129,      -9.013001624,      -9.830346417,      -6.912011822
          0,           0,        7574,      -11.01371692,      -9.013991194,       -9.85734612,      -6.937997292
          0,           0,        7575,      -11.01474174,      -9.015145682,      -9.873865907,      -6.953469041
          0,           0,        7576,      -11.01570453,       -9.01632612,      -9.874149752,      -6.952956672
          0,           0,        7577,      -11.01670446,      -9.017477641,      -9.868952601,      -6.947212659
          0,           0,        7578,      -11.01626737,      -9.020829558,      -9.680598735,      -6.735643414
          0,           0,        7579,      -11.01924214,      -9.021156684,      -9.841015853,      -6.919764377
          0,           0,        7580,      -11.02109809,      -9.021705951,      -9.850591675,      -6.931044499
          0,           0,        7581,        -11.022365,      -9.022706376,      -9.877639421,      -6.956965082
          0,           0,        7582,      -11.02337386,      -9.023869726,      -9.891829604,      -6.970098768
          0,           0,        7583,      -11.02433144,      -9.025052698,      -9.889518375,      -6.967220527
          0,           0,        7584,      -11.02533358,      -9.026202075,      -9.882416196,       -6.95986092
          0,           0,        7585,      -11.02639495,      -9.027315089,      -9.879460127,      -6.956846091
          0,           0,        7586,      -11.02748691,      -9.028411339,       -9.88211404,        -6.9593869
          0,           0,        7587,      -11.02857932,      -9.029509112,      -9.887760877,      -6.964859828
          0,           0,        7588,      -11.02965645,      -9.030616311,      -9.893690893,      -6.970492402
          0,           0,        7589,       -11.0307209,      -9.031730476,      -9.897835321,      -6.974247959
          0,           0,        7590,      -11.03178137,      -9.032846719,      -9.900215748,      -6.976397516
          0,           0,        7591,      -11.03284511,       -9.03396099,      -9.901557922,      -6.977637712
          0,           0,        7592,      -11.03391258,       -9.03507311,      -9.902724833,      -6.978644268
          0,           0,        7593,      -11.03498245,      -9.036183637,      -9.904018084,      -6.979875014
          0,           0,        7594,       -11.0360523,      -9.037294474,      -9.905422406,      -6.981317828
          0,           0,        7595,       -11.0371208,      -9.038406017,      -9.906833401,      -6.982719195
          0,           0,        7596,      -11.03818834,      -9.039518316,      -9.908085825,      -6.983895678
          0,           0,        7597,      -11.03925475,      -9.040631411,      -9.909231715,       -6.98520945
          0,           0,        7598,      -11.04032109,      -9.041744447,      -9.910140209,       -6.98603924
          0,           0,        7599,      -11.04138779,      -9.042857225,      -9.910644017,       -6.98659013
          0,           0,        7600,       -11.0424552,      -9.043970163,      -9.911407257,      -6.987519109
          0,           0,        7601,      -11.04352236,       -9.04508297,      -9.912002456,      -6.988090775
          0,           0,        7602,      -11.04458955,      -9.046195899,      -9.912567888,        -6.9886916
          0,           0,        7603,      -11.04565662,      -9.047309178,      -9.913239379,      -6.989517343
          0,           0,        7604,      -11.04672401,      -9.048422417,      -9.914020101,      -6.990305075
          0,           0,        7605,      -11.04779145,       -9.04953584,       -9.91472027,      -6.991053244
          0,           0,        7606,      -11.04885907,      -9.050649248,      -9.915501102,      -6.991876433
          0,           0,        7607,      -11.04992608,       -9.05176297,      -9.916322316,      -6.992705732
          0,           0,        7608,      -11.05099421,      -9.052876217,      -9.917133683,       -6.99352702
          0,           0,        7609,       -11.0520617,       -9.05398984,      -9.918096958,      -6.994460548
          0,           0,        7610,      -11.05312957,      -9.055103445,       -9.91909603,      -6.995470988
          0,           0,        7611,      -11.05419779,       -9.05621695,      -9.920116314,      -6.996530013
          0,           0,        7612,       -11.0552659,      -9.057330792,      -9.921411161,      -6.997787919
          0,           0,        7613,      -11.05633366,      -9.058444057,      -9.922252597,      -6.998592453
          0,           0,        7614,      -11.05740209,       -9.05955771,      -9.923616199,      -6.999920775
          0,           0,        7615,      -11.05847026,      -9.060671398,      -9.924798978,      -7.001135536
          0,           0,        7616,      -11.05953827,      -9.061784717,      -9.925905533,      -7.002199483
          0,           0,        7617,        -11.060607,      -9.062898267,      -9.927319966,       -7.00359444
          0,           0,        7618,      -11.06167481,      -9.064011508,      -9.928449385,      -7.004614474
          0,           0,        7619,      -11.06274312,      -9.065125088,      -9.929764383,      -7.005968653
          0,           0,        7620,       -11.0638117,      -9.066238388,      -9.931098156,      -7.007186989
          0,           0,        7621,      -11.06487972,      -9.067351554,      -9.932252959,      -7.008317673
          0,           0,        7622,      -11.06594779,      -9.068464843,      -9.933522223,      -7.009568797
          0,           0,        7623,      -11.06701584,      -9.069578102,      -9.934784151,      -7.010904902
          0,           0,        7624,      -11.06808427,      -9.070691151,      -9.936023682,      -7.012019931
          0,           0,        7625,      -11.06915207,      -9.071804295,      -9.937221638,      -7.013219251
          0,           0,        7626,      -11.07022041,      -9.072917338,      -9.938418536,      -7.014431821
          0,           0,        7627,      -11.07128817,       -9.07403005,      -9.939593018,      -7.015484402
          0,           0,        7628,       -11.0723562,      -9.075143162,      -9.940803821,      -7.016753489
          0,           0,        7629,      -11.07342425,      -9.076255936,      -9.941933718,      -7.017824568
          0,           0,        7630,      -11.07449187,      -9.077368757,       -9.94300897,      -7.018925955
          0,           0,        7631,      -11.07555972,       -9.07848129,      -9.944083033,      -7.019969817
          0,           0,        7632,       -11.0766275,      -9.079594022,       -9.94527343,      -7.021162938
          0,           0,        7633,      -11.07769559,      -9.080706625,      -9.946504452,      -7.022358064
          0,           0,        7634,       -11.0787632,      -9.081819042,      -9.947524373,      -7.023349494
          0,           0,        7635,      -11.07983045,      -9.082931659,       -9.94860259,      -7.024431309
          0,           0,        7636,      -11.08089857,      -9.084043924,      -9.949686483,      -7.025524807
          0,           0,        7637,      -11.08196577,      -9.085156344,      -9.950861674,      -7.026637786
          0,           0,        7638,      -11.08168814,      -9.088458113,       -9.76236908,      -6.816110129
          0,           0,        7639,      -11.08450445,      -9.088839548,       -9.92016518,      -6.997230245
          0,           0,        7640,      -11.08498383,      -9.091577127,      -9.750292918,      -6.805945722
          0,           0,        7641,      -11.08790764,      -9.091930906,      -9.921226939,      -7.000717749
          0,           0,        7642,      -11.08829859,      -9.094744867,      -9.752011208,      -6.809468552
          0,           0,        7643,      -11.09116095,      -9.095108279,      -9.913718391,      -6.994730835
          0,           0,        7644,      -11.09151565,      -9.097917729,      -9.742199202,      -6.801134336
          0,           0,        7645,       -11.0944151,      -9.098278555,      -9.904517427,      -6.986827134
          0,           0,        7646,      -11.09614177,       -9.09890313,      -9.909574714,      -6.993005719
          0,           0,        7647,      -11.09733788,      -9.099943818,      -9.927837011,      -7.010373309
          0,           0,        7648,      -11.09833768,       -9.10111243,      -9.937478906,      -7.018987657
          0,           0,        7649,      -11.09931597,      -9.102283259,      -9.936772859,      -7.017355523
          0,           0,        7650,      -11.09895496,      -9.105601278,      -9.751939199,      -6.809164242
          0,           0,        7651,      -11.10182241,      -9.105980982,      -9.910404886,      -6.990465259
          0,           0,        7652,      -11.10229819,      -9.108695732,      -9.752190711,      -6.809450174
          0,           0,        7653,      -11.10524887,       -9.10904707,      -9.926432488,      -7.007036736
          0,           0,        7654,      -11.10697783,      -9.109668443,      -9.936091693,      -7.017538546
          0,           0,        7655,      -11.10815485,      -9.110718729,      -9.955720889,      -7.035818427
          0,           0,        7656,      -11.10913742,      -9.111895363,      -9.964069649,      -7.042992582
          0,           0,        7657,      -11.11011098,      -9.113066458,      -9.961845678,      -7.039840011
          0,           0,        7658,      -11.10978447,      -9.116364031,      -9.773620869,      -6.828554477
          0,           0,        7659,       -11.1126237,      -9.116748291,      -9.933780969,       -7.01193729
          0,           0,        7660,      -11.11312112,      -9.119453119,      -9.772889322,      -6.828526507
          0,           0,        7661,      -11.11603466,      -9.119812475,       -9.94796102,      -7.027329382
          0,           0,        7662,      -11.11775181,      -9.120438536,      -9.956381053,      -7.036773726
          0,           0,        7663,      -11.11892365,      -9.121488265,      -9.974819177,      -7.053782794
          0,           0,        7664,       -11.1199042,      -9.122662334,      -9.981718738,      -7.059741113
          0,           0,        7665,       -11.1208743,      -9.123831501,      -9.977622774,      -7.055064225
          0,           0,        7666,      -11.12056032,      -9.127114396,      -9.785896623,      -6.840688141
          0,           0,        7667,      -11.12337671,       -9.12750728,      -9.945634543,       -7.02383349
          0,           0,        7668,       -11.1238771,      -9.130205324,       -9.78304482,      -6.838909621
          0,           0,        7669,      -11.12677259,       -9.13057285,       -9.95718084,      -7.036825775
          0,           0,        7670,      -11.12848198,      -9.131202607,      -9.965332303,      -7.045968204
          0,           0,        7671,      -11.12965155,      -9.132252372,      -9.982808914,      -7.062166243
          0,           0,        7672,      -11.13063036,      -9.133426282,      -9.988977972,      -7.067328492
          0,           0,        7673,      -11.13026412,      -9.136764512,       -9.79640287,      -6.852066406
          0,           0,        7674,      -11.13302658,      -9.137168536,      -9.949583082,      -7.028340017
          0,           0,        7675,      -11.13479888,      -9.137753059,      -9.956807001,      -7.037337937
          0,           0,        7676,      -11.13605772,      -9.138749016,      -9.983185548,      -7.062462478
          0,           0,        7677,      -11.13707919,      -9.139897971,      -9.999075219,      -7.077252352
          0,           0,        7678,      -11.13804335,      -9.141070861,      -9.999255028,       -7.07652093
          0,           0,        7679,      -11.13903821,      -9.142218643,      -9.994328926,      -7.071208679
          0,           0,        7680,      -11.13878644,      -9.145466068,      -9.805953025,      -6.860205748
          0,           0,        7681,      -11.14157923,      -9.145868971,      -9.967238752,      -7.044795421
          0,           0,        7682,      -11.14334966,      -9.146455967,      -9.977455098,      -7.056766648
          0,           0,        7683,      -11.14459093,        -9.1474609,       -10.0036533,      -7.081479728
          0,           0,        7684,      -11.14559818,      -9.148616737,      -10.01749144,      -7.094167213
          0,           0,        7685,        -11.146556,      -9.149791102,      -10.01499099,      -7.091066684
          0,           0,        7686,      -11.14755157,       -9.15093596,      -10.00818012,      -7.084031132
          0,           0,        7687,      -11.14859888,       -9.15204773,      -10.00564486,      -7.081384199
          0,           0,        7688,      -11.14967442,      -9.153143804,      -10.00841488,      -7.084238568
          0,           0,        7689,      -11.15075007,      -9.154240882,      -10.01418777,      -7.089636237
          0,           0,        7690,      -11.15181241,       -9.15534615,       -10.0199796,      -7.095008451
          0,           0,        7691,      -11.15286308,       -9.15645803,       -10.0239833,      -7.098761592
          0,           0,        7692,      -11.15390976,      -9.157571731,      -10.02649827,      -7.101013651
          0,           0,        7693,      -11.15495952,      -9.158683366,      -10.02797777,      -7.102335278
          0,           0,        7694,      -11.15601249,      -9.159792657,      -10.02912525,      -7.103338246
          0,           0,        7695,      -11.15706754,      -9.160900726,      -10.03053495,      -7.104692444
          0,           0,        7696,      -11.15812207,      -9.162008832,      -10.03203348,      -7.106126822
          0,           0,        7697,      -11.15917532,      -9.163117402,      -10.03335945,      -7.107433302
          0,           0,        7698,      -11.16022745,      -9.164226924,       -10.0347062,      -7.108806771
          0,           0,        7699,      -11.16127811,      -9.165336695,      -10.03559471,      -7.109736479
          0,           0,        7700,       -11.1623293,      -9.166446359,      -10.03650965,      -7.110694034
          0,           0,        7701,       -11.1633803,      -9.167555924,      -10.03730332,      -7.111493307
          0,           0,        7702,      -11.16443102,      -9.168665298,      -10.03793154,      -7.112135791
          0,           0,        7703,      -11.16548203,      -9.169774879,       -10.0384569,       -7.11293999
          0,           0,        7704,      -11.16653249,      -9.170884186,      -10.03911815,      -7.113506634
          0,           0,        7705,      -11.16758377,       -9.17199322,      -10.03977379,      -7.114188039
          0,           0,        7706,      -11.16863488,      -9.173102418,      -10.04058088,      -7.115105832
          0,           0,        7707,      -11.16968519,      -9.174212234,       -10.0414246,      -7.115914293
          0,           0,        7708,      -11.17073554,       -9.17532147,      -10.04190242,      -7.116620383
          0,           0,        7709,      -11.17178569,      -9.176430663,      -10.04285809,      -7.117411756
          0,           0,        7710,      -11.17283627,      -9.177539833,      -10.04364247,      -7.118239285
          0,           0,        7711,      -11.17388699,      -9.178648891,      -10.04480102,      -7.119430559
          0,           0,        7712,      -11.17493712,       -9.17975787,      -10.04588468,       -7.12045084
          0,           0,        7713,      -11.17598706,      -9.180866974,      -10.04689776,      -7.121523361
          0,           0,        7714,      -11.17703711,      -9.181975423,       -10.0479602,      -7.122385218
          0,           0,        7715,      -11.17808808,      -9.183084164,      -10.04912093,       -7.12375382
          0,           0,        7716,       -11.1791378,      -9.184192381,      -10.05035776,      -7.124820609
          0,           0,        7717,      -11.18018743,      -9.185300759,      -10.05155041,      -7.126026823
          0,           0,        7718,      -11.18123727,      -9.186409124,      -10.05297081,      -7.127393514
          0,           0,        7719,      -11.18228685,      -9.187517324,      -10.05416596,      -7.128575932
          0,           0,        7720,      -11.18333637,      -9.188625191,      -10.05545748,      -7.129828721
          0,           0,        7721,      -11.18438602,      -9.189732728,      -10.05676192,      -7.131073062
          0,           0,        7722,       -11.1854345,      -9.190840335,      -10.05815107,      -7.132225021
          0,           0,        7723,      -11.18648325,      -9.191948028,      -10.05940163,      -7.133667036
          0,           0,        7724,      -11.18753244,      -9.193054979,      -10.06069833,       -7.13481426
          0,           0,        7725,      -11.18858087,      -9.194162208,      -10.06198923,      -7.136145758
          0,           0,        7726,      -11.18962952,      -9.195269082,      -10.06319794,      -7.137299864
          0,           0,        7727,      -11.19067741,      -9.196375908,      -10.06445663,      -7.138538846
          0,           0,        7728,      -11.19172534,      -9.197482317,      -10.06564043,      -7.139642103
          0,           0,        7729,      -11.19277294,      -9.198588672,      -10.06685559,      -7.140831706
          0,           0,        7730,      -11.19382085,      -9.199694916,      -10.06814324,      -7.142058928
          0,           0,        7731,      -11.19486808,      -9.200801046,       -10.0692992,      -7.143260209
          0,           0,        7732,      -11.19591484,       -9.20190697,      -10.07037755,      -7.144298435
          0,           0,        7733,      -11.19696202,      -9.203012653,      -10.07158974,      -7.145426712
          0,           0,        7734,      -11.19800879,      -9.204118401,      -10.07290802,      -7.146884544
          0,           0,        7735,      -11.19905463,      -9.205223468,      -10.07378309,      -7.147528483
          0,           0,        7736,      -11.20010153,      -9.206328786,      -10.07502469,      -7.148905751
          0,           0,        7737,      -11.20114771,      -9.207433682,      -10.07614717,      -7.149953304
          0,           0,        7738,      -11.20219345,      -9.208538516,      -10.07722909,      -7.151011063
          0,           0,        7739,      -11.20323965,      -9.209643074,      -10.07847247,      -7.152184135
          0,           0,        7740,      -11.20316937,      -9.212812577,       -9.88943918,      -6.941998007
          0,           0,        7741,      -11.20576627,      -9.213270325,      -10.04823925,      -7.123808541
          0,           0,        7742,      -11.20637352,       -9.21592046,      -9.878099372,      -6.932844972
          0,           0,        7743,      -11.20906755,      -9.216350624,      -10.04895693,      -7.126876353
          0,           0,        7744,      -11.20960185,      -9.219068108,      -9.879290371,      -6.935849831
          0,           0,        7745,      -11.21224087,      -9.219505618,      -10.04127945,      -7.120888082
          0,           0,        7746,      -11.21274107,      -9.222218277,      -9.869595485,      -6.927555291
          0,           0,        7747,       -11.2154123,      -9.222654518,      -10.03214391,      -7.112998753
          0,           0,        7748,      -11.21704182,      -9.223309993,      -10.03754869,      -7.119644089
          0,           0,        7749,      -11.21820724,      -9.224345442,      -10.05536947,      -7.136214708
          0,           0,        7750,      -11.21919687,      -9.225497667,       -10.0645302,      -7.144284514
          0,           0,        7751,      -11.22016467,       -9.22665304,      -10.06388445,      -7.142666793
          0,           0,        7752,      -11.22002555,      -9.229831695,      -9.879160881,      -6.935308061
          0,           0,        7753,      -11.22266006,       -9.23028926,      -10.03867665,      -7.117294037
          0,           0,        7754,      -11.22326847,      -9.232913533,      -9.880530861,      -6.936822772
          0,           0,        7755,      -11.22597498,      -9.233342276,      -10.05467883,      -7.133765662
          0,           0,        7756,       -11.2276046,      -9.233994172,      -10.06498973,      -7.144861004
          0,           0,        7757,      -11.22875172,      -9.235036133,      -10.08399348,      -7.162015667
          0,           0,        7758,      -11.22972633,      -9.236194231,      -10.09217537,      -7.169018863
          0,           0,        7759,      -11.23068794,      -9.237348366,      -10.09004993,      -7.165948019
          0,           0,        7760,      -11.23058949,      -9.240501817,      -9.901615371,      -6.955378939
          0,           0,        7761,      -11.23318525,      -9.240964573,      -10.06293095,      -7.139377649
          0,           0,        7762,      -11.23381948,      -9.243575661,      -9.902084594,      -6.956596677
          0,           0,        7763,      -11.23648034,      -9.244012702,      -10.07694218,      -7.154603478
          0,           0,        7764,      -11.23809469,      -9.244668931,      -10.08611012,      -7.164579652
          0,           0,        7765,       -11.2392356,      -9.245709246,      -10.10374437,      -7.180605563
          0,           0,        7766,      -11.24020594,      -9.246863111,      -10.11024319,      -7.185898985
          0,           0,        7767,      -11.24116344,      -9.248014042,      -10.10633146,      -7.181553753
          0,           0,        7768,      -11.24108263,      -9.251148152,      -9.914238823,      -6.967862821
          0,           0,        7769,      -11.24364774,      -9.251619685,      -10.07495009,       -7.15136544
          0,           0,        7770,      -11.24428841,      -9.254220746,      -9.912511148,      -6.967297417
          0,           0,        7771,      -11.24692338,      -9.254665498,      -10.08638146,      -7.164128677
          0,           0,        7772,      -11.24852538,      -9.255325815,      -10.09514346,      -7.173933842
          0,           0,        7773,      -11.24966298,      -9.256364901,      -10.11179777,      -7.189102437
          0,           0,        7774,      -11.25063059,      -9.257517182,      -10.11765643,      -7.193596912
          0,           0,        7775,      -11.25051315,      -9.260695567,      -9.924689538,      -6.979082495
          0,           0,        7776,      -11.25302324,      -9.261176706,      -10.07881823,      -7.155786718
          0,           0,        7777,        -11.254673,      -9.261798906,      -10.08729127,      -7.166084185
          0,           0,        7778,      -11.25588414,      -9.262789999,      -10.11279616,      -7.189990004
          0,           0,        7779,      -11.25688862,      -9.263918371,      -10.12811137,      -7.203863729
          0,           0,        7780,      -11.25783898,      -9.265069764,      -10.12820258,      -7.203025078
          0,           0,        7781,      -11.25881438,      -9.266199532,      -10.12345345,      -7.197996522
          0,           0,        7782,      -11.25879842,      -9.269292144,      -9.934854959,      -6.987799069
          0,           0,        7783,      -11.26132764,      -9.269773567,      -10.09725677,      -7.172771964
          0,           0,        7784,      -11.26297311,      -9.270397449,      -10.10839848,      -7.185680971
          0,           0,        7785,      -11.26416748,      -9.271395127,      -10.13369731,      -7.209343156
          0,           0,        7786,      -11.26515713,      -9.272528163,      -10.14669219,      -7.220790872
          0,           0,        7787,      -11.26610178,        -9.2736794,      -10.14449806,      -7.217917009
          0,           0,        7788,      -11.26707556,      -9.274805264,       -10.1379725,      -7.211318942
          0,           0,        7789,      -11.26809236,      -9.275902233,       -10.1355833,      -7.208847013
          0,           0,        7790,       -11.2691334,      -9.276984625,      -10.13832694,      -7.211632802
          0,           0,        7791,      -11.27017513,      -9.278067563,      -10.14443373,      -7.217265386
          0,           0,        7792,      -11.27120548,       -9.27915712,      -10.15018361,      -7.222624145
          0,           0,        7793,      -11.27222607,      -9.280252649,      -10.15435499,         -7.226474
          0,           0,        7794,      -11.27324207,      -9.281349331,      -10.15663712,       -7.22842223
          0,           0,        7795,      -11.27426127,      -9.282444088,       -10.1581014,      -7.229649762
          0,           0,        7796,      -11.27528259,      -9.283537006,      -10.15962537,      -7.231121407
          0,           0,        7797,      -11.27630532,      -9.284628503,      -10.16103383,      -7.232294858
          0,           0,        7798,      -11.27732738,       -9.28571971,      -10.16230059,      -7.233736643
          0,           0,        7799,      -11.27834744,       -9.28681143,      -10.16377199,      -7.234969057
          0,           0,        7800,      -11.27936788,       -9.28790346,      -10.16532583,      -7.236688824
          0,           0,        7801,      -11.28038541,      -9.288995806,      -10.16607916,      -7.237412462
          0,           0,        7802,      -11.28140356,      -9.290087903,      -10.16703101,      -7.238331013
          0,           0,        7803,      -11.28242155,      -9.291179533,      -10.16756353,      -7.239088695
          0,           0,        7804,       -11.2834389,      -9.292270834,      -10.16839231,       -7.23977608
          0,           0,        7805,      -11.28445636,      -9.293362057,      -10.16887415,        -7.2404597
          0,           0,        7806,      -11.28547321,      -9.294453413,      -10.16962565,      -7.241190461
          0,           0,        7807,      -11.28648995,      -9.295544107,      -10.17020256,       -7.24180524
          0,           0,        7808,      -11.28750698,       -9.29663483,       -10.1708745,      -7.242720164
          0,           0,        7809,      -11.28852202,       -9.29772575,       -10.1718584,      -7.243451638
          0,           0,        7810,      -11.28953861,      -9.298815873,       -10.1724331,      -7.244279662
          0,           0,        7811,      -11.29055437,      -9.299906038,      -10.17335119,      -7.245062074
          0,           0,        7812,      -11.29156972,       -9.30099608,      -10.17441693,      -7.246297352
          0,           0,        7813,      -11.29258495,      -9.302085379,      -10.17537398,       -7.24702999
          0,           0,        7814,      -11.29360007,      -9.303175025,      -10.17631496,      -7.248246401
          0,           0,        7815,      -11.29461408,      -9.304264137,      -10.17764608,      -7.249135948
          0,           0,        7816,      -11.29562908,      -9.305352738,      -10.17852135,      -7.250332673
          0,           0,        7817,      -11.29664265,      -9.306441338,      -10.17984238,      -7.251442988
          0,           0,        7818,      -11.29765735,      -9.307529575,      -10.18121944,       -7.25282502
          0,           0,        7819,      -11.29867015,       -9.30861731,      -10.18238469,      -7.253936893
          0,           0,        7820,      -11.29968376,      -9.309704986,       -10.1837556,      -7.255269371
          0,           0,        7821,      -11.30069594,      -9.310792418,      -10.18501581,      -7.256475222
          0,           0,        7822,      -11.30170907,      -9.311879074,      -10.18646279,      -7.257772601
          0,           0,        7823,      -11.30272012,      -9.312966027,        -10.187732,      -7.259035763
          0,           0,        7824,      -11.30373304,      -9.314052356,      -10.18926132,      -7.260555292
          0,           0,        7825,       -11.3047436,      -9.315138356,      -10.19050322,      -7.261609583
          0,           0,        7826,      -11.30575502,      -9.316223773,      -10.19177696,      -7.262936991
          0,           0,        7827,      -11.30676494,      -9.317309273,      -10.19305126,      -7.264114863
          0,           0,        7828,      -11.30777556,      -9.318394288,      -10.19440779,      -7.265479377
          0,           0,        7829,      -11.30878545,      -9.319479001,      -10.19564221,      -7.266756493
          0,           0,        7830,      -11.30979439,        -9.3205631,      -10.19690162,      -7.267775937
          0,           0,        7831,      -11.31080387,      -9.321647214,      -10.19836643,      -7.269176652
          0,           0,        7832,       -11.3118118,      -9.322730914,      -10.19936543,      -7.270261352
          0,           0,        7833,      -11.31281997,      -9.323814218,       -10.2006109,      -7.271446323
          0,           0,        7834,      -11.31382742,      -9.324897597,      -10.20194306,      -7.272743398
          0,           0,        7835,      -11.31483569,      -9.325979969,      -10.20311246,       -7.27390622
          0,           0,        7836,      -11.31584216,      -9.327062292,      -10.20432323,       -7.27492393
          0,           0,        7837,      -11.31684897,      -9.328143953,      -10.20528865,      -7.275898491
          0,           0,        7838,      -11.31785475,      -9.329225964,      -10.20641921,      -7.277355325
          0,           0,        7839,      -11.31886075,      -9.330307252,       -10.2080028,      -7.278417181
          0,           0,        7840,      -11.31986604,      -9.331388283,      -10.20910707,      -7.279730089
          0,           0,        7841,       -11.3208713,      -9.332468743,      -10.21007674,      -7.280702606
          0,           0,        7842,      -11.32105587,      -9.335449485,      -10.02014166,      -7.070950938
          0,           0,        7843,      -11.32334935,      -9.335981783,       -10.1802186,      -7.253139253
          0,           0,        7844,      -11.32410974,      -9.338501965,      -10.00994902,      -7.063185809
          0,           0,        7845,      -11.32648512,       -9.33900703,       -10.1808276,      -7.256066173
          0,           0,        7846,       -11.3271889,      -9.341584014,      -10.01058988,      -7.065653246
          0,           0,        7847,      -11.32951762,      -9.342093594,      -10.17274473,      -7.249732566
          0,           0,        7848,      -11.33019105,      -9.344664843,      -10.00073186,       -7.05743056
          0,           0,        7849,      -11.33254589,      -9.345174413,      -10.16349838,      -7.242068212
          0,           0,        7850,      -11.33403742,      -9.345856301,      -10.17002234,       -7.24974308
          0,           0,        7851,      -11.33514931,      -9.346870705,      -10.18678111,      -7.264941184
          0,           0,        7852,        -11.336112,      -9.347988182,      -10.19579018,      -7.272569736
          0,           0,        7853,      -11.33705116,      -9.349109933,      -10.19507942,      -7.271012232
          0,           0,        7854,      -11.33718479,      -9.352090764,      -10.00991989,      -7.064562113
          0,           0,        7855,      -11.33949783,      -9.352624319,      -10.17090717,      -7.247031202
          0,           0,        7856,      -11.34026468,       -9.35511513,      -10.01302952,      -7.067819544
          0,           0,        7857,      -11.34263765,      -9.355618279,      -10.18715324,      -7.263628791
          0,           0,        7858,      -11.34412507,      -9.356295255,      -10.19831772,        -7.2753033
          0,           0,        7859,      -11.34522224,      -9.357313052,      -10.21659346,      -7.291555751
          0,           0,        7860,      -11.34616872,       -9.35843326,      -10.22425292,      -7.297632087
          0,           0,        7861,      -11.34710166,      -9.359551645,      -10.22225982,      -7.294902983
          0,           0,        7862,      -11.34727957,      -9.362503923,      -10.03375516,      -7.085708883
          0,           0,        7863,      -11.34954585,      -9.363041844,      -10.19621285,      -7.269909762
          0,           0,        7864,      -11.35033941,      -9.365514603,      -10.03536752,      -7.088204303
          0,           0,        7865,      -11.35266042,      -9.366025692,      -10.21021067,      -7.284896453
          0,           0,        7866,      -11.35412942,      -9.366706434,      -10.22038445,       -7.29575834
          0,           0,        7867,      -11.35521696,      -9.367721295,      -10.23696661,      -7.310520891
          0,           0,        7868,       -11.3561585,      -9.368835849,      -10.24299046,      -7.315063582
          0,           0,        7869,      -11.35708604,      -9.369948672,      -10.23897825,      -7.310831145
          0,           0,        7870,      -11.35728531,      -9.372876044,      -10.04669937,      -7.098370287
          0,           0,        7871,      -11.35951422,      -9.373422027,      -10.20878963,      -7.282249937
          0,           0,        7872,      -11.36031629,      -9.375880931,      -10.04596208,       -7.09899767
          0,           0,        7873,      -11.36260221,      -9.376399982,       -10.2200566,      -7.294781068
          0,           0,        7874,      -11.36405787,      -9.377083505,      -10.22945193,      -7.305325029
          0,           0,        7875,      -11.36513836,      -9.378095452,      -10.24517021,      -7.318788904
          0,           0,        7876,       -11.3660772,       -9.37920612,      -10.25057265,      -7.323034069
          0,           0,        7877,      -11.36625546,      -9.382163835,      -10.05655709,      -7.109064126
          0,           0,        7878,      -11.36842961,      -9.382718571,      -10.21284592,      -7.286928984
          0,           0,        7879,      -11.36991411,      -9.383371252,      -10.22202455,      -7.297803759
          0,           0,        7880,      -11.37105301,       -9.38434237,      -10.24695284,      -7.320851676
          0,           0,        7881,      -11.37201917,      -9.385430386,      -10.26108319,      -7.333050043
          0,           0,        7882,      -11.37293939,       -9.38653974,      -10.26141774,       -7.33240172
          0,           0,        7883,      -11.37387467,      -9.387632428,      -10.25697229,       -7.32767857
          0,           0,        7884,      -11.37414193,      -9.390511046,      -10.06776811,      -7.118795604
          0,           0,        7885,      -11.37632086,      -9.391065817,      -10.23163202,      -7.304130952
          0,           0,        7886,      -11.37779883,      -9.391718969,      -10.24384358,      -7.317906318
          0,           0,        7887,      -11.37892144,       -9.39269315,      -10.26839779,      -7.340113193
          0,           0,        7888,      -11.37987516,      -9.393783894,      -10.28063353,      -7.350788906
          0,           0,        7889,      -11.38078668,      -9.394891295,      -10.27815066,      -7.347526004
          0,           0,        7890,      -11.38171842,      -9.395978752,      -10.27180944,      -7.341135862
          0,           0,        7891,      -11.38268563,      -9.397041103,        -10.269804,      -7.339299305
          0,           0,        7892,       -11.3836727,      -9.398091077,      -10.27329801,      -7.342535302
          0,           0,        7893,      -11.38465996,      -9.399140243,      -10.27901829,      -7.347989993
          0,           0,        7894,      -11.38563742,      -9.400194841,      -10.28464102,      -7.353022114
          0,           0,        7895,      -11.38660656,      -9.401253864,      -10.28864398,      -7.356358179
          0,           0,        7896,      -11.38757376,      -9.402314557,      -10.29141871,      -7.359014403
          0,           0,        7897,      -11.38854006,      -9.403373455,      -10.29304288,      -7.360412289
          0,           0,        7898,      -11.38950947,      -9.404430174,      -10.29451413,      -7.361593352
          0,           0,        7899,      -11.39047967,      -9.405485136,      -10.29583313,       -7.36302715
          0,           0,        7900,      -11.39144898,      -9.406539401,      -10.29716042,      -7.364114888
          0,           0,        7901,      -11.39241657,      -9.407594363,      -10.29873567,      -7.365665459
          0,           0,        7902,      -11.39338241,      -9.408649589,      -10.30006139,      -7.367113966
          0,           0,        7903,      -11.39434755,       -9.40970472,      -10.30124111,      -7.368176096
          0,           0,        7904,      -11.39531312,      -9.410758517,      -10.30189598,      -7.368790227
          0,           0,        7905,      -11.39627545,      -9.411813049,      -10.30256285,      -7.369455542
          0,           0,        7906,      -11.39723921,      -9.412866617,      -10.30312162,      -7.370269083
          0,           0,        7907,      -11.39820288,      -9.413919688,      -10.30396236,       -7.37113699
          0,           0,        7908,      -11.39916551,      -9.414972074,      -10.30440342,      -7.371697554
          0,           0,        7909,      -11.40012742,      -9.416024512,      -10.30516998,      -7.372469831
          0,           0,        7910,      -11.40108929,      -9.417076425,      -10.30598686,      -7.373337193
          0,           0,        7911,       -11.4020503,      -9.418127891,      -10.30638409,      -7.373842156
          0,           0,        7912,      -11.40301086,      -9.419178867,      -10.30745545,      -7.374760988
          0,           0,        7913,      -11.40397096,      -9.420229518,       -10.3083725,       -7.37568474
          0,           0,        7914,      -11.40493078,       -9.42127981,      -10.30932753,      -7.376710281
          0,           0,        7915,      -11.40588914,      -9.422329485,      -10.31025576,      -7.377411216
          0,           0,        7916,      -11.40684879,      -9.423379066,      -10.31149378,      -7.378939314
          0,           0,        7917,      -11.40780693,      -9.424427631,      -10.31268494,      -7.379932136
          0,           0,        7918,        -11.408764,      -9.425475971,      -10.31358771,      -7.380883301
          0,           0,        7919,       -11.4097222,      -9.426523684,      -10.31516061,      -7.382427962
          0,           0,        7920,       -11.4106795,      -9.427570371,      -10.31626364,      -7.383230502
          0,           0,        7921,       -11.4116349,      -9.428617836,      -10.31774196,      -7.384768839
          0,           0,        7922,      -11.41259051,      -9.429663838,      -10.31902782,        -7.3859337
          0,           0,        7923,      -11.41354551,      -9.430709541,      -10.32031071,      -7.387234452
          0,           0,        7924,      -11.41450058,      -9.431754595,      -10.32176417,      -7.388661261
          0,           0,        7925,      -11.41545478,      -9.432799162,      -10.32321239,      -7.389897845
          0,           0,        7926,      -11.41640802,      -9.433843554,      -10.32470065,       -7.39130126
          0,           0,        7927,      -11.41736042,      -9.434886869,      -10.32614204,      -7.392579596
          0,           0,        7928,      -11.41831311,      -9.435930066,      -10.32746995,      -7.393894013
          0,           0,        7929,      -11.41926412,      -9.436972794,      -10.32875684,      -7.395200102
          0,           0,        7930,      -11.42021552,      -9.438014664,      -10.33018549,      -7.396474743
          0,           0,        7931,      -11.42116627,      -9.439056101,      -10.33158686,      -7.398075848
          0,           0,        7932,      -11.42211515,      -9.440096869,      -10.33258161,      -7.398536685
          0,           0,        7933,      -11.42306521,      -9.441137274,      -10.33432595,      -7.400432131
          0,           0,        7934,      -11.42401392,       -9.44217694,      -10.33528585,      -7.401403155
          0,           0,        7935,      -11.42496068,      -9.443216709,      -10.33682266,      -7.402711459
          0,           0,        7936,      -11.42590908,      -9.444255099,      -10.33786892,      -7.403639964
          0,           0,        7937,      -11.42685554,      -9.445293711,      -10.33932562,      -7.405352203
          0,           0,        7938,      -11.42780131,      -9.446331031,       -10.3401324,      -7.406054943
          0,           0,        7939,      -11.42874775,      -9.447368224,      -10.34165569,       -7.40751413
          0,           0,        7940,      -11.42969208,      -9.448404625,       -10.3426959,      -7.408425854
          0,           0,        7941,      -11.43063686,      -9.449440433,      -10.34387609,       -7.40952361
          0,           0,        7942,      -11.43157967,      -9.450476482,      -10.34520987,      -7.410793125
          0,           0,        7943,      -11.43252338,      -9.451511222,      -10.34639686,      -7.411996865
          0,           0,        7944,       -11.4329957,       -9.45424377,       -10.1552578,      -7.203561172
          0,           0,        7945,       -11.4349079,      -9.454838278,      -10.31686619,      -7.385460275
          0,           0,        7946,      -11.43583317,       -9.45718052,      -10.14632653,      -7.197101523
          0,           0,        7947,      -11.43781228,      -9.457748644,      -10.31740049,      -7.388503579
          0,           0,        7948,      -11.43869691,       -9.46013537,      -10.14599421,      -7.198796418
          0,           0,        7949,      -11.44063825,       -9.46070567,      -10.30895721,      -7.382107364
          0,           0,        7950,      -11.44149822,      -9.463086487,      -10.13625088,      -7.190633476
          0,           0,        7951,      -11.44345797,      -9.463657507,      -10.29959251,      -7.374325078
          0,           0,        7952,      -11.44477489,      -9.464353291,      -10.30718836,      -7.383060725
          0,           0,        7953,      -11.44580818,      -9.465326936,      -10.32304217,      -7.396952496
          0,           0,        7954,      -11.44672198,      -9.466386452,      -10.33122097,       -7.40345326
          0,           0,        7955,      -11.44761316,      -9.467451569,      -10.33057175,      -7.402025642
          0,           0,        7956,      -11.44805067,      -9.470174764,       -10.1449946,       -7.19720313
          0,           0,        7957,      -11.44996719,      -9.470770206,      -10.30785869,       -7.38010391
          0,           0,        7958,      -11.45090158,      -9.473079071,      -10.14975781,      -7.202186804
          0,           0,        7959,      -11.45286408,      -9.473643922,      -10.32418134,      -7.396523343
          0,           0,        7960,       -11.4541764,       -9.47433321,      -10.33694223,      -7.409591355
          0,           0,        7961,      -11.45519381,      -9.475306921,      -10.35395593,      -7.423835686
          0,           0,        7962,       -11.4560928,      -9.476366213,      -10.36105985,      -7.429327221
          0,           0,        7963,       -11.4569767,      -9.477425849,      -10.35935853,      -7.426833161
          0,           0,        7964,      -11.45745953,      -9.480116066,      -10.16987709,      -7.219236881
          0,           0,        7965,      -11.45932288,      -9.480714141,      -10.33458212,       -7.40382379
          0,           0,        7966,      -11.46028584,      -9.483001442,       -10.1732798,       -7.22336134
          0,           0,        7967,      -11.46218946,      -9.483572557,      -10.34837298,      -7.418338267
          0,           0,        7968,      -11.46348137,      -9.484264546,       -10.3597485,      -7.430574623
          0,           0,        7969,      -11.46448947,      -9.485232597,      -10.37519126,      -7.443241611
          0,           0,        7970,      -11.46538205,       -9.48628453,      -10.38070034,      -7.447271358
          0,           0,        7971,      -11.46625639,      -9.487337079,       -10.3766628,      -7.442853916
          0,           0,        7972,      -11.46676484,      -9.489997812,       -10.1834954,       -7.23235355
          0,           0,        7973,      -11.46858627,      -9.490602314,      -10.34722078,      -7.416323797
          0,           0,        7974,       -11.4695578,      -9.492871959,      -10.18431022,      -7.234541473
          0,           0,        7975,      -11.47142389,      -9.493448135,      -10.35841645,      -7.428281658
          0,           0,        7976,      -11.47269563,      -9.494141833,      -10.36864659,      -7.439463218
          0,           0,        7977,      -11.47369648,      -9.495105559,      -10.38353649,      -7.451742691
          0,           0,        7978,      -11.47458404,      -9.496151805,      -10.38850504,      -7.455325136
          0,           0,        7979,      -11.47508353,      -9.498829771,      -10.19285255,      -7.242655485
          0,           0,        7980,      -11.47685137,      -9.499440057,      -10.35112626,      -7.420621292
          0,           0,        7981,      -11.47813921,      -9.500110133,      -10.36219305,      -7.433431049
          0,           0,        7982,      -11.47918013,      -9.501038634,      -10.38565435,      -7.453992262
          0,           0,        7983,      -11.48008901,       -9.50206337,      -10.39954533,      -7.465451539
          0,           0,        7984,       -11.4809558,      -9.503107753,      -10.39919903,      -7.464599712
          0,           0,        7985,      -11.48183376,      -9.504138784,      -10.39519269,      -7.460347966
          0,           0,        7986,      -11.48240189,      -9.506746186,      -10.20532335,      -7.253127872
          0,           0,        7987,      -11.48416678,      -9.507355598,      -10.37075455,      -7.438346188
          0,           0,        7988,      -11.48544377,      -9.508024321,      -10.38467368,      -7.453519462
          0,           0,        7989,      -11.48647054,      -9.508953396,      -10.40800885,      -7.473685436
          0,           0,        7990,      -11.48736647,      -9.509977329,      -10.41907665,      -7.482902362
          0,           0,        7991,       -11.4882255,      -9.511017659,      -10.41685601,      -7.480030893
          0,           0,        7992,      -11.48909649,      -9.512043078,      -10.41104444,       -7.47452954
          0,           0,        7993,      -11.48999279,      -9.513048062,      -10.40940189,      -7.472850379
          0,           0,        7994,      -11.49090485,      -9.514040844,       -10.4127383,      -7.476024444
          0,           0,        7995,      -11.49181867,       -9.51503202,      -10.41850074,       -7.48103313
          0,           0,        7996,      -11.49272476,      -9.516028052,      -10.42433655,      -7.486454242
          0,           0,        7997,       -11.4936218,      -9.517027561,      -10.42849631,      -7.489760504
          0,           0,        7998,      -11.49451865,      -9.518028029,      -10.43103942,      -7.492042672
          0,           0,        7999,      -11.49541366,      -9.519027428,      -10.43270108,      -7.493633205
          0,           0,        8000,      -11.49631026,      -9.520023908,      -10.43454577,       -7.49497325
          0,           0,        8001,      -11.49720817,      -9.521018751,      -10.43581281,       -7.49650388
          0,           0,        8002,      -11.49810496,       -9.52201321,      -10.43727022,      -7.497599847
          0,           0,        8003,      -11.49899957,      -9.523006853,      -10.43851598,      -7.498839574
          0,           0,        8004,      -11.49989382,      -9.524000919,      -10.44012086,       -7.50038823
          0,           0,        8005,      -11.50078531,      -9.524994886,      -10.44094528,      -7.501209804
          0,           0,        8006,      -11.50167525,      -9.525987925,      -10.44165258,      -7.501836531
          0,           0,        8007,      -11.50256805,      -9.526980157,      -10.44281226,      -7.503323774
          0,           0,        8008,       -11.5034572,      -9.527971437,      -10.44316358,      -7.503483083
          0,           0,        8009,      -11.50434517,      -9.528962819,      -10.44355409,      -7.503914845
          0,           0,        8010,      -11.50523391,      -9.529953554,       -10.4444381,      -7.504990878
          0,           0,        8011,      -11.50612321,      -9.530942469,      -10.44497471,      -7.505667807
          0,           0,        8012,       -11.5070101,       -9.53193136,      -10.44557872,      -7.506058837
          0,           0,        8013,      -11.50789644,      -9.532920173,      -10.44670538,      -7.507297695
          0,           0,        8014,      -11.50878282,      -9.533908156,      -10.44728728,      -7.508033437
          0,           0,        8015,      -11.50966732,      -9.534895558,      -10.44862632,        -7.5091448
          0,           0,        8016,      -11.51055117,       -9.53588173,      -10.44909847,      -7.509646464
          0,           0,        8017,      -11.51143656,      -9.536867173,      -10.45034671,       -7.51115984
          0,           0,        8018,      -11.51232001,       -9.53785226,      -10.45176582,      -7.512274118
          0,           0,        8019,      -11.51320151,      -9.538836779,      -10.45270246,      -7.513045186
          0,           0,        8020,      -11.51408438,      -9.539820017,      -10.45389223,      -7.514391474
          0,           0,        8021,      -11.51496528,      -9.540802819,       -10.4552891,       -7.51541106
          0,           0,        8022,      -11.51584572,      -9.541785264,      -10.45693564,      -7.516894221
          0,           0,        8023,      -11.51672608,       -9.54276643,      -10.45786544,      -7.518028026
          0,           0,        8024,      -11.51760433,      -9.543747324,      -10.45941982,      -7.519326376
          0,           0,        8025,      -11.51848313,      -9.544727215,      -10.46094745,      -7.520878253
          0,           0,        8026,      -11.51936138,      -9.545705899,      -10.46236518,      -7.522141995
          0,           0,        8027,        -11.520238,      -9.546684787,      -10.46408044,       -7.52357916
          0,           0,        8028,       -11.5211145,      -9.547662529,      -10.46545285,      -7.525047268
          0,           0,        8029,      -11.52198833,      -9.548639163,      -10.46663144,      -7.525740264
          0,           0,        8030,      -11.52286425,      -9.549615382,      -10.46810548,      -7.527472344
          0,           0,        8031,      -11.52373854,      -9.550590513,      -10.46955519,      -7.528870894
          0,           0,        8032,      -11.52461009,      -9.551565825,       -10.4711495,      -7.530174378
          0,           0,        8033,      -11.52548358,      -9.552539205,      -10.47233276,      -7.531231038
          0,           0,        8034,      -11.52635606,      -9.553512634,      -10.47377821,      -7.532764563
          0,           0,        8035,      -11.52722627,      -9.554485244,      -10.47516876,      -7.533960738
          0,           0,        8036,       -11.5280947,      -9.555457309,      -10.47634388,      -7.534950048
          0,           0,        8037,      -11.52896456,      -9.556427887,      -10.47747058,      -7.536166719
          0,           0,        8038,      -11.52983377,      -9.557398311,      -10.47903203,      -7.537651725
          0,           0,        8039,      -11.53070179,      -9.558367467,      -10.48031252,      -7.538799704
          0,           0,        8040,      -11.53156854,      -9.559336001,      -10.48156403,      -7.539724466
          0,           0,        8041,      -11.53243477,      -9.560304165,      -10.48286059,      -7.541124697
          0,           0,        8042,      -11.53329993,      -9.561270833,      -10.48395186,      -7.541975814
          0,           0,        8043,      -11.53416602,      -9.562238131,      -10.48540503,      -7.543745954
          0,           0,        8044,      -11.53502823,      -9.563204253,      -10.48684288,      -7.544982684
          0,           0,        8045,      -11.53589232,      -9.564168552,      -10.48778196,      -7.545733284
          0,           0,        8046,      -11.53665108,      -9.566603011,      -10.29470129,      -7.339034218
          0,           0,        8047,       -11.5381386,      -9.567233987,      -10.45868611,      -7.520690837
          0,           0,        8048,      -11.53922043,       -9.56935704,      -10.28779036,      -7.334765321
          0,           0,        8049,      -11.54075851,      -9.569961628,      -10.45900055,      -7.523477893
          0,           0,        8050,      -11.54181542,      -9.572116342,      -10.28630954,      -7.335454823
          0,           0,        8051,      -11.54332559,      -9.572721621,      -10.45030941,      -7.517194683
          0,           0,        8052,      -11.54436103,       -9.57487018,      -10.27640301,      -7.327282617
          0,           0,        8053,      -11.54588388,      -9.575476126,      -10.44080598,      -7.509786195
          0,           0,        8054,      -11.54700289,      -9.576167824,      -10.44971098,      -7.519488021
          0,           0,        8055,      -11.54794005,      -9.577076926,      -10.46452879,      -7.531474697
          0,           0,        8056,      -11.54878569,      -9.578054489,      -10.47192849,      -7.537153286
          0,           0,        8057,      -11.54961117,      -9.579038818,      -10.47177344,      -7.536314358
          0,           0,        8058,      -11.55034493,      -9.581457104,      -10.28430746,      -7.332918139
          0,           0,        8059,      -11.55182741,      -9.582086198,      -10.44966911,      -7.515745093
          0,           0,        8060,      -11.55291908,      -9.584173522,      -10.29184036,      -7.340362934
          0,           0,        8061,      -11.55443585,      -9.584770731,      -10.46647904,      -7.532216847
          0,           0,        8062,      -11.55554757,       -9.58545346,      -10.48055551,      -7.546331799
          0,           0,        8063,      -11.55647016,      -9.586360091,      -10.49686515,      -7.559021876
          0,           0,        8064,      -11.55730212,      -9.587335642,      -10.50351876,      -7.563850373
          0,           0,        8065,      -11.55811701,      -9.588312125,      -10.50173609,      -7.561308158
          0,           0,        8066,      -11.55889404,      -9.590696751,       -10.3110072,       -7.35605332
          0,           0,        8067,      -11.56032392,      -9.591324107,      -10.47740215,      -7.539870779
          0,           0,        8068,      -11.56144188,      -9.593388005,      -10.31632222,      -7.362357871
          0,           0,        8069,      -11.56290053,       -9.59398882,      -10.49232312,      -7.554945669
          0,           0,        8070,      -11.56399152,      -9.594672184,      -10.50500598,       -7.56771065
          0,           0,        8071,      -11.56490295,      -9.595571993,      -10.51897341,       -7.57871781
          0,           0,        8072,      -11.56572738,      -9.596537999,      -10.52369237,      -7.581832171
          0,           0,        8073,      -11.56653466,      -9.597505734,      -10.51992041,      -7.577813766
          0,           0,        8074,      -11.56733451,      -9.599858076,      -10.32503224,      -7.369496917
          0,           0,        8075,      -11.56872041,      -9.600489779,      -10.49085984,      -7.552525513
          0,           0,        8076,      -11.56984801,       -9.60253316,      -10.32781689,      -7.373773077
          0,           0,        8077,      -11.57126799,      -9.603135917,      -10.50217596,      -7.564901638
          0,           0,        8078,      -11.57234081,      -9.603819148,       -10.5142918,      -7.577116649
          0,           0,        8079,       -11.5732432,      -9.604712882,      -10.52746223,      -7.587220061
          0,           0,        8080,      -11.57406185,      -9.605670594,      -10.53150634,      -7.589621054
          0,           0,        8081,       -11.5748608,      -9.608030542,      -10.33418156,      -7.379441036
          0,           0,        8082,      -11.57620134,      -9.608663577,      -10.49494353,       -7.55726067
          0,           0,        8083,      -11.57727666,      -9.609330176,      -10.50796207,      -7.571601979
          0,           0,        8084,      -11.57820767,      -9.610193797,      -10.53039886,       -7.59037475
          0,           0,        8085,      -11.57904192,      -9.611130896,        -10.543167,      -7.600348758
          0,           0,        8086,      -11.57984025,      -9.612086106,      -10.54277871,       -7.59919227
          0,           0,        8087,      -11.58064133,      -9.613033584,      -10.53891811,      -7.595046352
          0,           0,        8088,      -11.58149142,      -9.615332783,      -10.34736016,      -7.390814235
          0,           0,        8089,      -11.58282156,      -9.615962696,      -10.51506837,      -7.574886553
          0,           0,        8090,      -11.58389012,      -9.616624355,       -10.5315447,      -7.592252533
          0,           0,        8091,      -11.58480587,      -9.617485308,      -10.55335477,      -7.609503224
          0,           0,        8092,      -11.58562848,      -9.618420816,      -10.56345493,       -7.61777222
          0,           0,        8093,      -11.58641758,      -9.619370608,      -10.56090089,      -7.614290663
          0,           0,        8094,      -11.58721004,       -9.62031171,      -10.55566298,      -7.610050426
          0,           0,        8095,       -11.5880216,      -9.621236182,      -10.55419538,      -7.608666122
          0,           0,        8096,      -11.58884701,      -9.622148206,      -10.55776684,      -7.611835888
          0,           0,        8097,      -11.58967493,      -9.623057768,      -10.56375454,      -7.616986997
          0,           0,        8098,      -11.59049607,      -9.623970732,      -10.56961855,      -7.621842779
          0,           0,        8099,      -11.59130948,       -9.62488787,      -10.57404353,       -7.62563377
          0,           0,        8100,      -11.59211987,      -9.625804885,      -10.57602847,       -7.62684846
          0,           0,        8101,      -11.59292948,      -9.626722094,      -10.57834249,      -7.629144525
          0,           0,        8102,      -11.59374193,      -9.627635283,      -10.57994152,      -7.630429477
          0,           0,        8103,      -11.59455181,       -9.62854765,      -10.58129344,      -7.631580106
          0,           0,        8104,      -11.59536436,      -9.629458107,      -10.58299491,      -7.633292202
          0,           0,        8105,      -11.59617361,      -9.630368018,      -10.58433303,      -7.634282726
          0,           0,        8106,      -11.59698144,      -9.631278201,      -10.58598552,      -7.635754052
          0,           0,        8107,      -11.59778723,      -9.632188289,      -10.58672034,      -7.636795201
          0,           0,        8108,      -11.59859417,      -9.633096557,      -10.58751014,      -7.637738226
          0,           0,        8109,      -11.59939744,      -9.634004543,       -10.5881225,       -7.63817044
          0,           0,        8110,      -11.60020131,      -9.634911245,      -10.58876379,       -7.63869347
          0,           0,        8111,      -11.60100403,      -9.635817444,      -10.58922675,      -7.639440552
          0,           0,        8112,      -11.60180701,      -9.636723318,      -10.58987347,      -7.640266168
          0,           0,        8113,      -11.60260798,      -9.637627345,      -10.59081935,      -7.641018274
          0,           0,        8114,      -11.60340897,      -9.638530612,       -10.5910408,      -7.641633179
          0,           0,        8115,      -11.60420861,       -9.63943356,      -10.59191639,      -7.642009218
          0,           0,        8116,      -11.60500892,      -9.640335715,      -10.59319613,      -7.643486273
          0,           0,        8117,      -11.60580735,      -9.641236355,      -10.59361517,      -7.644036361
          0,           0,        8118,      -11.60660531,      -9.642137257,      -10.59494357,      -7.645317813
          0,           0,        8119,      -11.60740186,      -9.643036036,      -10.59601928,      -7.646152897
          0,           0,        8120,      -11.60819644,      -9.643935231,      -10.59700869,      -7.647248307
          0,           0,        8121,      -11.60899386,       -9.64483227,      -10.59837611,      -7.648454206
          0,           0,        8122,      -11.60979004,      -9.645728057,      -10.59988551,      -7.649600941
          0,           0,        8123,      -11.61058134,      -9.646624873,      -10.60105331,      -7.650811162
          0,           0,        8124,      -11.61137477,      -9.647519708,      -10.60258354,      -7.652060642
          0,           0,        8125,      -11.61216744,      -9.648413624,      -10.60381319,      -7.653369687
          0,           0,        8126,      -11.61295936,      -9.649306969,      -10.60550253,      -7.654691503
          0,           0,        8127,      -11.61374972,      -9.650199148,      -10.60711392,      -7.656432806
          0,           0,        8128,      -11.61453955,      -9.651089924,      -10.60845907,      -7.657297527
          0,           0,        8129,      -11.61533001,      -9.651980616,      -10.61038102,      -7.659241644
          0,           0,        8130,      -11.61611772,      -9.652869815,      -10.61137018,      -7.660077267
          0,           0,        8131,      -11.61690684,      -9.653757927,      -10.61345307,      -7.661552677
          0,           0,        8132,       -11.6176917,      -9.654646076,      -10.61436305,      -7.662784586
          0,           0,        8133,      -11.61847796,      -9.655533327,      -10.61641445,      -7.664729783
          0,           0,        8134,      -11.61926413,      -9.656418542,      -10.61749544,      -7.665532049
          0,           0,        8135,      -11.62004619,      -9.657304087,      -10.61914453,       -7.66677304
          0,           0,        8136,      -11.62083125,      -9.658188064,      -10.62045404,      -7.668258079
          0,           0,        8137,      -11.62161202,      -9.659071432,       -10.6216245,      -7.669027877
          0,           0,        8138,      -11.62239537,      -9.659953762,      -10.62342856,      -7.670958812
          0,           0,        8139,      -11.62317557,       -9.66083536,       -10.6245669,      -7.672110974
          0,           0,        8140,      -11.62395559,      -9.661715327,      -10.62583632,      -7.672809555
          0,           0,        8141,      -11.62473577,      -9.662594649,      -10.62730656,      -7.674174878
          0,           0,        8142,      -11.62551406,      -9.663473843,      -10.62796735,      -7.675178816
          0,           0,        8143,      -11.62629249,      -9.664351845,      -10.63003253,      -7.676916563
          0,           0,        8144,       -11.6270681,      -9.665228497,      -10.63095456,      -7.677611792
          0,           0,        8145,      -11.62784473,       -9.66610441,      -10.63217532,      -7.678932129
          0,           0,        8146,      -11.62862059,      -9.666979856,      -10.63358693,      -7.679886994
          0,           0,        8147,      -11.62939369,      -9.667854722,      -10.63460463,      -7.681311875
          0,           0,        8148,      -11.63039188,      -9.669974639,      -10.43942103,      -7.477296424
          0,           0,        8149,       -11.6314729,      -9.670601415,      -10.60589917,      -7.658130733
          0,           0,        8150,      -11.63267474,      -9.672485182,      -10.43413909,       -7.47501444
          0,           0,        8151,      -11.63379174,      -9.673085734,      -10.60633045,      -7.660739198
          0,           0,        8152,      -11.63498285,      -9.674991578,      -10.43239279,      -7.475417865
          0,           0,        8153,      -11.63607648,      -9.675591875,      -10.59637626,      -7.653778942
          0,           0,        8154,      -11.63725081,      -9.677494995,      -10.42246897,      -7.467743197
          0,           0,        8155,      -11.63835366,      -9.678094051,      -10.58711371,      -7.646743942
          0,           0,        8156,      -11.63928275,      -9.678756021,      -10.59856745,      -7.658743802
          0,           0,        8157,      -11.64011365,      -9.679581952,      -10.61155282,      -7.668357914
          0,           0,        8158,      -11.64087909,      -9.680460033,      -10.61805436,      -7.672435754
          0,           0,        8159,      -11.64162624,      -9.681345267,      -10.61799791,       -7.67204349
          0,           0,        8160,      -11.64260718,      -9.683448505,      -10.42861654,      -7.471507975
          0,           0,        8161,      -11.64367686,      -9.684067509,      -10.59654026,      -7.653559836
          0,           0,        8162,      -11.64489302,      -9.685917771,      -10.43893899,      -7.481669995
          0,           0,        8163,      -11.64598393,      -9.686505707,      -10.61444818,       -7.66941716
          0,           0,        8164,      -11.64690815,      -9.687157832,       -10.6307464,      -7.685454485
          0,           0,        8165,      -11.64772597,      -9.687979465,      -10.64581849,        -7.6962618
          0,           0,        8166,      -11.64847843,      -9.688854426,      -10.65151113,      -7.699676789
          0,           0,        8167,      -11.64921432,      -9.689732127,        -10.650176,      -7.698226885
          0,           0,        8168,      -11.65022934,      -9.691802842,      -10.45695714,       -7.49546427
          0,           0,        8169,       -11.6512565,      -9.692416922,       -10.6264527,      -7.678161936
          0,           0,        8170,      -11.65248993,      -9.694244198,      -10.46484941,      -7.504221549
          0,           0,        8171,      -11.65353488,      -9.694830016,       -10.6413055,      -7.692270843
          0,           0,        8172,      -11.65443981,      -9.695481376,      -10.65670919,      -7.707555504
          0,           0,        8173,      -11.65524661,      -9.696296556,      -10.66955551,      -7.716016858
          0,           0,        8174,      -11.65599142,      -9.697161005,      -10.67309715,      -7.718229742
          0,           0,        8175,      -11.65671929,      -9.698028714,      -10.66940206,      -7.714630136
          0,           0,        8176,      -11.65775178,      -9.700070388,      -10.47104095,      -7.509135814
          0,           0,        8177,       -11.6587399,       -9.70068458,      -10.64097255,      -7.691523014
          0,           0,        8178,      -11.65997943,      -9.702491285,      -10.47642922,       -7.51552055
          0,           0,        8179,      -11.66099336,      -9.703075519,       -10.6519681,      -7.702256746
          0,           0,        8180,      -11.66188334,      -9.703724216,       -10.6664617,      -7.717027428
          0,           0,        8181,      -11.66268001,      -9.704532508,      -10.67750013,       -7.72443205
          0,           0,        8182,      -11.66341889,      -9.705387575,      -10.68028217,      -7.725255107
          0,           0,        8183,      -11.66445022,      -9.707432002,      -10.48037376,      -7.518808106
          0,           0,        8184,      -11.66540121,      -9.708044342,      -10.64340661,      -7.695109612
          0,           0,        8185,      -11.66628838,      -9.708678807,      -10.66061966,      -7.712175612
          0,           0,        8186,      -11.66710685,      -9.709459819,      -10.68142838,      -7.727839399
          0,           0,        8187,      -11.66785857,      -9.710295904,      -10.69254215,      -7.736284303
          0,           0,        8188,      -11.66857977,      -9.711148009,      -10.69241437,      -7.735145656
          0,           0,        8189,      -11.66929753,      -9.711996609,      -10.68848818,      -7.731410778
          0,           0,        8190,      -11.67036654,      -9.713990406,      -10.49423293,      -7.530813506
          0,           0,        8191,      -11.67130719,      -9.714595485,      -10.66495483,       -7.71277353
          0,           0,        8192,      -11.67218672,      -9.715224823,      -10.68499028,      -7.732715471
          0,           0,        8193,      -11.67299354,      -9.716000012,      -10.70473159,      -7.746443717
          0,           0,        8194,      -11.67373296,       -9.71683346,       -10.7143508,      -7.753501338
          0,           0,        8195,      -11.67444491,       -9.71768038,      -10.71131132,      -7.750856547
          0,           0,        8196,      -11.67515599,      -9.718522063,        -10.705947,      -7.746157118
          0,           0,        8197,      -11.67587922,      -9.719350022,      -10.70522783,      -7.746023977
          0,           0,        8198,      -11.67661856,      -9.720165226,      -10.70940991,      -7.749158875
          0,           0,        8199,      -11.67735697,      -9.720977277,      -10.71463806,      -7.753257728
          0,           0,        8200,      -11.67809262,      -9.721792108,      -10.72109165,      -7.758474182
          0,           0,        8201,      -11.67881979,      -9.722610682,      -10.72484597,      -7.761193275
          0,           0,        8202,      -11.67954394,      -9.723430577,      -10.72799407,      -7.763687615
          0,           0,        8203,      -11.68026696,       -9.72425068,      -10.73004489,      -7.765518102
          0,           0,        8204,      -11.68099089,      -9.725066418,      -10.73171128,       -7.76706474
          0,           0,        8205,      -11.68171518,      -9.725880099,      -10.73282392,      -7.767654025
          0,           0,        8206,      -11.68243997,      -9.726693368,      -10.73449085,      -7.769346897
          0,           0,        8207,      -11.68316328,      -9.727504951,      -10.73612702,      -7.770511357
          0,           0,        8208,      -11.68388483,      -9.728316808,      -10.73717803,      -7.771742377
          0,           0,        8209,      -11.68460561,      -9.729127956,       -10.7386219,      -7.773368218
          0,           0,        8210,      -11.68532079,      -9.729939128,      -10.73868638,      -7.772632815
          0,           0,        8211,      -11.68604192,      -9.730748183,      -10.73981304,      -7.774326554
          0,           0,        8212,      -11.68675825,      -9.731556395,      -10.73962924,      -7.774434853
          0,           0,        8213,      -11.68747634,       -9.73236375,      -10.74113304,      -7.775344852
          0,           0,        8214,      -11.68819284,      -9.733170617,      -10.74163377,      -7.776672388
          0,           0,        8215,      -11.68890579,      -9.733976661,       -10.7415862,      -7.776750499
          0,           0,        8216,      -11.68962099,      -9.734781266,      -10.74281064,      -7.777044988
          0,           0,        8217,      -11.69033418,      -9.735585993,       -10.7437345,      -7.778673774
          0,           0,        8218,      -11.69104828,      -9.736388254,      -10.74470325,      -7.779264083
          0,           0,        8219,      -11.69176187,      -9.737189847,      -10.74518927,      -7.779945696
          0,           0,        8220,      -11.69247242,      -9.737991081,      -10.74678731,      -7.781024772
          0,           0,        8221,      -11.69318338,      -9.738791362,      -10.74747645,      -7.781783906
          0,           0,        8222,      -11.69389292,       -9.73959138,      -10.74903808,      -7.783439293
          0,           0,        8223,      -11.69460223,      -9.740388516,      -10.74970032,       -7.78382501
          0,           0,        8224,      -11.69531006,      -9.741187341,      -10.75150553,      -7.785495751
          0,           0,        8225,      -11.69601726,      -9.741984236,      -10.75266515,      -7.786786486
          0,           0,        8226,      -11.69672555,      -9.742778416,      -10.75439015,      -7.787896997
          0,           0,        8227,      -11.69743415,      -9.743572588,       -10.7561293,      -7.789367136
          0,           0,        8228,      -11.69813757,      -9.744366969,      -10.75730714,      -7.790627464
          0,           0,        8229,       -11.6988441,      -9.745159126,      -10.75930953,      -7.792068907
          0,           0,        8230,      -11.69954724,      -9.745951747,      -10.76026116,      -7.793393845
          0,           0,        8231,      -11.70024944,      -9.746742688,      -10.76219939,      -7.794313092
          0,           0,        8232,      -11.70095282,      -9.747532162,      -10.76300766,      -7.795498727
          0,           0,        8233,      -11.70165394,      -9.748321664,      -10.76580669,      -7.797407152
          0,           0,        8234,      -11.70235762,       -9.74910892,      -10.76734163,      -7.799294729
          0,           0,        8235,      -11.70305687,       -9.74989634,      -10.76825625,      -7.799916019
          0,           0,        8236,      -11.70375726,      -9.750682097,      -10.76986646,      -7.800955024
          0,           0,        8237,      -11.70445509,      -9.751467844,      -10.77174585,      -7.802860249
          0,           0,        8238,      -11.70515314,      -9.752252208,       -10.7727278,      -7.803355926
          0,           0,        8239,      -11.70585051,         -9.753036,      -10.77429286,      -7.805153511
          0,           0,        8240,      -11.70654774,      -9.753817783,      -10.77577246,      -7.805991001
          0,           0,        8241,      -11.70724042,      -9.754600136,      -10.77692997,      -7.807373774
          0,           0,        8242,       -11.7079379,      -9.755381254,       -10.7787967,      -7.808802654
          0,           0,        8243,      -11.70863302,      -9.756159875,       -10.7799293,      -7.810193289
          0,           0,        8244,       -11.7093265,      -9.756939167,      -10.78104725,      -7.810792346
          0,           0,        8245,      -11.71001745,      -9.757718355,       -10.7828994,      -7.812156999
          0,           0,        8246,      -11.71071162,      -9.758494623,      -10.78421949,      -7.813455695
          0,           0,        8247,      -11.71140174,      -9.759271526,      -10.78488576,      -7.814388932
          0,           0,        8248,       -11.7120935,      -9.760046457,      -10.78696617,      -7.815740589
          0,           0,        8249,      -11.71278284,      -9.760820368,      -10.78769642,      -7.816727285
          0,           0,        8250,      -11.71393833,      -9.762659131,       -10.5885187,       -7.61711331
          0,           0,        8251,      -11.71468618,      -9.763235029,      -10.75858066,      -7.794913047
          0,           0,        8252,      -11.71595614,      -9.764897727,      -10.58555375,      -7.617518121
          0,           0,        8253,      -11.71673267,      -9.765447427,      -10.75900017,      -7.797793909
          0,           0,        8254,      -11.71799526,      -9.767126637,      -10.58279671,      -7.616760247
          0,           0,        8255,      -11.71875501,      -9.767676503,      -10.74915932,      -7.791390731
          0,           0,        8256,      -11.72000664,      -9.769354101,      -10.57249936,      -7.609514402
          0,           0,        8257,      -11.72077374,      -9.769900457,      -10.73895023,      -7.783859322
          0,           0,        8258,      -11.72154442,      -9.770511559,      -10.75297798,      -7.798401606
          0,           0,        8259,      -11.72227436,      -9.771247385,       -10.7644137,      -7.805338809
          0,           0,        8260,      -11.72296211,      -9.772021833,      -10.77094239,      -7.809473452
          0,           0,        8261,      -11.72362904,      -9.772802789,       -10.7692318,      -7.807850966
          0,           0,        8262,      -11.72476815,      -9.774629813,      -10.57741264,      -7.611487124
          0,           0,        8263,      -11.72551352,      -9.775190758,      -10.74857915,      -7.790617841
          0,           0,        8264,      -11.72679486,      -9.776825455,      -10.59098609,      -7.624535114
          0,           0,        8265,      -11.72755573,      -9.777356773,      -10.76852233,      -7.808067025
          0,           0,        8266,      -11.72832343,      -9.777955659,      -10.78764561,      -7.824305411
          0,           0,        8267,      -11.72904334,      -9.778688439,      -10.80099287,      -7.833482686
          0,           0,        8268,      -11.72971663,       -9.77945967,      -10.80603934,      -7.835813067
          0,           0,        8269,      -11.73037462,      -9.780234988,      -10.80505379,      -7.834760734
          0,           0,        8270,      -11.73153606,      -9.782037041,      -10.60721499,      -7.635983852
          0,           0,        8271,       -11.7322482,      -9.782588174,      -10.78019173,       -7.81559704
          0,           0,        8272,       -11.7335453,      -9.784204716,      -10.61852827,       -7.64783007
          0,           0,        8273,      -11.73426947,      -9.784730279,      -10.79683011,      -7.830229475
          0,           0,        8274,      -11.73502232,      -9.785327747,      -10.81509294,      -7.846986702
          0,           0,        8275,      -11.73573388,      -9.786052285,      -10.82634401,      -7.852722088
          0,           0,        8276,      -11.73639906,      -9.786815859,      -10.82908182,      -7.854500152
          0,           0,        8277,      -11.73705073,      -9.787581128,      -10.82377107,      -7.850396012
          0,           0,        8278,      -11.73822351,      -9.789359342,      -10.62214372,      -7.649644925
          0,           0,        8279,      -11.73890789,      -9.789907625,      -10.79466124,      -7.828106521
          0,           0,        8280,      -11.74020563,      -9.791507549,      -10.63042615,      -7.659219444
          0,           0,        8281,      -11.74090718,       -9.79202755,      -10.80649901,       -7.83919923
          0,           0,        8282,      -11.74165014,      -9.792621939,      -10.82528402,      -7.856587327
          0,           0,        8283,       -11.7423554,      -9.793338748,      -10.83494009,      -7.861231721
          0,           0,        8284,      -11.74301295,      -9.794093528,      -10.83572683,      -7.861021865
          0,           0,        8285,      -11.74418107,      -9.795875904,      -10.63068433,      -7.658637159
          0,           0,        8286,       -11.7448372,      -9.796421282,      -10.79794721,      -7.832527995
          0,           0,        8287,      -11.74557871,      -9.797001153,      -10.81800314,      -7.851818948
          0,           0,        8288,      -11.74630342,      -9.797691323,      -10.83774666,      -7.864451495
          0,           0,        8289,        -11.746979,      -9.798426481,      -10.84887855,      -7.871623486
          0,           0,        8290,      -11.74762361,       -9.79917672,      -10.84702776,      -7.869538003
          0,           0,        8291,      -11.74826432,       -9.79992739,      -10.84349466,      -7.867423317
          0,           0,        8292,      -11.74891925,      -9.800664233,      -10.84502472,      -7.868148848
          0,           0,        8293,      -11.74958364,      -9.801390114,      -10.84884911,      -7.871234204
          0,           0,        8294,      -11.75025201,      -9.802110775,      -10.85597599,      -7.875706236
          0,           0,        8295,      -11.75091955,      -9.802833091,      -10.86413336,      -7.881913658
          0,           0,        8296,      -11.75157579,      -9.803559632,      -10.87022564,      -7.885950369
          0,           0,        8297,      -11.75223038,      -9.804288046,      -10.87345695,      -7.888848502
          0,           0,        8298,      -11.75343412,      -9.806019073,      -10.67288088,      -7.693210263
          0,           0,        8299,      -11.75405452,      -9.806552602,      -10.84709939,      -7.870369078
          0,           0,        8300,      -11.75477757,      -9.807127233,      -10.86641085,      -7.888002866
          0,           0,        8301,      -11.75548166,      -9.807812665,      -10.88226709,       -7.89767663
          0,           0,        8302,      -11.75614016,      -9.808538076,      -10.88612082,      -7.899459109
          0,           0,        8303,      -11.75677678,       -9.80927501,      -10.88017669,      -7.895055678
          0,           0,        8304,       -11.7574063,      -9.810011466,      -10.87261035,      -7.889992561
          0,           0,        8305,      -11.75805153,      -9.810735044,       -10.8707978,      -7.889024446
          0,           0,        8306,      -11.75870564,      -9.811447629,      -10.87203954,      -7.890423696
          0,           0,        8307,      -11.75936565,      -9.812158057,      -10.87717028,      -7.894032305
          0,           0,        8308,      -11.76001596,      -9.812870607,      -10.88147656,      -7.896533185
          0,           0,        8309,      -11.76066319,      -9.813586582,      -10.88450533,      -7.899858349
          0,           0,        8310,      -11.76130555,         -9.814303,       -10.8863119,        -7.9004291
          0,           0,        8311,      -11.76195056,      -9.815019836,      -10.88899053,      -7.902714588
          0,           0,        8312,      -11.76259437,      -9.815733888,      -10.89026326,      -7.903762556
          0,           0,        8313,      -11.76323828,      -9.816445036,      -10.89189101,      -7.904697988
          0,           0,        8314,      -11.76388429,      -9.817155321,      -10.89415683,       -7.90660654
          0,           0,        8315,      -11.76452952,      -9.817864229,       -10.8958038,      -7.908313367
          0,           0,        8316,      -11.76517158,      -9.818573425,       -10.8980466,      -7.909052237
          0,           0,        8317,      -11.76581424,      -9.819281592,      -10.89931298,      -7.911071743
          0,           0,        8318,       -11.7664535,      -9.819990467,      -10.90070803,      -7.911859297
          0,           0,        8319,      -11.76709268,      -9.820697669,      -10.90271617,      -7.912980383
          0,           0,        8320,      -11.76773315,      -9.821403354,      -10.90385083,       -7.91442714
          0,           0,        8321,      -11.76837332,      -9.822108029,       -10.9051819,      -7.915893347
          0,           0,        8322,      -11.76901023,      -9.822812761,      -10.90608712,      -7.916439586
          0,           0,        8323,      -11.76964831,      -9.823516647,      -10.90780538,       -7.91855541
          0,           0,        8324,      -11.77028371,      -9.824219431,      -10.90873263,      -7.917831168
          0,           0,        8325,      -11.77092161,       -9.82492123,      -10.91054676,      -7.920222742
          0,           0,        8326,      -11.77155494,      -9.825622642,      -10.91134339,      -7.921327477
          0,           0,        8327,      -11.77219256,      -9.826322288,      -10.91226575,      -7.921626093
          0,           0,        8328,      -11.77282491,      -9.827022612,      -10.91366727,      -7.922969995
          0,           0,        8329,      -11.77345917,       -9.82771986,      -10.91545383,      -7.924231883
          0,           0,        8330,      -11.77409226,      -9.828418345,      -10.91593257,      -7.924835356
          0,           0,        8331,      -11.77472519,      -9.829114843,       -10.9171482,      -7.925526438
          0,           0,        8332,      -11.77535589,      -9.829811323,       -10.9183882,      -7.926834443
          0,           0,        8333,      -11.77598954,      -9.830506887,      -10.92060197,      -7.928949668
          0,           0,        8334,      -11.77661666,      -9.831202274,      -10.92189688,       -7.92946636
          0,           0,        8335,      -11.77724997,      -9.831895005,      -10.92204266,      -7.929925674
          0,           0,        8336,      -11.77787899,      -9.832587791,      -10.92335256,      -7.930720911
          0,           0,        8337,      -11.77850437,      -9.833281409,      -10.92583246,      -7.933465018
          0,           0,        8338,      -11.77913609,      -9.833971688,      -10.92659745,      -7.933854689
          0,           0,        8339,      -11.77976316,      -9.834662435,      -10.92814998,      -7.934957715
          0,           0,        8340,      -11.78038895,      -9.835351851,      -10.93010709,      -7.936015608
          0,           0,        8341,      -11.78101736,      -9.836041145,      -10.93088656,      -7.937407482
          0,           0,        8342,      -11.78164314,      -9.836728336,      -10.93183729,      -7.937675772
          0,           0,        8343,       -11.7822697,       -9.83741617,      -10.93488956,      -7.939913358
          0,           0,        8344,      -11.78289291,      -9.838102282,      -10.93484144,      -7.940212658
          0,           0,        8345,      -11.78351669,      -9.838789616,      -10.93757554,      -7.942964234
          0,           0,        8346,      -11.78413891,      -9.839474413,        -10.938106,      -7.942996492
          0,           0,        8347,      -11.78476506,       -9.84015717,      -10.93986486,      -7.944342546
          0,           0,        8348,      -11.78538847,      -9.840840924,       -10.9413358,      -7.945575377
          0,           0,        8349,      -11.78600887,      -9.841523112,      -10.94260723,      -7.946410572
          0,           0,        8350,      -11.78662856,      -9.842206551,      -10.94457264,      -7.948389586
          0,           0,        8351,      -11.78724998,      -9.842886982,      -10.94491298,      -7.948534996
          0,           0,        8352,      -11.78787173,      -9.843566722,      -10.94797196,      -7.950792694
          0,           0,        8353,      -11.78849155,      -9.844246569,      -10.94908814,      -7.951752301
          0,           0,        8354,      -11.78970636,      -9.845877724,      -10.74207351,       -7.75698827
          0,           0,        8355,      -11.79023356,      -9.846362242,      -10.91886465,      -7.931870137
          0,           0,        8356,      -11.79151846,      -9.847852358,      -10.74384034,      -7.761032148
          0,           0,        8357,      -11.79206842,      -9.848309608,      -10.91855088,      -7.933360453
          0,           0,        8358,      -11.79334368,      -9.849819288,      -10.74066506,      -7.760925152
          0,           0,        8359,      -11.79387719,      -9.850279009,      -10.90875705,      -7.928494093
          0,           0,        8360,      -11.79453583,      -9.850828846,      -10.92308501,      -7.941535809
          0,           0,        8361,      -11.79518432,      -9.851481918,      -10.93154269,      -7.945385672
          0,           0,        8362,      -11.79580127,      -9.852163687,      -10.93239143,      -7.945543732
          0,           0,        8363,      -11.79640546,      -9.852848897,      -10.93064201,      -7.943418898
          0,           0,        8364,      -11.79760187,      -9.854480936,      -10.72879849,      -7.750269824
          0,           0,        8365,      -11.79813607,      -9.854948931,      -10.90382921,      -7.925283712
          0,           0,        8366,      -11.79942219,      -9.856422629,      -10.74279276,      -7.763264573
          0,           0,        8367,      -11.79997271,      -9.856862397,      -10.92236781,      -7.939122265
          0,           0,        8368,      -11.80063672,      -9.857397631,      -10.94606882,      -7.958695231
          0,           0,        8369,       -11.8012796,      -9.858046556,      -10.95637354,      -7.963424828
          0,           0,        8370,      -11.80188292,      -9.858729944,      -10.96062933,      -7.964776598
          0,           0,        8371,      -11.80247734,      -9.859415154,      -10.95801809,       -7.96379636
          0,           0,        8372,       -11.8036814,      -9.861034036,      -10.75335462,      -7.770068522
          0,           0,        8373,      -11.80420232,       -9.86148963,      -10.93180825,      -7.945239755
          0,           0,        8374,       -11.8055001,      -9.862949693,      -10.76884585,      -7.784304841
          0,           0,        8375,      -11.80603411,       -9.86337866,      -10.94985603,      -7.959037204
          0,           0,        8376,      -11.80668703,      -9.863910753,      -10.97463669,      -7.979099653
          0,           0,        8377,      -11.80732312,      -9.864555522,      -10.98481461,      -7.983614417
          0,           0,        8378,      -11.80791988,      -9.865232988,       -10.9853932,      -7.983431205
          0,           0,        8379,      -11.80850748,      -9.865911448,      -10.98100041,       -7.98064727
          0,           0,        8380,      -11.80972008,      -9.867514718,      -10.77232246,      -7.785890541
          0,           0,        8381,      -11.81022672,      -9.867961186,      -10.94953075,      -7.959265116
          0,           0,        8382,      -11.81152151,      -9.869413354,      -10.78534067,      -7.798421993
          0,           0,        8383,      -11.81203801,      -9.869836421,      -10.96478958,       -7.97134581
          0,           0,        8384,      -11.81268904,      -9.870362012,      -10.98871316,      -7.990560087
          0,           0,        8385,      -11.81331824,      -9.871000565,      -10.99710051,      -7.993069444
          0,           0,        8386,      -11.81391496,      -9.871669534,      -10.99664891,      -7.992799333
          0,           0,        8387,      -11.81511014,       -9.87328534,      -10.78224251,       -7.79578476
          0,           0,        8388,      -11.81559205,      -9.873731103,      -10.95495251,      -7.965315898
          0,           0,        8389,      -11.81624881,      -9.874240424,       -10.9817727,      -7.987318649
          0,           0,        8390,      -11.81690633,      -9.874849092,      -10.99944144,      -7.996638183
          0,           0,        8391,      -11.81751582,       -9.87549924,      -11.00931477,      -8.002038593
          0,           0,        8392,       -11.8180989,      -9.876165764,      -11.00694344,      -8.000033878
          0,           0,        8393,      -11.81929253,      -9.877769558,      -10.79496561,      -7.805845634
          0,           0,        8394,       -11.8197739,      -9.878207955,      -10.97161668,      -7.977550732
          0,           0,        8395,      -11.82043022,      -9.878710112,      -10.99910249,      -7.999968802
          0,           0,        8396,      -11.82107996,      -9.879315896,        -11.018173,      -8.009380606
          0,           0,        8397,      -11.82168685,      -9.879962154,      -11.02716419,      -8.013827354
          0,           0,        8398,      -11.82226233,       -9.88062595,      -11.02268631,      -8.011275816
          0,           0,        8399,      -11.82284017,      -9.881285647,      -11.01747236,      -8.007952766
          0,           0,        8400,      -11.82342952,      -9.881934341,      -11.01703948,      -8.009112302
          0,           0,        8401,      -11.82466083,      -9.883496564,      -10.81467622,      -7.821721772
          0,           0,        8402,      -11.82514258,      -9.883915901,      -10.99521513,      -7.994361198
          0,           0,        8403,      -11.82578704,      -9.884416655,       -11.0237296,      -8.016587849
          0,           0,        8404,      -11.82642613,      -9.885023632,      -11.04088857,      -8.025122638
          0,           0,        8405,      -11.82701651,      -9.885671877,      -11.04526101,      -8.027054086
          0,           0,        8406,      -11.82758513,      -9.886331984,      -11.03992176,       -8.02378802
          0,           0,        8407,      -11.82878517,      -9.887913043,      -10.82022664,      -7.827376997
          0,           0,        8408,      -11.82924958,       -9.88833404,      -10.99499604,      -7.996206674
          0,           0,        8409,      -11.82989552,      -9.888827356,      -11.02475565,      -8.019722362
          0,           0,        8410,      -11.83053998,      -9.889422745,      -11.04149264,      -8.027004498
          0,           0,        8411,      -11.83113594,      -9.890060951,      -11.04806451,      -8.030747968
          0,           0,        8412,      -11.83170357,      -9.890714271,      -11.04349773,      -8.027904049
          0,           0,        8413,       -11.8322703,      -9.891366705,      -11.03579729,      -8.023833388
          0,           0,        8414,      -11.83285385,      -9.892003708,      -11.03493157,      -8.023504449
          0,           0,        8415,      -11.83345244,      -9.892627788,      -11.03730861,      -8.025179276
          0,           0,        8416,      -11.83405427,      -9.893246363,        -11.043017,        -8.0284344
          0,           0,        8417,      -11.83464955,      -9.893869813,       -11.0515589,      -8.033626652
          0,           0,        8418,      -11.83524219,      -9.894495674,      -11.05578542,      -8.036496317
          0,           0,        8419,      -11.83582382,       -9.89512664,      -11.05955449,      -8.038497935
          0,           0,        8420,      -11.83640622,      -9.895758081,      -11.06269904,      -8.041320228
          0,           0,        8421,       -11.8369922,      -9.896384914,      -11.06569777,      -8.042368643
          0,           0,        8422,      -11.83757785,       -9.89700991,      -11.06765316,      -8.043927284
          0,           0,        8423,      -11.83816852,      -9.897632371,      -11.06925764,      -8.045766291
          0,           0,        8424,      -11.83875255,      -9.898256471,      -11.07271663,      -8.047666372
          0,           0,        8425,      -11.83933623,      -9.898879421,      -11.07340534,      -8.048457227
          0,           0,        8426,      -11.83992254,      -9.899500971,      -11.07586303,      -8.049448613
          0,           0,        8427,       -11.8405025,       -9.90012449,      -11.07593697,      -8.050167393
          0,           0,        8428,      -11.84108585,      -9.900746609,      -11.07866398,      -8.052144322
          0,           0,        8429,       -11.8416697,      -9.901366667,      -11.07801836,      -8.052594656
          0,           0,        8430,      -11.84225048,      -9.901987369,      -11.07929429,      -8.052617595
          0,           0,        8431,      -11.84282943,      -9.902607656,      -11.08012159,      -8.053775099
          0,           0,        8432,      -11.84341207,      -9.903226432,      -11.08031693,      -8.053962122
          0,           0,        8433,        -11.843991,      -9.903845251,      -11.08069372,      -8.054747218
          0,           0,        8434,      -11.84457361,      -9.904462399,      -11.08065705,      -8.055522218
          0,           0,        8435,       -11.8451508,      -9.905080581,       -11.0815473,      -8.055658168
          0,           0,        8436,      -11.84572969,      -9.905697384,       -11.0817922,      -8.056335769
          0,           0,        8437,      -11.84630969,       -9.90631319,      -11.08394076,      -8.057971166
          0,           0,        8438,      -11.84688801,      -9.906928798,      -11.08578697,      -8.058956209
          0,           0,        8439,      -11.84746227,      -9.907544379,      -11.08458438,      -8.058581591
          0,           0,        8440,      -11.84804252,      -9.908157509,      -11.08601029,       -8.05986243
          0,           0,        8441,      -11.84861756,      -9.908771926,      -11.08752212,      -8.060977451
          0,           0,        8442,      -11.84919719,      -9.909384376,      -11.08794535,      -8.061361536
          0,           0,        8443,       -11.8497726,      -9.909996953,      -11.09030846,       -8.06291055
          0,           0,        8444,      -11.85034758,      -9.910609172,      -11.09111047,      -8.063549388
          0,           0,        8445,      -11.85092101,      -9.911220666,      -11.09070544,      -8.064241569
          0,           0,        8446,      -11.85149859,      -9.911831933,      -11.09634893,      -8.067016552
          0,           0,        8447,       -11.8520732,       -9.91244047,      -11.09550947,      -8.067090339
          0,           0,        8448,       -11.8526488,      -9.913049369,      -11.09718125,      -8.067964216
          0,           0,        8449,      -11.85322052,      -9.913660153,      -11.09900764,      -8.069671836
          0,           0,        8450,      -11.85379355,      -9.914268268,      -11.10013582,      -8.070914719
          0,           0,        8451,      -11.85436797,      -9.914875196,      -11.10219417,      -8.071734604
          0,           0,        8452,       -11.8549399,      -9.915482781,      -11.10466197,      -8.072971228
          0,           0,        8453,      -11.85551158,      -9.916088912,      -11.10474147,      -8.074162874
          0,           0,        8454,       -11.8560864,      -9.916694185,      -11.10695455,      -8.075292459
          0,           0,        8455,      -11.85665612,      -9.917300517,       -11.1087338,      -8.076291158
          0,           0,        8456,      -11.85722491,      -9.917905957,      -11.10915856,      -8.077505019
          0,           0,        8457,      -11.85779715,      -9.918509748,      -11.11186111,      -8.078524681
          0,           0,        8458,       -11.8583689,      -9.919113682,      -11.11301367,      -8.080086889
          0,           0,        8459,       -11.8589374,      -9.919716641,      -11.11393477,      -8.080538865
          0,           0,        8460,      -11.86012872,      -9.921240903,      -10.89993389,       -7.89493459
          0,           0,        8461,      -11.86055391,      -9.921609225,       -11.0804531,      -8.061032539
          0,           0,        8462,       -11.8611672,      -9.922075719,      -11.10922591,      -8.082920923
          0,           0,        8463,       -11.8617806,      -9.922644964,      -11.12257631,      -8.087830101
          0,           0,        8464,      -11.86234571,      -9.923254875,      -11.12442933,      -8.088604752
          0,           0,        8465,      -11.86289292,      -9.923875383,        -11.117618,      -8.084579874
          0,           0,        8466,      -11.86405631,      -9.925415769,      -10.89288003,      -7.891921873
          0,           0,        8467,      -11.86448247,      -9.925776623,      -11.07055998,      -8.058151714
          0,           0,        8468,      -11.86573603,      -9.927154923,      -10.90124635,      -7.900612572
          0,           0,        8469,       -11.8661932,      -9.927483265,      -11.08239475,      -8.066177084
          0,           0,        8470,      -11.86680571,      -9.927951368,      -11.10990789,      -8.086454614
          0,           0,        8471,       -11.8673916,      -9.928537011,      -11.11603151,      -8.087481541
          0,           0,        8472,      -11.86794017,      -9.929156101,      -11.11601093,      -8.087642192
          0,           0,        8473,      -11.86848151,      -9.929775463,      -11.10804656,      -8.082881879
          0,           0,        8474,      -11.86965059,      -9.931304335,      -10.89348332,      -7.894906188
          0,           0,        8475,       -11.8700952,      -9.931645362,      -11.07283907,      -8.061658786
          0,           0,        8476,      -11.87134473,      -9.933021719,      -10.91085358,      -7.909349805
          0,           0,        8477,      -11.87180065,      -9.933340324,      -11.09593555,      -8.077088234
          0,           0,        8478,      -11.87240763,      -9.933802747,      -11.12600079,      -8.097325016
          0,           0,        8479,      -11.87299222,      -9.934386716,      -11.13575654,      -8.101038665
          0,           0,        8480,       -11.8735384,      -9.935001336,      -11.13532531,      -8.100162532
          0,           0,        8481,      -11.87407507,      -9.935617082,      -11.13043871,      -8.098327883
          0,           0,        8482,      -11.87463224,      -9.936215904,      -11.12588492,       -8.09597232
          0,           0,        8483,       -11.8758193,      -9.937725374,      -10.91843669,      -7.913208783
          0,           0,        8484,      -11.87625787,      -9.938054539,       -11.1046742,        -8.0831359
          0,           0,        8485,       -11.8775061,      -9.939430387,       -10.9400084,      -7.930913188
          0,           0,        8486,      -11.87795048,      -9.939741205,      -11.12297269,       -8.09497424
          0,           0,        8487,      -11.87855355,       -9.94020014,      -11.15433088,      -8.115734966
          0,           0,        8488,      -11.87913493,      -9.940776871,       -11.1614585,      -8.117393881
          0,           0,        8489,       -11.8802822,      -9.942335796,      -10.93942888,      -7.930596025
          0,           0,        8490,      -11.88068241,      -9.942676982,      -11.11234631,      -8.089932763
          0,           0,        8491,      -11.88129083,      -9.943124758,      -11.13941061,      -8.109976934
          0,           0,        8492,      -11.88190673,      -9.943669639,      -11.15616405,      -8.116720321
          0,           0,        8493,      -11.88247675,      -9.944254513,      -11.16385059,      -8.118766367
          0,           0,        8494,       -11.8830168,      -9.944856903,      -11.16148086,      -8.119120944
          0,           0,        8495,      -11.88416457,      -9.946394185,      -10.94161698,      -7.932885493
          0,           0,        8496,      -11.88458666,      -9.946718034,      -11.12134228,      -8.096224763
          0,           0,        8497,      -11.88520457,      -9.947152674,      -11.15633729,      -8.121414479
          0,           0,        8498,      -11.88581579,      -9.947696034,      -11.17681344,        -8.1278562
          0,           0,        8499,      -11.88637705,      -9.948283957,      -11.18552689,      -8.132127133
          0,           0,        8500,      -11.88690869,      -9.948890394,      -11.17880926,      -8.129695745
          0,           0,        8501,      -11.88744385,      -9.949490278,      -11.17378214,      -8.127915791
          0,           0,        8502,      -11.88860685,       -9.95100539,      -10.95380788,      -7.942113456
          0,           0,        8503,       -11.8890401,      -9.951313106,      -11.13799403,      -8.107801262
          0,           0,        8504,      -11.89028066,      -9.952679099,      -10.97042878,      -7.957110404
          0,           0,        8505,      -11.89072373,      -9.952966288,      -11.15393033,      -8.117878828
          0,           0,        8506,       -11.8913247,      -9.953411915,      -11.18425712,      -8.137226947
          0,           0,        8507,      -11.89189886,      -9.953981424,      -11.19146767,       -8.13964963
          0,           0,        8508,       -11.8924333,      -9.954584084,      -11.18916524,      -8.138239826
          0,           0,        8509,       -11.8935639,      -9.956125157,       -10.9575245,      -7.948097581
          0,           0,        8510,      -11.89398275,      -9.956434594,      -11.13428321,      -8.108666087
          0,           0,        8511,      -11.89459959,      -9.956857238,      -11.16876969,      -8.132179925
          0,           0,        8512,      -11.89521239,      -9.957391784,      -11.18684383,       -8.13920411
          0,           0,        8513,      -11.89577071,      -9.957971669,      -11.19590223,      -8.142820273
          0,           0,        8514,      -11.89629857,      -9.958569933,       -11.1948902,      -8.143197172
          0,           0,        8515,      -11.89742278,      -9.960108262,      -10.96920158,      -7.956821767
          0,           0,        8516,      -11.89784581,       -9.96040824,      -11.14713932,      -8.117630631
          0,           0,        8517,      -11.89846916,      -9.960825346,      -11.18569407,       -8.14207657
          0,           0,        8518,      -11.89907381,      -9.961358425,      -11.20738357,      -8.151166865
          0,           0,        8519,      -11.89962787,      -9.961936666,      -11.21545269,      -8.153998815
          0,           0,        8520,       -11.9001575,      -9.962533164,      -11.21170231,      -8.153339427
          0,           0,        8521,      -11.90067939,      -9.963126704,      -11.20303826,      -8.149693143
          0,           0,        8522,      -11.90122794,      -9.963702921,       -11.2044776,      -8.150165041
          0,           0,        8523,      -11.90179097,      -9.964265185,      -11.20467846,      -8.150973148
          0,           0,        8524,      -11.90235625,      -9.964822658,      -11.21221134,      -8.154640415
          0,           0,        8525,      -11.90291924,      -9.965384414,      -11.22005979,      -8.158937231
          0,           0,        8526,      -11.90347304,      -9.965950048,       -11.2254583,      -8.160925476
          0,           0,        8527,      -11.90402167,      -9.966520691,      -11.23061401,      -8.163921521
          0,           0,        8528,      -11.90456945,      -9.967091496,      -11.23338034,      -8.165854651
          0,           0,        8529,      -11.90511574,      -9.967659692,      -11.23256725,      -8.165753782
          0,           0,        8530,      -11.90566635,      -9.968228473,      -11.23675112,      -8.168185577
          0,           0,        8531,      -11.90621884,      -9.968791835,      -11.23676961,       -8.16871279
          0,           0,        8532,      -11.90676906,      -9.969356192,      -11.23907891,      -8.169610773
          0,           0,        8533,      -11.90732005,      -9.969921896,      -11.23953705,      -8.169931443
          0,           0,        8534,      -11.90787333,      -9.970484325,      -11.23943439,      -8.170519396
          0,           0,        8535,      -11.90841997,      -9.971049542,      -11.24128894,      -8.171798359
          0,           0,        8536,      -11.90896446,      -9.971615981,      -11.24026737,      -8.172070269
          0,           0,        8537,      -11.90951681,      -9.972179138,       -11.2412062,      -8.172982141
          0,           0,        8538,      -11.91006337,      -9.972742459,      -11.24078606,      -8.172809936
          0,           0,        8539,       -11.9106094,      -9.973305443,      -11.23988728,       -8.17240646
          0,           0,        8540,      -11.91115853,      -9.973867372,      -11.24101913,        -8.1731358
          0,           0,        8541,      -11.91170469,      -9.974429928,      -11.24080881,      -8.173301151
          0,           0,        8542,      -11.91225109,      -9.974991341,      -11.24143989,      -8.175070467
          0,           0,        8543,      -11.91279999,        -9.9755536,      -11.24071055,      -8.174097194
          0,           0,        8544,      -11.91334365,      -9.976115397,      -11.24115871,      -8.175208134
          0,           0,        8545,       -11.9138915,      -9.976675063,      -11.24314654,      -8.175200142
          0,           0,        8546,      -11.91443598,      -9.977235535,      -11.24372143,      -8.177198801
          0,           0,        8547,      -11.91498205,      -9.977795929,      -11.24485354,      -8.177830389
          0,           0,        8548,      -11.91552749,      -9.978354886,      -11.24448915,      -8.177439954
          0,           0,        8549,      -11.91607438,      -9.978913417,      -11.24646076,       -8.17864884
          0,           0,        8550,      -11.91661786,      -9.979473678,      -11.24716249,      -8.180199051
          0,           0,        8551,      -11.91716449,      -9.980030879,      -11.24889605,      -8.181115897
          0,           0,        8552,      -11.91770922,      -9.980589016,      -11.25114006,      -8.182313941
          0,           0,        8553,      -11.91825142,      -9.981147031,      -11.25131997,      -8.182228205
          0,           0,        8554,      -11.91879842,      -9.981703166,      -11.25382818,      -8.183733002
          0,           0,        8555,      -11.91934303,      -9.982259603,      -11.25514764,      -8.185286867
          0,           0,        8556,      -11.91988453,      -9.982816509,      -11.25622927,      -8.186269769
          0,           0,        8557,      -11.92042568,      -9.983374775,        -11.258949,      -8.186878789
          0,           0,        8558,      -11.92096803,      -9.983931262,      -11.25985309,      -8.189221434
          0,           0,        8559,      -11.92151244,      -9.984485544,      -11.26166845,      -8.188517208
          0,           0,        8560,      -11.92205523,      -9.985040676,      -11.26218188,      -8.190429399
          0,           0,        8561,      -11.92260154,      -9.985594113,      -11.26369267,      -8.190920733
          0,           0,        8562,      -11.92314264,      -9.986147859,       -11.2655312,      -8.191476775
          0,           0,        8563,      -11.92368155,      -9.986703048,      -11.26636879,      -8.192764729
          0,           0,        8564,      -11.92422516,      -9.987257219,      -11.26654467,      -8.193003209
          0,           0,        8565,      -11.92476716,      -9.987810217,      -11.27005785,      -8.195498603
          0,           0,        8566,      -11.92530965,      -9.988364246,      -11.27052901,      -8.195718163
          0,           0,        8567,      -11.92584812,      -9.988917878,      -11.27111892,      -8.196468543
          0,           0,        8568,      -11.92638867,      -9.989470517,      -11.27283203,      -8.197770456
          0,           0,        8569,      -11.92693232,      -9.990020891,      -11.27525455,      -8.198217632
          0,           0,        8570,      -11.92802973,      -9.991536192,      -11.04880425,      -8.021154413
          0,           0,        8571,      -11.92846043,       -9.99178023,      -11.23442237,      -8.178890672
          0,           0,        8572,      -11.92906821,      -9.992174642,      -11.26946786,      -8.200184397
          0,           0,        8573,      -11.92965455,      -9.992694531,      -11.28291908,      -8.204046535
          0,           0,        8574,      -11.93018578,      -9.993259269,      -11.28968659,      -8.207314442
          0,           0,        8575,      -11.93069287,      -9.993837803,      -11.27852863,      -8.202857731
          0,           0,        8576,      -11.93175647,      -9.995374316,      -11.03964554,      -8.016905372
          0,           0,        8577,      -11.93219469,      -9.995612029,      -11.22157734,      -8.174996448
          0,           0,        8578,      -11.93338161,       -9.99696184,      -11.04819143,      -8.025936329
          0,           0,        8579,      -11.93384839,      -9.997167763,       -11.2361864,      -8.183490499
          0,           0,        8580,      -11.93444781,      -9.997570639,      -11.27205584,      -8.204800519
          0,           0,        8581,      -11.93500535,      -9.998111573,      -11.27933192,      -8.206320835
          0,           0,        8582,      -11.93551183,      -9.998691691,      -11.27723771,      -8.205936781
          0,           0,        8583,      -11.93602167,      -9.999268141,      -11.26823838,      -8.202453194
          0,           0,        8584,      -11.93654638,      -9.999827938,      -11.25987208,      -8.198560985
          0,           0,        8585,      -11.93709404,      -10.00036971,      -11.25936499,      -8.198404746
          0,           0,        8586,      -11.93819667,       -10.0018769,      -11.05028562,      -8.026986361
          0,           0,        8587,      -11.93864639,      -10.00209452,      -11.23543958,      -8.184454744
          0,           0,        8588,      -11.93926705,      -10.00247386,      -11.28322879,      -8.212419595
          0,           0,        8589,      -11.93985101,      -10.00298805,      -11.30648762,      -8.220478967
          0,           0,        8590,      -11.94036915,       -10.0035555,      -11.31483258,      -8.224215609
          0,           0,        8591,      -11.94140544,      -10.00512351,      -11.07362626,      -8.042877528
          0,           0,        8592,      -11.94183174,      -10.00535302,      -11.24979793,      -8.195055359
          0,           0,        8593,      -11.94245057,      -10.00572909,      -11.28483878,      -8.215382983
          0,           0,        8594,      -11.94305104,       -10.0062307,      -11.31069692,      -8.223914579
          0,           0,        8595,       -11.9435843,      -10.00678439,      -11.32009995,      -8.228833462
          0,           0,        8596,      -11.94409505,      -10.00735377,      -11.31618505,      -8.227497581
          0,           0,        8597,      -11.94513897,      -10.00890417,      -11.07532447,       -8.04533379
          0,           0,        8598,      -11.94557838,      -10.00912275,      -11.25623184,      -8.200004301
          0,           0,        8599,      -11.94620877,      -10.00949011,      -11.29594051,      -8.222768665
          0,           0,        8600,       -11.9468048,      -10.00998998,      -11.32143045,      -8.231301741
          0,           0,        8601,      -11.94733487,      -10.01054553,      -11.32817912,      -8.233684071
          0,           0,        8602,      -11.94783396,      -10.01112004,        -11.324451,      -8.233711285
          0,           0,        8603,       -11.9483423,      -10.01168672,      -11.31268741,      -8.229939118
          0,           0,        8604,       -11.9488743,      -10.01223328,       -11.3051018,      -8.226064786
          0,           0,        8605,      -11.94942705,      -10.01276581,      -11.30729798,      -8.227625354
          0,           0,        8606,       -11.9499779,      -10.01329481,      -11.31388915,      -8.231055434
          0,           0,        8607,      -11.95052238,      -10.01382855,      -11.32174729,      -8.233415676
          0,           0,        8608,       -11.9510601,      -10.01436968,      -11.32531125,      -8.235896386
          0,           0,        8609,      -11.95159438,      -10.01491263,      -11.33004708,       -8.23813281
          0,           0,        8610,      -11.95212771,      -10.01545542,      -11.33211221,      -8.240217941
          0,           0,        8611,      -11.95318096,      -10.01699171,       -11.1036768,      -8.065116191
          0,           0,        8612,      -11.95363272,      -10.01719328,       -11.2900385,      -8.219586675
          0,           0,        8613,      -11.95425649,      -10.01755958,      -11.32411016,      -8.240155619
          0,           0,        8614,       -11.9548396,      -10.01806493,      -11.34659801,       -8.24649777
          0,           0,        8615,      -11.95536045,      -10.01862149,      -11.35041343,      -8.248380022
          0,           0,        8616,      -11.95586171,      -10.01919138,      -11.34249504,      -8.246430803
          0,           0,        8617,      -11.95688935,      -10.02074673,      -11.09352951,      -8.062544607
          0,           0,        8618,      -11.95734494,       -10.0209416,       -11.2764698,      -8.215737115
          0,           0,        8619,      -11.95797803,      -10.02129932,       -11.3138268,      -8.239009916
          0,           0,        8620,      -11.95856934,      -10.02179592,      -11.33606319,      -8.244500552
          0,           0,        8621,      -11.95909579,       -10.0223471,      -11.34706397,      -8.249967961
          0,           0,        8622,      -11.95959148,      -10.02291879,      -11.33942252,      -8.248189977
          0,           0,        8623,      -11.96060131,      -10.02448274,      -11.09561083,       -8.06487892
          0,           0,        8624,      -11.96106881,      -10.02467032,      -11.27522891,      -8.218217119
          0,           0,        8625,      -11.96170501,      -10.02502278,      -11.31362166,      -8.240416175
          0,           0,        8626,      -11.96229869,      -10.02551474,      -11.33948379,       -8.24936498
          0,           0,        8627,      -11.96282501,      -10.02606618,      -11.35339774,      -8.254392838
          0,           0,        8628,      -11.96331802,      -10.02663668,      -11.34528591,      -8.252924938
          0,           0,        8629,      -11.96382033,      -10.02719902,       -11.3378688,       -8.25050844
          0,           0,        8630,      -11.96435046,      -10.02773864,      -11.32821374,       -8.24698892
          0,           0,        8631,      -11.96489737,      -10.02826547,      -11.33124741,       -8.24790831
          0,           0,        8632,      -11.96544749,       -10.0287878,      -11.34150426,      -8.252356816
          0,           0,        8633,      -11.96599254,      -10.02931432,      -11.34837042,      -8.255767768
          0,           0,        8634,      -11.96652987,      -10.02984683,      -11.35361305,      -8.257139493
          0,           0,        8635,      -11.96705873,      -10.03038334,      -11.35898919,      -8.260224609
          0,           0,        8636,      -11.96758893,      -10.03092223,      -11.36496951,      -8.263431883
          0,           0,        8637,      -11.96811747,      -10.03146033,      -11.36638501,      -8.264133972
          0,           0,        8638,        -11.968647,      -10.03199517,      -11.36626196,      -8.264312568
          0,           0,        8639,      -11.96918874,      -10.03252546,       -11.3704366,       -8.26700192
          0,           0,        8640,      -11.96972296,      -10.03305588,      -11.36854516,       -8.26601116
          0,           0,        8641,      -11.97025847,      -10.03358979,      -11.37472377,      -8.268180031
          0,           0,        8642,      -11.97079065,      -10.03412181,      -11.37206806,      -8.268573291
          0,           0,        8643,      -11.97132037,      -10.03465587,      -11.37327232,      -8.269120821
          0,           0,        8644,      -11.97185485,      -10.03518912,      -11.37552161,      -8.269783759
          0,           0,        8645,      -11.97238766,      -10.03572124,      -11.37222076,       -8.26997345
          0,           0,        8646,      -11.97291953,      -10.03625448,      -11.37540502,      -8.271341236
          0,           0,        8647,       -11.9734512,      -10.03678657,      -11.37528501,      -8.270956313
          0,           0,        8648,      -11.97398002,      -10.03732096,      -11.37237729,       -8.27046355
          0,           0,        8649,       -11.9745127,      -10.03785212,      -11.37261004,      -8.271733116
          0,           0,        8650,      -11.97504623,      -10.03838141,      -11.37318049,      -8.271575365
          0,           0,        8651,      -11.97557913,      -10.03891368,      -11.36997257,      -8.271799828
          0,           0,        8652,      -11.97611247,       -10.0394434,      -11.37039628,       -8.27048661
          0,           0,        8653,      -11.97664191,      -10.03997473,      -11.37391571,      -8.272910904
          0,           0,        8654,      -11.97717407,      -10.04050637,       -11.3750646,      -8.273908422
          0,           0,        8655,      -11.97770517,      -10.04103775,      -11.37179286,      -8.273925436
          0,           0,        8656,      -11.97823664,      -10.04156853,      -11.37331938,      -8.273272731
          0,           0,        8657,      -11.97876349,       -10.0421003,      -11.37524886,      -8.275154921
          0,           0,        8658,      -11.97929893,      -10.04262892,      -11.37509307,      -8.275472752
          0,           0,        8659,      -11.97983108,      -10.04315738,      -11.37372011,      -8.275927346
          0,           0,        8660,      -11.98036214,      -10.04368805,      -11.37681348,      -8.276110243
          0,           0,        8661,      -11.98089011,      -10.04421944,      -11.38020241,      -8.278252799
          0,           0,        8662,      -11.98142114,      -10.04474874,      -11.37810411,      -8.278617901
          0,           0,        8663,      -11.98195566,      -10.04527547,      -11.37923333,      -8.279540275
          0,           0,        8664,      -11.98248531,      -10.04580522,      -11.38039087,      -8.279298313
          0,           0,        8665,      -11.98301649,      -10.04633487,      -11.38350889,      -8.281750588
          0,           0,        8666,      -11.98354694,      -10.04686261,      -11.38313879,      -8.281069876
          0,           0,        8667,      -11.98407426,      -10.04739302,      -11.38680041,      -8.283519311
          0,           0,        8668,      -11.98460648,      -10.04792194,      -11.38724248,      -8.284189274
          0,           0,        8669,      -11.98513862,      -10.04844869,      -11.38752997,      -8.284371889
          0,           0,        8670,      -11.98566758,      -10.04897672,      -11.38727687,      -8.284512997
          0,           0,        8671,      -11.98619695,      -10.04950518,      -11.38815359,      -8.286038366
          0,           0,        8672,      -11.98672863,      -10.05003259,      -11.39159651,      -8.286609928
          0,           0,        8673,      -11.98725683,      -10.05056161,      -11.39442903,      -8.288424297
          0,           0,        8674,      -11.98778674,      -10.05108835,      -11.39276965,      -8.288573217
          0,           0,        8675,      -11.98831787,      -10.05161585,      -11.39336322,      -8.288792039
          0,           0,        8676,      -11.98884778,      -10.05214325,      -11.39345821,      -8.289176972
          0,           0,        8677,      -11.98937574,      -10.05267037,       -11.3948602,      -8.289959248
          0,           0,        8678,      -11.98991096,      -10.05319449,      -11.39755188,      -8.291631938
          0,           0,        8679,       -11.9904372,      -10.05372341,      -11.39627913,      -8.291306307
          0,           0,        8680,      -11.99096447,       -10.0542516,      -11.39649955,      -8.292223174
          0,           0,        8681,      -11.99149661,      -10.05477774,      -11.39930626,      -8.293827798
          0,           0,        8682,      -11.99202518,      -10.05530417,      -11.39910864,      -8.293597034
          0,           0,        8683,       -11.9925533,      -10.05583104,      -11.39994229,      -8.294088484
          0,           0,        8684,      -11.99308513,      -10.05635596,      -11.39894287,      -8.295151269
          0,           0,        8685,      -11.99361548,      -10.05688069,      -11.40032133,      -8.294789868
          0,           0,        8686,      -11.99414666,       -10.0574054,      -11.40242846,       -8.29678591
          0,           0,        8687,      -11.99467331,      -10.05793378,      -11.40249816,      -8.296793867
          0,           0,        8688,      -11.99520293,      -10.05845913,      -11.40585074,      -8.297950459
          0,           0,        8689,      -11.99572858,       -10.0589864,       -11.4017166,      -8.296966611
          0,           0,        8690,      -11.99625905,      -10.05951135,       -11.4046627,      -8.300166429
          0,           0,        8691,      -11.99679096,      -10.06003506,      -11.40656756,      -8.299379008
          0,           0,        8692,      -11.99731591,      -10.06056114,      -11.40646133,      -8.300596692
          0,           0,        8693,       -11.9978479,      -10.06108556,      -11.40690994,      -8.301373473
          0,           0,        8694,      -11.99837952,      -10.06160996,      -11.40873467,      -8.301626148
          0,           0,        8695,      -11.99890585,      -10.06213448,      -11.40928208,      -8.301890781
          0,           0,        8696,      -11.99943612,      -10.06265878,      -11.41140764,      -8.303428245
          0,           0,        8697,      -11.99996675,      -10.06318481,       -11.4101714,      -8.304279164
          0,           0,        8698,      -12.00049329,      -10.06370847,      -11.41215843,      -8.304408949
