
-------------------------------------------------------------------------
|    ___ _   _ ___                                                      |
|   / __| | | |_  )   Release 8.5.0 "Harrier"                           |
|   \__ \ |_| |/ /                                                      |
|   |___/\___//___|   Suite (Computational Fluid Dynamics Code)         |
|                                                                       |
-------------------------------------------------------------------------
| SU2 Project Website: https://su2code.github.io                        |
|                                                                       |
| The SU2 Project is maintained by the SU2 Foundation                   |
| (http://su2foundation.org)                                            |
-------------------------------------------------------------------------
| Copyright 2012-2026, SU2 Contributors                                 |
|                                                                       |
| SU2 is free software; you can redistribute it and/or                  |
| modify it under the terms of the GNU Lesser General Public            |
| License as published by the Free Software Foundation; either          |
| version 2.1 of the License, or (at your option) any later version.    |
|                                                                       |
| SU2 is distributed in the hope that it will be useful,                |
| but WITHOUT ANY WARRANTY; without even the implied warranty of        |
| MERCHANTABILITY or FITNESS FOR A PARTICULAR PURPOSE. See the GNU      |
| Lesser General Public License for more details.                       |
|                                                                       |
| You should have received a copy of the GNU Lesser General Public      |
| License along with SU2. If not, see <http://www.gnu.org/licenses/>.   |
-------------------------------------------------------------------------

Parsing config file for zone 0

----------------- Physical Case Definition ( Zone 0 ) -------------------
Compressible Laminar Navier-Stokes' equations.
Mach number: 0.2.
Angle of attack (AoA): 0 deg, and angle of sideslip (AoS): 0 deg.
Reynolds number: 1.30123e+06. Reference length 0.3048.
No restart solution, use the values at infinity (freestream).
Dimensional simulation.
The reference area is 0.3048 m^2.
The semi-span will be computed using the max y(3D) value.
The reference length is 1 m.
Reference origin for moment evaluation is (0.25, 0, 0).
Surface(s) where the force coefficients are evaluated: wall.

Surface(s) plotted in the output file: wall.
Input mesh file name: mesh_flatplate_65x65.su2

--------------- Space Numerical Integration ( Zone 0 ) ------------------
Roe (with entropy fix = 0.001) solver for the flow inviscid terms.
Standard Roe without low-dissipation function.
Second order integration in space, with slope limiter.
No slope-limiting method. 
Average of gradients with correction (viscous flow terms).
Gradient for upwind reconstruction: inverse-distance weighted Least-Squares.
Gradient for viscous and source terms: inverse-distance weighted Least-Squares.

--------------- Time Numerical Integration  ( Zone 0 ) ------------------
Local time stepping (steady state simulation).
Euler implicit method for the flow equations.
FGMRES is used for solving the linear system.
Using a ILU(0) preconditioning.
Convergence criteria of the linear solver: 1e-06.
Max number of linear iterations: 10.
CFL adaptation. Factor down: 0.1, factor up: 2,
                lower limit: 100, upper limit: 1e+10,
                acceptable linear residual: 0.001'
                starting iteration: 0.
Courant-Friedrichs-Lewy number:       10

------------------ Convergence Criteria  ( Zone 0 ) ---------------------
Maximum number of solver subiterations: 9999.
Begin convergence monitoring at iteration 10.
Residual minimum value: 1e-12.
Cauchy series min. value: 1e-06.
Number of Cauchy elements: 100.
Begin windowed time average at iteration 0.

-------------------- Output Information ( Zone 0 ) ----------------------
File writing frequency: 
+------------------------------------+
|                     File| Frequency|
+------------------------------------+
|                  RESTART|       250|
|                 PARAVIEW|       250|
|         SURFACE_PARAVIEW|       250|
+------------------------------------+
Writing the convergence history file every 1 inner iterations.
Writing the screen convergence history every 1 inner iterations.
The tabular file format is CSV (.csv).
Convergence history file name: history.
Forces breakdown file name: forces_breakdown.dat.
Surface file name: surface_flow.
Volume file name: flow.
Restart file name: restart_flow.

------------- Config File Boundary Information ( Zone 0 ) ---------------
+-----------------------------------------------------------------------+
|                        Marker Type|                        Marker Name|
+-----------------------------------------------------------------------+
|                     Symmetry plane|                           symmetry|
+-----------------------------------------------------------------------+
|                     Inlet boundary|                              inlet|
+-----------------------------------------------------------------------+
|                    Outlet boundary|                             outlet|
|                                   |                           farfield|
+-----------------------------------------------------------------------+
|                    Isothermal wall|                               wall|
+-----------------------------------------------------------------------+

-------------------- Output Preprocessing ( Zone 0 ) --------------------

WARNING: SURFACE_PRESSURE_DROP can only be computed for at least 2 surfaces (outlet, inlet, ...)

Screen output fields: INNER_ITER, ITER_TIME, WALL_TIME, RMS_DENSITY, RMS_ENERGY, LIFT, DRAG
History output group(s): ITER, RMS_RES
Convergence field(s): RMS_DENSITY
Warning: No (valid) fields chosen for time convergence monitoring. Time convergence monitoring inactive.
Volume output fields: COORDINATES, SOLUTION, PRIMITIVE

------------------- Geometry Preprocessing ( Zone 0 ) -------------------
Two dimensional problem.
4225 grid points before partitioning.
4096 volume elements before partitioning.
5 surface markers.
64 boundary elements in index 0 (Marker = farfield).
64 boundary elements in index 1 (Marker = inlet).
64 boundary elements in index 2 (Marker = outlet).
20 boundary elements in index 3 (Marker = symmetry).
44 boundary elements in index 4 (Marker = wall).
Executing the partitioning functions.
Building the graph adjacency structure.
Calling ParMETIS... graph partitioning complete (259 edge cuts).
Distributing ParMETIS coloring.
Rebalancing vertices.
Rebalancing volume element connectivity.
Rebalancing markers and surface elements.
4755 vertices including ghost points. 
4354 interior elements including halo cells. 
4354 quadrilaterals.
Establishing MPI communication patterns.
Setting point connectivity.
Renumbering points (Reverse Cuthill McKee Ordering).
Recomputing point connectivity.
Setting element connectivity.
Checking the numerical grid orientation.
All volume elements are correctly oriented.
All surface elements are correctly oriented.
Identifying edges and vertices.
Setting the control volume structure.
Area of the computational grid: 0.0112829.
Searching for the closest normal neighbors to the surfaces.
Storing a mapping from global to local point index.
Compute the surface curvature.
Max K: 243.895. Mean K: 4.79803. Standard deviation K: 30.5378.
Computing mesh quality statistics for the dual control volumes.
+--------------------------------------------------------------+
|           Mesh Quality Metric|        Minimum|        Maximum|
+--------------------------------------------------------------+
|    Orthogonality Angle (deg.)|             90|             90|
|     CV Face Area Aspect Ratio|        1.00058|        3172.47|
|           CV Sub-Volume Ratio|              1|        1.26272|
+--------------------------------------------------------------+
Finding max control volume width.
Communicating number of neighbors.
Wetted area = 0.3048 m.
Area projection in the x-plane = 0 m, y-plane = 0 m.
Max. coordinate in the x-direction = 0.3048 m, y-direction = 0 m.
Min. coordinate in the x-direction = -6.93889e-18 m, y-direction = 0 m.
Computing wall distances.

-------------------- Solver Preprocessing ( Zone 0 ) --------------------
Viscous flow: Computing pressure using the ideal gas law
based on the free-stream temperature and a density computed
from the Reynolds number.
Force coefficients computed using free-stream values.

-- Models:
+------------------------------------------------------------------------------+
|          Viscosity Model|        Conductivity Model|              Fluid Model|
+------------------------------------------------------------------------------+
|               SUTHERLAND|          CONSTANT_PRANDTL|             STANDARD_AIR|
+------------------------------------------------------------------------------+
-- Fluid properties:
+------------------------------------------------------------------------------+
|                  Name|    Dim. value|    Ref. value|      Unit|Non-dim. value|
+------------------------------------------------------------------------------+
|        Ref. Viscosity|     1.716e-05|             1|   N.s/m^2|     1.716e-05|
|      Sutherland Temp.|        273.15|             1|         K|        273.15|
|     Sutherland Const.|         110.4|             1|         K|         110.4|
+------------------------------------------------------------------------------+
|        Prandtl (Lam.)|             -|             -|         -|          0.72|
|       Prandtl (Turb.)|             -|             -|         -|           0.9|
+------------------------------------------------------------------------------+
|          Gas Constant|       287.058|             1|  N.m/kg.K|       287.058|
|      Spec. Heat Ratio|             -|             -|         -|           1.4|
+------------------------------------------------------------------------------+
-- Initial and free-stream conditions:
+------------------------------------------------------------------------------+
|                  Name|    Dim. value|    Ref. value|      Unit|Non-dim. value|
+------------------------------------------------------------------------------+
|       Static Pressure|       96741.1|             1|        Pa|       96741.1|
|               Density|       1.13235|             1|    kg/m^3|       1.13235|
|           Temperature|        297.62|             1|         K|        297.62|
|          Total Energy|        215978|             1|   m^2/s^2|        215978|
|            Velocity-X|       69.1687|             1|       m/s|       69.1687|
|            Velocity-Y|             0|             1|       m/s|             0|
|    Velocity Magnitude|       69.1687|             1|       m/s|       69.1687|
+------------------------------------------------------------------------------+
|             Viscosity|   1.83463e-05|             1|   N.s/m^2|   1.83463e-05|
|          Conductivity|             -|             1|   W/m^2.K|             -|
+------------------------------------------------------------------------------+
|           Mach Number|             -|             -|         -|           0.2|
|       Reynolds Number|             -|             -|         -|   1.30123e+06|
+------------------------------------------------------------------------------+
Initialize Jacobian structure (Navier-Stokes). MG level: 0.

------------------- Numerics Preprocessing ( Zone 0 ) -------------------

----------------- Integration Preprocessing ( Zone 0 ) ------------------

------------------- Iteration Preprocessing ( Zone 0 ) ------------------
Euler/Navier-Stokes/RANS fluid iteration.

------------------------------ Begin Solver -----------------------------

Simulation Run using the Single-zone Driver
+------------------------------------------------------------------------------------------+
|  Inner_Iter|   Time(sec)|   Time(sec)|    rms[Rho]|   rms[RhoE]|          CL|          CD|
+------------------------------------------------------------------------------------------+
|           0|    0.002698|  2.6982e-03|   -2.821818|    2.708287|   -0.258318|    0.029120|
|           1|    0.003357|  3.0275e-03|   -2.962329|    2.607398|   -0.118662|    0.024765|
|           2|    0.002571|  2.8754e-03|   -3.203395|    2.396355|   -0.202026|    0.019471|
|           3|    0.003997|  3.1557e-03|   -3.264129|    2.030512|   -0.229333|    0.017621|
|           4|    0.003423|  3.2092e-03|   -3.283928|    1.830685|   -0.223206|    0.016150|
|           5|    0.002697|  3.1238e-03|   -3.333243|    1.720903|   -0.194745|    0.014958|
|           6|    0.003060|  3.1148e-03|   -3.417229|    1.382966|   -0.165169|    0.013977|
|           7|    0.003354|  3.1446e-03|   -3.471433|    1.295166|   -0.150060|    0.013158|
|           8|    0.002897|  3.1171e-03|   -3.506409|    1.375591|   -0.152377|    0.012466|
|           9|    0.002482|  3.0536e-03|   -3.546867|    1.232598|   -0.165523|    0.011870|
|          10|    0.002712|  3.0225e-03|   -3.586622|    0.927544|   -0.180133|    0.011349|
|          11|    0.003190|  3.0365e-03|   -3.618989|    1.013195|   -0.189558|    0.010887|
|          12|    0.002527|  2.9973e-03|   -3.650795|    1.099920|   -0.191935|    0.010473|
|          13|    0.003256|  3.0158e-03|   -3.686666|    1.021921|   -0.189242|    0.010099|
|          14|    0.002261|  2.9655e-03|   -3.722126|    0.819618|   -0.184953|    0.009761|
|          15|    0.001876|  2.8974e-03|   -3.752207|    0.624791|   -0.181887|    0.009454|
|          16|    0.001959|  2.8422e-03|   -3.777503|    0.594250|   -0.181184|    0.009174|
|          17|    0.001986|  2.7947e-03|   -3.800763|    0.556328|   -0.182437|    0.008918|
|          18|    0.003361|  2.8245e-03|   -3.823217|    0.513720|   -0.184485|    0.008681|
|          19|    0.003066|  2.8366e-03|   -3.845162|    0.540598|   -0.186232|    0.008462|
|          20|    0.003247|  2.8561e-03|   -3.866947|    0.567826|   -0.187127|    0.008259|
|          21|    0.002091|  2.8213e-03|   -3.888566|    0.546679|   -0.187198|    0.008069|
|          22|    0.002185|  2.7937e-03|   -3.909451|    0.487448|   -0.186817|    0.007891|
|          23|    0.002425|  2.7783e-03|   -3.929043|    0.420312|   -0.186400|    0.007724|
|          24|    0.002278|  2.7583e-03|   -3.947269|    0.369691|   -0.186204|    0.007568|
|          25|    0.001904|  2.7254e-03|   -3.964427|    0.340816|   -0.186279|    0.007420|
|          26|    0.002051|  2.7004e-03|   -3.980866|    0.330003|   -0.186528|    0.007281|
|          27|    0.003391|  2.7251e-03|   -3.996816|    0.329332|   -0.186811|    0.007150|
|          28|    0.003156|  2.7399e-03|   -4.012374|    0.327255|   -0.187023|    0.007025|
|          29|    0.003205|  2.7554e-03|   -4.027519|    0.316252|   -0.187130|    0.006907|
|          30|    0.002078|  2.7336e-03|   -4.042169|    0.296278|   -0.187152|    0.006794|
|          31|    0.001921|  2.7082e-03|   -4.056253|    0.272018|   -0.187138|    0.006687|
|          32|    0.003212|  2.7234e-03|   -4.069760|    0.248886|   -0.187129|    0.006585|
|          33|    0.003579|  2.7486e-03|   -4.082734|    0.230204|   -0.187145|    0.006487|
|          34|    0.003335|  2.7653e-03|   -4.095249|    0.216198|   -0.187186|    0.006394|
|          35|    0.001999|  2.7440e-03|   -4.107370|    0.204769|   -0.187242|    0.006305|
|          36|    0.002814|  2.7459e-03|   -4.119138|    0.193231|   -0.187297|    0.006219|
|          37|    0.002408|  2.7370e-03|   -4.130571|    0.179864|   -0.187343|    0.006137|
|          38|    0.002533|  2.7318e-03|   -4.141669|    0.164425|   -0.187378|    0.006058|
|          39|    0.001972|  2.7128e-03|   -4.152433|    0.147717|   -0.187404|    0.005982|
|          40|    0.001935|  2.6938e-03|   -4.162867|    0.130793|   -0.187426|    0.005909|
|          41|    0.002317|  2.6848e-03|   -4.172989|    0.114324|   -0.187447|    0.005839|
|          42|    0.003347|  2.7002e-03|   -4.182818|    0.098403|   -0.187468|    0.005771|
|          43|    0.002592|  2.6978e-03|   -4.192377|    0.082749|   -0.187489|    0.005706|
|          44|    0.003088|  2.7064e-03|   -4.201683|    0.067058|   -0.187510|    0.005643|
|          45|    0.002534|  2.7027e-03|   -4.210747|    0.051260|   -0.187528|    0.005582|
|          46|    0.002533|  2.6991e-03|   -4.219579|    0.035555|   -0.187544|    0.005523|
|          47|    0.002768|  2.7005e-03|   -4.228185|    0.020288|   -0.187557|    0.005465|
|          48|    0.003278|  2.7123e-03|   -4.236573|    0.005761|   -0.187567|    0.005410|
|          49|    0.002360|  2.7053e-03|   -4.244754|   -0.007883|   -0.187575|    0.005356|
|          50|    0.003283|  2.7166e-03|   -4.252736|   -0.020684|   -0.187580|    0.005304|
|          51|    0.003087|  2.7237e-03|   -4.260530|   -0.032792|   -0.187585|    0.005254|
|          52|    0.003393|  2.7363e-03|   -4.268145|   -0.044374|   -0.187587|    0.005205|
|          53|    0.002260|  2.7275e-03|   -4.275589|   -0.055561|   -0.187589|    0.005157|
|          54|    0.002757|  2.7280e-03|   -4.282869|   -0.066428|   -0.187590|    0.005111|
|          55|    0.002257|  2.7196e-03|   -4.289991|   -0.077012|   -0.187590|    0.005066|
|          56|    0.002841|  2.7217e-03|   -4.296962|   -0.087322|   -0.187590|    0.005022|
|          57|    0.003561|  2.7362e-03|   -4.303787|   -0.097336|   -0.187589|    0.004979|
|          58|    0.003182|  2.7438e-03|   -4.310472|   -0.107005|   -0.187588|    0.004938|
|          59|    0.003210|  2.7515e-03|   -4.317022|   -0.116251|   -0.187587|    0.004897|
|          60|    0.003796|  2.7686e-03|   -4.323442|   -0.124995|   -0.187586|    0.004858|
|          61|    0.003592|  2.7819e-03|   -4.329738|   -0.133186|   -0.187585|    0.004819|
|          62|    0.003012|  2.7856e-03|   -4.335913|   -0.140831|   -0.187584|    0.004781|
|          63|    0.002277|  2.7776e-03|   -4.341973|   -0.147983|   -0.187584|    0.004745|
|          64|    0.002411|  2.7720e-03|   -4.347922|   -0.154746|   -0.187583|    0.004709|
|          65|    0.003150|  2.7777e-03|   -4.353764|   -0.161266|   -0.187583|    0.004674|
|          66|    0.001924|  2.7650e-03|   -4.359503|   -0.167707|   -0.187583|    0.004640|
|          67|    0.002695|  2.7640e-03|   -4.365144|   -0.174226|   -0.187583|    0.004606|
|          68|    0.003103|  2.7689e-03|   -4.370691|   -0.180955|   -0.187583|    0.004574|
|          69|    0.002286|  2.7620e-03|   -4.376145|   -0.187982|   -0.187583|    0.004542|
|          70|    0.001872|  2.7494e-03|   -4.381512|   -0.195349|   -0.187514|    0.004482|
|          71|    0.003213|  2.7559e-03|   -4.390529|    0.028565|   -0.187790|    0.004452|
|          72|    0.003167|  2.7615e-03|   -4.396492|   -0.203855|   -0.187619|    0.004395|
|          73|    0.003503|  2.7715e-03|   -4.404997|   -0.006488|   -0.187815|    0.004366|
|          74|    0.002121|  2.7629e-03|   -4.410906|   -0.229462|   -0.187603|    0.004313|
|          75|    0.001983|  2.7526e-03|   -4.419664|   -0.034209|   -0.187782|    0.004286|
|          76|    0.001913|  2.7417e-03|   -4.425040|   -0.255523|   -0.187588|    0.004235|
|          77|    0.001976|  2.7319e-03|   -4.433573|   -0.058674|   -0.187765|    0.004210|
|          78|    0.001867|  2.7209e-03|   -4.438505|   -0.276107|   -0.187583|    0.004162|
|          79|    0.001998|  2.7119e-03|   -4.446943|   -0.080616|   -0.187751|    0.004138|
|          80|    0.002971|  2.7151e-03|   -4.451507|   -0.296705|   -0.187571|    0.004092|
|          81|    0.002641|  2.7142e-03|   -4.459829|   -0.103291|   -0.187729|    0.004069|
|          82|    0.002186|  2.7078e-03|   -4.464027|   -0.317874|   -0.187557|    0.004026|
|          83|    0.001837|  2.6974e-03|   -4.472213|   -0.125234|   -0.187707|    0.004004|
|          84|    0.002072|  2.6901e-03|   -4.476084|   -0.338342|   -0.187543|    0.003963|
|          85|    0.001868|  2.6805e-03|   -4.484140|   -0.146278|   -0.187687|    0.003942|
|          86|    0.001938|  2.6720e-03|   -4.487720|   -0.357870|   -0.187530|    0.003903|
|          87|    0.002229|  2.6669e-03|   -4.495644|   -0.166326|   -0.187668|    0.003883|
|          88|    0.003005|  2.6707e-03|   -4.498962|   -0.375915|   -0.187517|    0.003845|
|          89|    0.003246|  2.6771e-03|   -4.506748|   -0.185036|   -0.187650|    0.003826|
|          90|    0.003389|  2.6850e-03|   -4.509830|   -0.392234|   -0.187505|    0.003791|
|          91|    0.002923|  2.6875e-03|   -4.517479|   -0.202468|   -0.187633|    0.003772|
|          92|    0.004030|  2.7020e-03|   -4.520350|   -0.407399|   -0.187495|    0.003738|
|          93|    0.002509|  2.6999e-03|   -4.527865|   -0.219207|   -0.187618|    0.003721|
|          94|    0.002385|  2.6966e-03|   -4.530546|   -0.422526|   -0.187485|    0.003688|
|          95|    0.001909|  2.6884e-03|   -4.537933|   -0.236030|   -0.187605|    0.003671|
|          96|    0.002393|  2.6854e-03|   -4.540437|   -0.438485|   -0.187477|    0.003640|
|          97|    0.002013|  2.6785e-03|   -4.547703|   -0.253358|   -0.187592|    0.003624|
|          98|    0.002372|  2.6754e-03|   -4.550041|   -0.455329|   -0.187469|    0.003593|
|          99|    0.002353|  2.6722e-03|   -4.557189|   -0.271114|   -0.187581|    0.003578|
|         100|    0.002180|  2.6673e-03|   -4.559371|   -0.472396|   -0.187461|    0.003549|
|         101|    0.002152|  2.6623e-03|   -4.566406|   -0.288835|   -0.187569|    0.003534|
|         102|    0.001894|  2.6548e-03|   -4.568440|   -0.488955|   -0.187454|    0.003506|
|         103|    0.001851|  2.6471e-03|   -4.575365|   -0.306022|   -0.187558|    0.003492|
|         104|    0.002651|  2.6471e-03|   -4.577261|   -0.504749|   -0.187446|    0.003465|
|         105|    0.002046|  2.6414e-03|   -4.584078|   -0.322513|   -0.187546|    0.003451|
|         106|    0.003314|  2.6477e-03|   -4.585848|   -0.519954|   -0.187438|    0.003425|
|         107|    0.002368|  2.6451e-03|   -4.592560|   -0.338508|   -0.187535|    0.003412|
|         108|    0.002631|  2.6450e-03|   -4.594213|   -0.534935|   -0.187430|    0.003386|
|         109|    0.001888|  2.6381e-03|   -4.600820|   -0.354198|   -0.187524|    0.003374|
|         110|    0.001920|  2.6316e-03|   -4.602368|   -0.549818|   -0.187422|    0.003349|
|         111|    0.001923|  2.6253e-03|   -4.608872|   -0.369526|   -0.187513|    0.003337|
|         112|    0.002236|  2.6219e-03|   -4.610323|   -0.564316|   -0.187415|    0.003313|
|         113|    0.003105|  2.6261e-03|   -4.616725|   -0.384264|   -0.187503|    0.003301|
|         114|    0.002668|  2.6265e-03|   -4.618088|   -0.578032|   -0.187408|    0.003279|
|         115|    0.002637|  2.6266e-03|   -4.624389|   -0.398305|   -0.187493|    0.003267|
|         116|    0.001923|  2.6206e-03|   -4.625672|   -0.590948|   -0.187401|    0.003245|
|         117|    0.002132|  2.6164e-03|   -4.631873|   -0.411812|   -0.187484|    0.003234|
|         118|    0.002669|  2.6168e-03|   -4.633084|   -0.603508|   -0.187395|    0.003212|
|         119|    0.002727|  2.6178e-03|   -4.639189|   -0.425171|   -0.187476|    0.003202|
|         120|    0.002232|  2.6146e-03|   -4.640332|   -0.616336|   -0.187390|    0.003181|
|         121|    0.002282|  2.6119e-03|   -4.646345|   -0.438749|   -0.187468|    0.003170|
|         122|    0.002027|  2.6071e-03|   -4.647424|   -0.629781|   -0.187385|    0.003150|
|         123|    0.001853|  2.6010e-03|   -4.653350|   -0.452653|   -0.187461|    0.003140|
|         124|    0.002095|  2.5970e-03|   -4.654365|   -0.643664|   -0.187380|    0.003121|
|         125|    0.002466|  2.5959e-03|   -4.660208|   -0.466711|   -0.187455|    0.003111|
|         126|    0.002051|  2.5916e-03|   -4.661161|   -0.657435|   -0.187376|    0.003092|
|         127|    0.001827|  2.5857e-03|   -4.666923|   -0.480554|   -0.187449|    0.003082|
|         128|    0.001946|  2.5807e-03|   -4.667817|   -0.670657|   -0.187371|    0.003064|
|         129|    0.001847|  2.5751e-03|   -4.673501|   -0.493898|   -0.187442|    0.003054|
|         130|    0.002428|  2.5739e-03|   -4.674339|   -0.683228|   -0.187367|    0.003037|
|         131|    0.002812|  2.5757e-03|   -4.679946|   -0.506717|   -0.187436|    0.003027|
|         132|    0.002204|  2.5729e-03|   -4.680731|   -0.695323|   -0.187363|    0.003010|
|         133|    0.002148|  2.5698e-03|   -4.686263|   -0.519173|   -0.187430|    0.003001|
|         134|    0.001952|  2.5652e-03|   -4.687000|   -0.707190|   -0.187359|    0.002984|
|         135|    0.002012|  2.5611e-03|   -4.692458|   -0.531377|   -0.187424|    0.002976|
|         136|    0.001852|  2.5560e-03|   -4.693151|   -0.718933|   -0.187355|    0.002959|
|         137|    0.002071|  2.5524e-03|   -4.698537|   -0.543320|   -0.187419|    0.002951|
|         138|    0.002309|  2.5507e-03|   -4.699189|   -0.730451|   -0.187351|    0.002935|
|         139|    0.002655|  2.5514e-03|   -4.704502|   -0.554949|   -0.187413|    0.002926|
|         140|    0.002912|  2.5540e-03|   -4.705118|   -0.741605|   -0.187347|    0.002911|
|         141|    0.001984|  2.5500e-03|   -4.710360|   -0.566304|   -0.187408|    0.002903|
|         142|    0.002018|  2.5463e-03|   -4.710943|   -0.752491|   -0.187344|    0.002888|
|         143|    0.001906|  2.5418e-03|   -4.716115|   -0.577538|   -0.187403|    0.002880|
|         144|    0.002056|  2.5385e-03|   -4.716667|   -0.763398|   -0.187340|    0.002865|
|         145|    0.002685|  2.5395e-03|   -4.721772|   -0.588842|   -0.187399|    0.002857|
|         146|    0.002181|  2.5370e-03|   -4.722294|   -0.774592|   -0.187337|    0.002843|
|         147|    0.001843|  2.5323e-03|   -4.727335|   -0.600309|   -0.187394|    0.002835|
|         148|    0.002342|  2.5311e-03|   -4.727827|   -0.786099|   -0.187335|    0.002821|
|         149|    0.002172|  2.5287e-03|   -4.732806|   -0.611872|   -0.187390|    0.002814|
|         150|    0.003015|  2.5319e-03|   -4.733269|   -0.797645|   -0.187332|    0.002800|
|         151|    0.002745|  2.5333e-03|   -4.738189|   -0.623329|   -0.187387|    0.002793|
|         152|    0.002892|  2.5356e-03|   -4.738622|   -0.808829|   -0.187329|    0.002780|
|         153|    0.001900|  2.5315e-03|   -4.743484|   -0.634426|   -0.187383|    0.002773|
|         154|    0.001997|  2.5281e-03|   -4.743889|   -0.819414|   -0.187327|    0.002759|
|         155|    0.002020|  2.5248e-03|   -4.748694|   -0.645024|   -0.187379|    0.002753|
|         156|    0.002137|  2.5223e-03|   -4.749072|   -0.829385|   -0.187324|    0.002740|
|         157|    0.002234|  2.5205e-03|   -4.753822|   -0.655156|   -0.187376|    0.002733|
|         158|    0.002881|  2.5228e-03|   -4.754174|   -0.838902|   -0.187322|    0.002721|
|         159|    0.002745|  2.5242e-03|   -4.758870|   -0.664949|   -0.187372|    0.002714|
|         160|    0.001905|  2.5203e-03|   -4.759199|   -0.848160|   -0.187320|    0.002702|
|         161|    0.002065|  2.5175e-03|   -4.763842|   -0.674513|   -0.187369|    0.002695|
|         162|    0.002577|  2.5179e-03|   -4.764149|   -0.857296|   -0.187317|    0.002683|
|         163|    0.002031|  2.5149e-03|   -4.768740|   -0.683923|   -0.187365|    0.002677|
|         164|    0.002774|  2.5165e-03|   -4.769028|   -0.866356|   -0.187315|    0.002665|
|         165|    0.002193|  2.5145e-03|   -4.773566|   -0.693251|   -0.187362|    0.002659|
|         166|    0.002674|  2.5155e-03|   -4.773837|   -0.875374|   -0.187313|    0.002648|
|         167|    0.001897|  2.5118e-03|   -4.778323|   -0.702603|   -0.187359|    0.002642|
|         168|    0.002458|  2.5115e-03|   -4.778578|   -0.884475|   -0.187311|    0.002630|
|         169|    0.002923|  2.5139e-03|   -4.783015|   -0.712077|   -0.187356|    0.002625|
|         170|    0.002778|  2.5155e-03|   -4.783254|   -0.893797|   -0.187309|    0.002613|
|         171|    0.002986|  2.5182e-03|   -4.787642|   -0.721712|   -0.187354|    0.002608|
|         172|    0.002215|  2.5164e-03|   -4.787867|   -0.903372|   -0.187307|    0.002597|
|         173|    0.002005|  2.5135e-03|   -4.792208|   -0.731450|   -0.187351|    0.002591|
|         174|    0.002764|  2.5149e-03|   -4.792417|   -0.913059|   -0.187306|    0.002581|
|         175|    0.002994|  2.5177e-03|   -4.796713|   -0.741146|   -0.187349|    0.002575|
|         176|    0.002820|  2.5194e-03|   -4.796907|   -0.922567|   -0.187304|    0.002565|
|         177|    0.002210|  2.5176e-03|   -4.801159|   -0.750592|   -0.187346|    0.002559|
|         178|    0.001883|  2.5141e-03|   -4.801337|   -0.931615|   -0.187303|    0.002549|
|         179|    0.002633|  2.5147e-03|   -4.805546|   -0.759614|   -0.187344|    0.002544|
|         180|    0.002447|  2.5144e-03|   -4.805709|   -0.940060|   -0.187301|    0.002534|
|         181|    0.002367|  2.5136e-03|   -4.809876|   -0.768140|   -0.187342|    0.002529|
|         182|    0.003676|  2.5199e-03|   -4.810025|   -0.947918|   -0.187300|    0.002519|
|         183|    0.003676|  2.5262e-03|   -4.814151|   -0.776221|   -0.187340|    0.002514|
|         184|    0.002518|  2.5261e-03|   -4.814286|   -0.955325|   -0.187298|    0.002504|
|         185|    0.002813|  2.5277e-03|   -4.818371|   -0.783971|   -0.187337|    0.002499|
|         186|    0.002590|  2.5280e-03|   -4.818494|   -0.962461|   -0.187297|    0.002490|
|         187|    0.003342|  2.5323e-03|   -4.822540|   -0.791523|   -0.187335|    0.002485|
|         188|    0.002597|  2.5327e-03|   -4.822651|   -0.969496|   -0.187295|    0.002475|
|         189|    0.002154|  2.5307e-03|   -4.826657|   -0.799010|   -0.187333|    0.002471|
|         190|    0.002962|  2.5330e-03|   -4.826759|   -0.976560|   -0.187294|    0.002461|
|         191|    0.002568|  2.5331e-03|   -4.830726|   -0.806565|   -0.187331|    0.002457|
|         192|    0.002429|  2.5326e-03|   -4.830819|   -0.983766|   -0.187315|    0.002452|
|         193|    0.002661|  2.5333e-03|   -4.832029|   -1.007401|   -0.187304|    0.002447|
|         194|    0.003075|  2.5360e-03|   -4.833608|   -1.002869|   -0.187297|    0.002443|
|         195|    0.002169|  2.5342e-03|   -4.835052|   -1.007104|   -0.187294|    0.002438|
|         196|    0.002010|  2.5315e-03|   -4.836386|   -1.012601|   -0.187293|    0.002434|
|         197|    0.002706|  2.5324e-03|   -4.837701|   -1.015959|   -0.187277|    0.002425|
|         198|    0.002698|  2.5332e-03|   -4.841669|   -0.825479|   -0.187321|    0.002421|
|         199|    0.002039|  2.5308e-03|   -4.841586|   -1.004360|   -0.187310|    0.002416|
|         200|    0.003417|  2.5352e-03|   -4.842712|   -1.027801|   -0.187280|    0.002408|
|         201|    0.002822|  2.5366e-03|   -4.846864|   -0.835482|   -0.187318|    0.002403|
|         202|    0.002335|  2.5356e-03|   -4.846846|   -1.016036|   -0.187305|    0.002399|
|         203|    0.002277|  2.5343e-03|   -4.847924|   -1.042206|   -0.187296|    0.002395|
|         204|    0.002946|  2.5363e-03|   -4.849409|   -1.036655|   -0.187291|    0.002390|
|         205|    0.002004|  2.5338e-03|   -4.850784|   -1.040101|   -0.187288|    0.002386|
|         206|    0.002101|  2.5317e-03|   -4.852057|   -1.045127|   -0.187271|    0.002378|
|         207|    0.002893|  2.5334e-03|   -4.855844|   -0.857168|   -0.187313|    0.002374|
|         208|    0.003001|  2.5356e-03|   -4.855715|   -1.033976|   -0.187303|    0.002370|
|         209|    0.003056|  2.5381e-03|   -4.856789|   -1.055668|   -0.187295|    0.002366|
|         210|    0.002856|  2.5396e-03|   -4.858281|   -1.049624|   -0.187290|    0.002362|
|         211|    0.002333|  2.5386e-03|   -4.859650|   -1.054042|   -0.187285|    0.002357|
|         212|    0.003206|  2.5418e-03|   -4.860895|   -1.059970|   -0.187283|    0.002353|
|         213|    0.003298|  2.5453e-03|   -4.862102|   -1.063610|   -0.187283|    0.002349|
|         214|    0.002360|  2.5445e-03|   -4.863314|   -1.065344|   -0.187284|    0.002345|
|         215|    0.002724|  2.5453e-03|   -4.864543|   -1.066216|   -0.187285|    0.002341|
|         216|    0.002799|  2.5465e-03|   -4.865786|   -1.067225|   -0.187285|    0.002337|
|         217|    0.003049|  2.5488e-03|   -4.867033|   -1.068948|   -0.187284|    0.002334|
|         218|    0.003344|  2.5524e-03|   -4.868273|   -1.071366|   -0.187283|    0.002330|
|         219|    0.002643|  2.5528e-03|   -4.869499|   -1.074119|   -0.187282|    0.002326|
|         220|    0.002669|  2.5533e-03|   -4.870713|   -1.076850|   -0.187281|    0.002322|
|         221|    0.001908|  2.5504e-03|   -4.871918|   -1.079368|   -0.187281|    0.002318|
|         222|    0.001947|  2.5477e-03|   -4.873119|   -1.081667|   -0.187281|    0.002314|
|         223|    0.002665|  2.5482e-03|   -4.874318|   -1.083854|   -0.187280|    0.002310|
|         224|    0.002424|  2.5477e-03|   -4.875515|   -1.086063|   -0.187280|    0.002307|
|         225|    0.001849|  2.5446e-03|   -4.876709|   -1.088370|   -0.187280|    0.002303|
|         226|    0.002604|  2.5449e-03|   -4.877898|   -1.090774|   -0.187279|    0.002299|
|         227|    0.003293|  2.5481e-03|   -4.879082|   -1.093217|   -0.187279|    0.002295|
|         228|    0.002904|  2.5497e-03|   -4.880260|   -1.095634|   -0.187279|    0.002292|
|         229|    0.002932|  2.5514e-03|   -4.881433|   -1.097979|   -0.187278|    0.002288|
|         230|    0.002320|  2.5504e-03|   -4.882603|   -1.100239|   -0.187278|    0.002284|
|         231|    0.002653|  2.5508e-03|   -4.883768|   -1.102422|   -0.187278|    0.002281|
|         232|    0.002623|  2.5511e-03|   -4.884929|   -1.104543|   -0.187277|    0.002277|
|         233|    0.002665|  2.5516e-03|   -4.886087|   -1.106612|   -0.187277|    0.002274|
|         234|    0.003532|  2.5558e-03|   -4.887240|   -1.108631|   -0.187277|    0.002270|
|         235|    0.003248|  2.5587e-03|   -4.888389|   -1.110597|   -0.187277|    0.002266|
|         236|    0.002460|  2.5583e-03|   -4.889535|   -1.112508|   -0.187276|    0.002263|
|         237|    0.002167|  2.5566e-03|   -4.890676|   -1.114365|   -0.187276|    0.002259|
|         238|    0.001846|  2.5537e-03|   -4.891813|   -1.116176|   -0.187276|    0.002256|
|         239|    0.002296|  2.5526e-03|   -4.892946|   -1.117949|   -0.187275|    0.002252|
|         240|    0.002661|  2.5530e-03|   -4.894076|   -1.119698|   -0.187275|    0.002249|
|         241|    0.003225|  2.5558e-03|   -4.895202|   -1.121432|   -0.187275|    0.002245|
|         242|    0.003097|  2.5580e-03|   -4.896325|   -1.123161|   -0.187275|    0.002242|
|         243|    0.003202|  2.5607e-03|   -4.897444|   -1.124894|   -0.187274|    0.002239|
|         244|    0.003241|  2.5635e-03|   -4.898559|   -1.126637|   -0.187274|    0.002235|
|         245|    0.002910|  2.5649e-03|   -4.899671|   -1.128396|   -0.187274|    0.002232|
|         246|    0.003910|  2.5703e-03|   -4.900779|   -1.130176|   -0.187274|    0.002228|
|         247|    0.003988|  2.5760e-03|   -4.901884|   -1.131980|   -0.187274|    0.002225|
|         248|    0.002253|  2.5747e-03|   -4.902985|   -1.133808|   -0.187273|    0.002222|
|         249|    0.002904|  2.5760e-03|   -4.904083|   -1.135662|   -0.187273|    0.002218|
|         250|    0.002469|  2.5756e-03|   -4.905178|   -1.137537|   -0.187273|    0.002215|
+-----------------------------------------------------------------------+
|        File Writing Summary       |              Filename             |
+-----------------------------------------------------------------------+
|SU2 binary restart                 |restart_flow.dat                   |
|Paraview                           |flow.vtu                           |
|Paraview surface                   |surface_flow.vtu                   |
+-----------------------------------------------------------------------+
+------------------------------------------------------------------------------------------+
|  Inner_Iter|   Time(sec)|   Time(sec)|    rms[Rho]|   rms[RhoE]|          CL|          CD|
+------------------------------------------------------------------------------------------+
|         251|    0.016075|  2.6292e-03|   -4.906269|   -1.139431|   -0.187273|    0.002212|
|         252|    0.002402|  2.6283e-03|   -4.907358|   -1.141336|   -0.187272|    0.002209|
|         253|    0.001938|  2.6256e-03|   -4.908443|   -1.143247|   -0.187272|    0.002205|
|         254|    0.001924|  2.6228e-03|   -4.909524|   -1.145157|   -0.187272|    0.002202|
|         255|    0.003836|  2.6276e-03|   -4.910603|   -1.147057|   -0.187272|    0.002199|
|         256|    0.003298|  2.6302e-03|   -4.911678|   -1.148941|   -0.187272|    0.002196|
|         257|    0.002453|  2.6295e-03|   -4.912751|   -1.150802|   -0.187272|    0.002193|
|         258|    0.002387|  2.6285e-03|   -4.913820|   -1.152635|   -0.187271|    0.002189|
|         259|    0.002800|  2.6292e-03|   -4.914886|   -1.154434|   -0.187271|    0.002186|
|         260|    0.003302|  2.6318e-03|   -4.915949|   -1.156197|   -0.187271|    0.002183|
|         261|    0.002788|  2.6324e-03|   -4.917009|   -1.157921|   -0.187271|    0.002180|
|         262|    0.003546|  2.6358e-03|   -4.918066|   -1.159608|   -0.187271|    0.002177|
|         263|    0.002839|  2.6366e-03|   -4.919120|   -1.161258|   -0.187270|    0.002174|
|         264|    0.002730|  2.6370e-03|   -4.920171|   -1.162873|   -0.187270|    0.002171|
|         265|    0.003354|  2.6397e-03|   -4.921219|   -1.164458|   -0.187270|    0.002168|
|         266|    0.003207|  2.6418e-03|   -4.922264|   -1.166018|   -0.187270|    0.002165|
|         267|    0.003209|  2.6439e-03|   -4.923306|   -1.167558|   -0.187270|    0.002161|
|         268|    0.003391|  2.6467e-03|   -4.924345|   -1.169084|   -0.187270|    0.002158|
|         269|    0.003332|  2.6492e-03|   -4.925381|   -1.170601|   -0.187269|    0.002155|
|         270|    0.002972|  2.6504e-03|   -4.926415|   -1.172116|   -0.187269|    0.002152|
|         271|    0.002203|  2.6488e-03|   -4.927445|   -1.173634|   -0.187269|    0.002149|
|         272|    0.002333|  2.6476e-03|   -4.928473|   -1.175158|   -0.187269|    0.002147|
|         273|    0.002087|  2.6456e-03|   -4.929499|   -1.176694|   -0.187269|    0.002144|
|         274|    0.001936|  2.6430e-03|   -4.930521|   -1.178243|   -0.187269|    0.002141|
|         275|    0.001977|  2.6406e-03|   -4.931541|   -1.179807|   -0.187269|    0.002138|
|         276|    0.001909|  2.6379e-03|   -4.932558|   -1.181386|   -0.187268|    0.002135|
|         277|    0.002635|  2.6379e-03|   -4.933572|   -1.182979|   -0.187257|    0.002129|
|         278|    0.002792|  2.6385e-03|   -4.936641|   -1.007897|   -0.187286|    0.002126|
|         279|    0.002362|  2.6375e-03|   -4.936466|   -1.172110|   -0.187266|    0.002121|
|         280|    0.003207|  2.6395e-03|   -4.939443|   -1.012795|   -0.187289|    0.002118|
|         281|    0.002076|  2.6375e-03|   -4.939412|   -1.175445|   -0.187265|    0.002112|
|         282|    0.003223|  2.6396e-03|   -4.942415|   -1.019928|   -0.187288|    0.002109|
|         283|    0.002824|  2.6402e-03|   -4.942346|   -1.181758|   -0.187265|    0.002104|
|         284|    0.002112|  2.6384e-03|   -4.945309|   -1.025145|   -0.187288|    0.002101|
|         285|    0.002880|  2.6392e-03|   -4.945238|   -1.185677|   -0.187266|    0.002096|
|         286|    0.002845|  2.6399e-03|   -4.948201|   -1.028827|   -0.187289|    0.002093|
|         287|    0.003245|  2.6420e-03|   -4.948137|   -1.189226|   -0.187266|    0.002088|
|         288|    0.003176|  2.6439e-03|   -4.951091|   -1.033496|   -0.187288|    0.002085|
|         289|    0.002921|  2.6448e-03|   -4.951022|   -1.193398|   -0.187266|    0.002080|
|         290|    0.002532|  2.6445e-03|   -4.953960|   -1.038110|   -0.187288|    0.002077|
|         291|    0.002534|  2.6441e-03|   -4.953889|   -1.197331|   -0.187266|    0.002072|
|         292|    0.002002|  2.6419e-03|   -4.956815|   -1.042422|   -0.187288|    0.002069|
|         293|    0.003230|  2.6439e-03|   -4.956743|   -1.201103|   -0.187265|    0.002064|
|         294|    0.003288|  2.6461e-03|   -4.959655|   -1.046788|   -0.187287|    0.002061|
|         295|    0.003618|  2.6494e-03|   -4.959581|   -1.204937|   -0.187278|    0.002059|
|         296|    0.003674|  2.6528e-03|   -4.960479|   -1.222601|   -0.187272|    0.002056|
|         297|    0.002945|  2.6538e-03|   -4.961583|   -1.219738|   -0.187269|    0.002054|
|         298|    0.003440|  2.6564e-03|   -4.962581|   -1.223372|   -0.187267|    0.002051|
|         299|    0.002896|  2.6572e-03|   -4.963512|   -1.227175|   -0.187257|    0.002046|
|         300|    0.003428|  2.6598e-03|   -4.966392|   -1.057192|   -0.187283|    0.002044|
|         301|    0.003247|  2.6617e-03|   -4.966197|   -1.214575|   -0.187265|    0.002039|
|         302|    0.003102|  2.6632e-03|   -4.969040|   -1.058816|   -0.187286|    0.002036|
|         303|    0.003121|  2.6647e-03|   -4.969006|   -1.216562|   -0.187264|    0.002031|
|         304|    0.002208|  2.6632e-03|   -4.971864|   -1.067479|   -0.187284|    0.002029|
|         305|    0.002606|  2.6630e-03|   -4.971778|   -1.223862|   -0.187275|    0.002026|
|         306|    0.003420|  2.6655e-03|   -4.972642|   -1.241422|   -0.187270|    0.002024|
|         307|    0.002387|  2.6646e-03|   -4.973703|   -1.238555|   -0.187267|    0.002021|
|         308|    0.001945|  2.6622e-03|   -4.974667|   -1.241889|   -0.187256|    0.002017|
|         309|    0.002124|  2.6605e-03|   -4.977474|   -1.077328|   -0.187281|    0.002014|
|         310|    0.001913|  2.6581e-03|   -4.977260|   -1.232652|   -0.187275|    0.002012|
|         311|    0.002899|  2.6589e-03|   -4.978093|   -1.247812|   -0.187271|    0.002009|
|         312|    0.003672|  2.6621e-03|   -4.979184|   -1.243620|   -0.187267|    0.002007|
|         313|    0.002245|  2.6608e-03|   -4.980177|   -1.247879|   -0.187265|    0.002005|
|         314|    0.002832|  2.6613e-03|   -4.981085|   -1.252844|   -0.187264|    0.002002|
|         315|    0.002236|  2.6600e-03|   -4.981965|   -1.255751|   -0.187264|    0.002000|
|         316|    0.002749|  2.6602e-03|   -4.982850|   -1.256848|   -0.187265|    0.001998|
|         317|    0.002093|  2.6585e-03|   -4.983751|   -1.257033|   -0.187265|    0.001995|
|         318|    0.003546|  2.6612e-03|   -4.984666|   -1.257296|   -0.187265|    0.001993|
|         319|    0.002743|  2.6615e-03|   -4.985586|   -1.258206|   -0.187265|    0.001991|
|         320|    0.002557|  2.6612e-03|   -4.986500|   -1.259742|   -0.187264|    0.001988|
|         321|    0.002556|  2.6608e-03|   -4.987406|   -1.261556|   -0.187264|    0.001986|
|         322|    0.003617|  2.6638e-03|   -4.988303|   -1.263307|   -0.187264|    0.001984|
|         323|    0.002197|  2.6624e-03|   -4.989195|   -1.264820|   -0.187263|    0.001982|
|         324|    0.002526|  2.6619e-03|   -4.990086|   -1.266096|   -0.187263|    0.001979|
|         325|    0.002851|  2.6625e-03|   -4.990976|   -1.267248|   -0.187263|    0.001977|
|         326|    0.002499|  2.6620e-03|   -4.991867|   -1.268404|   -0.187263|    0.001975|
|         327|    0.003254|  2.6638e-03|   -4.992756|   -1.269641|   -0.187263|    0.001973|
|         328|    0.003176|  2.6654e-03|   -4.993642|   -1.270964|   -0.187263|    0.001970|
|         329|    0.003015|  2.6664e-03|   -4.994526|   -1.272335|   -0.187263|    0.001968|
|         330|    0.002793|  2.6668e-03|   -4.995406|   -1.273705|   -0.187263|    0.001966|
|         331|    0.003032|  2.6679e-03|   -4.996284|   -1.275047|   -0.187263|    0.001964|
|         332|    0.003219|  2.6696e-03|   -4.997161|   -1.276354|   -0.187263|    0.001962|
|         333|    0.002105|  2.6679e-03|   -4.998035|   -1.277638|   -0.187262|    0.001959|
|         334|    0.002734|  2.6681e-03|   -4.998908|   -1.278914|   -0.187262|    0.001957|
|         335|    0.002094|  2.6664e-03|   -4.999780|   -1.280192|   -0.187262|    0.001955|
|         336|    0.001852|  2.6640e-03|   -5.000649|   -1.281472|   -0.187262|    0.001953|
|         337|    0.001858|  2.6616e-03|   -5.001516|   -1.282749|   -0.187262|    0.001951|
|         338|    0.002811|  2.6620e-03|   -5.002381|   -1.284017|   -0.187262|    0.001949|
|         339|    0.002418|  2.6613e-03|   -5.003245|   -1.285269|   -0.187262|    0.001946|
|         340|    0.003337|  2.6633e-03|   -5.004107|   -1.286506|   -0.187262|    0.001944|
|         341|    0.002546|  2.6629e-03|   -5.004967|   -1.287726|   -0.187262|    0.001942|
|         342|    0.002443|  2.6623e-03|   -5.005825|   -1.288933|   -0.187262|    0.001940|
|         343|    0.003322|  2.6642e-03|   -5.006682|   -1.290127|   -0.187262|    0.001938|
|         344|    0.003163|  2.6657e-03|   -5.007537|   -1.291312|   -0.187262|    0.001936|
|         345|    0.002652|  2.6656e-03|   -5.008390|   -1.292487|   -0.187262|    0.001934|
|         346|    0.002039|  2.6638e-03|   -5.009242|   -1.293654|   -0.187262|    0.001932|
|         347|    0.001976|  2.6618e-03|   -5.010092|   -1.294813|   -0.187262|    0.001930|
|         348|    0.002221|  2.6606e-03|   -5.010941|   -1.295966|   -0.187262|    0.001928|
|         349|    0.003540|  2.6631e-03|   -5.011788|   -1.297114|   -0.187262|    0.001926|
|         350|    0.003107|  2.6644e-03|   -5.012633|   -1.298260|   -0.187262|    0.001924|
|         351|    0.003021|  2.6654e-03|   -5.013477|   -1.299403|   -0.187262|    0.001922|
|         352|    0.002453|  2.6648e-03|   -5.014320|   -1.300547|   -0.187262|    0.001920|
|         353|    0.002230|  2.6635e-03|   -5.015161|   -1.301692|   -0.187262|    0.001918|
|         354|    0.003751|  2.6666e-03|   -5.016000|   -1.302838|   -0.187262|    0.001916|
|         355|    0.003223|  2.6682e-03|   -5.016838|   -1.303986|   -0.187261|    0.001914|
|         356|    0.002476|  2.6676e-03|   -5.017675|   -1.305136|   -0.187261|    0.001912|
|         357|    0.002436|  2.6670e-03|   -5.018510|   -1.306288|   -0.187261|    0.001910|
|         358|    0.002429|  2.6663e-03|   -5.019344|   -1.307442|   -0.187261|    0.001908|
|         359|    0.002070|  2.6647e-03|   -5.020176|   -1.308596|   -0.187261|    0.001906|
|         360|    0.002230|  2.6635e-03|   -5.021007|   -1.309751|   -0.187261|    0.001904|
|         361|    0.001948|  2.6615e-03|   -5.021837|   -1.310905|   -0.187261|    0.001902|
|         362|    0.002667|  2.6615e-03|   -5.022665|   -1.312056|   -0.187261|    0.001900|
|         363|    0.002668|  2.6615e-03|   -5.023492|   -1.313205|   -0.187261|    0.001898|
|         364|    0.001892|  2.6594e-03|   -5.024318|   -1.314350|   -0.187261|    0.001896|
|         365|    0.002126|  2.6579e-03|   -5.025142|   -1.315491|   -0.187261|    0.001894|
|         366|    0.002427|  2.6573e-03|   -5.025965|   -1.316626|   -0.187261|    0.001892|
|         367|    0.001896|  2.6552e-03|   -5.026786|   -1.317755|   -0.187261|    0.001890|
|         368|    0.001856|  2.6531e-03|   -5.027607|   -1.318878|   -0.187261|    0.001888|
|         369|    0.001893|  2.6510e-03|   -5.028426|   -1.319994|   -0.187261|    0.001886|
|         370|    0.002079|  2.6495e-03|   -5.029244|   -1.321103|   -0.187261|    0.001884|
|         371|    0.002637|  2.6494e-03|   -5.030060|   -1.322206|   -0.187261|    0.001882|
|         372|    0.002602|  2.6493e-03|   -5.030875|   -1.323303|   -0.187261|    0.001881|
|         373|    0.002908|  2.6500e-03|   -5.031690|   -1.324395|   -0.187261|    0.001879|
|         374|    0.002642|  2.6500e-03|   -5.032502|   -1.325481|   -0.187261|    0.001877|
|         375|    0.001842|  2.6478e-03|   -5.033314|   -1.326564|   -0.187261|    0.001875|
|         376|    0.001875|  2.6458e-03|   -5.034125|   -1.327643|   -0.187261|    0.001873|
|         377|    0.001828|  2.6436e-03|   -5.034934|   -1.328720|   -0.187261|    0.001871|
|         378|    0.002001|  2.6419e-03|   -5.035742|   -1.329795|   -0.187261|    0.001869|
|         379|    0.003199|  2.6434e-03|   -5.036549|   -1.330868|   -0.187254|    0.001866|
|         380|    0.002459|  2.6429e-03|   -5.038992|   -1.176773|   -0.187273|    0.001864|
|         381|    0.002223|  2.6418e-03|   -5.038830|   -1.320636|   -0.187260|    0.001860|
|         382|    0.001855|  2.6398e-03|   -5.041256|   -1.178621|   -0.187275|    0.001859|
|         383|    0.002076|  2.6383e-03|   -5.041209|   -1.322276|   -0.187259|    0.001855|
|         384|    0.002068|  2.6368e-03|   -5.043649|   -1.184600|   -0.187274|    0.001853|
|         385|    0.002908|  2.6375e-03|   -5.043568|   -1.327040|   -0.187259|    0.001850|
|         386|    0.002276|  2.6366e-03|   -5.045979|   -1.187948|   -0.187275|    0.001848|
|         387|    0.002355|  2.6359e-03|   -5.045900|   -1.329453|   -0.187260|    0.001844|
|         388|    0.002646|  2.6359e-03|   -5.048318|   -1.190017|   -0.187275|    0.001843|
|         389|    0.003055|  2.6370e-03|   -5.048247|   -1.331705|   -0.187260|    0.001839|
|         390|    0.002303|  2.6361e-03|   -5.050662|   -1.193234|   -0.187275|    0.001838|
|         391|    0.002921|  2.6368e-03|   -5.050589|   -1.334633|   -0.187261|    0.001834|
|         392|    0.001900|  2.6350e-03|   -5.052996|   -1.196441|   -0.187275|    0.001832|
|         393|    0.001884|  2.6330e-03|   -5.052924|   -1.337416|   -0.187261|    0.001829|
|         394|    0.001845|  2.6311e-03|   -5.055325|   -1.199468|   -0.187275|    0.001827|
|         395|    0.002365|  2.6304e-03|   -5.055255|   -1.340148|   -0.187261|    0.001824|
|         396|    0.002720|  2.6306e-03|   -5.057650|   -1.202653|   -0.187275|    0.001822|
|         397|    0.001974|  2.6290e-03|   -5.057582|   -1.342998|   -0.187269|    0.001821|
|         398|    0.001953|  2.6273e-03|   -5.058355|   -1.356417|   -0.187265|    0.001819|
|         399|    0.001860|  2.6253e-03|   -5.059255|   -1.355361|   -0.187263|    0.001817|
|         400|    0.001966|  2.6237e-03|   -5.060064|   -1.359157|   -0.187262|    0.001816|
|         401|    0.001878|  2.6218e-03|   -5.060823|   -1.362316|   -0.187262|    0.001814|
|         402|    0.002050|  2.6204e-03|   -5.061581|   -1.363442|   -0.187263|    0.001812|
|         403|    0.001871|  2.6186e-03|   -5.062354|   -1.363385|   -0.187263|    0.001811|
|         404|    0.002561|  2.6184e-03|   -5.063143|   -1.363322|   -0.187256|    0.001807|
|         405|    0.001815|  2.6164e-03|   -5.065516|   -1.213022|   -0.187273|    0.001806|
|         406|    0.001983|  2.6149e-03|   -5.065381|   -1.353088|   -0.187260|    0.001802|
|         407|    0.001859|  2.6130e-03|   -5.067731|   -1.216266|   -0.187274|    0.001801|
|         408|    0.002105|  2.6118e-03|   -5.067693|   -1.355897|   -0.187268|    0.001799|
|         409|    0.001853|  2.6099e-03|   -5.068470|   -1.369582|   -0.187264|    0.001798|
|         410|    0.002068|  2.6086e-03|   -5.069350|   -1.369622|   -0.187255|    0.001794|
|         411|    0.002462|  2.6083e-03|   -5.071671|   -1.227066|   -0.187272|    0.001793|
|         412|    0.002007|  2.6068e-03|   -5.071488|   -1.364555|   -0.187268|    0.001791|
|         413|    0.001861|  2.6050e-03|   -5.072212|   -1.375329|   -0.187265|    0.001790|
|         414|    0.001900|  2.6033e-03|   -5.073118|   -1.372019|   -0.187263|    0.001788|
|         415|    0.001806|  2.6014e-03|   -5.073943|   -1.375722|   -0.187262|    0.001787|
|         416|    0.001905|  2.5997e-03|   -5.074705|   -1.379769|   -0.187261|    0.001785|
|         417|    0.001830|  2.5979e-03|   -5.075446|   -1.382074|   -0.187261|    0.001783|
|         418|    0.002196|  2.5969e-03|   -5.076191|   -1.382878|   -0.187262|    0.001782|
|         419|    0.002008|  2.5955e-03|   -5.076950|   -1.382938|   -0.187262|    0.001780|
|         420|    0.001965|  2.5940e-03|   -5.077720|   -1.383074|   -0.187262|    0.001779|
|         421|    0.001807|  2.5922e-03|   -5.078495|   -1.383747|   -0.187262|    0.001777|
|         422|    0.001982|  2.5907e-03|   -5.079266|   -1.384934|   -0.187262|    0.001776|
|         423|    0.002649|  2.5909e-03|   -5.080032|   -1.386352|   -0.187261|    0.001774|
|         424|    0.002370|  2.5903e-03|   -5.080792|   -1.387719|   -0.187261|    0.001773|
|         425|    0.002999|  2.5913e-03|   -5.081549|   -1.388890|   -0.187261|    0.001771|
|         426|    0.002420|  2.5909e-03|   -5.082305|   -1.389869|   -0.187261|    0.001770|
|         427|    0.001984|  2.5895e-03|   -5.083062|   -1.390749|   -0.187261|    0.001768|
|         428|    0.001866|  2.5878e-03|   -5.083819|   -1.391634|   -0.187261|    0.001767|
|         429|    0.002361|  2.5873e-03|   -5.084576|   -1.392582|   -0.187261|    0.001765|
|         430|    0.003003|  2.5882e-03|   -5.085331|   -1.393594|   -0.187261|    0.001764|
|         431|    0.001987|  2.5868e-03|   -5.086085|   -1.394638|   -0.187261|    0.001762|
|         432|    0.002294|  2.5862e-03|   -5.086838|   -1.395675|   -0.187261|    0.001761|
|         433|    0.002070|  2.5850e-03|   -5.087589|   -1.396684|   -0.187261|    0.001759|
|         434|    0.002015|  2.5837e-03|   -5.088339|   -1.397661|   -0.187261|    0.001758|
|         435|    0.002462|  2.5834e-03|   -5.089089|   -1.398617|   -0.187261|    0.001756|
|         436|    0.002164|  2.5824e-03|   -5.089838|   -1.399567|   -0.187261|    0.001755|
|         437|    0.001861|  2.5808e-03|   -5.090586|   -1.400517|   -0.187261|    0.001753|
|         438|    0.001876|  2.5792e-03|   -5.091333|   -1.401471|   -0.187261|    0.001752|
|         439|    0.001935|  2.5777e-03|   -5.092080|   -1.402424|   -0.187261|    0.001750|
|         440|    0.002661|  2.5779e-03|   -5.092825|   -1.403372|   -0.187261|    0.001749|
|         441|    0.002301|  2.5773e-03|   -5.093570|   -1.404311|   -0.187261|    0.001747|
|         442|    0.002181|  2.5764e-03|   -5.094314|   -1.405242|   -0.187261|    0.001746|
|         443|    0.001886|  2.5748e-03|   -5.095057|   -1.406165|   -0.187261|    0.001744|
|         444|    0.002689|  2.5751e-03|   -5.095799|   -1.407083|   -0.187261|    0.001743|
|         445|    0.002031|  2.5739e-03|   -5.096541|   -1.407996|   -0.187261|    0.001742|
|         446|    0.003057|  2.5749e-03|   -5.097282|   -1.408906|   -0.187261|    0.001740|
|         447|    0.002341|  2.5744e-03|   -5.098022|   -1.409812|   -0.187261|    0.001739|
|         448|    0.001904|  2.5729e-03|   -5.098762|   -1.410715|   -0.187261|    0.001737|
|         449|    0.001909|  2.5715e-03|   -5.099501|   -1.411615|   -0.187261|    0.001736|
|         450|    0.003351|  2.5732e-03|   -5.100239|   -1.412512|   -0.187261|    0.001735|
|         451|    0.003451|  2.5751e-03|   -5.100976|   -1.413406|   -0.187261|    0.001733|
|         452|    0.002011|  2.5739e-03|   -5.101713|   -1.414298|   -0.187261|    0.001732|
|         453|    0.002170|  2.5730e-03|   -5.102450|   -1.415188|   -0.187261|    0.001730|
|         454|    0.001872|  2.5714e-03|   -5.103185|   -1.416076|   -0.187261|    0.001729|
|         455|    0.001894|  2.5700e-03|   -5.103920|   -1.416963|   -0.187261|    0.001728|
|         456|    0.001853|  2.5684e-03|   -5.104655|   -1.417849|   -0.187261|    0.001726|
|         457|    0.002072|  2.5673e-03|   -5.105389|   -1.418734|   -0.187261|    0.001725|
|         458|    0.002554|  2.5673e-03|   -5.106122|   -1.419618|   -0.187261|    0.001723|
|         459|    0.002410|  2.5669e-03|   -5.106855|   -1.420502|   -0.187261|    0.001722|
|         460|    0.001917|  2.5655e-03|   -5.107587|   -1.421384|   -0.187261|    0.001721|
|         461|    0.002654|  2.5657e-03|   -5.108319|   -1.422266|   -0.187261|    0.001719|
|         462|    0.001885|  2.5642e-03|   -5.109050|   -1.423147|   -0.187261|    0.001718|
|         463|    0.002003|  2.5630e-03|   -5.109780|   -1.424026|   -0.187261|    0.001717|
|         464|    0.002025|  2.5619e-03|   -5.110510|   -1.424905|   -0.187261|    0.001715|
|         465|    0.002071|  2.5608e-03|   -5.111240|   -1.425783|   -0.187261|    0.001714|
|         466|    0.002936|  2.5616e-03|   -5.111969|   -1.426659|   -0.187261|    0.001713|
|         467|    0.002973|  2.5625e-03|   -5.112697|   -1.427534|   -0.187261|    0.001711|
|         468|    0.002900|  2.5632e-03|   -5.113425|   -1.428408|   -0.187261|    0.001710|
|         469|    0.003075|  2.5643e-03|   -5.114153|   -1.429279|   -0.187261|    0.001709|
|         470|    0.003372|  2.5660e-03|   -5.114880|   -1.430150|   -0.187261|    0.001707|
|         471|    0.002190|  2.5652e-03|   -5.115607|   -1.431018|   -0.187261|    0.001706|
|         472|    0.002758|  2.5656e-03|   -5.116333|   -1.431884|   -0.187261|    0.001705|
|         473|    0.002467|  2.5654e-03|   -5.117058|   -1.432749|   -0.187261|    0.001703|
|         474|    0.002369|  2.5650e-03|   -5.117783|   -1.433611|   -0.187261|    0.001702|
|         475|    0.002103|  2.5641e-03|   -5.118508|   -1.434472|   -0.187261|    0.001701|
|         476|    0.001842|  2.5625e-03|   -5.119232|   -1.435330|   -0.187261|    0.001699|
|         477|    0.003694|  2.5649e-03|   -5.119956|   -1.436187|   -0.187261|    0.001698|
|         478|    0.002676|  2.5651e-03|   -5.120679|   -1.437041|   -0.187261|    0.001697|
|         479|    0.002159|  2.5643e-03|   -5.121402|   -1.437894|   -0.187261|    0.001695|
|         480|    0.003115|  2.5654e-03|   -5.122124|   -1.438745|   -0.187261|    0.001694|
|         481|    0.002587|  2.5655e-03|   -5.122847|   -1.439594|   -0.187256|    0.001692|
|         482|    0.001887|  2.5641e-03|   -5.124961|   -1.299945|   -0.187270|    0.001690|
|         483|    0.002588|  2.5641e-03|   -5.124875|   -1.429797|   -0.187260|    0.001688|
|         484|    0.002799|  2.5646e-03|   -5.127018|   -1.300029|   -0.187271|    0.001687|
|         485|    0.001948|  2.5633e-03|   -5.127030|   -1.430847|   -0.187260|    0.001684|
|         486|    0.001893|  2.5620e-03|   -5.129178|   -1.305899|   -0.187271|    0.001683|
|         487|    0.002621|  2.5621e-03|   -5.129157|   -1.435020|   -0.187260|    0.001680|
|         488|    0.002351|  2.5617e-03|   -5.131284|   -1.308107|   -0.187271|    0.001679|
|         489|    0.002041|  2.5606e-03|   -5.131268|   -1.436598|   -0.187261|    0.001677|
|         490|    0.002586|  2.5606e-03|   -5.133404|   -1.309249|   -0.187272|    0.001675|
|         491|    0.002966|  2.5615e-03|   -5.133397|   -1.438192|   -0.187261|    0.001673|
|         492|    0.002440|  2.5612e-03|   -5.135532|   -1.311684|   -0.187272|    0.001672|
|         493|    0.001941|  2.5600e-03|   -5.135525|   -1.440444|   -0.187261|    0.001669|
|         494|    0.001875|  2.5586e-03|   -5.137656|   -1.314037|   -0.187272|    0.001668|
|         495|    0.001859|  2.5572e-03|   -5.137651|   -1.442529|   -0.187261|    0.001666|
|         496|    0.001872|  2.5558e-03|   -5.139780|   -1.316257|   -0.187272|    0.001665|
|         497|    0.002770|  2.5562e-03|   -5.139779|   -1.444611|   -0.187261|    0.001662|
|         498|    0.002952|  2.5570e-03|   -5.141906|   -1.318706|   -0.187272|    0.001661|
|         499|    0.002374|  2.5566e-03|   -5.141906|   -1.446843|   -0.187267|    0.001660|
|         500|    0.001962|  2.5555e-03|   -5.142644|   -1.457530|   -0.187264|    0.001659|
+-----------------------------------------------------------------------+
|        File Writing Summary       |              Filename             |
+-----------------------------------------------------------------------+
|SU2 binary restart                 |restart_flow.dat                   |
|Paraview                           |flow.vtu                           |
|Paraview surface                   |surface_flow.vtu                   |
+-----------------------------------------------------------------------+
+------------------------------------------------------------------------------------------+
|  Inner_Iter|   Time(sec)|   Time(sec)|    rms[Rho]|   rms[RhoE]|          CL|          CD|
+------------------------------------------------------------------------------------------+
|         501|    0.013151|  2.5766e-03|   -5.143459|   -1.457891|   -0.187263|    0.001657|
|         502|    0.003130|  2.5777e-03|   -5.144190|   -1.461989|   -0.187262|    0.001656|
|         503|    0.002844|  2.5782e-03|   -5.144881|   -1.464728|   -0.187262|    0.001655|
|         504|    0.003273|  2.5796e-03|   -5.145574|   -1.465305|   -0.187263|    0.001654|
|         505|    0.003026|  2.5805e-03|   -5.146284|   -1.464835|   -0.187263|    0.001653|
|         506|    0.002913|  2.5811e-03|   -5.147009|   -1.464567|   -0.187263|    0.001652|
|         507|    0.002678|  2.5813e-03|   -5.147741|   -1.465119|   -0.187258|    0.001649|
|         508|    0.002690|  2.5815e-03|   -5.149823|   -1.329285|   -0.187270|    0.001648|
|         509|    0.003013|  2.5824e-03|   -5.149770|   -1.456456|   -0.187267|    0.001647|
|         510|    0.003474|  2.5841e-03|   -5.150500|   -1.466141|   -0.187264|    0.001646|
|         511|    0.002538|  2.5840e-03|   -5.151331|   -1.466326|   -0.187262|    0.001645|
|         512|    0.002149|  2.5832e-03|   -5.152073|   -1.471163|   -0.187257|    0.001642|
|         513|    0.001969|  2.5820e-03|   -5.154094|   -1.339723|   -0.187269|    0.001641|
|         514|    0.002056|  2.5810e-03|   -5.154011|   -1.463840|   -0.187267|    0.001640|
|         515|    0.001863|  2.5796e-03|   -5.154729|   -1.471448|   -0.187264|    0.001639|
|         516|    0.003449|  2.5812e-03|   -5.155567|   -1.470282|   -0.187263|    0.001638|
|         517|    0.002808|  2.5817e-03|   -5.156321|   -1.474884|   -0.187262|    0.001637|
|         518|    0.001852|  2.5803e-03|   -5.157019|   -1.478832|   -0.187261|    0.001636|
|         519|    0.002035|  2.5792e-03|   -5.157701|   -1.480631|   -0.187262|    0.001634|
|         520|    0.001967|  2.5780e-03|   -5.158392|   -1.480799|   -0.187262|    0.001633|
|         521|    0.002978|  2.5788e-03|   -5.159098|   -1.480356|   -0.187262|    0.001632|
|         522|    0.002883|  2.5794e-03|   -5.159817|   -1.480244|   -0.187262|    0.001631|
|         523|    0.002043|  2.5784e-03|   -5.160539|   -1.480850|   -0.187262|    0.001630|
|         524|    0.002136|  2.5775e-03|   -5.161257|   -1.482004|   -0.187262|    0.001629|
|         525|    0.001850|  2.5761e-03|   -5.161970|   -1.483326|   -0.187262|    0.001628|
|         526|    0.003038|  2.5770e-03|   -5.162677|   -1.484509|   -0.187262|    0.001627|
|         527|    0.002361|  2.5766e-03|   -5.163383|   -1.485437|   -0.187262|    0.001626|
|         528|    0.002099|  2.5757e-03|   -5.164090|   -1.486160|   -0.187262|    0.001624|
|         529|    0.002553|  2.5757e-03|   -5.164798|   -1.486810|   -0.187262|    0.001623|
|         530|    0.002983|  2.5764e-03|   -5.165507|   -1.487502|   -0.187262|    0.001622|
|         531|    0.002388|  2.5761e-03|   -5.166215|   -1.488283|   -0.187262|    0.001621|
|         532|    0.002442|  2.5758e-03|   -5.166923|   -1.489136|   -0.187262|    0.001620|
|         533|    0.003098|  2.5768e-03|   -5.167630|   -1.490014|   -0.187262|    0.001619|
|         534|    0.002955|  2.5775e-03|   -5.168336|   -1.490875|   -0.187262|    0.001618|
|         535|    0.002681|  2.5777e-03|   -5.169042|   -1.491699|   -0.187262|    0.001617|
|         536|    0.003183|  2.5788e-03|   -5.169747|   -1.492491|   -0.187262|    0.001616|
|         537|    0.003182|  2.5800e-03|   -5.170452|   -1.493267|   -0.187262|    0.001615|
|         538|    0.003018|  2.5808e-03|   -5.171157|   -1.494041|   -0.187262|    0.001614|
|         539|    0.003062|  2.5817e-03|   -5.171861|   -1.494821|   -0.187262|    0.001613|
|         540|    0.003044|  2.5825e-03|   -5.172566|   -1.495607|   -0.187262|    0.001611|
|         541|    0.002196|  2.5818e-03|   -5.173269|   -1.496393|   -0.187262|    0.001610|
|         542|    0.003107|  2.5828e-03|   -5.173973|   -1.497173|   -0.187262|    0.001609|
|         543|    0.003652|  2.5847e-03|   -5.174676|   -1.497946|   -0.187262|    0.001608|
|         544|    0.003259|  2.5860e-03|   -5.175379|   -1.498712|   -0.187262|    0.001607|
|         545|    0.003455|  2.5876e-03|   -5.176082|   -1.499471|   -0.187262|    0.001606|
|         546|    0.003209|  2.5887e-03|   -5.176784|   -1.500227|   -0.187262|    0.001605|
|         547|    0.002553|  2.5886e-03|   -5.177486|   -1.500982|   -0.187262|    0.001604|
|         548|    0.003358|  2.5900e-03|   -5.178188|   -1.501735|   -0.187262|    0.001603|
|         549|    0.002812|  2.5904e-03|   -5.178890|   -1.502486|   -0.187262|    0.001602|
|         550|    0.003007|  2.5912e-03|   -5.179591|   -1.503237|   -0.187262|    0.001601|
|         551|    0.002206|  2.5905e-03|   -5.180292|   -1.503985|   -0.187262|    0.001600|
|         552|    0.002393|  2.5901e-03|   -5.180993|   -1.504732|   -0.187262|    0.001599|
|         553|    0.002955|  2.5908e-03|   -5.181694|   -1.505477|   -0.187262|    0.001598|
|         554|    0.003223|  2.5919e-03|   -5.182394|   -1.506222|   -0.187262|    0.001597|
|         555|    0.002434|  2.5917e-03|   -5.183095|   -1.506966|   -0.187262|    0.001596|
|         556|    0.003353|  2.5930e-03|   -5.183795|   -1.507710|   -0.187262|    0.001595|
|         557|    0.002547|  2.5929e-03|   -5.184495|   -1.508454|   -0.187262|    0.001594|
|         558|    0.002163|  2.5922e-03|   -5.185195|   -1.509197|   -0.187262|    0.001593|
|         559|    0.001937|  2.5910e-03|   -5.185894|   -1.509939|   -0.187262|    0.001592|
|         560|    0.002453|  2.5908e-03|   -5.186594|   -1.510681|   -0.187262|    0.001591|
|         561|    0.002238|  2.5901e-03|   -5.187293|   -1.511423|   -0.187262|    0.001590|
|         562|    0.002260|  2.5895e-03|   -5.187992|   -1.512164|   -0.187262|    0.001589|
|         563|    0.002524|  2.5894e-03|   -5.188691|   -1.512904|   -0.187262|    0.001588|
|         564|    0.002308|  2.5889e-03|   -5.189390|   -1.513644|   -0.187263|    0.001587|
|         565|    0.002792|  2.5893e-03|   -5.190088|   -1.514383|   -0.187263|    0.001586|
|         566|    0.002503|  2.5891e-03|   -5.190787|   -1.515121|   -0.187263|    0.001585|
|         567|    0.002485|  2.5889e-03|   -5.191485|   -1.515858|   -0.187263|    0.001584|
|         568|    0.002358|  2.5885e-03|   -5.192183|   -1.516594|   -0.187263|    0.001583|
|         569|    0.002203|  2.5879e-03|   -5.192881|   -1.517330|   -0.187263|    0.001582|
|         570|    0.002413|  2.5876e-03|   -5.193579|   -1.518065|   -0.187263|    0.001581|
|         571|    0.002078|  2.5867e-03|   -5.194277|   -1.518798|   -0.187263|    0.001580|
|         572|    0.002732|  2.5869e-03|   -5.194975|   -1.519531|   -0.187263|    0.001579|
|         573|    0.002047|  2.5860e-03|   -5.195672|   -1.520263|   -0.187263|    0.001578|
|         574|    0.002879|  2.5865e-03|   -5.196370|   -1.520994|   -0.187263|    0.001577|
|         575|    0.002815|  2.5869e-03|   -5.197067|   -1.521725|   -0.187263|    0.001576|
|         576|    0.002012|  2.5859e-03|   -5.197764|   -1.522454|   -0.187263|    0.001575|
|         577|    0.001902|  2.5847e-03|   -5.198461|   -1.523183|   -0.187263|    0.001574|
|         578|    0.002208|  2.5841e-03|   -5.199158|   -1.523911|   -0.187263|    0.001573|
|         579|    0.002300|  2.5836e-03|   -5.199855|   -1.524639|   -0.187263|    0.001572|
|         580|    0.002008|  2.5826e-03|   -5.200551|   -1.525365|   -0.187263|    0.001571|
|         581|    0.002503|  2.5824e-03|   -5.201248|   -1.526091|   -0.187263|    0.001570|
|         582|    0.002623|  2.5825e-03|   -5.201944|   -1.526816|   -0.187263|    0.001569|
|         583|    0.003043|  2.5833e-03|   -5.202641|   -1.527540|   -0.187259|    0.001567|
|         584|    0.003302|  2.5845e-03|   -5.204570|   -1.397474|   -0.187270|    0.001567|
|         585|    0.003295|  2.5857e-03|   -5.204587|   -1.517711|   -0.187262|    0.001565|
|         586|    0.003399|  2.5871e-03|   -5.206577|   -1.396186|   -0.187271|    0.001564|
|         587|    0.003333|  2.5884e-03|   -5.206683|   -1.518570|   -0.187262|    0.001562|
|         588|    0.002204|  2.5877e-03|   -5.208671|   -1.402378|   -0.187270|    0.001561|
|         589|    0.002754|  2.5880e-03|   -5.208743|   -1.522515|   -0.187262|    0.001559|
|         590|    0.002272|  2.5875e-03|   -5.210713|   -1.403774|   -0.187271|    0.001558|
|         591|    0.001976|  2.5865e-03|   -5.210792|   -1.523536|   -0.187263|    0.001556|
|         592|    0.002771|  2.5868e-03|   -5.212773|   -1.404339|   -0.187271|    0.001555|
|         593|    0.002917|  2.5873e-03|   -5.212860|   -1.524777|   -0.187263|    0.001554|
|         594|    0.002032|  2.5864e-03|   -5.214841|   -1.406362|   -0.187271|    0.001553|
|         595|    0.002580|  2.5864e-03|   -5.214928|   -1.526665|   -0.187263|    0.001551|
|         596|    0.002771|  2.5867e-03|   -5.216906|   -1.408209|   -0.187271|    0.001550|
|         597|    0.001984|  2.5857e-03|   -5.216996|   -1.528355|   -0.187263|    0.001548|
|         598|    0.002801|  2.5860e-03|   -5.218974|   -1.409961|   -0.187272|    0.001547|
|         599|    0.003029|  2.5868e-03|   -5.219068|   -1.530079|   -0.187264|    0.001546|
|         600|    0.002855|  2.5872e-03|   -5.221045|   -1.411991|   -0.187272|    0.001545|
|         601|    0.002309|  2.5868e-03|   -5.221141|   -1.531972|   -0.187264|    0.001543|
|         602|    0.001959|  2.5857e-03|   -5.223116|   -1.414157|   -0.187272|    0.001542|
|         603|    0.002000|  2.5848e-03|   -5.223215|   -1.533936|   -0.187268|    0.001541|
|         604|    0.002546|  2.5847e-03|   -5.223959|   -1.542752|   -0.187266|    0.001540|
|         605|    0.002142|  2.5840e-03|   -5.224745|   -1.544459|   -0.187265|    0.001539|
|         606|    0.002054|  2.5831e-03|   -5.225448|   -1.549042|   -0.187264|    0.001538|
|         607|    0.002431|  2.5828e-03|   -5.226118|   -1.551537|   -0.187261|    0.001537|
|         608|    0.002281|  2.5823e-03|   -5.228003|   -1.420844|   -0.187271|    0.001536|
|         609|    0.002177|  2.5817e-03|   -5.228049|   -1.538349|   -0.187264|    0.001534|
|         610|    0.002580|  2.5817e-03|   -5.230036|   -1.417150|   -0.187272|    0.001533|
|         611|    0.002999|  2.5824e-03|   -5.230181|   -1.539357|   -0.187268|    0.001532|
|         612|    0.002306|  2.5819e-03|   -5.230943|   -1.549581|   -0.187266|    0.001532|
|         613|    0.002418|  2.5816e-03|   -5.231720|   -1.552854|   -0.187264|    0.001531|
|         614|    0.002909|  2.5822e-03|   -5.232407|   -1.557968|   -0.187261|    0.001529|
|         615|    0.002531|  2.5821e-03|   -5.234256|   -1.432083|   -0.187271|    0.001528|
|         616|    0.002615|  2.5821e-03|   -5.234287|   -1.546940|   -0.187269|    0.001527|
|         617|    0.001993|  2.5812e-03|   -5.235032|   -1.552280|   -0.187267|    0.001526|
|         618|    0.002512|  2.5811e-03|   -5.235854|   -1.553149|   -0.187265|    0.001526|
|         619|    0.001897|  2.5800e-03|   -5.236587|   -1.558969|   -0.187265|    0.001525|
|         620|    0.001925|  2.5789e-03|   -5.237265|   -1.563166|   -0.187264|    0.001524|
|         621|    0.002256|  2.5784e-03|   -5.237930|   -1.564641|   -0.187265|    0.001523|
|         622|    0.002484|  2.5782e-03|   -5.238606|   -1.564270|   -0.187265|    0.001522|
|         623|    0.002448|  2.5780e-03|   -5.239301|   -1.563418|   -0.187265|    0.001521|
|         624|    0.002923|  2.5786e-03|   -5.240009|   -1.563182|   -0.187265|    0.001521|
|         625|    0.002640|  2.5787e-03|   -5.240719|   -1.563869|   -0.187265|    0.001520|
|         626|    0.002313|  2.5783e-03|   -5.241424|   -1.565155|   -0.187265|    0.001519|
|         627|    0.002212|  2.5777e-03|   -5.242122|   -1.566543|   -0.187265|    0.001518|
|         628|    0.002121|  2.5770e-03|   -5.242816|   -1.567697|   -0.187265|    0.001517|
|         629|    0.001914|  2.5759e-03|   -5.243509|   -1.568526|   -0.187265|    0.001516|
|         630|    0.002277|  2.5754e-03|   -5.244203|   -1.569132|   -0.187265|    0.001516|
|         631|    0.002003|  2.5745e-03|   -5.244899|   -1.569685|   -0.187265|    0.001515|
|         632|    0.002486|  2.5744e-03|   -5.245595|   -1.570313|   -0.187265|    0.001514|
|         633|    0.001998|  2.5735e-03|   -5.246292|   -1.571049|   -0.187265|    0.001513|
|         634|    0.002495|  2.5734e-03|   -5.246988|   -1.571859|   -0.187265|    0.001512|
|         635|    0.002664|  2.5735e-03|   -5.247682|   -1.572682|   -0.187265|    0.001512|
|         636|    0.003715|  2.5753e-03|   -5.248376|   -1.573471|   -0.187265|    0.001511|
|         637|    0.002937|  2.5759e-03|   -5.249070|   -1.574212|   -0.187265|    0.001510|
|         638|    0.003146|  2.5767e-03|   -5.249763|   -1.574916|   -0.187265|    0.001509|
|         639|    0.002395|  2.5765e-03|   -5.250457|   -1.575605|   -0.187265|    0.001508|
|         640|    0.002685|  2.5766e-03|   -5.251150|   -1.576294|   -0.187265|    0.001507|
|         641|    0.002003|  2.5757e-03|   -5.251843|   -1.576990|   -0.187265|    0.001507|
|         642|    0.001893|  2.5747e-03|   -5.252536|   -1.577691|   -0.187265|    0.001506|
|         643|    0.001855|  2.5736e-03|   -5.253229|   -1.578391|   -0.187265|    0.001505|
|         644|    0.001880|  2.5725e-03|   -5.253921|   -1.579083|   -0.187265|    0.001504|
|         645|    0.001851|  2.5714e-03|   -5.254613|   -1.579766|   -0.187265|    0.001504|
|         646|    0.001853|  2.5703e-03|   -5.255305|   -1.580441|   -0.187266|    0.001503|
|         647|    0.001969|  2.5693e-03|   -5.255997|   -1.581112|   -0.187266|    0.001502|
|         648|    0.001857|  2.5682e-03|   -5.256688|   -1.581780|   -0.187266|    0.001501|
|         649|    0.001927|  2.5672e-03|   -5.257380|   -1.582448|   -0.187266|    0.001500|
|         650|    0.001839|  2.5661e-03|   -5.258071|   -1.583115|   -0.187266|    0.001500|
|         651|    0.001880|  2.5651e-03|   -5.258762|   -1.583783|   -0.187266|    0.001499|
|         652|    0.001958|  2.5641e-03|   -5.259453|   -1.584449|   -0.187266|    0.001498|
|         653|    0.001892|  2.5631e-03|   -5.260144|   -1.585115|   -0.187266|    0.001497|
|         654|    0.001826|  2.5620e-03|   -5.260835|   -1.585780|   -0.187266|    0.001496|
|         655|    0.002265|  2.5615e-03|   -5.261525|   -1.586445|   -0.187266|    0.001496|
|         656|    0.002356|  2.5612e-03|   -5.262216|   -1.587111|   -0.187266|    0.001495|
|         657|    0.001995|  2.5604e-03|   -5.262906|   -1.587777|   -0.187266|    0.001494|
|         658|    0.001874|  2.5593e-03|   -5.263596|   -1.588444|   -0.187266|    0.001493|
|         659|    0.002004|  2.5585e-03|   -5.264287|   -1.589110|   -0.187266|    0.001493|
|         660|    0.002474|  2.5584e-03|   -5.264977|   -1.589778|   -0.187266|    0.001492|
|         661|    0.001928|  2.5574e-03|   -5.265666|   -1.590445|   -0.187266|    0.001491|
|         662|    0.002072|  2.5567e-03|   -5.266356|   -1.591113|   -0.187266|    0.001490|
|         663|    0.002077|  2.5559e-03|   -5.267046|   -1.591781|   -0.187266|    0.001490|
|         664|    0.001835|  2.5549e-03|   -5.267735|   -1.592448|   -0.187266|    0.001489|
|         665|    0.002160|  2.5543e-03|   -5.268425|   -1.593116|   -0.187266|    0.001488|
|         666|    0.001836|  2.5532e-03|   -5.269114|   -1.593783|   -0.187266|    0.001487|
|         667|    0.001944|  2.5523e-03|   -5.269804|   -1.594450|   -0.187266|    0.001487|
|         668|    0.001818|  2.5512e-03|   -5.270493|   -1.595117|   -0.187266|    0.001486|
|         669|    0.002654|  2.5513e-03|   -5.271182|   -1.595783|   -0.187267|    0.001485|
|         670|    0.001864|  2.5503e-03|   -5.271871|   -1.596449|   -0.187267|    0.001484|
|         671|    0.002720|  2.5506e-03|   -5.272560|   -1.597115|   -0.187267|    0.001484|
|         672|    0.002312|  2.5502e-03|   -5.273249|   -1.597780|   -0.187267|    0.001483|
|         673|    0.001932|  2.5493e-03|   -5.273937|   -1.598444|   -0.187267|    0.001482|
|         674|    0.001871|  2.5483e-03|   -5.274626|   -1.599108|   -0.187267|    0.001481|
|         675|    0.002366|  2.5480e-03|   -5.275315|   -1.599772|   -0.187267|    0.001481|
|         676|    0.002949|  2.5486e-03|   -5.276003|   -1.600436|   -0.187267|    0.001480|
|         677|    0.002832|  2.5490e-03|   -5.276691|   -1.601099|   -0.187267|    0.001479|
|         678|    0.002801|  2.5494e-03|   -5.277380|   -1.601761|   -0.187267|    0.001478|
|         679|    0.002258|  2.5490e-03|   -5.278068|   -1.602424|   -0.187267|    0.001478|
|         680|    0.001879|  2.5480e-03|   -5.278756|   -1.603085|   -0.187267|    0.001477|
|         681|    0.002120|  2.5474e-03|   -5.279444|   -1.603747|   -0.187267|    0.001476|
|         682|    0.001904|  2.5464e-03|   -5.280132|   -1.604408|   -0.187267|    0.001475|
|         683|    0.001922|  2.5455e-03|   -5.280820|   -1.605069|   -0.187267|    0.001475|
|         684|    0.001858|  2.5445e-03|   -5.281508|   -1.605729|   -0.187267|    0.001474|
|         685|    0.002575|  2.5445e-03|   -5.282196|   -1.606389|   -0.187265|    0.001473|
|         686|    0.003095|  2.5453e-03|   -5.283987|   -1.482465|   -0.187273|    0.001472|
|         687|    0.002532|  2.5453e-03|   -5.284108|   -1.596286|   -0.187267|    0.001470|
|         688|    0.002579|  2.5454e-03|   -5.285987|   -1.480101|   -0.187273|    0.001470|
|         689|    0.002887|  2.5459e-03|   -5.286188|   -1.597195|   -0.187267|    0.001468|
|         690|    0.001913|  2.5450e-03|   -5.288058|   -1.486764|   -0.187273|    0.001468|
|         691|    0.002480|  2.5449e-03|   -5.288225|   -1.601056|   -0.187267|    0.001466|
|         692|    0.002927|  2.5454e-03|   -5.290078|   -1.487521|   -0.187274|    0.001465|
|         693|    0.002023|  2.5447e-03|   -5.290253|   -1.601678|   -0.187267|    0.001464|
|         694|    0.002180|  2.5441e-03|   -5.292117|   -1.487720|   -0.187274|    0.001463|
|         695|    0.002408|  2.5439e-03|   -5.292298|   -1.602733|   -0.187268|    0.001462|
|         696|    0.002046|  2.5432e-03|   -5.294162|   -1.489522|   -0.187274|    0.001461|
|         697|    0.001831|  2.5422e-03|   -5.294343|   -1.604423|   -0.187268|    0.001460|
|         698|    0.001997|  2.5414e-03|   -5.296205|   -1.491058|   -0.187274|    0.001459|
|         699|    0.001884|  2.5405e-03|   -5.296389|   -1.605888|   -0.187268|    0.001458|
|         700|    0.001938|  2.5396e-03|   -5.298250|   -1.492541|   -0.187274|    0.001457|
|         701|    0.002129|  2.5390e-03|   -5.298437|   -1.607427|   -0.187268|    0.001456|
|         702|    0.003145|  2.5399e-03|   -5.300298|   -1.494345|   -0.187274|    0.001455|
|         703|    0.002800|  2.5403e-03|   -5.300487|   -1.609149|   -0.187268|    0.001454|
|         704|    0.002638|  2.5404e-03|   -5.302346|   -1.496287|   -0.187275|    0.001453|
|         705|    0.002672|  2.5406e-03|   -5.302537|   -1.610949|   -0.187272|    0.001452|
|         706|    0.002384|  2.5404e-03|   -5.303294|   -1.618495|   -0.187270|    0.001452|
|         707|    0.002642|  2.5405e-03|   -5.304064|   -1.621330|   -0.187269|    0.001451|
|         708|    0.002113|  2.5399e-03|   -5.304752|   -1.626369|   -0.187269|    0.001450|
|         709|    0.002129|  2.5393e-03|   -5.305410|   -1.628665|   -0.187267|    0.001449|
|         710|    0.003582|  2.5408e-03|   -5.307160|   -1.502668|   -0.187275|    0.001448|
|         711|    0.002807|  2.5412e-03|   -5.307305|   -1.614551|   -0.187269|    0.001447|
|         712|    0.003026|  2.5419e-03|   -5.309183|   -1.498066|   -0.187275|    0.001446|
|         713|    0.002330|  2.5416e-03|   -5.309419|   -1.615959|   -0.187272|    0.001446|
|         714|    0.002257|  2.5412e-03|   -5.310192|   -1.625146|   -0.187270|    0.001445|
|         715|    0.002696|  2.5414e-03|   -5.310953|   -1.629506|   -0.187269|    0.001444|
|         716|    0.001941|  2.5405e-03|   -5.311624|   -1.634978|   -0.187267|    0.001443|
|         717|    0.002947|  2.5411e-03|   -5.313336|   -1.513828|   -0.187274|    0.001442|
|         718|    0.003252|  2.5421e-03|   -5.313466|   -1.622779|   -0.187273|    0.001442|
|         719|    0.002628|  2.5422e-03|   -5.314230|   -1.626792|   -0.187271|    0.001441|
|         720|    0.002389|  2.5420e-03|   -5.315038|   -1.629083|   -0.187270|    0.001440|
|         721|    0.002059|  2.5413e-03|   -5.315755|   -1.635640|   -0.187269|    0.001440|
|         722|    0.003372|  2.5425e-03|   -5.316418|   -1.639832|   -0.187269|    0.001439|
|         723|    0.002863|  2.5429e-03|   -5.317072|   -1.640899|   -0.187270|    0.001438|
|         724|    0.002545|  2.5429e-03|   -5.317741|   -1.640079|   -0.187270|    0.001438|
|         725|    0.002451|  2.5428e-03|   -5.318428|   -1.639001|   -0.187270|    0.001437|
|         726|    0.002447|  2.5427e-03|   -5.319127|   -1.638780|   -0.187270|    0.001437|
|         727|    0.003028|  2.5433e-03|   -5.319828|   -1.639592|   -0.187270|    0.001436|
|         728|    0.002982|  2.5439e-03|   -5.320523|   -1.640977|   -0.187270|    0.001435|
|         729|    0.002574|  2.5440e-03|   -5.321211|   -1.642380|   -0.187270|    0.001435|
|         730|    0.003031|  2.5446e-03|   -5.321895|   -1.643467|   -0.187270|    0.001434|
|         731|    0.002893|  2.5451e-03|   -5.322578|   -1.644196|   -0.187270|    0.001433|
|         732|    0.003538|  2.5465e-03|   -5.323263|   -1.644713|   -0.187270|    0.001433|
|         733|    0.003197|  2.5474e-03|   -5.323950|   -1.645211|   -0.187270|    0.001432|
|         734|    0.003308|  2.5484e-03|   -5.324637|   -1.645812|   -0.187270|    0.001431|
|         735|    0.003335|  2.5495e-03|   -5.325324|   -1.646534|   -0.187270|    0.001431|
|         736|    0.003011|  2.5501e-03|   -5.326010|   -1.647324|   -0.187270|    0.001430|
|         737|    0.002057|  2.5494e-03|   -5.326695|   -1.648113|   -0.187270|    0.001430|
|         738|    0.002804|  2.5498e-03|   -5.327380|   -1.648856|   -0.187270|    0.001429|
|         739|    0.001988|  2.5490e-03|   -5.328064|   -1.649547|   -0.187270|    0.001428|
|         740|    0.002041|  2.5483e-03|   -5.328748|   -1.650202|   -0.187270|    0.001428|
|         741|    0.002929|  2.5488e-03|   -5.329432|   -1.650846|   -0.187270|    0.001427|
|         742|    0.002093|  2.5482e-03|   -5.330116|   -1.651494|   -0.187270|    0.001426|
|         743|    0.002153|  2.5477e-03|   -5.330799|   -1.652151|   -0.187270|    0.001426|
|         744|    0.002473|  2.5476e-03|   -5.331483|   -1.652811|   -0.187271|    0.001425|
|         745|    0.003044|  2.5483e-03|   -5.332166|   -1.653468|   -0.187271|    0.001425|
|         746|    0.002888|  2.5487e-03|   -5.332848|   -1.654116|   -0.187271|    0.001424|
|         747|    0.002599|  2.5488e-03|   -5.333531|   -1.654755|   -0.187271|    0.001423|
|         748|    0.002118|  2.5482e-03|   -5.334213|   -1.655386|   -0.187271|    0.001423|
|         749|    0.002469|  2.5481e-03|   -5.334895|   -1.656013|   -0.187271|    0.001422|
|         750|    0.003150|  2.5489e-03|   -5.335577|   -1.656640|   -0.187271|    0.001421|
+-----------------------------------------------------------------------+
|        File Writing Summary       |              Filename             |
+-----------------------------------------------------------------------+
|SU2 binary restart                 |restart_flow.dat                   |
|Paraview                           |flow.vtu                           |
|Paraview surface                   |surface_flow.vtu                   |
+-----------------------------------------------------------------------+
+------------------------------------------------------------------------------------------+
|  Inner_Iter|   Time(sec)|   Time(sec)|    rms[Rho]|   rms[RhoE]|          CL|          CD|
+------------------------------------------------------------------------------------------+
|         751|    0.013706|  2.5637e-03|   -5.336259|   -1.657266|   -0.187271|    0.001421|
|         752|    0.003121|  2.5645e-03|   -5.336940|   -1.657893|   -0.187271|    0.001420|
|         753|    0.003647|  2.5659e-03|   -5.337621|   -1.658519|   -0.187271|    0.001420|
|         754|    0.002503|  2.5658e-03|   -5.338302|   -1.659145|   -0.187271|    0.001419|
|         755|    0.003226|  2.5667e-03|   -5.338983|   -1.659771|   -0.187271|    0.001418|
|         756|    0.003748|  2.5683e-03|   -5.339664|   -1.660397|   -0.187271|    0.001418|
|         757|    0.004485|  2.5708e-03|   -5.340345|   -1.661023|   -0.187271|    0.001417|
|         758|    0.003333|  2.5718e-03|   -5.341025|   -1.661650|   -0.187271|    0.001417|
|         759|    0.003508|  2.5730e-03|   -5.341705|   -1.662278|   -0.187271|    0.001416|
|         760|    0.002891|  2.5734e-03|   -5.342385|   -1.662907|   -0.187271|    0.001415|
|         761|    0.002998|  2.5740e-03|   -5.343065|   -1.663537|   -0.187271|    0.001415|
|         762|    0.002952|  2.5745e-03|   -5.343745|   -1.664168|   -0.187271|    0.001414|
|         763|    0.002051|  2.5738e-03|   -5.344425|   -1.664799|   -0.187271|    0.001414|
|         764|    0.002573|  2.5738e-03|   -5.345104|   -1.665430|   -0.187272|    0.001413|
|         765|    0.002961|  2.5743e-03|   -5.345783|   -1.666061|   -0.187272|    0.001412|
|         766|    0.001900|  2.5734e-03|   -5.346463|   -1.666693|   -0.187272|    0.001412|
|         767|    0.002733|  2.5736e-03|   -5.347142|   -1.667325|   -0.187272|    0.001411|
|         768|    0.003404|  2.5747e-03|   -5.347820|   -1.667957|   -0.187272|    0.001411|
|         769|    0.003061|  2.5754e-03|   -5.348499|   -1.668589|   -0.187272|    0.001410|
|         770|    0.003356|  2.5764e-03|   -5.349178|   -1.669220|   -0.187272|    0.001409|
|         771|    0.003508|  2.5776e-03|   -5.349856|   -1.669851|   -0.187272|    0.001409|
|         772|    0.003336|  2.5786e-03|   -5.350535|   -1.670483|   -0.187272|    0.001408|
|         773|    0.002881|  2.5789e-03|   -5.351213|   -1.671113|   -0.187272|    0.001408|
|         774|    0.001870|  2.5780e-03|   -5.351891|   -1.671744|   -0.187272|    0.001407|
|         775|    0.002143|  2.5775e-03|   -5.352569|   -1.672374|   -0.187272|    0.001407|
|         776|    0.003208|  2.5783e-03|   -5.353246|   -1.673004|   -0.187272|    0.001406|
|         777|    0.003297|  2.5792e-03|   -5.353924|   -1.673634|   -0.187272|    0.001405|
|         778|    0.002995|  2.5797e-03|   -5.354601|   -1.674264|   -0.187272|    0.001405|
|         779|    0.003183|  2.5805e-03|   -5.355279|   -1.674893|   -0.187272|    0.001404|
|         780|    0.002805|  2.5808e-03|   -5.355956|   -1.675522|   -0.187272|    0.001404|
|         781|    0.002093|  2.5802e-03|   -5.356633|   -1.676152|   -0.187272|    0.001403|
|         782|    0.002039|  2.5795e-03|   -5.357310|   -1.676781|   -0.187273|    0.001403|
|         783|    0.002906|  2.5799e-03|   -5.357987|   -1.677409|   -0.187273|    0.001402|
|         784|    0.003130|  2.5806e-03|   -5.358664|   -1.678038|   -0.187273|    0.001401|
|         785|    0.003257|  2.5815e-03|   -5.359340|   -1.678666|   -0.187273|    0.001401|
|         786|    0.003078|  2.5821e-03|   -5.360017|   -1.679294|   -0.187273|    0.001400|
|         787|    0.003045|  2.5827e-03|   -5.360693|   -1.679922|   -0.187271|    0.001399|
|         788|    0.003173|  2.5834e-03|   -5.362356|   -1.559340|   -0.187277|    0.001399|
|         789|    0.003347|  2.5844e-03|   -5.362560|   -1.669384|   -0.187273|    0.001397|
|         790|    0.003435|  2.5855e-03|   -5.364334|   -1.556206|   -0.187278|    0.001397|
|         791|    0.003525|  2.5867e-03|   -5.364613|   -1.670488|   -0.187272|    0.001396|
|         792|    0.003119|  2.5873e-03|   -5.366372|   -1.563354|   -0.187278|    0.001395|
|         793|    0.003167|  2.5881e-03|   -5.366616|   -1.674316|   -0.187273|    0.001394|
|         794|    0.003349|  2.5890e-03|   -5.368359|   -1.563572|   -0.187278|    0.001394|
|         795|    0.003014|  2.5896e-03|   -5.368610|   -1.674623|   -0.187273|    0.001392|
|         796|    0.003160|  2.5903e-03|   -5.370364|   -1.563524|   -0.187278|    0.001392|
|         797|    0.002239|  2.5898e-03|   -5.370622|   -1.675570|   -0.187273|    0.001391|
|         798|    0.002987|  2.5903e-03|   -5.372374|   -1.565198|   -0.187278|    0.001390|
|         799|    0.002823|  2.5906e-03|   -5.372632|   -1.677138|   -0.187273|    0.001389|
|         800|    0.001941|  2.5898e-03|   -5.374381|   -1.566524|   -0.187279|    0.001389|
|         801|    0.002437|  2.5896e-03|   -5.374641|   -1.678461|   -0.187274|    0.001388|
|         802|    0.003029|  2.5902e-03|   -5.376390|   -1.567843|   -0.187279|    0.001387|
|         803|    0.003026|  2.5907e-03|   -5.376652|   -1.679895|   -0.187274|    0.001386|
|         804|    0.002892|  2.5911e-03|   -5.378401|   -1.569519|   -0.187279|    0.001385|
|         805|    0.002862|  2.5914e-03|   -5.378664|   -1.681528|   -0.187274|    0.001384|
|         806|    0.002092|  2.5908e-03|   -5.380411|   -1.571333|   -0.187279|    0.001384|
|         807|    0.002958|  2.5913e-03|   -5.380676|   -1.683242|   -0.187277|    0.001383|
|         808|    0.002934|  2.5917e-03|   -5.381440|   -1.689923|   -0.187275|    0.001383|
|         809|    0.002967|  2.5921e-03|   -5.382191|   -1.693758|   -0.187275|    0.001382|
|         810|    0.002792|  2.5924e-03|   -5.382859|   -1.699229|   -0.187274|    0.001382|
|         811|    0.002011|  2.5917e-03|   -5.383501|   -1.701345|   -0.187273|    0.001381|
|         812|    0.001941|  2.5909e-03|   -5.385120|   -1.577490|   -0.187279|    0.001380|
|         813|    0.002281|  2.5905e-03|   -5.385345|   -1.686189|   -0.187275|    0.001379|
|         814|    0.002394|  2.5902e-03|   -5.387115|   -1.572314|   -0.187280|    0.001379|
|         815|    0.003149|  2.5909e-03|   -5.387424|   -1.688128|   -0.187277|    0.001378|
|         816|    0.001982|  2.5902e-03|   -5.388201|   -1.696649|   -0.187275|    0.001378|
|         817|    0.002099|  2.5896e-03|   -5.388941|   -1.701972|   -0.187275|    0.001377|
|         818|    0.002648|  2.5897e-03|   -5.389592|   -1.707773|   -0.187273|    0.001376|
|         819|    0.003065|  2.5902e-03|   -5.391173|   -1.588785|   -0.187279|    0.001375|
|         820|    0.003054|  2.5908e-03|   -5.391380|   -1.694262|   -0.187278|    0.001375|
|         821|    0.003548|  2.5920e-03|   -5.392155|   -1.697402|   -0.187276|    0.001374|
|         822|    0.003458|  2.5930e-03|   -5.392945|   -1.700989|   -0.187275|    0.001374|
|         823|    0.003908|  2.5946e-03|   -5.393640|   -1.708263|   -0.187275|    0.001373|
|         824|    0.003559|  2.5958e-03|   -5.394285|   -1.712456|   -0.187275|    0.001373|
|         825|    0.002962|  2.5962e-03|   -5.394922|   -1.713124|   -0.187275|    0.001372|
|         826|    0.001974|  2.5955e-03|   -5.395576|   -1.711888|   -0.187276|    0.001372|
|         827|    0.002087|  2.5949e-03|   -5.396251|   -1.710627|   -0.187276|    0.001371|
|         828|    0.001965|  2.5941e-03|   -5.396936|   -1.710458|   -0.187276|    0.001371|
|         829|    0.001898|  2.5933e-03|   -5.397621|   -1.711419|   -0.187276|    0.001370|
|         830|    0.002229|  2.5928e-03|   -5.398300|   -1.712922|   -0.187276|    0.001370|
|         831|    0.003061|  2.5934e-03|   -5.398972|   -1.714354|   -0.187276|    0.001369|
|         832|    0.004461|  2.5956e-03|   -5.399640|   -1.715394|   -0.187276|    0.001369|
|         833|    0.002928|  2.5960e-03|   -5.400309|   -1.716044|   -0.187276|    0.001368|
|         834|    0.001963|  2.5953e-03|   -5.400978|   -1.716497|   -0.187276|    0.001368|
|         835|    0.002035|  2.5946e-03|   -5.401650|   -1.716965|   -0.187276|    0.001367|
|         836|    0.002855|  2.5949e-03|   -5.402322|   -1.717563|   -0.187276|    0.001367|
|         837|    0.001952|  2.5941e-03|   -5.402994|   -1.718291|   -0.187276|    0.001366|
|         838|    0.002964|  2.5946e-03|   -5.403665|   -1.719079|   -0.187276|    0.001366|
|         839|    0.002138|  2.5940e-03|   -5.404334|   -1.719852|   -0.187276|    0.001365|
|         840|    0.001929|  2.5932e-03|   -5.405003|   -1.720570|   -0.187276|    0.001365|
|         841|    0.001882|  2.5924e-03|   -5.405671|   -1.721230|   -0.187276|    0.001364|
|         842|    0.002420|  2.5922e-03|   -5.406340|   -1.721856|   -0.187276|    0.001364|
|         843|    0.003627|  2.5934e-03|   -5.407008|   -1.722475|   -0.187276|    0.001363|
|         844|    0.003129|  2.5941e-03|   -5.407676|   -1.723101|   -0.187276|    0.001363|
|         845|    0.001944|  2.5933e-03|   -5.408344|   -1.723736|   -0.187276|    0.001362|
|         846|    0.001936|  2.5925e-03|   -5.409011|   -1.724375|   -0.187276|    0.001362|
|         847|    0.001870|  2.5917e-03|   -5.409678|   -1.725007|   -0.187277|    0.001361|
|         848|    0.002450|  2.5915e-03|   -5.410345|   -1.725629|   -0.187277|    0.001361|
|         849|    0.002013|  2.5908e-03|   -5.411012|   -1.726241|   -0.187277|    0.001360|
|         850|    0.002293|  2.5905e-03|   -5.411678|   -1.726846|   -0.187277|    0.001360|
|         851|    0.003455|  2.5915e-03|   -5.412344|   -1.727448|   -0.187277|    0.001359|
|         852|    0.002897|  2.5918e-03|   -5.413010|   -1.728050|   -0.187277|    0.001359|
|         853|    0.002909|  2.5922e-03|   -5.413675|   -1.728652|   -0.187277|    0.001358|
|         854|    0.002977|  2.5927e-03|   -5.414341|   -1.729255|   -0.187277|    0.001358|
|         855|    0.003161|  2.5933e-03|   -5.415006|   -1.729858|   -0.187277|    0.001357|
|         856|    0.003109|  2.5939e-03|   -5.415671|   -1.730461|   -0.187277|    0.001357|
|         857|    0.003376|  2.5948e-03|   -5.416335|   -1.731063|   -0.187277|    0.001356|
|         858|    0.003295|  2.5957e-03|   -5.416999|   -1.731666|   -0.187277|    0.001356|
|         859|    0.002929|  2.5960e-03|   -5.417664|   -1.732270|   -0.187277|    0.001356|
|         860|    0.001995|  2.5953e-03|   -5.418328|   -1.732876|   -0.187277|    0.001355|
|         861|    0.002527|  2.5953e-03|   -5.418991|   -1.733482|   -0.187277|    0.001355|
|         862|    0.003214|  2.5960e-03|   -5.419655|   -1.734090|   -0.187277|    0.001354|
|         863|    0.002761|  2.5962e-03|   -5.420318|   -1.734698|   -0.187277|    0.001354|
|         864|    0.001961|  2.5954e-03|   -5.420981|   -1.735308|   -0.187278|    0.001353|
|         865|    0.002147|  2.5949e-03|   -5.421644|   -1.735918|   -0.187278|    0.001353|
|         866|    0.002741|  2.5951e-03|   -5.422307|   -1.736529|   -0.187278|    0.001352|
|         867|    0.003316|  2.5959e-03|   -5.422969|   -1.737140|   -0.187278|    0.001352|
|         868|    0.003287|  2.5967e-03|   -5.423632|   -1.737751|   -0.187278|    0.001351|
|         869|    0.001907|  2.5959e-03|   -5.424294|   -1.738363|   -0.187278|    0.001351|
|         870|    0.002399|  2.5957e-03|   -5.424956|   -1.738975|   -0.187278|    0.001350|
|         871|    0.002202|  2.5952e-03|   -5.425617|   -1.739586|   -0.187278|    0.001350|
|         872|    0.002565|  2.5952e-03|   -5.426279|   -1.740198|   -0.187278|    0.001349|
|         873|    0.002718|  2.5953e-03|   -5.426940|   -1.740809|   -0.187278|    0.001349|
|         874|    0.002897|  2.5957e-03|   -5.427601|   -1.741420|   -0.187278|    0.001348|
|         875|    0.001972|  2.5950e-03|   -5.428262|   -1.742031|   -0.187278|    0.001348|
|         876|    0.001874|  2.5942e-03|   -5.428923|   -1.742641|   -0.187278|    0.001348|
|         877|    0.002590|  2.5942e-03|   -5.429584|   -1.743252|   -0.187278|    0.001347|
|         878|    0.002823|  2.5944e-03|   -5.430244|   -1.743862|   -0.187278|    0.001347|
|         879|    0.002920|  2.5948e-03|   -5.430904|   -1.744472|   -0.187278|    0.001346|
|         880|    0.001936|  2.5940e-03|   -5.431564|   -1.745082|   -0.187278|    0.001346|
|         881|    0.001889|  2.5932e-03|   -5.432224|   -1.745691|   -0.187278|    0.001345|
|         882|    0.002571|  2.5932e-03|   -5.432884|   -1.746301|   -0.187279|    0.001345|
|         883|    0.002440|  2.5930e-03|   -5.433543|   -1.746910|   -0.187279|    0.001344|
|         884|    0.002346|  2.5928e-03|   -5.434203|   -1.747520|   -0.187279|    0.001344|
|         885|    0.002820|  2.5930e-03|   -5.434862|   -1.748129|   -0.187279|    0.001343|
|         886|    0.003358|  2.5939e-03|   -5.435521|   -1.748738|   -0.187279|    0.001343|
|         887|    0.002901|  2.5942e-03|   -5.436179|   -1.749347|   -0.187279|    0.001343|
|         888|    0.003191|  2.5949e-03|   -5.436838|   -1.749956|   -0.187279|    0.001342|
|         889|    0.003191|  2.5956e-03|   -5.437496|   -1.750565|   -0.187277|    0.001341|
|         890|    0.004164|  2.5973e-03|   -5.439033|   -1.631258|   -0.187283|    0.001341|
|         891|    0.003505|  2.5983e-03|   -5.439300|   -1.739411|   -0.187279|    0.001340|
|         892|    0.002566|  2.5983e-03|   -5.440967|   -1.627510|   -0.187283|    0.001339|
|         893|    0.002636|  2.5983e-03|   -5.441306|   -1.740786|   -0.187279|    0.001338|
|         894|    0.002679|  2.5984e-03|   -5.442953|   -1.635145|   -0.187283|    0.001338|
|         895|    0.003109|  2.5990e-03|   -5.443255|   -1.744601|   -0.187279|    0.001337|
|         896|    0.002510|  2.5989e-03|   -5.444887|   -1.634864|   -0.187283|    0.001337|
|         897|    0.002743|  2.5991e-03|   -5.445198|   -1.744615|   -0.187279|    0.001336|
|         898|    0.001940|  2.5983e-03|   -5.446840|   -1.634618|   -0.187284|    0.001335|
|         899|    0.002442|  2.5982e-03|   -5.447156|   -1.745480|   -0.187280|    0.001335|
|         900|    0.003030|  2.5986e-03|   -5.448796|   -1.636202|   -0.187284|    0.001334|
|         901|    0.002769|  2.5988e-03|   -5.449111|   -1.746952|   -0.187280|    0.001333|
|         902|    0.002421|  2.5986e-03|   -5.450749|   -1.637363|   -0.187284|    0.001333|
|         903|    0.003102|  2.5992e-03|   -5.451065|   -1.748164|   -0.187280|    0.001332|
|         904|    0.001932|  2.5985e-03|   -5.452703|   -1.638565|   -0.187284|    0.001332|
|         905|    0.003159|  2.5991e-03|   -5.453022|   -1.749524|   -0.187280|    0.001331|
|         906|    0.003329|  2.5999e-03|   -5.454657|   -1.640156|   -0.187284|    0.001330|
|         907|    0.002652|  2.5999e-03|   -5.454978|   -1.751096|   -0.187280|    0.001329|
|         908|    0.001878|  2.5991e-03|   -5.456611|   -1.641887|   -0.187284|    0.001329|
|         909|    0.002083|  2.5986e-03|   -5.456933|   -1.752755|   -0.187283|    0.001329|
|         910|    0.001881|  2.5978e-03|   -5.457695|   -1.758852|   -0.187281|    0.001328|
|         911|    0.001908|  2.5970e-03|   -5.458422|   -1.763630|   -0.187281|    0.001328|
|         912|    0.002532|  2.5970e-03|   -5.459065|   -1.769518|   -0.187281|    0.001327|
|         913|    0.001973|  2.5963e-03|   -5.459684|   -1.771454|   -0.187280|    0.001326|
|         914|    0.001826|  2.5954e-03|   -5.461175|   -1.647853|   -0.187285|    0.001326|
|         915|    0.002400|  2.5952e-03|   -5.461460|   -1.755087|   -0.187281|    0.001325|
|         916|    0.003051|  2.5957e-03|   -5.463121|   -1.642261|   -0.187285|    0.001325|
|         917|    0.003285|  2.5965e-03|   -5.463486|   -1.757637|   -0.187283|    0.001324|
|         918|    0.003138|  2.5971e-03|   -5.464259|   -1.765765|   -0.187281|    0.001324|
|         919|    0.002734|  2.5972e-03|   -5.464975|   -1.772004|   -0.187281|    0.001323|
|         920|    0.002017|  2.5966e-03|   -5.465600|   -1.778117|   -0.187280|    0.001323|
|         921|    0.002981|  2.5970e-03|   -5.467050|   -1.659391|   -0.187285|    0.001322|
|         922|    0.003833|  2.5983e-03|   -5.467316|   -1.763095|   -0.187284|    0.001322|
|         923|    0.003308|  2.5991e-03|   -5.468093|   -1.765664|   -0.187282|    0.001321|
|         924|    0.002919|  2.5994e-03|   -5.468861|   -1.770505|   -0.187282|    0.001321|
|         925|    0.001976|  2.5988e-03|   -5.469530|   -1.778497|   -0.187281|    0.001321|
|         926|    0.002652|  2.5988e-03|   -5.470149|   -1.782691|   -0.187281|    0.001320|
|         927|    0.003582|  2.5999e-03|   -5.470764|   -1.782952|   -0.187282|    0.001320|
|         928|    0.003261|  2.6006e-03|   -5.471398|   -1.781308|   -0.187282|    0.001319|
|         929|    0.001954|  2.5999e-03|   -5.472053|   -1.779883|   -0.187282|    0.001319|
|         930|    0.003204|  2.6006e-03|   -5.472719|   -1.779786|   -0.187282|    0.001319|
|         931|    0.002920|  2.6009e-03|   -5.473384|   -1.780911|   -0.187282|    0.001318|
|         932|    0.001881|  2.6001e-03|   -5.474041|   -1.782540|   -0.187282|    0.001318|
|         933|    0.002942|  2.6005e-03|   -5.474692|   -1.784007|   -0.187282|    0.001317|
|         934|    0.003236|  2.6012e-03|   -5.475339|   -1.785007|   -0.187282|    0.001317|
|         935|    0.002876|  2.6015e-03|   -5.475986|   -1.785589|   -0.187282|    0.001316|
|         936|    0.002920|  2.6018e-03|   -5.476635|   -1.785989|   -0.187282|    0.001316|
|         937|    0.002878|  2.6021e-03|   -5.477286|   -1.786438|   -0.187282|    0.001316|
|         938|    0.003522|  2.6031e-03|   -5.477937|   -1.787043|   -0.187282|    0.001315|
|         939|    0.002057|  2.6025e-03|   -5.478588|   -1.787785|   -0.187282|    0.001315|
|         940|    0.002221|  2.6021e-03|   -5.479237|   -1.788579|   -0.187282|    0.001314|
|         941|    0.001911|  2.6014e-03|   -5.479885|   -1.789344|   -0.187282|    0.001314|
|         942|    0.001877|  2.6006e-03|   -5.480533|   -1.790042|   -0.187283|    0.001314|
|         943|    0.001848|  2.5998e-03|   -5.481180|   -1.790680|   -0.187283|    0.001313|
|         944|    0.002821|  2.6000e-03|   -5.481827|   -1.791285|   -0.187283|    0.001313|
|         945|    0.003185|  2.6006e-03|   -5.482475|   -1.791886|   -0.187283|    0.001312|
|         946|    0.002967|  2.6010e-03|   -5.483122|   -1.792498|   -0.187283|    0.001312|
|         947|    0.003161|  2.6016e-03|   -5.483768|   -1.793120|   -0.187283|    0.001312|
|         948|    0.002879|  2.6019e-03|   -5.484414|   -1.793742|   -0.187283|    0.001311|
|         949|    0.003154|  2.6025e-03|   -5.485060|   -1.794357|   -0.187283|    0.001311|
|         950|    0.002840|  2.6027e-03|   -5.485706|   -1.794960|   -0.187283|    0.001311|
|         951|    0.002652|  2.6028e-03|   -5.486351|   -1.795553|   -0.187283|    0.001310|
|         952|    0.002013|  2.6022e-03|   -5.486996|   -1.796139|   -0.187283|    0.001310|
|         953|    0.002788|  2.6024e-03|   -5.487640|   -1.796723|   -0.187283|    0.001309|
|         954|    0.002901|  2.6027e-03|   -5.488285|   -1.797307|   -0.187283|    0.001309|
|         955|    0.001964|  2.6020e-03|   -5.488929|   -1.797892|   -0.187283|    0.001309|
|         956|    0.001875|  2.6013e-03|   -5.489573|   -1.798478|   -0.187283|    0.001308|
|         957|    0.001860|  2.6005e-03|   -5.490216|   -1.799063|   -0.187283|    0.001308|
|         958|    0.001935|  2.5998e-03|   -5.490860|   -1.799649|   -0.187283|    0.001307|
|         959|    0.001835|  2.5990e-03|   -5.491503|   -1.800235|   -0.187283|    0.001307|
|         960|    0.002464|  2.5989e-03|   -5.492146|   -1.800822|   -0.187284|    0.001307|
|         961|    0.002406|  2.5987e-03|   -5.492788|   -1.801410|   -0.187284|    0.001306|
|         962|    0.001886|  2.5979e-03|   -5.493430|   -1.802000|   -0.187284|    0.001306|
|         963|    0.002414|  2.5977e-03|   -5.494073|   -1.802591|   -0.187284|    0.001305|
|         964|    0.001917|  2.5970e-03|   -5.494714|   -1.803184|   -0.187284|    0.001305|
|         965|    0.002582|  2.5970e-03|   -5.495356|   -1.803778|   -0.187284|    0.001305|
|         966|    0.002165|  2.5966e-03|   -5.495997|   -1.804373|   -0.187284|    0.001304|
|         967|    0.002947|  2.5969e-03|   -5.496638|   -1.804969|   -0.187284|    0.001304|
|         968|    0.003195|  2.5975e-03|   -5.497279|   -1.805565|   -0.187284|    0.001304|
|         969|    0.002903|  2.5978e-03|   -5.497920|   -1.806162|   -0.187284|    0.001303|
|         970|    0.001854|  2.5971e-03|   -5.498560|   -1.806759|   -0.187284|    0.001303|
|         971|    0.001872|  2.5963e-03|   -5.499201|   -1.807356|   -0.187284|    0.001302|
|         972|    0.002262|  2.5960e-03|   -5.499841|   -1.807954|   -0.187284|    0.001302|
|         973|    0.002201|  2.5956e-03|   -5.500480|   -1.808551|   -0.187284|    0.001302|
|         974|    0.002577|  2.5956e-03|   -5.501120|   -1.809148|   -0.187284|    0.001301|
|         975|    0.002056|  2.5950e-03|   -5.501759|   -1.809746|   -0.187284|    0.001301|
|         976|    0.001838|  2.5942e-03|   -5.502399|   -1.810342|   -0.187285|    0.001301|
|         977|    0.002284|  2.5939e-03|   -5.503037|   -1.810939|   -0.187285|    0.001300|
|         978|    0.002353|  2.5937e-03|   -5.503676|   -1.811535|   -0.187285|    0.001300|
|         979|    0.003004|  2.5941e-03|   -5.504315|   -1.812132|   -0.187285|    0.001299|
|         980|    0.002001|  2.5935e-03|   -5.504953|   -1.812728|   -0.187285|    0.001299|
|         981|    0.001941|  2.5928e-03|   -5.505591|   -1.813323|   -0.187285|    0.001299|
|         982|    0.002030|  2.5923e-03|   -5.506229|   -1.813919|   -0.187285|    0.001298|
|         983|    0.001812|  2.5915e-03|   -5.506866|   -1.814514|   -0.187285|    0.001298|
|         984|    0.002111|  2.5910e-03|   -5.507504|   -1.815110|   -0.187285|    0.001298|
|         985|    0.002586|  2.5910e-03|   -5.508141|   -1.815705|   -0.187285|    0.001297|
|         986|    0.002158|  2.5905e-03|   -5.508778|   -1.816300|   -0.187285|    0.001297|
|         987|    0.003212|  2.5912e-03|   -5.509415|   -1.816895|   -0.187285|    0.001296|
|         988|    0.002831|  2.5914e-03|   -5.510052|   -1.817490|   -0.187285|    0.001296|
|         989|    0.002400|  2.5912e-03|   -5.510688|   -1.818085|   -0.187285|    0.001296|
|         990|    0.002842|  2.5915e-03|   -5.511324|   -1.818680|   -0.187285|    0.001295|
|         991|    0.002344|  2.5912e-03|   -5.511960|   -1.819275|   -0.187284|    0.001295|
|         992|    0.002081|  2.5907e-03|   -5.513372|   -1.699725|   -0.187288|    0.001294|
|         993|    0.001980|  2.5901e-03|   -5.513688|   -1.807318|   -0.187285|    0.001294|
|         994|    0.002145|  2.5896e-03|   -5.515249|   -1.695396|   -0.187289|    0.001293|
|         995|    0.001887|  2.5889e-03|   -5.515634|   -1.809004|   -0.187285|    0.001292|
|         996|    0.002842|  2.5892e-03|   -5.517171|   -1.703533|   -0.187289|    0.001292|
|         997|    0.002966|  2.5896e-03|   -5.517517|   -1.812816|   -0.187286|    0.001291|
|         998|    0.003283|  2.5903e-03|   -5.519039|   -1.702763|   -0.187289|    0.001291|
|         999|    0.003494|  2.5912e-03|   -5.519394|   -1.812532|   -0.187286|    0.001290|
|        1000|    0.002165|  2.5907e-03|   -5.520927|   -1.702332|   -0.187289|    0.001290|
+-----------------------------------------------------------------------+
|        File Writing Summary       |              Filename             |
+-----------------------------------------------------------------------+
|SU2 binary restart                 |restart_flow.dat                   |
|Paraview                           |flow.vtu                           |
|Paraview surface                   |surface_flow.vtu                   |
+-----------------------------------------------------------------------+
+------------------------------------------------------------------------------------------+
|  Inner_Iter|   Time(sec)|   Time(sec)|    rms[Rho]|   rms[RhoE]|          CL|          CD|
+------------------------------------------------------------------------------------------+
|        1001|    0.010135|  2.5983e-03|   -5.521287|   -1.813316|   -0.187286|    0.001289|
|        1002|    0.002888|  2.5986e-03|   -5.522817|   -1.703842|   -0.187290|    0.001289|
|        1003|    0.002109|  2.5981e-03|   -5.523175|   -1.814699|   -0.187286|    0.001288|
|        1004|    0.001954|  2.5974e-03|   -5.524702|   -1.704859|   -0.187290|    0.001288|
|        1005|    0.002054|  2.5969e-03|   -5.525063|   -1.815807|   -0.187286|    0.001287|
|        1006|    0.003175|  2.5975e-03|   -5.526590|   -1.705964|   -0.187290|    0.001287|
|        1007|    0.002953|  2.5978e-03|   -5.526952|   -1.817102|   -0.187287|    0.001286|
|        1008|    0.002109|  2.5973e-03|   -5.528477|   -1.707490|   -0.187290|    0.001286|
|        1009|    0.001906|  2.5966e-03|   -5.528840|   -1.818625|   -0.187287|    0.001285|
|        1010|    0.001906|  2.5960e-03|   -5.530363|   -1.709158|   -0.187290|    0.001285|
|        1011|    0.001859|  2.5952e-03|   -5.530728|   -1.820243|   -0.187289|    0.001284|
|        1012|    0.002795|  2.5954e-03|   -5.531482|   -1.825949|   -0.187288|    0.001284|
|        1013|    0.003692|  2.5965e-03|   -5.532183|   -1.831668|   -0.187287|    0.001284|
|        1014|    0.002399|  2.5963e-03|   -5.532798|   -1.837977|   -0.187287|    0.001283|
|        1015|    0.003844|  2.5975e-03|   -5.533390|   -1.839725|   -0.187286|    0.001283|
|        1016|    0.003431|  2.5984e-03|   -5.534756|   -1.714985|   -0.187291|    0.001282|
|        1017|    0.002997|  2.5988e-03|   -5.535088|   -1.821970|   -0.187288|    0.001282|
|        1018|    0.002876|  2.5990e-03|   -5.536643|   -1.709018|   -0.187291|    0.001281|
|        1019|    0.002854|  2.5993e-03|   -5.537050|   -1.825182|   -0.187289|    0.001281|
|        1020|    0.002911|  2.5996e-03|   -5.537815|   -1.833114|   -0.187288|    0.001281|
|        1021|    0.002373|  2.5994e-03|   -5.538503|   -1.840273|   -0.187287|    0.001280|
|        1022|    0.001982|  2.5988e-03|   -5.539099|   -1.846698|   -0.187286|    0.001280|
|        1023|    0.002335|  2.5985e-03|   -5.540423|   -1.726822|   -0.187291|    0.001279|
|        1024|    0.003203|  2.5991e-03|   -5.540734|   -1.829956|   -0.187290|    0.001279|
|        1025|    0.002855|  2.5993e-03|   -5.541508|   -1.832154|   -0.187289|    0.001279|
|        1026|    0.002689|  2.5994e-03|   -5.542251|   -1.838257|   -0.187288|    0.001278|
|        1027|    0.001887|  2.5987e-03|   -5.542891|   -1.846993|   -0.187288|    0.001278|
|        1028|    0.001840|  2.5980e-03|   -5.543482|   -1.851187|   -0.187288|    0.001278|
|        1029|    0.001863|  2.5973e-03|   -5.544072|   -1.851025|   -0.187288|    0.001277|
|        1030|    0.001902|  2.5966e-03|   -5.544682|   -1.848968|   -0.187288|    0.001277|
|        1031|    0.001842|  2.5959e-03|   -5.545315|   -1.847388|   -0.187289|    0.001277|
|        1032|    0.003031|  2.5963e-03|   -5.545958|   -1.847376|   -0.187289|    0.001276|
|        1033|    0.002048|  2.5958e-03|   -5.546599|   -1.848675|   -0.187288|    0.001276|
|        1034|    0.001906|  2.5951e-03|   -5.547232|   -1.850438|   -0.187288|    0.001276|
|        1035|    0.002002|  2.5945e-03|   -5.547857|   -1.851945|   -0.187288|    0.001275|
|        1036|    0.001983|  2.5939e-03|   -5.548480|   -1.852908|   -0.187289|    0.001275|
|        1037|    0.002031|  2.5934e-03|   -5.549103|   -1.853426|   -0.187289|    0.001275|
|        1038|    0.002487|  2.5933e-03|   -5.549728|   -1.853779|   -0.187289|    0.001274|
|        1039|    0.002007|  2.5927e-03|   -5.550355|   -1.854214|   -0.187289|    0.001274|
|        1040|    0.001846|  2.5920e-03|   -5.550983|   -1.854830|   -0.187289|    0.001274|
|        1041|    0.002234|  2.5917e-03|   -5.551610|   -1.855590|   -0.187289|    0.001273|
|        1042|    0.002219|  2.5913e-03|   -5.552235|   -1.856393|   -0.187289|    0.001273|
|        1043|    0.002449|  2.5912e-03|   -5.552859|   -1.857154|   -0.187289|    0.001273|
|        1044|    0.003059|  2.5916e-03|   -5.553483|   -1.857837|   -0.187289|    0.001272|
|        1045|    0.002427|  2.5915e-03|   -5.554106|   -1.858455|   -0.187289|    0.001272|
|        1046|    0.002027|  2.5909e-03|   -5.554729|   -1.859043|   -0.187289|    0.001272|
|        1047|    0.002028|  2.5904e-03|   -5.555353|   -1.859630|   -0.187289|    0.001271|
|        1048|    0.002445|  2.5903e-03|   -5.555976|   -1.860230|   -0.187289|    0.001271|
|        1049|    0.002028|  2.5897e-03|   -5.556598|   -1.860841|   -0.187289|    0.001271|
|        1050|    0.002102|  2.5893e-03|   -5.557221|   -1.861450|   -0.187289|    0.001270|
|        1051|    0.002129|  2.5888e-03|   -5.557842|   -1.862050|   -0.187289|    0.001270|
|        1052|    0.002997|  2.5892e-03|   -5.558464|   -1.862637|   -0.187289|    0.001270|
|        1053|    0.003008|  2.5896e-03|   -5.559085|   -1.863213|   -0.187290|    0.001269|
|        1054|    0.003282|  2.5903e-03|   -5.559706|   -1.863783|   -0.187290|    0.001269|
|        1055|    0.002626|  2.5903e-03|   -5.560327|   -1.864351|   -0.187290|    0.001269|
|        1056|    0.002988|  2.5907e-03|   -5.560947|   -1.864920|   -0.187290|    0.001269|
|        1057|    0.002566|  2.5906e-03|   -5.561567|   -1.865490|   -0.187290|    0.001268|
|        1058|    0.002071|  2.5902e-03|   -5.562187|   -1.866062|   -0.187290|    0.001268|
|        1059|    0.003338|  2.5909e-03|   -5.562807|   -1.866633|   -0.187290|    0.001268|
|        1060|    0.003172|  2.5914e-03|   -5.563426|   -1.867205|   -0.187290|    0.001267|
|        1061|    0.002795|  2.5916e-03|   -5.564045|   -1.867777|   -0.187290|    0.001267|
|        1062|    0.002660|  2.5917e-03|   -5.564664|   -1.868350|   -0.187290|    0.001267|
|        1063|    0.002239|  2.5913e-03|   -5.565283|   -1.868925|   -0.187290|    0.001266|
|        1064|    0.002795|  2.5915e-03|   -5.565901|   -1.869502|   -0.187290|    0.001266|
|        1065|    0.002624|  2.5915e-03|   -5.566519|   -1.870081|   -0.187290|    0.001266|
|        1066|    0.002465|  2.5914e-03|   -5.567137|   -1.870661|   -0.187290|    0.001265|
|        1067|    0.002673|  2.5915e-03|   -5.567755|   -1.871242|   -0.187290|    0.001265|
|        1068|    0.002649|  2.5916e-03|   -5.568372|   -1.871825|   -0.187290|    0.001265|
|        1069|    0.002495|  2.5915e-03|   -5.568989|   -1.872409|   -0.187290|    0.001264|
|        1070|    0.002063|  2.5910e-03|   -5.569606|   -1.872993|   -0.187291|    0.001264|
|        1071|    0.002216|  2.5906e-03|   -5.570223|   -1.873578|   -0.187291|    0.001264|
|        1072|    0.002075|  2.5901e-03|   -5.570839|   -1.874164|   -0.187291|    0.001264|
|        1073|    0.002011|  2.5896e-03|   -5.571455|   -1.874749|   -0.187291|    0.001263|
|        1074|    0.002800|  2.5898e-03|   -5.572071|   -1.875335|   -0.187291|    0.001263|
|        1075|    0.003172|  2.5903e-03|   -5.572687|   -1.875921|   -0.187291|    0.001263|
|        1076|    0.002102|  2.5899e-03|   -5.573303|   -1.876506|   -0.187291|    0.001262|
|        1077|    0.002966|  2.5902e-03|   -5.573918|   -1.877092|   -0.187291|    0.001262|
|        1078|    0.001993|  2.5897e-03|   -5.574533|   -1.877677|   -0.187291|    0.001262|
|        1079|    0.002457|  2.5896e-03|   -5.575148|   -1.878262|   -0.187291|    0.001261|
|        1080|    0.002713|  2.5897e-03|   -5.575763|   -1.878846|   -0.187291|    0.001261|
|        1081|    0.002097|  2.5892e-03|   -5.576377|   -1.879430|   -0.187291|    0.001261|
|        1082|    0.002646|  2.5893e-03|   -5.576992|   -1.880014|   -0.187291|    0.001260|
|        1083|    0.001953|  2.5887e-03|   -5.577606|   -1.880598|   -0.187291|    0.001260|
|        1084|    0.002412|  2.5885e-03|   -5.578219|   -1.881182|   -0.187291|    0.001260|
|        1085|    0.002783|  2.5887e-03|   -5.578833|   -1.881765|   -0.187291|    0.001260|
|        1086|    0.003290|  2.5894e-03|   -5.579446|   -1.882348|   -0.187291|    0.001259|
|        1087|    0.003253|  2.5900e-03|   -5.580060|   -1.882932|   -0.187292|    0.001259|
|        1088|    0.002224|  2.5896e-03|   -5.580673|   -1.883515|   -0.187292|    0.001259|
|        1089|    0.002603|  2.5896e-03|   -5.581285|   -1.884098|   -0.187292|    0.001258|
|        1090|    0.002301|  2.5894e-03|   -5.581898|   -1.884681|   -0.187292|    0.001258|
|        1091|    0.002794|  2.5896e-03|   -5.582510|   -1.885264|   -0.187292|    0.001258|
|        1092|    0.002178|  2.5892e-03|   -5.583123|   -1.885846|   -0.187292|    0.001257|
|        1093|    0.002323|  2.5889e-03|   -5.583735|   -1.886429|   -0.187291|    0.001257|
|        1094|    0.002380|  2.5887e-03|   -5.585027|   -1.765499|   -0.187295|    0.001257|
|        1095|    0.002330|  2.5885e-03|   -5.585383|   -1.873493|   -0.187292|    0.001256|
|        1096|    0.002862|  2.5888e-03|   -5.586842|   -1.760570|   -0.187295|    0.001256|
|        1097|    0.001926|  2.5882e-03|   -5.587265|   -1.875511|   -0.187292|    0.001255|
|        1098|    0.002692|  2.5883e-03|   -5.588695|   -1.769215|   -0.187295|    0.001255|
|        1099|    0.002320|  2.5880e-03|   -5.589076|   -1.879319|   -0.187292|    0.001254|
|        1100|    0.002005|  2.5875e-03|   -5.590493|   -1.767954|   -0.187295|    0.001254|
|        1101|    0.002577|  2.5875e-03|   -5.590884|   -1.878721|   -0.187292|    0.001253|
|        1102|    0.001907|  2.5869e-03|   -5.592311|   -1.767340|   -0.187295|    0.001253|
|        1103|    0.002047|  2.5864e-03|   -5.592708|   -1.879416|   -0.187293|    0.001253|
|        1104|    0.002055|  2.5859e-03|   -5.594132|   -1.768781|   -0.187295|    0.001252|
|        1105|    0.002477|  2.5858e-03|   -5.594526|   -1.880707|   -0.187293|    0.001252|
|        1106|    0.002782|  2.5860e-03|   -5.595948|   -1.769661|   -0.187296|    0.001251|
|        1107|    0.003061|  2.5864e-03|   -5.596344|   -1.881711|   -0.187293|    0.001251|
|        1108|    0.002672|  2.5865e-03|   -5.597765|   -1.770678|   -0.187296|    0.001251|
|        1109|    0.002594|  2.5865e-03|   -5.598163|   -1.882944|   -0.187293|    0.001250|
|        1110|    0.003343|  2.5872e-03|   -5.599582|   -1.772149|   -0.187296|    0.001250|
|        1111|    0.002802|  2.5873e-03|   -5.599981|   -1.884423|   -0.187293|    0.001249|
|        1112|    0.002804|  2.5875e-03|   -5.601398|   -1.773764|   -0.187296|    0.001249|
|        1113|    0.002504|  2.5875e-03|   -5.601798|   -1.886005|   -0.187295|    0.001249|
|        1114|    0.002435|  2.5873e-03|   -5.602543|   -1.891458|   -0.187294|    0.001248|
|        1115|    0.003200|  2.5879e-03|   -5.603216|   -1.898145|   -0.187294|    0.001248|
|        1116|    0.002618|  2.5879e-03|   -5.603802|   -1.904892|   -0.187294|    0.001248|
|        1117|    0.002392|  2.5877e-03|   -5.604367|   -1.906446|   -0.187293|    0.001247|
|        1118|    0.002744|  2.5879e-03|   -5.605614|   -1.779513|   -0.187296|    0.001247|
|        1119|    0.002617|  2.5879e-03|   -5.605986|   -1.887135|   -0.187294|    0.001246|
|        1120|    0.002452|  2.5878e-03|   -5.607440|   -1.773175|   -0.187297|    0.001246|
|        1121|    0.002943|  2.5881e-03|   -5.607883|   -1.891048|   -0.187295|    0.001246|
|        1122|    0.002142|  2.5877e-03|   -5.608637|   -1.898923|   -0.187294|    0.001245|
|        1123|    0.002761|  2.5879e-03|   -5.609296|   -1.907034|   -0.187294|    0.001245|
|        1124|    0.002643|  2.5879e-03|   -5.609863|   -1.913782|   -0.187293|    0.001245|
|        1125|    0.002700|  2.5880e-03|   -5.611067|   -1.791681|   -0.187297|    0.001244|
|        1126|    0.003202|  2.5885e-03|   -5.611417|   -1.895123|   -0.187296|    0.001244|
|        1127|    0.003062|  2.5890e-03|   -5.612185|   -1.897090|   -0.187295|    0.001244|
|        1128|    0.003298|  2.5896e-03|   -5.612904|   -1.904492|   -0.187294|    0.001244|
|        1129|    0.002117|  2.5892e-03|   -5.613515|   -1.914006|   -0.187294|    0.001243|
|        1130|    0.002454|  2.5891e-03|   -5.614077|   -1.918197|   -0.187294|    0.001243|
|        1131|    0.002183|  2.5887e-03|   -5.614641|   -1.917594|   -0.187295|    0.001243|
|        1132|    0.002471|  2.5886e-03|   -5.615228|   -1.915116|   -0.187295|    0.001242|
|        1133|    0.003036|  2.5890e-03|   -5.615838|   -1.913387|   -0.187295|    0.001242|
|        1134|    0.002751|  2.5891e-03|   -5.616457|   -1.913470|   -0.187295|    0.001242|
|        1135|    0.003012|  2.5895e-03|   -5.617074|   -1.914952|   -0.187295|    0.001242|
|        1136|    0.002128|  2.5891e-03|   -5.617682|   -1.916854|   -0.187295|    0.001241|
|        1137|    0.003090|  2.5895e-03|   -5.618283|   -1.918403|   -0.187295|    0.001241|
|        1138|    0.002470|  2.5894e-03|   -5.618881|   -1.919330|   -0.187295|    0.001241|
|        1139|    0.001870|  2.5888e-03|   -5.619480|   -1.919787|   -0.187295|    0.001241|
|        1140|    0.002993|  2.5892e-03|   -5.620081|   -1.920096|   -0.187295|    0.001240|
|        1141|    0.002438|  2.5890e-03|   -5.620684|   -1.920521|   -0.187295|    0.001240|
|        1142|    0.002494|  2.5889e-03|   -5.621288|   -1.921153|   -0.187295|    0.001240|
|        1143|    0.002226|  2.5886e-03|   -5.621890|   -1.921933|   -0.187295|    0.001239|
|        1144|    0.001861|  2.5880e-03|   -5.622491|   -1.922747|   -0.187295|    0.001239|
|        1145|    0.002537|  2.5879e-03|   -5.623092|   -1.923503|   -0.187295|    0.001239|
|        1146|    0.002100|  2.5875e-03|   -5.623691|   -1.924172|   -0.187296|    0.001239|
|        1147|    0.002676|  2.5876e-03|   -5.624291|   -1.924773|   -0.187296|    0.001238|
|        1148|    0.002416|  2.5874e-03|   -5.624890|   -1.925345|   -0.187296|    0.001238|
|        1149|    0.003181|  2.5880e-03|   -5.625489|   -1.925920|   -0.187296|    0.001238|
|        1150|    0.002462|  2.5879e-03|   -5.626088|   -1.926510|   -0.187296|    0.001238|
|        1151|    0.001959|  2.5873e-03|   -5.626687|   -1.927110|   -0.187296|    0.001237|
|        1152|    0.001916|  2.5867e-03|   -5.627286|   -1.927708|   -0.187296|    0.001237|
|        1153|    0.002071|  2.5863e-03|   -5.627883|   -1.928294|   -0.187296|    0.001237|
|        1154|    0.001928|  2.5857e-03|   -5.628481|   -1.928865|   -0.187296|    0.001237|
|        1155|    0.003020|  2.5861e-03|   -5.629079|   -1.929425|   -0.187296|    0.001236|
|        1156|    0.003032|  2.5865e-03|   -5.629676|   -1.929980|   -0.187296|    0.001236|
|        1157|    0.002877|  2.5867e-03|   -5.630273|   -1.930533|   -0.187296|    0.001236|
|        1158|    0.002969|  2.5870e-03|   -5.630869|   -1.931088|   -0.187296|    0.001236|
|        1159|    0.003052|  2.5874e-03|   -5.631466|   -1.931645|   -0.187296|    0.001235|
|        1160|    0.003178|  2.5880e-03|   -5.632062|   -1.932203|   -0.187296|    0.001235|
|        1161|    0.002373|  2.5878e-03|   -5.632658|   -1.932761|   -0.187296|    0.001235|
|        1162|    0.001909|  2.5872e-03|   -5.633254|   -1.933319|   -0.187296|    0.001234|
|        1163|    0.001850|  2.5866e-03|   -5.633849|   -1.933879|   -0.187297|    0.001234|
|        1164|    0.001926|  2.5860e-03|   -5.634444|   -1.934439|   -0.187297|    0.001234|
|        1165|    0.002869|  2.5862e-03|   -5.635039|   -1.935002|   -0.187297|    0.001234|
|        1166|    0.002162|  2.5859e-03|   -5.635634|   -1.935567|   -0.187297|    0.001233|
|        1167|    0.001885|  2.5853e-03|   -5.636228|   -1.936134|   -0.187297|    0.001233|
|        1168|    0.002719|  2.5854e-03|   -5.636823|   -1.936703|   -0.187297|    0.001233|
|        1169|    0.001935|  2.5848e-03|   -5.637417|   -1.937274|   -0.187297|    0.001233|
|        1170|    0.001854|  2.5842e-03|   -5.638011|   -1.937846|   -0.187297|    0.001232|
|        1171|    0.002360|  2.5840e-03|   -5.638604|   -1.938418|   -0.187297|    0.001232|
|        1172|    0.002652|  2.5841e-03|   -5.639198|   -1.938992|   -0.187297|    0.001232|
|        1173|    0.002070|  2.5836e-03|   -5.639791|   -1.939566|   -0.187297|    0.001232|
|        1174|    0.001912|  2.5831e-03|   -5.640384|   -1.940141|   -0.187297|    0.001231|
|        1175|    0.001976|  2.5825e-03|   -5.640977|   -1.940716|   -0.187297|    0.001231|
|        1176|    0.001876|  2.5819e-03|   -5.641569|   -1.941291|   -0.187297|    0.001231|
|        1177|    0.002038|  2.5815e-03|   -5.642162|   -1.941866|   -0.187297|    0.001231|
|        1178|    0.002963|  2.5818e-03|   -5.642754|   -1.942441|   -0.187297|    0.001230|
|        1179|    0.003172|  2.5823e-03|   -5.643346|   -1.943016|   -0.187297|    0.001230|
|        1180|    0.002789|  2.5825e-03|   -5.643938|   -1.943590|   -0.187298|    0.001230|
|        1181|    0.002558|  2.5825e-03|   -5.644529|   -1.944164|   -0.187298|    0.001230|
|        1182|    0.001873|  2.5819e-03|   -5.645121|   -1.944738|   -0.187298|    0.001229|
|        1183|    0.002527|  2.5818e-03|   -5.645712|   -1.945311|   -0.187298|    0.001229|
|        1184|    0.002315|  2.5816e-03|   -5.646303|   -1.945884|   -0.187298|    0.001229|
|        1185|    0.002213|  2.5813e-03|   -5.646894|   -1.946457|   -0.187298|    0.001229|
|        1186|    0.003145|  2.5818e-03|   -5.647484|   -1.947030|   -0.187298|    0.001228|
|        1187|    0.002246|  2.5815e-03|   -5.648075|   -1.947602|   -0.187298|    0.001228|
|        1188|    0.002344|  2.5813e-03|   -5.648665|   -1.948175|   -0.187298|    0.001228|
|        1189|    0.001908|  2.5807e-03|   -5.649255|   -1.948747|   -0.187298|    0.001228|
|        1190|    0.002735|  2.5808e-03|   -5.649845|   -1.949319|   -0.187298|    0.001227|
|        1191|    0.002356|  2.5806e-03|   -5.650435|   -1.949890|   -0.187298|    0.001227|
|        1192|    0.001894|  2.5801e-03|   -5.651024|   -1.950462|   -0.187298|    0.001227|
|        1193|    0.002250|  2.5798e-03|   -5.651613|   -1.951034|   -0.187298|    0.001227|
|        1194|    0.002347|  2.5796e-03|   -5.652203|   -1.951605|   -0.187298|    0.001226|
|        1195|    0.002090|  2.5792e-03|   -5.652791|   -1.952177|   -0.187298|    0.001226|
|        1196|    0.001815|  2.5785e-03|   -5.653973|   -1.828996|   -0.187301|    0.001226|
|        1197|    0.002703|  2.5787e-03|   -5.654365|   -1.938103|   -0.187299|    0.001225|
|        1198|    0.002209|  2.5783e-03|   -5.655729|   -1.823433|   -0.187301|    0.001225|
|        1199|    0.001950|  2.5778e-03|   -5.656184|   -1.940466|   -0.187298|    0.001225|
|        1200|    0.002143|  2.5775e-03|   -5.657516|   -1.832576|   -0.187301|    0.001224|
|        1201|    0.002504|  2.5774e-03|   -5.657929|   -1.944259|   -0.187299|    0.001224|
|        1202|    0.002235|  2.5771e-03|   -5.659246|   -1.830822|   -0.187301|    0.001224|
|        1203|    0.001916|  2.5766e-03|   -5.659671|   -1.943330|   -0.187299|    0.001223|
|        1204|    0.003322|  2.5772e-03|   -5.661000|   -1.830027|   -0.187301|    0.001223|
|        1205|    0.002435|  2.5771e-03|   -5.661429|   -1.943928|   -0.187299|    0.001222|
|        1206|    0.001876|  2.5765e-03|   -5.662754|   -1.831396|   -0.187302|    0.001222|
|        1207|    0.002109|  2.5761e-03|   -5.663181|   -1.945121|   -0.187299|    0.001222|
|        1208|    0.001834|  2.5755e-03|   -5.664504|   -1.832145|   -0.187302|    0.001221|
|        1209|    0.002148|  2.5751e-03|   -5.664933|   -1.946019|   -0.187299|    0.001221|
|        1210|    0.003430|  2.5758e-03|   -5.666255|   -1.833080|   -0.187302|    0.001221|
|        1211|    0.002777|  2.5760e-03|   -5.666686|   -1.947191|   -0.187300|    0.001220|
|        1212|    0.002201|  2.5757e-03|   -5.668006|   -1.834501|   -0.187302|    0.001220|
|        1213|    0.002364|  2.5755e-03|   -5.668438|   -1.948629|   -0.187300|    0.001220|
|        1214|    0.002736|  2.5756e-03|   -5.669756|   -1.836070|   -0.187302|    0.001219|
|        1215|    0.003513|  2.5764e-03|   -5.670189|   -1.950178|   -0.187301|    0.001219|
|        1216|    0.003104|  2.5769e-03|   -5.670925|   -1.955482|   -0.187300|    0.001219|
|        1217|    0.002724|  2.5770e-03|   -5.671573|   -1.963175|   -0.187300|    0.001219|
|        1218|    0.002556|  2.5770e-03|   -5.672132|   -1.970380|   -0.187300|    0.001218|
|        1219|    0.001924|  2.5764e-03|   -5.672671|   -1.971731|   -0.187300|    0.001218|
|        1220|    0.001962|  2.5759e-03|   -5.673808|   -1.841812|   -0.187303|    0.001218|
|        1221|    0.002028|  2.5755e-03|   -5.674217|   -1.950729|   -0.187301|    0.001217|
|        1222|    0.002647|  2.5755e-03|   -5.675577|   -1.835089|   -0.187303|    0.001217|
|        1223|    0.002254|  2.5753e-03|   -5.676053|   -1.955369|   -0.187302|    0.001217|
|        1224|    0.002062|  2.5748e-03|   -5.676797|   -1.963293|   -0.187301|    0.001217|
|        1225|    0.002757|  2.5750e-03|   -5.677430|   -1.972396|   -0.187300|    0.001216|
|        1226|    0.004206|  2.5763e-03|   -5.677970|   -1.979479|   -0.187300|    0.001216|
|        1227|    0.003765|  2.5773e-03|   -5.679063|   -1.854326|   -0.187303|    0.001216|
|        1228|    0.003032|  2.5777e-03|   -5.679448|   -1.958734|   -0.187302|    0.001215|
|        1229|    0.002618|  2.5777e-03|   -5.680212|   -1.960572|   -0.187301|    0.001215|
|        1230|    0.003117|  2.5781e-03|   -5.680907|   -1.969319|   -0.187301|    0.001215|
|        1231|    0.003380|  2.5788e-03|   -5.681491|   -1.979643|   -0.187301|    0.001215|
|        1232|    0.003378|  2.5794e-03|   -5.682027|   -1.983827|   -0.187301|    0.001215|
|        1233|    0.003407|  2.5801e-03|   -5.682567|   -1.982762|   -0.187301|    0.001214|
|        1234|    0.003072|  2.5805e-03|   -5.683132|   -1.979857|   -0.187301|    0.001214|
|        1235|    0.002353|  2.5803e-03|   -5.683721|   -1.977986|   -0.187301|    0.001214|
|        1236|    0.001876|  2.5797e-03|   -5.684320|   -1.978174|   -0.187301|    0.001214|
|        1237|    0.002123|  2.5794e-03|   -5.684914|   -1.979848|   -0.187301|    0.001213|
|        1238|    0.003716|  2.5803e-03|   -5.685499|   -1.981892|   -0.187301|    0.001213|
|        1239|    0.003398|  2.5810e-03|   -5.686078|   -1.983485|   -0.187301|    0.001213|
|        1240|    0.002289|  2.5807e-03|   -5.686653|   -1.984378|   -0.187301|    0.001213|
|        1241|    0.002009|  2.5803e-03|   -5.687230|   -1.984774|   -0.187302|    0.001213|
|        1242|    0.003121|  2.5807e-03|   -5.687809|   -1.985042|   -0.187302|    0.001212|
|        1243|    0.002600|  2.5807e-03|   -5.688390|   -1.985461|   -0.187302|    0.001212|
|        1244|    0.002041|  2.5803e-03|   -5.688972|   -1.986110|   -0.187302|    0.001212|
|        1245|    0.002674|  2.5804e-03|   -5.689552|   -1.986912|   -0.187302|    0.001212|
|        1246|    0.002489|  2.5803e-03|   -5.690131|   -1.987737|   -0.187302|    0.001211|
|        1247|    0.002557|  2.5803e-03|   -5.690709|   -1.988491|   -0.187302|    0.001211|
|        1248|    0.002919|  2.5805e-03|   -5.691287|   -1.989147|   -0.187302|    0.001211|
|        1249|    0.003185|  2.5810e-03|   -5.691865|   -1.989731|   -0.187302|    0.001211|
|        1250|    0.003300|  2.5816e-03|   -5.692442|   -1.990287|   -0.187302|    0.001211|
+-----------------------------------------------------------------------+
|        File Writing Summary       |              Filename             |
+-----------------------------------------------------------------------+
|SU2 binary restart                 |restart_flow.dat                   |
|Paraview                           |flow.vtu                           |
|Paraview surface                   |surface_flow.vtu                   |
+-----------------------------------------------------------------------+
+------------------------------------------------------------------------------------------+
|  Inner_Iter|   Time(sec)|   Time(sec)|    rms[Rho]|   rms[RhoE]|          CL|          CD|
+------------------------------------------------------------------------------------------+
|        1251|    0.013244|  2.5901e-03|   -5.693020|   -1.990851|   -0.187302|    0.001210|
|        1252|    0.002526|  2.5901e-03|   -5.693597|   -1.991431|   -0.187302|    0.001210|
|        1253|    0.001925|  2.5895e-03|   -5.694174|   -1.992021|   -0.187302|    0.001210|
|        1254|    0.001981|  2.5890e-03|   -5.694751|   -1.992607|   -0.187302|    0.001210|
|        1255|    0.001866|  2.5885e-03|   -5.695327|   -1.993180|   -0.187302|    0.001209|
|        1256|    0.002303|  2.5882e-03|   -5.695903|   -1.993737|   -0.187302|    0.001209|
|        1257|    0.002654|  2.5883e-03|   -5.696479|   -1.994282|   -0.187302|    0.001209|
|        1258|    0.001862|  2.5877e-03|   -5.697055|   -1.994821|   -0.187303|    0.001209|
|        1259|    0.003366|  2.5883e-03|   -5.697630|   -1.995361|   -0.187303|    0.001209|
|        1260|    0.003173|  2.5888e-03|   -5.698206|   -1.995902|   -0.187303|    0.001208|
|        1261|    0.002287|  2.5886e-03|   -5.698781|   -1.996446|   -0.187303|    0.001208|
|        1262|    0.002833|  2.5888e-03|   -5.699355|   -1.996991|   -0.187303|    0.001208|
|        1263|    0.001911|  2.5882e-03|   -5.699930|   -1.997536|   -0.187303|    0.001208|
|        1264|    0.001982|  2.5877e-03|   -5.700504|   -1.998082|   -0.187303|    0.001208|
|        1265|    0.001855|  2.5872e-03|   -5.701079|   -1.998629|   -0.187303|    0.001207|
|        1266|    0.002348|  2.5870e-03|   -5.701653|   -1.999178|   -0.187303|    0.001207|
|        1267|    0.002574|  2.5870e-03|   -5.702226|   -1.999730|   -0.187303|    0.001207|
|        1268|    0.002543|  2.5869e-03|   -5.702800|   -2.000284|   -0.187303|    0.001207|
|        1269|    0.003059|  2.5873e-03|   -5.703373|   -2.000840|   -0.187303|    0.001206|
|        1270|    0.002105|  2.5869e-03|   -5.703946|   -2.001399|   -0.187303|    0.001206|
|        1271|    0.002653|  2.5870e-03|   -5.704519|   -2.001959|   -0.187303|    0.001206|
|        1272|    0.003369|  2.5876e-03|   -5.705092|   -2.002520|   -0.187303|    0.001206|
|        1273|    0.002217|  2.5873e-03|   -5.705665|   -2.003083|   -0.187303|    0.001206|
|        1274|    0.001865|  2.5867e-03|   -5.706237|   -2.003647|   -0.187303|    0.001205|
|        1275|    0.001953|  2.5862e-03|   -5.706810|   -2.004211|   -0.187304|    0.001205|
|        1276|    0.002574|  2.5862e-03|   -5.707382|   -2.004776|   -0.187304|    0.001205|
|        1277|    0.003516|  2.5869e-03|   -5.707954|   -2.005341|   -0.187304|    0.001205|
|        1278|    0.003242|  2.5875e-03|   -5.708525|   -2.005906|   -0.187304|    0.001205|
|        1279|    0.002994|  2.5878e-03|   -5.709097|   -2.006472|   -0.187304|    0.001204|
|        1280|    0.002967|  2.5881e-03|   -5.709668|   -2.007037|   -0.187304|    0.001204|
|        1281|    0.003138|  2.5885e-03|   -5.710240|   -2.007601|   -0.187304|    0.001204|
|        1282|    0.003259|  2.5890e-03|   -5.710811|   -2.008166|   -0.187304|    0.001204|
|        1283|    0.002983|  2.5893e-03|   -5.711381|   -2.008730|   -0.187304|    0.001204|
|        1284|    0.001933|  2.5888e-03|   -5.711952|   -2.009294|   -0.187304|    0.001203|
|        1285|    0.002389|  2.5887e-03|   -5.712523|   -2.009857|   -0.187304|    0.001203|
|        1286|    0.003024|  2.5890e-03|   -5.713093|   -2.010420|   -0.187304|    0.001203|
|        1287|    0.002080|  2.5886e-03|   -5.713663|   -2.010983|   -0.187304|    0.001203|
|        1288|    0.002693|  2.5887e-03|   -5.714233|   -2.011545|   -0.187304|    0.001203|
|        1289|    0.002503|  2.5886e-03|   -5.714803|   -2.012107|   -0.187304|    0.001202|
|        1290|    0.002131|  2.5883e-03|   -5.715373|   -2.012669|   -0.187304|    0.001202|
|        1291|    0.001863|  2.5877e-03|   -5.715943|   -2.013231|   -0.187304|    0.001202|
|        1292|    0.002035|  2.5873e-03|   -5.716512|   -2.013792|   -0.187304|    0.001202|
|        1293|    0.002890|  2.5875e-03|   -5.717081|   -2.014354|   -0.187305|    0.001202|
|        1294|    0.003120|  2.5879e-03|   -5.717650|   -2.014915|   -0.187305|    0.001201|
|        1295|    0.003681|  2.5888e-03|   -5.718219|   -2.015476|   -0.187305|    0.001201|
|        1296|    0.002753|  2.5889e-03|   -5.718788|   -2.016037|   -0.187305|    0.001201|
|        1297|    0.001978|  2.5884e-03|   -5.719357|   -2.016598|   -0.187304|    0.001200|
|        1298|    0.002087|  2.5880e-03|   -5.720438|   -1.890504|   -0.187307|    0.001200|
|        1299|    0.003223|  2.5885e-03|   -5.720864|   -2.001257|   -0.187305|    0.001200|
|        1300|    0.002799|  2.5887e-03|   -5.722141|   -1.884268|   -0.187307|    0.001200|
|        1301|    0.003573|  2.5894e-03|   -5.722630|   -2.003970|   -0.187305|    0.001199|
|        1302|    0.002813|  2.5896e-03|   -5.723871|   -1.893894|   -0.187307|    0.001199|
|        1303|    0.003414|  2.5902e-03|   -5.724316|   -2.007735|   -0.187305|    0.001199|
|        1304|    0.002391|  2.5901e-03|   -5.725544|   -1.891648|   -0.187307|    0.001199|
|        1305|    0.003141|  2.5905e-03|   -5.726001|   -2.006459|   -0.187305|    0.001198|
|        1306|    0.003148|  2.5909e-03|   -5.727240|   -1.890671|   -0.187307|    0.001198|
|        1307|    0.003355|  2.5915e-03|   -5.727702|   -2.006951|   -0.187306|    0.001198|
|        1308|    0.003476|  2.5922e-03|   -5.728937|   -1.891967|   -0.187308|    0.001197|
|        1309|    0.003402|  2.5928e-03|   -5.729397|   -2.008042|   -0.187306|    0.001197|
|        1310|    0.002935|  2.5931e-03|   -5.730630|   -1.892589|   -0.187308|    0.001197|
|        1311|    0.002639|  2.5931e-03|   -5.731092|   -2.008834|   -0.187306|    0.001196|
|        1312|    0.002714|  2.5932e-03|   -5.732324|   -1.893447|   -0.187308|    0.001196|
|        1313|    0.001959|  2.5927e-03|   -5.732788|   -2.009946|   -0.187306|    0.001196|
|        1314|    0.001889|  2.5922e-03|   -5.734018|   -1.894823|   -0.187308|    0.001196|
|        1315|    0.001930|  2.5917e-03|   -5.734483|   -2.011345|   -0.187306|    0.001195|
|        1316|    0.002682|  2.5918e-03|   -5.735712|   -1.896352|   -0.187308|    0.001195|
|        1317|    0.003140|  2.5922e-03|   -5.736178|   -2.012867|   -0.187307|    0.001195|
|        1318|    0.003098|  2.5926e-03|   -5.736906|   -2.018093|   -0.187307|    0.001195|
|        1319|    0.003144|  2.5930e-03|   -5.737532|   -2.026833|   -0.187306|    0.001194|
|        1320|    0.002984|  2.5933e-03|   -5.738067|   -2.034510|   -0.187306|    0.001194|
|        1321|    0.002665|  2.5933e-03|   -5.738585|   -2.035655|   -0.187306|    0.001194|
|        1322|    0.002357|  2.5931e-03|   -5.739622|   -1.902165|   -0.187309|    0.001194|
|        1323|    0.002787|  2.5933e-03|   -5.740067|   -2.012866|   -0.187307|    0.001193|
|        1324|    0.003523|  2.5940e-03|   -5.741342|   -1.895041|   -0.187309|    0.001193|
|        1325|    0.003586|  2.5947e-03|   -5.741852|   -2.018253|   -0.187308|    0.001193|
|        1326|    0.002912|  2.5950e-03|   -5.742588|   -2.026297|   -0.187307|    0.001193|
|        1327|    0.002493|  2.5949e-03|   -5.743198|   -2.036431|   -0.187307|    0.001193|
|        1328|    0.002001|  2.5945e-03|   -5.743715|   -2.043858|   -0.187306|    0.001192|
|        1329|    0.002004|  2.5940e-03|   -5.744707|   -1.915032|   -0.187309|    0.001192|
|        1330|    0.002628|  2.5940e-03|   -5.745129|   -2.020900|   -0.187308|    0.001192|
|        1331|    0.002285|  2.5938e-03|   -5.745889|   -2.022684|   -0.187308|    0.001192|
|        1332|    0.002869|  2.5940e-03|   -5.746565|   -2.032818|   -0.187307|    0.001191|
|        1333|    0.001973|  2.5935e-03|   -5.747125|   -2.043978|   -0.187307|    0.001191|
|        1334|    0.001875|  2.5930e-03|   -5.747639|   -2.048145|   -0.187307|    0.001191|
|        1335|    0.003037|  2.5933e-03|   -5.748158|   -2.046603|   -0.187307|    0.001191|
|        1336|    0.003607|  2.5941e-03|   -5.748705|   -2.043267|   -0.187308|    0.001191|
|        1337|    0.003311|  2.5946e-03|   -5.749276|   -2.041262|   -0.187308|    0.001190|
|        1338|    0.003200|  2.5951e-03|   -5.749856|   -2.041565|   -0.187308|    0.001190|
|        1339|    0.002983|  2.5954e-03|   -5.750432|   -2.043438|   -0.187308|    0.001190|
|        1340|    0.003212|  2.5958e-03|   -5.750998|   -2.045628|   -0.187308|    0.001190|
|        1341|    0.003281|  2.5963e-03|   -5.751557|   -2.047265|   -0.187308|    0.001190|
|        1342|    0.003077|  2.5967e-03|   -5.752113|   -2.048123|   -0.187308|    0.001190|
|        1343|    0.002454|  2.5966e-03|   -5.752671|   -2.048461|   -0.187308|    0.001189|
|        1344|    0.003156|  2.5970e-03|   -5.753232|   -2.048692|   -0.187308|    0.001189|
|        1345|    0.002072|  2.5966e-03|   -5.753794|   -2.049108|   -0.187308|    0.001189|
|        1346|    0.001927|  2.5961e-03|   -5.754357|   -2.049776|   -0.187308|    0.001189|
|        1347|    0.001874|  2.5956e-03|   -5.754919|   -2.050601|   -0.187308|    0.001189|
|        1348|    0.002009|  2.5952e-03|   -5.755480|   -2.051438|   -0.187308|    0.001188|
|        1349|    0.002765|  2.5953e-03|   -5.756039|   -2.052189|   -0.187308|    0.001188|
|        1350|    0.002143|  2.5950e-03|   -5.756598|   -2.052832|   -0.187308|    0.001188|
|        1351|    0.002639|  2.5950e-03|   -5.757157|   -2.053401|   -0.187308|    0.001188|
|        1352|    0.002710|  2.5951e-03|   -5.757717|   -2.053943|   -0.187308|    0.001188|
|        1353|    0.003349|  2.5956e-03|   -5.758276|   -2.054496|   -0.187308|    0.001188|
|        1354|    0.003329|  2.5962e-03|   -5.758835|   -2.055067|   -0.187308|    0.001187|
|        1355|    0.002051|  2.5958e-03|   -5.759394|   -2.055648|   -0.187309|    0.001187|
|        1356|    0.002412|  2.5956e-03|   -5.759953|   -2.056223|   -0.187309|    0.001187|
|        1357|    0.003361|  2.5962e-03|   -5.760511|   -2.056782|   -0.187309|    0.001187|
|        1358|    0.002376|  2.5960e-03|   -5.761069|   -2.057325|   -0.187309|    0.001187|
|        1359|    0.003432|  2.5966e-03|   -5.761626|   -2.057855|   -0.187309|    0.001186|
|        1360|    0.003215|  2.5971e-03|   -5.762184|   -2.058380|   -0.187309|    0.001186|
|        1361|    0.002369|  2.5969e-03|   -5.762742|   -2.058906|   -0.187309|    0.001186|
|        1362|    0.002050|  2.5965e-03|   -5.763299|   -2.059435|   -0.187309|    0.001186|
|        1363|    0.002693|  2.5966e-03|   -5.763856|   -2.059966|   -0.187309|    0.001186|
|        1364|    0.002386|  2.5964e-03|   -5.764413|   -2.060499|   -0.187309|    0.001186|
|        1365|    0.003181|  2.5969e-03|   -5.764970|   -2.061032|   -0.187309|    0.001185|
|        1366|    0.003114|  2.5973e-03|   -5.765526|   -2.061567|   -0.187309|    0.001185|
|        1367|    0.003356|  2.5978e-03|   -5.766083|   -2.062102|   -0.187309|    0.001185|
|        1368|    0.003025|  2.5981e-03|   -5.766639|   -2.062640|   -0.187309|    0.001185|
|        1369|    0.002852|  2.5983e-03|   -5.767195|   -2.063181|   -0.187309|    0.001185|
|        1370|    0.002878|  2.5985e-03|   -5.767751|   -2.063725|   -0.187309|    0.001185|
|        1371|    0.002616|  2.5985e-03|   -5.768307|   -2.064271|   -0.187309|    0.001184|
|        1372|    0.002148|  2.5982e-03|   -5.768862|   -2.064820|   -0.187310|    0.001184|
|        1373|    0.001861|  2.5977e-03|   -5.769418|   -2.065371|   -0.187310|    0.001184|
|        1374|    0.001891|  2.5971e-03|   -5.769973|   -2.065923|   -0.187310|    0.001184|
|        1375|    0.001890|  2.5966e-03|   -5.770529|   -2.066476|   -0.187310|    0.001184|
|        1376|    0.001818|  2.5961e-03|   -5.771084|   -2.067031|   -0.187310|    0.001183|
|        1377|    0.001869|  2.5955e-03|   -5.771638|   -2.067586|   -0.187310|    0.001183|
|        1378|    0.001916|  2.5950e-03|   -5.772193|   -2.068142|   -0.187310|    0.001183|
|        1379|    0.003073|  2.5954e-03|   -5.772748|   -2.068698|   -0.187310|    0.001183|
|        1380|    0.002930|  2.5956e-03|   -5.773302|   -2.069255|   -0.187310|    0.001183|
|        1381|    0.002747|  2.5957e-03|   -5.773857|   -2.069811|   -0.187310|    0.001183|
|        1382|    0.002655|  2.5958e-03|   -5.774411|   -2.070367|   -0.187310|    0.001182|
|        1383|    0.001969|  2.5953e-03|   -5.774965|   -2.070923|   -0.187310|    0.001182|
|        1384|    0.001909|  2.5948e-03|   -5.775519|   -2.071478|   -0.187310|    0.001182|
|        1385|    0.002021|  2.5944e-03|   -5.776073|   -2.072033|   -0.187310|    0.001182|
|        1386|    0.002640|  2.5945e-03|   -5.776627|   -2.072588|   -0.187310|    0.001182|
|        1387|    0.002439|  2.5943e-03|   -5.777180|   -2.073142|   -0.187310|    0.001182|
|        1388|    0.002074|  2.5940e-03|   -5.777734|   -2.073695|   -0.187310|    0.001181|
|        1389|    0.002152|  2.5936e-03|   -5.778287|   -2.074248|   -0.187310|    0.001181|
|        1390|    0.001857|  2.5931e-03|   -5.778840|   -2.074801|   -0.187311|    0.001181|
|        1391|    0.001974|  2.5927e-03|   -5.779393|   -2.075354|   -0.187311|    0.001181|
|        1392|    0.002152|  2.5924e-03|   -5.779946|   -2.075906|   -0.187311|    0.001181|
|        1393|    0.001925|  2.5919e-03|   -5.780499|   -2.076458|   -0.187311|    0.001181|
|        1394|    0.003144|  2.5923e-03|   -5.781052|   -2.077010|   -0.187311|    0.001180|
|        1395|    0.002518|  2.5922e-03|   -5.781604|   -2.077562|   -0.187311|    0.001180|
|        1396|    0.001931|  2.5917e-03|   -5.782157|   -2.078114|   -0.187311|    0.001180|
|        1397|    0.001793|  2.5912e-03|   -5.782709|   -2.078665|   -0.187311|    0.001180|
|        1398|    0.002657|  2.5912e-03|   -5.783261|   -2.079216|   -0.187311|    0.001180|
|        1399|    0.002038|  2.5908e-03|   -5.783814|   -2.079768|   -0.187311|    0.001179|
|        1400|    0.002050|  2.5904e-03|   -5.784803|   -1.950273|   -0.187313|    0.001179|
|        1401|    0.002402|  2.5903e-03|   -5.785267|   -2.063062|   -0.187311|    0.001179|
|        1402|    0.001919|  2.5898e-03|   -5.786466|   -1.943330|   -0.187313|    0.001179|
|        1403|    0.001867|  2.5893e-03|   -5.786990|   -2.066127|   -0.187311|    0.001178|
|        1404|    0.003691|  2.5901e-03|   -5.788149|   -1.953415|   -0.187313|    0.001178|
|        1405|    0.002716|  2.5902e-03|   -5.788628|   -2.069849|   -0.187311|    0.001178|
|        1406|    0.001954|  2.5897e-03|   -5.789775|   -1.950680|   -0.187313|    0.001178|
|        1407|    0.001850|  2.5892e-03|   -5.790268|   -2.068213|   -0.187312|    0.001177|
|        1408|    0.001837|  2.5887e-03|   -5.791426|   -1.949524|   -0.187313|    0.001177|
|        1409|    0.002009|  2.5883e-03|   -5.791923|   -2.068591|   -0.187312|    0.001177|
|        1410|    0.001883|  2.5878e-03|   -5.793077|   -1.950745|   -0.187313|    0.001177|
|        1411|    0.002564|  2.5877e-03|   -5.793572|   -2.069575|   -0.187312|    0.001176|
|        1412|    0.002168|  2.5875e-03|   -5.794724|   -1.951245|   -0.187314|    0.001176|
|        1413|    0.001863|  2.5869e-03|   -5.795221|   -2.070262|   -0.187312|    0.001176|
|        1414|    0.001963|  2.5865e-03|   -5.796373|   -1.952032|   -0.187314|    0.001176|
|        1415|    0.001890|  2.5860e-03|   -5.796872|   -2.071317|   -0.187312|    0.001175|
|        1416|    0.001880|  2.5855e-03|   -5.798022|   -1.953368|   -0.187314|    0.001175|
|        1417|    0.002726|  2.5856e-03|   -5.798522|   -2.072682|   -0.187312|    0.001175|
|        1418|    0.001976|  2.5852e-03|   -5.799670|   -1.954863|   -0.187314|    0.001175|
|        1419|    0.001879|  2.5847e-03|   -5.800171|   -2.074182|   -0.187313|    0.001175|
|        1420|    0.001983|  2.5843e-03|   -5.800895|   -2.079381|   -0.187313|    0.001175|
|        1421|    0.001872|  2.5838e-03|   -5.801503|   -2.089197|   -0.187312|    0.001174|
|        1422|    0.002161|  2.5835e-03|   -5.802019|   -2.097360|   -0.187313|    0.001174|
|        1423|    0.002389|  2.5833e-03|   -5.802519|   -2.098292|   -0.187312|    0.001174|
|        1424|    0.001993|  2.5829e-03|   -5.803466|   -1.960827|   -0.187314|    0.001174|
|        1425|    0.002892|  2.5831e-03|   -5.803950|   -2.073668|   -0.187313|    0.001173|
|        1426|    0.002157|  2.5828e-03|   -5.805149|   -1.953287|   -0.187315|    0.001173|
|        1427|    0.001905|  2.5824e-03|   -5.805694|   -2.079814|   -0.187314|    0.001173|
|        1428|    0.002961|  2.5826e-03|   -5.806425|   -2.088026|   -0.187313|    0.001173|
|        1429|    0.002265|  2.5824e-03|   -5.807018|   -2.099219|   -0.187313|    0.001173|
|        1430|    0.001858|  2.5819e-03|   -5.807515|   -2.106993|   -0.187313|    0.001172|
|        1431|    0.002195|  2.5816e-03|   -5.808416|   -1.974047|   -0.187315|    0.001172|
|        1432|    0.006202|  2.5841e-03|   -5.808876|   -2.081740|   -0.187314|    0.001172|
|        1433|    0.002699|  2.5842e-03|   -5.809637|   -2.083523|   -0.187314|    0.001172|
|        1434|    0.003469|  2.5848e-03|   -5.810297|   -2.095076|   -0.187313|    0.001172|
|        1435|    0.002327|  2.5847e-03|   -5.810838|   -2.107089|   -0.187313|    0.001172|
|        1436|    0.002484|  2.5846e-03|   -5.811333|   -2.111229|   -0.187313|    0.001172|
|        1437|    0.002633|  2.5846e-03|   -5.811835|   -2.109195|   -0.187314|    0.001171|
|        1438|    0.002227|  2.5844e-03|   -5.812368|   -2.105432|   -0.187314|    0.001171|
|        1439|    0.002689|  2.5845e-03|   -5.812925|   -2.103303|   -0.187314|    0.001171|
|        1440|    0.001945|  2.5840e-03|   -5.813491|   -2.103731|   -0.187314|    0.001171|
|        1441|    0.002056|  2.5836e-03|   -5.814052|   -2.105808|   -0.187314|    0.001171|
|        1442|    0.003260|  2.5841e-03|   -5.814603|   -2.108146|   -0.187314|    0.001171|
|        1443|    0.002242|  2.5839e-03|   -5.815146|   -2.109827|   -0.187314|    0.001170|
|        1444|    0.002289|  2.5837e-03|   -5.815687|   -2.110651|   -0.187314|    0.001170|
|        1445|    0.001876|  2.5832e-03|   -5.816230|   -2.110933|   -0.187314|    0.001170|
|        1446|    0.002711|  2.5833e-03|   -5.816776|   -2.111130|   -0.187314|    0.001170|
|        1447|    0.002190|  2.5830e-03|   -5.817324|   -2.111545|   -0.187314|    0.001170|
|        1448|    0.002073|  2.5826e-03|   -5.817873|   -2.112235|   -0.187314|    0.001170|
|        1449|    0.002590|  2.5827e-03|   -5.818420|   -2.113083|   -0.187314|    0.001170|
|        1450|    0.003074|  2.5830e-03|   -5.818966|   -2.113933|   -0.187314|    0.001169|
|        1451|    0.002885|  2.5832e-03|   -5.819511|   -2.114682|   -0.187314|    0.001169|
|        1452|    0.002575|  2.5832e-03|   -5.820056|   -2.115314|   -0.187314|    0.001169|
|        1453|    0.002988|  2.5835e-03|   -5.820600|   -2.115867|   -0.187314|    0.001169|
|        1454|    0.002314|  2.5833e-03|   -5.821145|   -2.116397|   -0.187315|    0.001169|
|        1455|    0.002005|  2.5829e-03|   -5.821690|   -2.116939|   -0.187315|    0.001169|
|        1456|    0.002246|  2.5827e-03|   -5.822235|   -2.117502|   -0.187315|    0.001168|
|        1457|    0.002400|  2.5825e-03|   -5.822780|   -2.118074|   -0.187315|    0.001168|
|        1458|    0.001825|  2.5820e-03|   -5.823324|   -2.118638|   -0.187315|    0.001168|
|        1459|    0.002755|  2.5821e-03|   -5.823868|   -2.119185|   -0.187315|    0.001168|
|        1460|    0.002615|  2.5822e-03|   -5.824412|   -2.119713|   -0.187315|    0.001168|
|        1461|    0.001863|  2.5817e-03|   -5.824955|   -2.120230|   -0.187315|    0.001168|
|        1462|    0.002180|  2.5814e-03|   -5.825499|   -2.120742|   -0.187315|    0.001168|
|        1463|    0.002688|  2.5815e-03|   -5.826043|   -2.121255|   -0.187315|    0.001167|
|        1464|    0.002181|  2.5812e-03|   -5.826586|   -2.121772|   -0.187315|    0.001167|
|        1465|    0.001865|  2.5807e-03|   -5.827129|   -2.122291|   -0.187315|    0.001167|
|        1466|    0.002636|  2.5807e-03|   -5.827672|   -2.122812|   -0.187315|    0.001167|
|        1467|    0.003018|  2.5810e-03|   -5.828215|   -2.123335|   -0.187315|    0.001167|
|        1468|    0.002179|  2.5808e-03|   -5.828758|   -2.123858|   -0.187315|    0.001167|
|        1469|    0.002050|  2.5804e-03|   -5.829301|   -2.124383|   -0.187315|    0.001167|
|        1470|    0.001853|  2.5799e-03|   -5.829843|   -2.124911|   -0.187315|    0.001166|
|        1471|    0.002002|  2.5795e-03|   -5.830386|   -2.125442|   -0.187315|    0.001166|
|        1472|    0.002171|  2.5792e-03|   -5.830928|   -2.125977|   -0.187316|    0.001166|
|        1473|    0.003085|  2.5796e-03|   -5.831470|   -2.126515|   -0.187316|    0.001166|
|        1474|    0.002992|  2.5799e-03|   -5.832012|   -2.127055|   -0.187316|    0.001166|
|        1475|    0.002299|  2.5797e-03|   -5.832554|   -2.127597|   -0.187316|    0.001166|
|        1476|    0.001967|  2.5793e-03|   -5.833096|   -2.128141|   -0.187316|    0.001166|
|        1477|    0.001874|  2.5788e-03|   -5.833638|   -2.128686|   -0.187316|    0.001165|
|        1478|    0.002356|  2.5786e-03|   -5.834180|   -2.129232|   -0.187316|    0.001165|
|        1479|    0.002674|  2.5787e-03|   -5.834721|   -2.129780|   -0.187316|    0.001165|
|        1480|    0.002648|  2.5787e-03|   -5.835263|   -2.130328|   -0.187316|    0.001165|
|        1481|    0.001959|  2.5783e-03|   -5.835804|   -2.130876|   -0.187316|    0.001165|
|        1482|    0.001886|  2.5779e-03|   -5.836345|   -2.131424|   -0.187316|    0.001165|
|        1483|    0.002614|  2.5779e-03|   -5.836886|   -2.131973|   -0.187316|    0.001165|
|        1484|    0.002140|  2.5776e-03|   -5.837427|   -2.132521|   -0.187316|    0.001164|
|        1485|    0.002618|  2.5776e-03|   -5.837968|   -2.133068|   -0.187316|    0.001164|
|        1486|    0.002292|  2.5774e-03|   -5.838509|   -2.133616|   -0.187316|    0.001164|
|        1487|    0.002084|  2.5771e-03|   -5.839050|   -2.134162|   -0.187316|    0.001164|
|        1488|    0.002037|  2.5767e-03|   -5.839591|   -2.134709|   -0.187316|    0.001164|
|        1489|    0.001909|  2.5763e-03|   -5.840131|   -2.135254|   -0.187316|    0.001164|
|        1490|    0.002003|  2.5759e-03|   -5.840672|   -2.135800|   -0.187316|    0.001164|
|        1491|    0.002369|  2.5757e-03|   -5.841212|   -2.136344|   -0.187317|    0.001163|
|        1492|    0.002952|  2.5760e-03|   -5.841753|   -2.136889|   -0.187317|    0.001163|
|        1493|    0.002128|  2.5757e-03|   -5.842293|   -2.137433|   -0.187317|    0.001163|
|        1494|    0.002411|  2.5756e-03|   -5.842833|   -2.137976|   -0.187317|    0.001163|
|        1495|    0.002407|  2.5755e-03|   -5.843373|   -2.138520|   -0.187317|    0.001163|
|        1496|    0.002732|  2.5756e-03|   -5.843913|   -2.139063|   -0.187317|    0.001163|
|        1497|    0.002675|  2.5756e-03|   -5.844453|   -2.139606|   -0.187317|    0.001163|
|        1498|    0.002183|  2.5754e-03|   -5.844993|   -2.140149|   -0.187317|    0.001162|
|        1499|    0.001876|  2.5749e-03|   -5.845533|   -2.140692|   -0.187317|    0.001162|
|        1500|    0.002546|  2.5749e-03|   -5.846072|   -2.141234|   -0.187317|    0.001162|
+-----------------------------------------------------------------------+
|        File Writing Summary       |              Filename             |
+-----------------------------------------------------------------------+
|SU2 binary restart                 |restart_flow.dat                   |
|Paraview                           |flow.vtu                           |
|Paraview surface                   |surface_flow.vtu                   |
+-----------------------------------------------------------------------+
+------------------------------------------------------------------------------------------+
|  Inner_Iter|   Time(sec)|   Time(sec)|    rms[Rho]|   rms[RhoE]|          CL|          CD|
+------------------------------------------------------------------------------------------+
|        1501|    0.013798|  2.5824e-03|   -5.846612|   -2.141776|   -0.187317|    0.001162|
|        1502|    0.002095|  2.5820e-03|   -5.847151|   -2.142319|   -0.187317|    0.001162|
|        1503|    0.002707|  2.5821e-03|   -5.847691|   -2.142861|   -0.187317|    0.001162|
|        1504|    0.002782|  2.5823e-03|   -5.848598|   -2.009555|   -0.187319|    0.001161|
|        1505|    0.002584|  2.5823e-03|   -5.849101|   -2.124704|   -0.187317|    0.001161|
|        1506|    0.002155|  2.5820e-03|   -5.850230|   -2.001873|   -0.187319|    0.001161|
|        1507|    0.002911|  2.5822e-03|   -5.850793|   -2.128122|   -0.187317|    0.001161|
|        1508|    0.003687|  2.5829e-03|   -5.851879|   -2.012391|   -0.187319|    0.001161|
|        1509|    0.002416|  2.5828e-03|   -5.852395|   -2.131781|   -0.187318|    0.001160|
|        1510|    0.002721|  2.5829e-03|   -5.853470|   -2.009167|   -0.187319|    0.001160|
|        1511|    0.002259|  2.5827e-03|   -5.854001|   -2.129769|   -0.187318|    0.001160|
|        1512|    0.002674|  2.5828e-03|   -5.855086|   -2.007831|   -0.187319|    0.001160|
|        1513|    0.002651|  2.5828e-03|   -5.855622|   -2.130025|   -0.187318|    0.001160|
|        1514|    0.002829|  2.5830e-03|   -5.856703|   -2.008975|   -0.187319|    0.001159|
|        1515|    0.003777|  2.5838e-03|   -5.857237|   -2.130898|   -0.187318|    0.001159|
|        1516|    0.003026|  2.5840e-03|   -5.858316|   -2.009357|   -0.187319|    0.001159|
|        1517|    0.002644|  2.5841e-03|   -5.858852|   -2.131478|   -0.187318|    0.001159|
|        1518|    0.002593|  2.5841e-03|   -5.859931|   -2.010077|   -0.187320|    0.001159|
|        1519|    0.003464|  2.5847e-03|   -5.860469|   -2.132479|   -0.187318|    0.001158|
|        1520|    0.002866|  2.5849e-03|   -5.861546|   -2.011378|   -0.187320|    0.001158|
|        1521|    0.002555|  2.5848e-03|   -5.862085|   -2.133815|   -0.187319|    0.001158|
|        1522|    0.002384|  2.5847e-03|   -5.862808|   -2.139091|   -0.187319|    0.001158|
|        1523|    0.002159|  2.5844e-03|   -5.863402|   -2.149898|   -0.187318|    0.001158|
|        1524|    0.003441|  2.5850e-03|   -5.863903|   -2.158452|   -0.187319|    0.001158|
|        1525|    0.003695|  2.5857e-03|   -5.864389|   -2.159104|   -0.187318|    0.001157|
|        1526|    0.003566|  2.5864e-03|   -5.865256|   -2.017224|   -0.187320|    0.001157|
|        1527|    0.002858|  2.5865e-03|   -5.865781|   -2.132560|   -0.187319|    0.001157|
|        1528|    0.001864|  2.5861e-03|   -5.866913|   -2.009429|   -0.187320|    0.001157|
|        1529|    0.002415|  2.5859e-03|   -5.867497|   -2.139536|   -0.187320|    0.001157|
|        1530|    0.003036|  2.5862e-03|   -5.868227|   -2.148006|   -0.187319|    0.001157|
|        1531|    0.003007|  2.5865e-03|   -5.868805|   -2.160276|   -0.187319|    0.001156|
|        1532|    0.003107|  2.5869e-03|   -5.869287|   -2.168397|   -0.187319|    0.001156|
|        1533|    0.003184|  2.5872e-03|   -5.870108|   -2.031098|   -0.187321|    0.001156|
|        1534|    0.003118|  2.5876e-03|   -5.870609|   -2.140846|   -0.187320|    0.001156|
|        1535|    0.003613|  2.5883e-03|   -5.871372|   -2.142689|   -0.187320|    0.001156|
|        1536|    0.003121|  2.5886e-03|   -5.872021|   -2.155693|   -0.187319|    0.001156|
|        1537|    0.002735|  2.5887e-03|   -5.872548|   -2.168575|   -0.187319|    0.001156|
|        1538|    0.001955|  2.5883e-03|   -5.873028|   -2.172692|   -0.187319|    0.001155|
|        1539|    0.001893|  2.5878e-03|   -5.873519|   -2.170178|   -0.187320|    0.001155|
|        1540|    0.001969|  2.5874e-03|   -5.874040|   -2.166008|   -0.187320|    0.001155|
|        1541|    0.002880|  2.5876e-03|   -5.874588|   -2.163778|   -0.187320|    0.001155|
|        1542|    0.002728|  2.5877e-03|   -5.875144|   -2.164343|   -0.187320|    0.001155|
|        1543|    0.001942|  2.5873e-03|   -5.875694|   -2.166628|   -0.187320|    0.001155|
|        1544|    0.002032|  2.5869e-03|   -5.876233|   -2.169114|   -0.187320|    0.001155|
|        1545|    0.001844|  2.5865e-03|   -5.876765|   -2.170837|   -0.187320|    0.001155|
|        1546|    0.001863|  2.5860e-03|   -5.877296|   -2.171627|   -0.187320|    0.001154|
|        1547|    0.002201|  2.5857e-03|   -5.877828|   -2.171855|   -0.187320|    0.001154|
|        1548|    0.002822|  2.5859e-03|   -5.878364|   -2.172019|   -0.187320|    0.001154|
|        1549|    0.002698|  2.5860e-03|   -5.878901|   -2.172432|   -0.187320|    0.001154|
|        1550|    0.001870|  2.5855e-03|   -5.879439|   -2.173141|   -0.187320|    0.001154|
|        1551|    0.002062|  2.5852e-03|   -5.879976|   -2.174008|   -0.187320|    0.001154|
|        1552|    0.001821|  2.5847e-03|   -5.880511|   -2.174866|   -0.187320|    0.001154|
|        1553|    0.001922|  2.5842e-03|   -5.881046|   -2.175610|   -0.187320|    0.001153|
|        1554|    0.001997|  2.5839e-03|   -5.881580|   -2.176226|   -0.187320|    0.001153|
|        1555|    0.002290|  2.5837e-03|   -5.882115|   -2.176763|   -0.187320|    0.001153|
|        1556|    0.002869|  2.5839e-03|   -5.882649|   -2.177278|   -0.187320|    0.001153|
|        1557|    0.002197|  2.5836e-03|   -5.883184|   -2.177808|   -0.187320|    0.001153|
|        1558|    0.001869|  2.5832e-03|   -5.883719|   -2.178361|   -0.187321|    0.001153|
|        1559|    0.001912|  2.5827e-03|   -5.884253|   -2.178923|   -0.187321|    0.001153|
|        1560|    0.002877|  2.5829e-03|   -5.884787|   -2.179476|   -0.187321|    0.001153|
|        1561|    0.002420|  2.5828e-03|   -5.885321|   -2.180009|   -0.187321|    0.001152|
|        1562|    0.002126|  2.5825e-03|   -5.885855|   -2.180524|   -0.187321|    0.001152|
|        1563|    0.003119|  2.5829e-03|   -5.886389|   -2.181027|   -0.187321|    0.001152|
|        1564|    0.002581|  2.5829e-03|   -5.886922|   -2.181527|   -0.187321|    0.001152|
|        1565|    0.002120|  2.5826e-03|   -5.887456|   -2.182028|   -0.187321|    0.001152|
|        1566|    0.001841|  2.5821e-03|   -5.887989|   -2.182534|   -0.187321|    0.001152|
|        1567|    0.002067|  2.5818e-03|   -5.888523|   -2.183043|   -0.187321|    0.001152|
|        1568|    0.001825|  2.5813e-03|   -5.889056|   -2.183553|   -0.187321|    0.001152|
|        1569|    0.002347|  2.5811e-03|   -5.889589|   -2.184065|   -0.187321|    0.001151|
|        1570|    0.002367|  2.5810e-03|   -5.890122|   -2.184579|   -0.187321|    0.001151|
|        1571|    0.001987|  2.5806e-03|   -5.890655|   -2.185095|   -0.187321|    0.001151|
|        1572|    0.001828|  2.5801e-03|   -5.891188|   -2.185614|   -0.187321|    0.001151|
|        1573|    0.002026|  2.5798e-03|   -5.891721|   -2.186136|   -0.187321|    0.001151|
|        1574|    0.001893|  2.5794e-03|   -5.892254|   -2.186662|   -0.187321|    0.001151|
|        1575|    0.002018|  2.5790e-03|   -5.892787|   -2.187192|   -0.187321|    0.001151|
|        1576|    0.001938|  2.5786e-03|   -5.893319|   -2.187724|   -0.187321|    0.001151|
|        1577|    0.002313|  2.5784e-03|   -5.893852|   -2.188259|   -0.187322|    0.001151|
|        1578|    0.001872|  2.5780e-03|   -5.894384|   -2.188795|   -0.187322|    0.001150|
|        1579|    0.002298|  2.5778e-03|   -5.894917|   -2.189333|   -0.187322|    0.001150|
|        1580|    0.002980|  2.5781e-03|   -5.895449|   -2.189872|   -0.187322|    0.001150|
|        1581|    0.001890|  2.5776e-03|   -5.895981|   -2.190413|   -0.187322|    0.001150|
|        1582|    0.002035|  2.5773e-03|   -5.896513|   -2.190954|   -0.187322|    0.001150|
|        1583|    0.002888|  2.5775e-03|   -5.897045|   -2.191495|   -0.187322|    0.001150|
|        1584|    0.002364|  2.5773e-03|   -5.897577|   -2.192036|   -0.187322|    0.001150|
|        1585|    0.001919|  2.5769e-03|   -5.898109|   -2.192577|   -0.187322|    0.001150|
|        1586|    0.002156|  2.5767e-03|   -5.898641|   -2.193118|   -0.187322|    0.001149|
|        1587|    0.001868|  2.5762e-03|   -5.899173|   -2.193659|   -0.187322|    0.001149|
|        1588|    0.002567|  2.5762e-03|   -5.899705|   -2.194199|   -0.187322|    0.001149|
|        1589|    0.001931|  2.5758e-03|   -5.900237|   -2.194738|   -0.187322|    0.001149|
|        1590|    0.002849|  2.5760e-03|   -5.900769|   -2.195277|   -0.187322|    0.001149|
|        1591|    0.002216|  2.5757e-03|   -5.901300|   -2.195815|   -0.187322|    0.001149|
|        1592|    0.001912|  2.5753e-03|   -5.901832|   -2.196353|   -0.187322|    0.001149|
|        1593|    0.002937|  2.5756e-03|   -5.902363|   -2.196890|   -0.187322|    0.001149|
|        1594|    0.001911|  2.5751e-03|   -5.902895|   -2.197426|   -0.187322|    0.001148|
|        1595|    0.002917|  2.5754e-03|   -5.903426|   -2.197962|   -0.187322|    0.001148|
|        1596|    0.002288|  2.5752e-03|   -5.903958|   -2.198498|   -0.187323|    0.001148|
|        1597|    0.002337|  2.5750e-03|   -5.904489|   -2.199033|   -0.187323|    0.001148|
|        1598|    0.001989|  2.5747e-03|   -5.905020|   -2.199569|   -0.187323|    0.001148|
|        1599|    0.002450|  2.5746e-03|   -5.905551|   -2.200103|   -0.187323|    0.001148|
|        1600|    0.002190|  2.5743e-03|   -5.906083|   -2.200638|   -0.187323|    0.001148|
|        1601|    0.003107|  2.5747e-03|   -5.906614|   -2.201173|   -0.187323|    0.001148|
|        1602|    0.001882|  2.5742e-03|   -5.907145|   -2.201707|   -0.187323|    0.001148|
|        1603|    0.002680|  2.5743e-03|   -5.907676|   -2.202241|   -0.187323|    0.001147|
|        1604|    0.003367|  2.5748e-03|   -5.908207|   -2.202775|   -0.187323|    0.001147|
|        1605|    0.002290|  2.5746e-03|   -5.908738|   -2.203309|   -0.187323|    0.001147|
|        1606|    0.002628|  2.5747e-03|   -5.909573|   -2.066074|   -0.187324|    0.001147|
|        1607|    0.001881|  2.5742e-03|   -5.910118|   -2.183706|   -0.187323|    0.001147|
|        1608|    0.002717|  2.5743e-03|   -5.911187|   -2.057658|   -0.187324|    0.001147|
|        1609|    0.002075|  2.5740e-03|   -5.911790|   -2.187461|   -0.187323|    0.001146|
|        1610|    0.001810|  2.5735e-03|   -5.912814|   -2.068559|   -0.187324|    0.001146|
|        1611|    0.002057|  2.5732e-03|   -5.913369|   -2.191039|   -0.187323|    0.001146|
|        1612|    0.002225|  2.5730e-03|   -5.914381|   -2.064872|   -0.187325|    0.001146|
|        1613|    0.003208|  2.5734e-03|   -5.914952|   -2.188654|   -0.187324|    0.001146|
|        1614|    0.002387|  2.5733e-03|   -5.915976|   -2.063365|   -0.187325|    0.001146|
|        1615|    0.004159|  2.5742e-03|   -5.916552|   -2.188787|   -0.187324|    0.001145|
|        1616|    0.003614|  2.5749e-03|   -5.917571|   -2.064432|   -0.187325|    0.001145|
|        1617|    0.003272|  2.5753e-03|   -5.918145|   -2.189548|   -0.187324|    0.001145|
|        1618|    0.002315|  2.5752e-03|   -5.919161|   -2.064705|   -0.187325|    0.001145|
|        1619|    0.003205|  2.5756e-03|   -5.919738|   -2.190029|   -0.187324|    0.001145|
|        1620|    0.002148|  2.5753e-03|   -5.920754|   -2.065366|   -0.187325|    0.001145|
|        1621|    0.003284|  2.5757e-03|   -5.921333|   -2.190981|   -0.187324|    0.001144|
|        1622|    0.002123|  2.5754e-03|   -5.922348|   -2.066636|   -0.187325|    0.001144|
|        1623|    0.002360|  2.5753e-03|   -5.922928|   -2.192293|   -0.187325|    0.001144|
|        1624|    0.003111|  2.5756e-03|   -5.923653|   -2.197598|   -0.187324|    0.001144|
|        1625|    0.003259|  2.5761e-03|   -5.924238|   -2.209498|   -0.187324|    0.001144|
|        1626|    0.003818|  2.5768e-03|   -5.924728|   -2.218532|   -0.187324|    0.001144|
|        1627|    0.002236|  2.5766e-03|   -5.925204|   -2.218967|   -0.187324|    0.001144|
|        1628|    0.002122|  2.5763e-03|   -5.926000|   -2.072768|   -0.187326|    0.001143|
|        1629|    0.002104|  2.5760e-03|   -5.926568|   -2.190624|   -0.187325|    0.001143|
|        1630|    0.002094|  2.5758e-03|   -5.927642|   -2.064566|   -0.187326|    0.001143|
|        1631|    0.001944|  2.5754e-03|   -5.928268|   -2.198362|   -0.187325|    0.001143|
|        1632|    0.002854|  2.5755e-03|   -5.929000|   -2.207038|   -0.187325|    0.001143|
|        1633|    0.003640|  2.5762e-03|   -5.929568|   -2.220382|   -0.187325|    0.001143|
|        1634|    0.003113|  2.5765e-03|   -5.930039|   -2.228844|   -0.187324|    0.001143|
|        1635|    0.003027|  2.5768e-03|   -5.930788|   -2.086997|   -0.187326|    0.001142|
|        1636|    0.003138|  2.5771e-03|   -5.931331|   -2.198989|   -0.187326|    0.001142|
|        1637|    0.003478|  2.5777e-03|   -5.932101|   -2.200888|   -0.187325|    0.001142|
|        1638|    0.003127|  2.5780e-03|   -5.932743|   -2.215327|   -0.187325|    0.001142|
|        1639|    0.002913|  2.5782e-03|   -5.933259|   -2.229056|   -0.187325|    0.001142|
|        1640|    0.002502|  2.5782e-03|   -5.933729|   -2.233120|   -0.187325|    0.001142|
|        1641|    0.002033|  2.5778e-03|   -5.934210|   -2.230109|   -0.187325|    0.001142|
|        1642|    0.001896|  2.5774e-03|   -5.934725|   -2.225535|   -0.187325|    0.001142|
|        1643|    0.002776|  2.5776e-03|   -5.935267|   -2.223210|   -0.187325|    0.001142|
|        1644|    0.001968|  2.5772e-03|   -5.935816|   -2.223918|   -0.187325|    0.001141|
|        1645|    0.002067|  2.5769e-03|   -5.936359|   -2.226410|   -0.187325|    0.001141|
|        1646|    0.002003|  2.5765e-03|   -5.936891|   -2.229040|   -0.187325|    0.001141|
|        1647|    0.002676|  2.5766e-03|   -5.937416|   -2.230803|   -0.187326|    0.001141|
|        1648|    0.002179|  2.5763e-03|   -5.937938|   -2.231561|   -0.187326|    0.001141|
|        1649|    0.003148|  2.5767e-03|   -5.938464|   -2.231740|   -0.187326|    0.001141|
|        1650|    0.002049|  2.5764e-03|   -5.938992|   -2.231876|   -0.187326|    0.001141|
|        1651|    0.001893|  2.5760e-03|   -5.939523|   -2.232295|   -0.187326|    0.001141|
|        1652|    0.002675|  2.5760e-03|   -5.940054|   -2.233027|   -0.187326|    0.001141|
|        1653|    0.002301|  2.5758e-03|   -5.940584|   -2.233918|   -0.187326|    0.001141|
|        1654|    0.002122|  2.5756e-03|   -5.941112|   -2.234787|   -0.187326|    0.001140|
|        1655|    0.003158|  2.5759e-03|   -5.941640|   -2.235529|   -0.187326|    0.001140|
|        1656|    0.001958|  2.5756e-03|   -5.942167|   -2.236134|   -0.187326|    0.001140|
|        1657|    0.001916|  2.5752e-03|   -5.942695|   -2.236657|   -0.187326|    0.001140|
|        1658|    0.001884|  2.5747e-03|   -5.943223|   -2.237161|   -0.187326|    0.001140|
|        1659|    0.001884|  2.5743e-03|   -5.943751|   -2.237683|   -0.187326|    0.001140|
|        1660|    0.001846|  2.5739e-03|   -5.944279|   -2.238228|   -0.187326|    0.001140|
|        1661|    0.002688|  2.5740e-03|   -5.944807|   -2.238781|   -0.187326|    0.001140|
|        1662|    0.002953|  2.5742e-03|   -5.945335|   -2.239324|   -0.187326|    0.001140|
|        1663|    0.003201|  2.5746e-03|   -5.945862|   -2.239846|   -0.187326|    0.001139|
|        1664|    0.003089|  2.5749e-03|   -5.946389|   -2.240349|   -0.187326|    0.001139|
|        1665|    0.002192|  2.5746e-03|   -5.946916|   -2.240839|   -0.187326|    0.001139|
|        1666|    0.001899|  2.5742e-03|   -5.947444|   -2.241327|   -0.187327|    0.001139|
|        1667|    0.002518|  2.5742e-03|   -5.947971|   -2.241818|   -0.187327|    0.001139|
|        1668|    0.003033|  2.5745e-03|   -5.948498|   -2.242313|   -0.187327|    0.001139|
|        1669|    0.002752|  2.5746e-03|   -5.949025|   -2.242812|   -0.187327|    0.001139|
|        1670|    0.002877|  2.5748e-03|   -5.949552|   -2.243314|   -0.187327|    0.001139|
|        1671|    0.001942|  2.5744e-03|   -5.950079|   -2.243817|   -0.187327|    0.001139|
|        1672|    0.001829|  2.5739e-03|   -5.950606|   -2.244322|   -0.187327|    0.001139|
|        1673|    0.003777|  2.5747e-03|   -5.951133|   -2.244830|   -0.187327|    0.001138|
|        1674|    0.003677|  2.5753e-03|   -5.951659|   -2.245341|   -0.187327|    0.001138|
|        1675|    0.002865|  2.5755e-03|   -5.952186|   -2.245856|   -0.187327|    0.001138|
|        1676|    0.001902|  2.5751e-03|   -5.952713|   -2.246376|   -0.187327|    0.001138|
|        1677|    0.002285|  2.5749e-03|   -5.953239|   -2.246899|   -0.187327|    0.001138|
|        1678|    0.002916|  2.5751e-03|   -5.953766|   -2.247425|   -0.187327|    0.001138|
|        1679|    0.003018|  2.5754e-03|   -5.954293|   -2.247953|   -0.187327|    0.001138|
|        1680|    0.002972|  2.5756e-03|   -5.954819|   -2.248484|   -0.187327|    0.001138|
|        1681|    0.003134|  2.5759e-03|   -5.955345|   -2.249016|   -0.187327|    0.001138|
|        1682|    0.002886|  2.5761e-03|   -5.955872|   -2.249549|   -0.187327|    0.001137|
|        1683|    0.001962|  2.5758e-03|   -5.956398|   -2.250084|   -0.187327|    0.001137|
|        1684|    0.001934|  2.5754e-03|   -5.956925|   -2.250619|   -0.187327|    0.001137|
|        1685|    0.001933|  2.5750e-03|   -5.957451|   -2.251155|   -0.187327|    0.001137|
|        1686|    0.002728|  2.5751e-03|   -5.957977|   -2.251690|   -0.187328|    0.001137|
|        1687|    0.001849|  2.5747e-03|   -5.958503|   -2.252226|   -0.187328|    0.001137|
|        1688|    0.002832|  2.5748e-03|   -5.959030|   -2.252761|   -0.187328|    0.001137|
|        1689|    0.003148|  2.5752e-03|   -5.959556|   -2.253296|   -0.187328|    0.001137|
|        1690|    0.002523|  2.5751e-03|   -5.960082|   -2.253830|   -0.187328|    0.001137|
|        1691|    0.002350|  2.5750e-03|   -5.960608|   -2.254363|   -0.187328|    0.001137|
|        1692|    0.003168|  2.5753e-03|   -5.961134|   -2.254896|   -0.187328|    0.001136|
|        1693|    0.003419|  2.5758e-03|   -5.961660|   -2.255428|   -0.187328|    0.001136|
|        1694|    0.003003|  2.5761e-03|   -5.962186|   -2.255959|   -0.187328|    0.001136|
|        1695|    0.002797|  2.5762e-03|   -5.962712|   -2.256490|   -0.187328|    0.001136|
|        1696|    0.002920|  2.5764e-03|   -5.963239|   -2.257020|   -0.187328|    0.001136|
|        1697|    0.002442|  2.5763e-03|   -5.963764|   -2.257549|   -0.187328|    0.001136|
|        1698|    0.001990|  2.5760e-03|   -5.964290|   -2.258078|   -0.187328|    0.001136|
|        1699|    0.001991|  2.5757e-03|   -5.964816|   -2.258607|   -0.187328|    0.001136|
|        1700|    0.002450|  2.5756e-03|   -5.965342|   -2.259136|   -0.187328|    0.001136|
|        1701|    0.002479|  2.5755e-03|   -5.965868|   -2.259664|   -0.187328|    0.001136|
|        1702|    0.001979|  2.5752e-03|   -5.966394|   -2.260192|   -0.187328|    0.001135|
|        1703|    0.002426|  2.5751e-03|   -5.966920|   -2.260720|   -0.187328|    0.001135|
|        1704|    0.002959|  2.5753e-03|   -5.967446|   -2.261248|   -0.187328|    0.001135|
|        1705|    0.002503|  2.5753e-03|   -5.967972|   -2.261775|   -0.187328|    0.001135|
|        1706|    0.002756|  2.5754e-03|   -5.968498|   -2.262303|   -0.187329|    0.001135|
|        1707|    0.002387|  2.5753e-03|   -5.969023|   -2.262830|   -0.187328|    0.001135|
|        1708|    0.002835|  2.5754e-03|   -5.969794|   -2.121544|   -0.187330|    0.001135|
|        1709|    0.003015|  2.5757e-03|   -5.970383|   -2.241772|   -0.187329|    0.001135|
|        1710|    0.003159|  2.5760e-03|   -5.971399|   -2.112384|   -0.187330|    0.001135|
|        1711|    0.003105|  2.5763e-03|   -5.972046|   -2.245852|   -0.187329|    0.001134|
|        1712|    0.002825|  2.5765e-03|   -5.973013|   -2.123628|   -0.187330|    0.001134|
|        1713|    0.003381|  2.5769e-03|   -5.973612|   -2.249328|   -0.187329|    0.001134|
|        1714|    0.003414|  2.5774e-03|   -5.974568|   -2.119492|   -0.187330|    0.001134|
|        1715|    0.003928|  2.5782e-03|   -5.975182|   -2.246568|   -0.187329|    0.001134|
|        1716|    0.002365|  2.5781e-03|   -5.976151|   -2.117821|   -0.187330|    0.001134|
|        1717|    0.002587|  2.5781e-03|   -5.976770|   -2.246574|   -0.187329|    0.001133|
|        1718|    0.003153|  2.5784e-03|   -5.977733|   -2.118810|   -0.187330|    0.001133|
|        1719|    0.003021|  2.5787e-03|   -5.978350|   -2.247225|   -0.187329|    0.001133|
|        1720|    0.003321|  2.5791e-03|   -5.979312|   -2.118982|   -0.187330|    0.001133|
|        1721|    0.003159|  2.5795e-03|   -5.979932|   -2.247611|   -0.187330|    0.001133|
|        1722|    0.003078|  2.5797e-03|   -5.980893|   -2.119590|   -0.187331|    0.001133|
|        1723|    0.003327|  2.5802e-03|   -5.981515|   -2.248520|   -0.187330|    0.001133|
|        1724|    0.003759|  2.5809e-03|   -5.982475|   -2.120837|   -0.187331|    0.001133|
|        1725|    0.003031|  2.5811e-03|   -5.983098|   -2.249816|   -0.187330|    0.001132|
|        1726|    0.003163|  2.5815e-03|   -5.983829|   -2.255147|   -0.187330|    0.001132|
|        1727|    0.003605|  2.5821e-03|   -5.984408|   -2.268144|   -0.187330|    0.001132|
|        1728|    0.002666|  2.5821e-03|   -5.984890|   -2.277658|   -0.187330|    0.001132|
|        1729|    0.002796|  2.5822e-03|   -5.985360|   -2.277879|   -0.187330|    0.001132|
|        1730|    0.002176|  2.5820e-03|   -5.986091|   -2.127324|   -0.187331|    0.001132|
|        1731|    0.001911|  2.5816e-03|   -5.986706|   -2.247798|   -0.187330|    0.001132|
|        1732|    0.002046|  2.5813e-03|   -5.987728|   -2.118718|   -0.187331|    0.001132|
|        1733|    0.001841|  2.5809e-03|   -5.988398|   -2.256288|   -0.187331|    0.001131|
|        1734|    0.002647|  2.5809e-03|   -5.989135|   -2.265161|   -0.187330|    0.001131|
|        1735|    0.003871|  2.5816e-03|   -5.989697|   -2.279580|   -0.187330|    0.001131|
|        1736|    0.002846|  2.5818e-03|   -5.990161|   -2.288374|   -0.187330|    0.001131|
|        1737|    0.002270|  2.5816e-03|   -5.990844|   -2.141897|   -0.187331|    0.001131|
|        1738|    0.002281|  2.5814e-03|   -5.991433|   -2.256251|   -0.187331|    0.001131|
|        1739|    0.001851|  2.5810e-03|   -5.992212|   -2.258212|   -0.187331|    0.001131|
|        1740|    0.001924|  2.5807e-03|   -5.992850|   -2.274083|   -0.187330|    0.001131|
|        1741|    0.001949|  2.5803e-03|   -5.993358|   -2.288650|   -0.187330|    0.001131|
|        1742|    0.001906|  2.5799e-03|   -5.993821|   -2.292646|   -0.187331|    0.001131|
|        1743|    0.001841|  2.5795e-03|   -5.994298|   -2.289138|   -0.187331|    0.001130|
|        1744|    0.002020|  2.5792e-03|   -5.994809|   -2.284175|   -0.187331|    0.001130|
|        1745|    0.003337|  2.5796e-03|   -5.995347|   -2.281773|   -0.187331|    0.001130|
|        1746|    0.002640|  2.5796e-03|   -5.995893|   -2.282630|   -0.187331|    0.001130|
|        1747|    0.003072|  2.5799e-03|   -5.996432|   -2.285330|   -0.187331|    0.001130|
|        1748|    0.002637|  2.5799e-03|   -5.996960|   -2.288101|   -0.187331|    0.001130|
|        1749|    0.001906|  2.5796e-03|   -5.997480|   -2.289903|   -0.187331|    0.001130|
|        1750|    0.001928|  2.5792e-03|   -5.997999|   -2.290630|   -0.187331|    0.001130|
+-----------------------------------------------------------------------+
|        File Writing Summary       |              Filename             |
+-----------------------------------------------------------------------+
|SU2 binary restart                 |restart_flow.dat                   |
|Paraview                           |flow.vtu                           |
|Paraview surface                   |surface_flow.vtu                   |
+-----------------------------------------------------------------------+
+------------------------------------------------------------------------------------------+
|  Inner_Iter|   Time(sec)|   Time(sec)|    rms[Rho]|   rms[RhoE]|          CL|          CD|
+------------------------------------------------------------------------------------------+
|        1751|    0.011816|  2.5845e-03|   -5.998520|   -2.290763|   -0.187331|    0.001130|
|        1752|    0.002904|  2.5846e-03|   -5.999045|   -2.290877|   -0.187331|    0.001130|
|        1753|    0.003432|  2.5851e-03|   -5.999572|   -2.291304|   -0.187331|    0.001130|
|        1754|    0.003846|  2.5858e-03|   -6.000099|   -2.292060|   -0.187331|    0.001129|
|        1755|    0.003746|  2.5865e-03|   -6.000625|   -2.292975|   -0.187331|    0.001129|
|        1756|    0.002869|  2.5867e-03|   -6.001150|   -2.293856|   -0.187331|    0.001129|
|        1757|    0.001914|  2.5863e-03|   -6.001674|   -2.294595|   -0.187331|    0.001129|
|        1758|    0.002529|  2.5862e-03|   -6.002198|   -2.295191|   -0.187331|    0.001129|
|        1759|    0.002086|  2.5860e-03|   -6.002722|   -2.295702|   -0.187332|    0.001129|
|        1760|    0.002997|  2.5862e-03|   -6.003246|   -2.296195|   -0.187332|    0.001129|
|        1761|    0.002308|  2.5860e-03|   -6.003771|   -2.296709|   -0.187332|    0.001129|
|        1762|    0.003423|  2.5865e-03|   -6.004295|   -2.297248|   -0.187332|    0.001129|
|        1763|    0.001927|  2.5861e-03|   -6.004819|   -2.297793|   -0.187332|    0.001129|
|        1764|    0.002111|  2.5859e-03|   -6.005343|   -2.298327|   -0.187332|    0.001129|
|        1765|    0.002890|  2.5860e-03|   -6.005867|   -2.298838|   -0.187332|    0.001129|
|        1766|    0.002754|  2.5861e-03|   -6.006391|   -2.299329|   -0.187332|    0.001128|
|        1767|    0.003055|  2.5864e-03|   -6.006915|   -2.299809|   -0.187332|    0.001128|
|        1768|    0.001902|  2.5860e-03|   -6.007439|   -2.300287|   -0.187332|    0.001128|
|        1769|    0.001963|  2.5857e-03|   -6.007963|   -2.300768|   -0.187332|    0.001128|
|        1770|    0.001877|  2.5853e-03|   -6.008487|   -2.301254|   -0.187332|    0.001128|
|        1771|    0.002869|  2.5854e-03|   -6.009011|   -2.301745|   -0.187332|    0.001128|
|        1772|    0.001961|  2.5851e-03|   -6.009534|   -2.302238|   -0.187332|    0.001128|
|        1773|    0.002029|  2.5848e-03|   -6.010058|   -2.302734|   -0.187332|    0.001128|
|        1774|    0.002944|  2.5850e-03|   -6.010582|   -2.303232|   -0.187332|    0.001128|
|        1775|    0.002698|  2.5850e-03|   -6.011105|   -2.303733|   -0.187332|    0.001128|
|        1776|    0.002765|  2.5851e-03|   -6.011629|   -2.304238|   -0.187332|    0.001128|
|        1777|    0.002575|  2.5851e-03|   -6.012153|   -2.304747|   -0.187332|    0.001127|
|        1778|    0.002798|  2.5852e-03|   -6.012676|   -2.305261|   -0.187332|    0.001127|
|        1779|    0.002879|  2.5854e-03|   -6.013200|   -2.305779|   -0.187332|    0.001127|
|        1780|    0.002075|  2.5851e-03|   -6.013723|   -2.306301|   -0.187333|    0.001127|
|        1781|    0.002690|  2.5852e-03|   -6.014247|   -2.306824|   -0.187333|    0.001127|
|        1782|    0.003130|  2.5855e-03|   -6.014770|   -2.307350|   -0.187333|    0.001127|
|        1783|    0.003064|  2.5857e-03|   -6.015294|   -2.307878|   -0.187333|    0.001127|
|        1784|    0.003406|  2.5862e-03|   -6.015818|   -2.308407|   -0.187333|    0.001127|
|        1785|    0.003038|  2.5865e-03|   -6.016341|   -2.308937|   -0.187333|    0.001127|
|        1786|    0.003421|  2.5869e-03|   -6.016865|   -2.309468|   -0.187333|    0.001127|
|        1787|    0.003179|  2.5873e-03|   -6.017388|   -2.310000|   -0.187333|    0.001127|
|        1788|    0.002006|  2.5869e-03|   -6.017912|   -2.310531|   -0.187333|    0.001127|
|        1789|    0.002599|  2.5869e-03|   -6.018435|   -2.311062|   -0.187333|    0.001126|
|        1790|    0.002506|  2.5869e-03|   -6.018959|   -2.311593|   -0.187333|    0.001126|
|        1791|    0.001932|  2.5865e-03|   -6.019482|   -2.312123|   -0.187333|    0.001126|
|        1792|    0.002989|  2.5868e-03|   -6.020006|   -2.312652|   -0.187333|    0.001126|
|        1793|    0.002986|  2.5870e-03|   -6.020529|   -2.313180|   -0.187333|    0.001126|
|        1794|    0.003396|  2.5874e-03|   -6.021053|   -2.313708|   -0.187333|    0.001126|
|        1795|    0.002998|  2.5877e-03|   -6.021576|   -2.314235|   -0.187333|    0.001126|
|        1796|    0.002269|  2.5875e-03|   -6.022100|   -2.314762|   -0.187333|    0.001126|
|        1797|    0.003143|  2.5878e-03|   -6.022623|   -2.315287|   -0.187333|    0.001126|
|        1798|    0.002288|  2.5876e-03|   -6.023147|   -2.315812|   -0.187333|    0.001126|
|        1799|    0.002586|  2.5876e-03|   -6.023670|   -2.316336|   -0.187333|    0.001126|
|        1800|    0.001853|  2.5872e-03|   -6.024194|   -2.316860|   -0.187333|    0.001126|
|        1801|    0.002757|  2.5873e-03|   -6.024717|   -2.317384|   -0.187334|    0.001125|
|        1802|    0.002623|  2.5873e-03|   -6.025241|   -2.317907|   -0.187334|    0.001125|
|        1803|    0.001975|  2.5870e-03|   -6.025764|   -2.318430|   -0.187334|    0.001125|
|        1804|    0.002731|  2.5871e-03|   -6.026288|   -2.318952|   -0.187334|    0.001125|
|        1805|    0.001880|  2.5867e-03|   -6.026811|   -2.319475|   -0.187334|    0.001125|
|        1806|    0.001857|  2.5863e-03|   -6.027335|   -2.319997|   -0.187334|    0.001125|
|        1807|    0.001819|  2.5858e-03|   -6.027858|   -2.320519|   -0.187334|    0.001125|
|        1808|    0.001942|  2.5855e-03|   -6.028382|   -2.321042|   -0.187334|    0.001125|
|        1809|    0.001849|  2.5851e-03|   -6.028906|   -2.321564|   -0.187334|    0.001125|
|        1810|    0.002789|  2.5852e-03|   -6.029617|   -2.176183|   -0.187335|    0.001125|
|        1811|    0.002215|  2.5850e-03|   -6.030253|   -2.299066|   -0.187334|    0.001124|
|        1812|    0.002008|  2.5847e-03|   -6.031222|   -2.166278|   -0.187335|    0.001124|
|        1813|    0.001979|  2.5843e-03|   -6.031915|   -2.303456|   -0.187334|    0.001124|
|        1814|    0.001862|  2.5839e-03|   -6.032833|   -2.177822|   -0.187335|    0.001124|
|        1815|    0.002047|  2.5836e-03|   -6.033476|   -2.306808|   -0.187334|    0.001124|
|        1816|    0.002460|  2.5836e-03|   -6.034383|   -2.173255|   -0.187335|    0.001124|
|        1817|    0.002063|  2.5833e-03|   -6.035043|   -2.303673|   -0.187334|    0.001124|
|        1818|    0.002037|  2.5830e-03|   -6.035962|   -2.171426|   -0.187335|    0.001124|
|        1819|    0.002040|  2.5827e-03|   -6.036627|   -2.303551|   -0.187335|    0.001123|
|        1820|    0.001834|  2.5823e-03|   -6.037541|   -2.172337|   -0.187335|    0.001123|
|        1821|    0.002366|  2.5822e-03|   -6.038204|   -2.304091|   -0.187335|    0.001123|
|        1822|    0.002100|  2.5819e-03|   -6.039115|   -2.172415|   -0.187336|    0.001123|
|        1823|    0.002211|  2.5817e-03|   -6.039781|   -2.304387|   -0.187335|    0.001123|
|        1824|    0.001867|  2.5813e-03|   -6.040693|   -2.172978|   -0.187336|    0.001123|
|        1825|    0.001908|  2.5809e-03|   -6.041361|   -2.305260|   -0.187335|    0.001123|
|        1826|    0.001835|  2.5805e-03|   -6.042272|   -2.174206|   -0.187336|    0.001123|
|        1827|    0.002041|  2.5802e-03|   -6.042941|   -2.306545|   -0.187335|    0.001123|
|        1828|    0.001848|  2.5798e-03|   -6.043681|   -2.311893|   -0.187335|    0.001123|
|        1829|    0.002399|  2.5797e-03|   -6.044257|   -2.325981|   -0.187335|    0.001122|
|        1830|    0.002969|  2.5799e-03|   -6.044735|   -2.335966|   -0.187335|    0.001122|
|        1831|    0.001901|  2.5796e-03|   -6.045200|   -2.335980|   -0.187335|    0.001122|
|        1832|    0.002084|  2.5793e-03|   -6.045873|   -2.181108|   -0.187336|    0.001122|
|        1833|    0.001986|  2.5790e-03|   -6.046536|   -2.304251|   -0.187335|    0.001122|
|        1834|    0.002022|  2.5787e-03|   -6.047512|   -2.172111|   -0.187336|    0.001122|
|        1835|    0.001820|  2.5783e-03|   -6.048228|   -2.313476|   -0.187336|    0.001122|
|        1836|    0.002059|  2.5780e-03|   -6.048975|   -2.322526|   -0.187335|    0.001122|
|        1837|    0.002626|  2.5780e-03|   -6.049533|   -2.338006|   -0.187335|    0.001122|
|        1838|    0.002248|  2.5778e-03|   -6.049992|   -2.347124|   -0.187335|    0.001122|
|        1839|    0.001893|  2.5775e-03|   -6.050615|   -2.196010|   -0.187337|    0.001121|
|        1840|    0.002364|  2.5773e-03|   -6.051252|   -2.312796|   -0.187336|    0.001121|
|        1841|    0.002085|  2.5771e-03|   -6.052044|   -2.314819|   -0.187336|    0.001121|
|        1842|    0.002824|  2.5772e-03|   -6.052680|   -2.332106|   -0.187336|    0.001121|
|        1843|    0.002045|  2.5769e-03|   -6.053184|   -2.347490|   -0.187336|    0.001121|
|        1844|    0.002562|  2.5769e-03|   -6.053643|   -2.351405|   -0.187336|    0.001121|
|        1845|    0.002579|  2.5769e-03|   -6.054117|   -2.347405|   -0.187336|    0.001121|
|        1846|    0.002986|  2.5771e-03|   -6.054627|   -2.342074|   -0.187336|    0.001121|
|        1847|    0.001941|  2.5768e-03|   -6.055165|   -2.339611|   -0.187336|    0.001121|
|        1848|    0.002665|  2.5768e-03|   -6.055710|   -2.340625|   -0.187336|    0.001121|
|        1849|    0.001850|  2.5764e-03|   -6.056248|   -2.343530|   -0.187336|    0.001121|
|        1850|    0.002187|  2.5762e-03|   -6.056774|   -2.346439|   -0.187336|    0.001121|
|        1851|    0.002523|  2.5762e-03|   -6.057292|   -2.348277|   -0.187336|    0.001121|
|        1852|    0.002149|  2.5760e-03|   -6.057810|   -2.348974|   -0.187336|    0.001120|
|        1853|    0.002002|  2.5757e-03|   -6.058330|   -2.349066|   -0.187336|    0.001120|
|        1854|    0.002076|  2.5754e-03|   -6.058854|   -2.349161|   -0.187336|    0.001120|
|        1855|    0.001947|  2.5751e-03|   -6.059380|   -2.349598|   -0.187336|    0.001120|
|        1856|    0.001984|  2.5747e-03|   -6.059906|   -2.350380|   -0.187336|    0.001120|
|        1857|    0.001828|  2.5743e-03|   -6.060431|   -2.351318|   -0.187337|    0.001120|
|        1858|    0.001918|  2.5740e-03|   -6.060954|   -2.352210|   -0.187337|    0.001120|
|        1859|    0.001933|  2.5736e-03|   -6.061477|   -2.352948|   -0.187337|    0.001120|
|        1860|    0.002240|  2.5735e-03|   -6.062000|   -2.353535|   -0.187337|    0.001120|
|        1861|    0.001872|  2.5731e-03|   -6.062523|   -2.354035|   -0.187337|    0.001120|
|        1862|    0.001965|  2.5728e-03|   -6.063046|   -2.354519|   -0.187337|    0.001120|
|        1863|    0.002197|  2.5726e-03|   -6.063570|   -2.355026|   -0.187337|    0.001120|
|        1864|    0.002680|  2.5726e-03|   -6.064093|   -2.355559|   -0.187337|    0.001120|
|        1865|    0.002162|  2.5724e-03|   -6.064617|   -2.356097|   -0.187337|    0.001119|
|        1866|    0.002516|  2.5724e-03|   -6.065140|   -2.356622|   -0.187337|    0.001119|
|        1867|    0.002013|  2.5721e-03|   -6.065663|   -2.357124|   -0.187337|    0.001119|
|        1868|    0.001890|  2.5717e-03|   -6.066186|   -2.357605|   -0.187337|    0.001119|
|        1869|    0.002164|  2.5715e-03|   -6.066709|   -2.358075|   -0.187337|    0.001119|
|        1870|    0.002019|  2.5712e-03|   -6.067232|   -2.358543|   -0.187337|    0.001119|
|        1871|    0.002015|  2.5709e-03|   -6.067756|   -2.359016|   -0.187337|    0.001119|
|        1872|    0.001851|  2.5705e-03|   -6.068279|   -2.359495|   -0.187337|    0.001119|
|        1873|    0.002673|  2.5706e-03|   -6.068802|   -2.359978|   -0.187337|    0.001119|
|        1874|    0.002788|  2.5707e-03|   -6.069325|   -2.360465|   -0.187337|    0.001119|
|        1875|    0.002682|  2.5707e-03|   -6.069848|   -2.360954|   -0.187337|    0.001119|
|        1876|    0.002163|  2.5705e-03|   -6.070371|   -2.361446|   -0.187337|    0.001119|
|        1877|    0.001895|  2.5702e-03|   -6.070894|   -2.361942|   -0.187337|    0.001119|
|        1878|    0.002020|  2.5699e-03|   -6.071417|   -2.362442|   -0.187337|    0.001118|
|        1879|    0.001891|  2.5695e-03|   -6.071940|   -2.362948|   -0.187338|    0.001118|
|        1880|    0.002454|  2.5694e-03|   -6.072464|   -2.363458|   -0.187338|    0.001118|
|        1881|    0.002113|  2.5692e-03|   -6.072987|   -2.363972|   -0.187338|    0.001118|
|        1882|    0.001915|  2.5689e-03|   -6.073510|   -2.364490|   -0.187338|    0.001118|
|        1883|    0.002007|  2.5686e-03|   -6.074033|   -2.365010|   -0.187338|    0.001118|
|        1884|    0.002148|  2.5683e-03|   -6.074556|   -2.365533|   -0.187338|    0.001118|
|        1885|    0.001885|  2.5680e-03|   -6.075079|   -2.366057|   -0.187338|    0.001118|
|        1886|    0.002976|  2.5682e-03|   -6.075603|   -2.366584|   -0.187338|    0.001118|
|        1887|    0.002956|  2.5684e-03|   -6.076126|   -2.367111|   -0.187338|    0.001118|
|        1888|    0.002957|  2.5686e-03|   -6.076649|   -2.367639|   -0.187338|    0.001118|
|        1889|    0.002820|  2.5687e-03|   -6.077172|   -2.368167|   -0.187338|    0.001118|
|        1890|    0.002769|  2.5688e-03|   -6.077695|   -2.368695|   -0.187338|    0.001118|
|        1891|    0.001900|  2.5685e-03|   -6.078219|   -2.369223|   -0.187338|    0.001118|
|        1892|    0.002124|  2.5682e-03|   -6.078742|   -2.369751|   -0.187338|    0.001117|
|        1893|    0.002369|  2.5681e-03|   -6.079265|   -2.370278|   -0.187338|    0.001117|
|        1894|    0.002256|  2.5680e-03|   -6.079789|   -2.370803|   -0.187338|    0.001117|
|        1895|    0.002570|  2.5680e-03|   -6.080312|   -2.371329|   -0.187338|    0.001117|
|        1896|    0.002538|  2.5680e-03|   -6.080835|   -2.371853|   -0.187338|    0.001117|
|        1897|    0.002889|  2.5681e-03|   -6.081359|   -2.372376|   -0.187338|    0.001117|
|        1898|    0.002290|  2.5680e-03|   -6.081882|   -2.372899|   -0.187338|    0.001117|
|        1899|    0.001989|  2.5677e-03|   -6.082406|   -2.373420|   -0.187338|    0.001117|
|        1900|    0.002082|  2.5674e-03|   -6.082929|   -2.373941|   -0.187339|    0.001117|
|        1901|    0.002743|  2.5675e-03|   -6.083453|   -2.374462|   -0.187339|    0.001117|
|        1902|    0.002628|  2.5676e-03|   -6.083976|   -2.374982|   -0.187339|    0.001117|
|        1903|    0.003016|  2.5678e-03|   -6.084500|   -2.375501|   -0.187339|    0.001117|
|        1904|    0.003026|  2.5680e-03|   -6.085023|   -2.376020|   -0.187339|    0.001117|
|        1905|    0.002297|  2.5679e-03|   -6.085547|   -2.376539|   -0.187339|    0.001117|
|        1906|    0.002432|  2.5678e-03|   -6.086071|   -2.377057|   -0.187339|    0.001117|
|        1907|    0.002583|  2.5678e-03|   -6.086594|   -2.377576|   -0.187339|    0.001116|
|        1908|    0.001935|  2.5675e-03|   -6.087118|   -2.378094|   -0.187339|    0.001116|
|        1909|    0.002692|  2.5676e-03|   -6.087642|   -2.378612|   -0.187339|    0.001116|
|        1910|    0.001920|  2.5672e-03|   -6.088165|   -2.379130|   -0.187339|    0.001116|
|        1911|    0.002187|  2.5670e-03|   -6.088689|   -2.379648|   -0.187339|    0.001116|
|        1912|    0.002545|  2.5670e-03|   -6.089346|   -2.230189|   -0.187340|    0.001116|
|        1913|    0.002315|  2.5669e-03|   -6.090031|   -2.355746|   -0.187339|    0.001116|
|        1914|    0.002299|  2.5667e-03|   -6.090959|   -2.219549|   -0.187340|    0.001116|
|        1915|    0.010523|  2.5709e-03|   -6.091699|   -2.360424|   -0.187339|    0.001116|
|        1916|    0.002491|  2.5708e-03|   -6.092573|   -2.231346|   -0.187340|    0.001116|
|        1917|    0.002403|  2.5708e-03|   -6.093263|   -2.363632|   -0.187339|    0.001115|
|        1918|    0.002651|  2.5708e-03|   -6.094125|   -2.226367|   -0.187340|    0.001115|
|        1919|    0.002764|  2.5709e-03|   -6.094834|   -2.360125|   -0.187340|    0.001115|
|        1920|    0.002624|  2.5709e-03|   -6.095708|   -2.224388|   -0.187340|    0.001115|
|        1921|    0.003017|  2.5712e-03|   -6.096421|   -2.359873|   -0.187340|    0.001115|
|        1922|    0.002563|  2.5712e-03|   -6.097290|   -2.225222|   -0.187340|    0.001115|
|        1923|    0.004117|  2.5720e-03|   -6.098001|   -2.360304|   -0.187340|    0.001115|
|        1924|    0.003160|  2.5723e-03|   -6.098868|   -2.225213|   -0.187341|    0.001115|
|        1925|    0.002095|  2.5720e-03|   -6.099583|   -2.360518|   -0.187340|    0.001115|
|        1926|    0.003104|  2.5723e-03|   -6.100450|   -2.225737|   -0.187341|    0.001115|
|        1927|    0.002918|  2.5725e-03|   -6.101166|   -2.361360|   -0.187340|    0.001114|
|        1928|    0.001895|  2.5721e-03|   -6.102032|   -2.226952|   -0.187341|    0.001114|
|        1929|    0.001862|  2.5718e-03|   -6.102749|   -2.362643|   -0.187340|    0.001114|
|        1930|    0.002058|  2.5715e-03|   -6.103501|   -2.367989|   -0.187340|    0.001114|
|        1931|    0.001859|  2.5711e-03|   -6.104077|   -2.383149|   -0.187340|    0.001114|
|        1932|    0.003022|  2.5714e-03|   -6.104552|   -2.393596|   -0.187340|    0.001114|
|        1933|    0.001964|  2.5710e-03|   -6.105016|   -2.393412|   -0.187340|    0.001114|
|        1934|    0.001898|  2.5707e-03|   -6.105634|   -2.234322|   -0.187341|    0.001114|
|        1935|    0.002081|  2.5704e-03|   -6.106348|   -2.360146|   -0.187340|    0.001114|
|        1936|    0.001868|  2.5701e-03|   -6.107282|   -2.224951|   -0.187341|    0.001114|
|        1937|    0.002626|  2.5701e-03|   -6.108048|   -2.370083|   -0.187341|    0.001114|
|        1938|    0.002356|  2.5700e-03|   -6.108805|   -2.379281|   -0.187341|    0.001114|
|        1939|    0.002184|  2.5698e-03|   -6.109363|   -2.395800|   -0.187340|    0.001114|
|        1940|    0.001929|  2.5695e-03|   -6.109819|   -2.405227|   -0.187340|    0.001113|
|        1941|    0.002636|  2.5695e-03|   -6.110387|   -2.249536|   -0.187341|    0.001113|
|        1942|    0.002029|  2.5692e-03|   -6.111074|   -2.368787|   -0.187341|    0.001113|
|        1943|    0.002408|  2.5691e-03|   -6.111880|   -2.370863|   -0.187341|    0.001113|
|        1944|    0.002043|  2.5689e-03|   -6.112518|   -2.389537|   -0.187341|    0.001113|
|        1945|    0.002555|  2.5689e-03|   -6.113020|   -2.405713|   -0.187341|    0.001113|
|        1946|    0.002020|  2.5686e-03|   -6.113477|   -2.409533|   -0.187341|    0.001113|
|        1947|    0.002079|  2.5683e-03|   -6.113950|   -2.405051|   -0.187341|    0.001113|
|        1948|    0.003095|  2.5686e-03|   -6.114462|   -2.399374|   -0.187341|    0.001113|
|        1949|    0.002902|  2.5688e-03|   -6.115001|   -2.396869|   -0.187341|    0.001113|
|        1950|    0.002363|  2.5687e-03|   -6.115548|   -2.398044|   -0.187341|    0.001113|
|        1951|    0.003105|  2.5689e-03|   -6.116087|   -2.401152|   -0.187341|    0.001113|
|        1952|    0.002304|  2.5688e-03|   -6.116613|   -2.404192|   -0.187341|    0.001113|
|        1953|    0.001923|  2.5685e-03|   -6.117133|   -2.406064|   -0.187341|    0.001113|
|        1954|    0.002006|  2.5682e-03|   -6.117651|   -2.406733|   -0.187341|    0.001113|
|        1955|    0.001895|  2.5678e-03|   -6.118172|   -2.406787|   -0.187341|    0.001112|
|        1956|    0.002424|  2.5678e-03|   -6.118697|   -2.406869|   -0.187341|    0.001112|
|        1957|    0.003929|  2.5685e-03|   -6.119224|   -2.407319|   -0.187341|    0.001112|
|        1958|    0.002157|  2.5682e-03|   -6.119751|   -2.408127|   -0.187341|    0.001112|
|        1959|    0.002754|  2.5683e-03|   -6.120277|   -2.409088|   -0.187341|    0.001112|
|        1960|    0.002036|  2.5681e-03|   -6.120802|   -2.409991|   -0.187342|    0.001112|
|        1961|    0.001915|  2.5677e-03|   -6.121326|   -2.410727|   -0.187342|    0.001112|
|        1962|    0.002219|  2.5676e-03|   -6.121850|   -2.411305|   -0.187342|    0.001112|
|        1963|    0.001887|  2.5672e-03|   -6.122374|   -2.411796|   -0.187342|    0.001112|
|        1964|    0.002311|  2.5671e-03|   -6.122899|   -2.412272|   -0.187342|    0.001112|
|        1965|    0.003569|  2.5676e-03|   -6.123423|   -2.412773|   -0.187342|    0.001112|
|        1966|    0.002649|  2.5676e-03|   -6.123948|   -2.413300|   -0.187342|    0.001112|
|        1967|    0.002186|  2.5674e-03|   -6.124473|   -2.413832|   -0.187342|    0.001112|
|        1968|    0.002712|  2.5675e-03|   -6.124997|   -2.414350|   -0.187342|    0.001112|
|        1969|    0.002694|  2.5676e-03|   -6.125522|   -2.414843|   -0.187342|    0.001112|
|        1970|    0.002822|  2.5677e-03|   -6.126046|   -2.415315|   -0.187342|    0.001111|
|        1971|    0.001878|  2.5674e-03|   -6.126571|   -2.415776|   -0.187342|    0.001111|
|        1972|    0.002317|  2.5672e-03|   -6.127095|   -2.416236|   -0.187342|    0.001111|
|        1973|    0.002528|  2.5672e-03|   -6.127620|   -2.416702|   -0.187342|    0.001111|
|        1974|    0.002755|  2.5673e-03|   -6.128145|   -2.417174|   -0.187342|    0.001111|
|        1975|    0.002568|  2.5673e-03|   -6.128669|   -2.417652|   -0.187342|    0.001111|
|        1976|    0.001949|  2.5670e-03|   -6.129194|   -2.418134|   -0.187342|    0.001111|
|        1977|    0.002851|  2.5671e-03|   -6.129719|   -2.418618|   -0.187342|    0.001111|
|        1978|    0.003054|  2.5674e-03|   -6.130243|   -2.419105|   -0.187342|    0.001111|
|        1979|    0.002945|  2.5676e-03|   -6.130768|   -2.419597|   -0.187342|    0.001111|
|        1980|    0.001957|  2.5673e-03|   -6.131293|   -2.420094|   -0.187342|    0.001111|
|        1981|    0.002954|  2.5675e-03|   -6.131817|   -2.420596|   -0.187342|    0.001111|
|        1982|    0.003220|  2.5678e-03|   -6.132342|   -2.421104|   -0.187343|    0.001111|
|        1983|    0.003346|  2.5682e-03|   -6.132867|   -2.421616|   -0.187343|    0.001111|
|        1984|    0.003104|  2.5685e-03|   -6.133392|   -2.422132|   -0.187343|    0.001111|
|        1985|    0.003233|  2.5688e-03|   -6.133916|   -2.422650|   -0.187343|    0.001111|
|        1986|    0.003149|  2.5691e-03|   -6.134441|   -2.423171|   -0.187343|    0.001111|
|        1987|    0.003014|  2.5693e-03|   -6.134966|   -2.423694|   -0.187343|    0.001110|
|        1988|    0.002630|  2.5693e-03|   -6.135491|   -2.424219|   -0.187343|    0.001110|
|        1989|    0.003160|  2.5696e-03|   -6.136016|   -2.424745|   -0.187343|    0.001110|
|        1990|    0.002261|  2.5695e-03|   -6.136541|   -2.425271|   -0.187343|    0.001110|
|        1991|    0.001894|  2.5691e-03|   -6.137066|   -2.425798|   -0.187343|    0.001110|
|        1992|    0.003556|  2.5696e-03|   -6.137591|   -2.426324|   -0.187343|    0.001110|
|        1993|    0.002791|  2.5697e-03|   -6.138116|   -2.426850|   -0.187343|    0.001110|
|        1994|    0.001924|  2.5694e-03|   -6.138642|   -2.427376|   -0.187343|    0.001110|
|        1995|    0.003317|  2.5698e-03|   -6.139167|   -2.427900|   -0.187343|    0.001110|
|        1996|    0.002184|  2.5696e-03|   -6.139692|   -2.428424|   -0.187343|    0.001110|
|        1997|    0.002675|  2.5697e-03|   -6.140217|   -2.428947|   -0.187343|    0.001110|
|        1998|    0.002428|  2.5696e-03|   -6.140743|   -2.429469|   -0.187343|    0.001110|
|        1999|    0.002180|  2.5694e-03|   -6.141268|   -2.429990|   -0.187343|    0.001110|
|        2000|    0.002991|  2.5696e-03|   -6.141793|   -2.430510|   -0.187343|    0.001110|
+-----------------------------------------------------------------------+
|        File Writing Summary       |              Filename             |
+-----------------------------------------------------------------------+
|SU2 binary restart                 |restart_flow.dat                   |
|Paraview                           |flow.vtu                           |
|Paraview surface                   |surface_flow.vtu                   |
+-----------------------------------------------------------------------+
+------------------------------------------------------------------------------------------+
|  Inner_Iter|   Time(sec)|   Time(sec)|    rms[Rho]|   rms[RhoE]|          CL|          CD|
+------------------------------------------------------------------------------------------+
|        2001|    0.010409|  2.5735e-03|   -6.142319|   -2.431029|   -0.187343|    0.001110|
|        2002|    0.001978|  2.5732e-03|   -6.142844|   -2.431548|   -0.187343|    0.001110|
|        2003|    0.002216|  2.5730e-03|   -6.143370|   -2.432065|   -0.187343|    0.001109|
|        2004|    0.003597|  2.5735e-03|   -6.143896|   -2.432582|   -0.187343|    0.001109|
|        2005|    0.002825|  2.5737e-03|   -6.144421|   -2.433099|   -0.187343|    0.001109|
|        2006|    0.002487|  2.5736e-03|   -6.144947|   -2.433615|   -0.187344|    0.001109|
|        2007|    0.002678|  2.5737e-03|   -6.145473|   -2.434131|   -0.187344|    0.001109|
|        2008|    0.002726|  2.5738e-03|   -6.145998|   -2.434647|   -0.187344|    0.001109|
|        2009|    0.002177|  2.5736e-03|   -6.146524|   -2.435162|   -0.187344|    0.001109|
|        2010|    0.001855|  2.5732e-03|   -6.147050|   -2.435677|   -0.187344|    0.001109|
|        2011|    0.002600|  2.5732e-03|   -6.147576|   -2.436193|   -0.187344|    0.001109|
|        2012|    0.002808|  2.5733e-03|   -6.148102|   -2.436708|   -0.187344|    0.001109|
|        2013|    0.001907|  2.5730e-03|   -6.148628|   -2.437223|   -0.187344|    0.001109|
|        2014|    0.002164|  2.5728e-03|   -6.149235|   -2.283752|   -0.187345|    0.001109|
|        2015|    0.001901|  2.5725e-03|   -6.149970|   -2.411968|   -0.187344|    0.001109|
|        2016|    0.002408|  2.5724e-03|   -6.150860|   -2.272394|   -0.187345|    0.001109|
|        2017|    0.002346|  2.5723e-03|   -6.151651|   -2.416912|   -0.187344|    0.001108|
|        2018|    0.002016|  2.5720e-03|   -6.152484|   -2.284397|   -0.187345|    0.001108|
|        2019|    0.001967|  2.5717e-03|   -6.153223|   -2.419954|   -0.187344|    0.001108|
|        2020|    0.002441|  2.5716e-03|   -6.154044|   -2.279027|   -0.187345|    0.001108|
|        2021|    0.002013|  2.5714e-03|   -6.154803|   -2.416081|   -0.187344|    0.001108|
|        2022|    0.002069|  2.5711e-03|   -6.155637|   -2.276906|   -0.187345|    0.001108|
|        2023|    0.001849|  2.5708e-03|   -6.156400|   -2.415700|   -0.187344|    0.001108|
|        2024|    0.002834|  2.5709e-03|   -6.157228|   -2.277662|   -0.187345|    0.001108|
|        2025|    0.002685|  2.5709e-03|   -6.157989|   -2.416024|   -0.187345|    0.001108|
|        2026|    0.002349|  2.5708e-03|   -6.158816|   -2.277574|   -0.187345|    0.001108|
|        2027|    0.002973|  2.5710e-03|   -6.159580|   -2.416162|   -0.187345|    0.001108|
|        2028|    0.002205|  2.5708e-03|   -6.160406|   -2.278066|   -0.187345|    0.001108|
|        2029|    0.002575|  2.5708e-03|   -6.161173|   -2.416981|   -0.187345|    0.001107|
|        2030|    0.002323|  2.5707e-03|   -6.161998|   -2.279274|   -0.187345|    0.001107|
|        2031|    0.003162|  2.5710e-03|   -6.162766|   -2.418267|   -0.187345|    0.001107|
|        2032|    0.002856|  2.5712e-03|   -6.163531|   -2.423591|   -0.187345|    0.001107|
|        2033|    0.002999|  2.5714e-03|   -6.164109|   -2.439794|   -0.187345|    0.001107|
|        2034|    0.002766|  2.5715e-03|   -6.164583|   -2.450689|   -0.187345|    0.001107|
|        2035|    0.002833|  2.5716e-03|   -6.165048|   -2.450318|   -0.187345|    0.001107|
|        2036|    0.002001|  2.5713e-03|   -6.165616|   -2.287155|   -0.187346|    0.001107|
|        2037|    0.003261|  2.5717e-03|   -6.166381|   -2.415645|   -0.187345|    0.001107|
|        2038|    0.003039|  2.5719e-03|   -6.167278|   -2.277437|   -0.187346|    0.001107|
|        2039|    0.002719|  2.5720e-03|   -6.168094|   -2.426265|   -0.187346|    0.001107|
|        2040|    0.002212|  2.5718e-03|   -6.168865|   -2.435576|   -0.187345|    0.001107|
|        2041|    0.002017|  2.5715e-03|   -6.169424|   -2.453101|   -0.187345|    0.001107|
|        2042|    0.002228|  2.5713e-03|   -6.169880|   -2.462821|   -0.187345|    0.001107|
|        2043|    0.002961|  2.5715e-03|   -6.170396|   -2.302664|   -0.187346|    0.001107|
|        2044|    0.002647|  2.5716e-03|   -6.171134|   -2.424385|   -0.187346|    0.001106|
|        2045|    0.003089|  2.5718e-03|   -6.171956|   -2.426501|   -0.187346|    0.001106|
|        2046|    0.002169|  2.5716e-03|   -6.172598|   -2.446521|   -0.187346|    0.001106|
|        2047|    0.002058|  2.5714e-03|   -6.173100|   -2.463454|   -0.187346|    0.001106|
|        2048|    0.002604|  2.5714e-03|   -6.173557|   -2.467166|   -0.187346|    0.001106|
|        2049|    0.003063|  2.5716e-03|   -6.174032|   -2.462217|   -0.187346|    0.001106|
|        2050|    0.002071|  2.5714e-03|   -6.174546|   -2.456222|   -0.187346|    0.001106|
|        2051|    0.002748|  2.5715e-03|   -6.175089|   -2.453692|   -0.187346|    0.001106|
|        2052|    0.002677|  2.5715e-03|   -6.175639|   -2.455032|   -0.187346|    0.001106|
|        2053|    0.002158|  2.5713e-03|   -6.176181|   -2.458338|   -0.187346|    0.001106|
|        2054|    0.003402|  2.5717e-03|   -6.176710|   -2.461503|   -0.187346|    0.001106|
|        2055|    0.003190|  2.5720e-03|   -6.177232|   -2.463406|   -0.187346|    0.001106|
|        2056|    0.002095|  2.5718e-03|   -6.177753|   -2.464049|   -0.187346|    0.001106|
|        2057|    0.002618|  2.5718e-03|   -6.178277|   -2.464070|   -0.187346|    0.001106|
|        2058|    0.002617|  2.5718e-03|   -6.178805|   -2.464142|   -0.187346|    0.001106|
|        2059|    0.002035|  2.5716e-03|   -6.179335|   -2.464607|   -0.187346|    0.001106|
|        2060|    0.003051|  2.5718e-03|   -6.179865|   -2.465441|   -0.187346|    0.001106|
|        2061|    0.002883|  2.5720e-03|   -6.180394|   -2.466425|   -0.187346|    0.001106|
|        2062|    0.003017|  2.5722e-03|   -6.180921|   -2.467338|   -0.187346|    0.001105|
|        2063|    0.002505|  2.5721e-03|   -6.181448|   -2.468073|   -0.187346|    0.001105|
|        2064|    0.002768|  2.5722e-03|   -6.181975|   -2.468644|   -0.187346|    0.001105|
|        2065|    0.002658|  2.5723e-03|   -6.182502|   -2.469126|   -0.187346|    0.001105|
|        2066|    0.002618|  2.5723e-03|   -6.183030|   -2.469595|   -0.187346|    0.001105|
|        2067|    0.003422|  2.5727e-03|   -6.183558|   -2.470091|   -0.187346|    0.001105|
|        2068|    0.002931|  2.5729e-03|   -6.184086|   -2.470613|   -0.187346|    0.001105|
|        2069|    0.002051|  2.5726e-03|   -6.184614|   -2.471140|   -0.187347|    0.001105|
|        2070|    0.002797|  2.5727e-03|   -6.185141|   -2.471651|   -0.187347|    0.001105|
|        2071|    0.002229|  2.5726e-03|   -6.185669|   -2.472136|   -0.187347|    0.001105|
|        2072|    0.002307|  2.5724e-03|   -6.186196|   -2.472600|   -0.187347|    0.001105|
|        2073|    0.003379|  2.5728e-03|   -6.186724|   -2.473054|   -0.187347|    0.001105|
|        2074|    0.002689|  2.5729e-03|   -6.187252|   -2.473508|   -0.187347|    0.001105|
|        2075|    0.003263|  2.5732e-03|   -6.187780|   -2.473968|   -0.187347|    0.001105|
|        2076|    0.002782|  2.5733e-03|   -6.188308|   -2.474435|   -0.187347|    0.001105|
|        2077|    0.001925|  2.5730e-03|   -6.188835|   -2.474908|   -0.187347|    0.001105|
|        2078|    0.002248|  2.5729e-03|   -6.189363|   -2.475386|   -0.187347|    0.001105|
|        2079|    0.002836|  2.5730e-03|   -6.189891|   -2.475866|   -0.187347|    0.001105|
|        2080|    0.002073|  2.5727e-03|   -6.190419|   -2.476351|   -0.187347|    0.001105|
|        2081|    0.003360|  2.5731e-03|   -6.190947|   -2.476840|   -0.187347|    0.001104|
|        2082|    0.003157|  2.5734e-03|   -6.191475|   -2.477335|   -0.187347|    0.001104|
|        2083|    0.002455|  2.5733e-03|   -6.192003|   -2.477836|   -0.187347|    0.001104|
|        2084|    0.002133|  2.5731e-03|   -6.192531|   -2.478343|   -0.187347|    0.001104|
|        2085|    0.002199|  2.5730e-03|   -6.193060|   -2.478854|   -0.187347|    0.001104|
|        2086|    0.002761|  2.5730e-03|   -6.193588|   -2.479369|   -0.187347|    0.001104|
|        2087|    0.002773|  2.5731e-03|   -6.194116|   -2.479887|   -0.187347|    0.001104|
|        2088|    0.001944|  2.5728e-03|   -6.194644|   -2.480408|   -0.187347|    0.001104|
|        2089|    0.002058|  2.5726e-03|   -6.195173|   -2.480930|   -0.187347|    0.001104|
|        2090|    0.001927|  2.5723e-03|   -6.195701|   -2.481455|   -0.187347|    0.001104|
|        2091|    0.001995|  2.5720e-03|   -6.196230|   -2.481980|   -0.187347|    0.001104|
|        2092|    0.001869|  2.5717e-03|   -6.196758|   -2.482506|   -0.187347|    0.001104|
|        2093|    0.002469|  2.5716e-03|   -6.197287|   -2.483033|   -0.187348|    0.001104|
|        2094|    0.002073|  2.5714e-03|   -6.197815|   -2.483559|   -0.187348|    0.001104|
|        2095|    0.001949|  2.5711e-03|   -6.198344|   -2.484084|   -0.187348|    0.001104|
|        2096|    0.001901|  2.5708e-03|   -6.198873|   -2.484609|   -0.187348|    0.001104|
|        2097|    0.002975|  2.5710e-03|   -6.199402|   -2.485133|   -0.187348|    0.001104|
|        2098|    0.002733|  2.5710e-03|   -6.199930|   -2.485656|   -0.187348|    0.001104|
|        2099|    0.002221|  2.5709e-03|   -6.200459|   -2.486178|   -0.187348|    0.001104|
|        2100|    0.002393|  2.5708e-03|   -6.200988|   -2.486699|   -0.187348|    0.001104|
|        2101|    0.001900|  2.5705e-03|   -6.201517|   -2.487219|   -0.187348|    0.001103|
|        2102|    0.002542|  2.5705e-03|   -6.202046|   -2.487738|   -0.187348|    0.001103|
|        2103|    0.001921|  2.5701e-03|   -6.202576|   -2.488256|   -0.187348|    0.001103|
|        2104|    0.001878|  2.5698e-03|   -6.203105|   -2.488773|   -0.187348|    0.001103|
|        2105|    0.002146|  2.5696e-03|   -6.203634|   -2.489289|   -0.187348|    0.001103|
|        2106|    0.001998|  2.5693e-03|   -6.204163|   -2.489804|   -0.187348|    0.001103|
|        2107|    0.001884|  2.5690e-03|   -6.204693|   -2.490319|   -0.187348|    0.001103|
|        2108|    0.002033|  2.5688e-03|   -6.205222|   -2.490834|   -0.187348|    0.001103|
|        2109|    0.003427|  2.5692e-03|   -6.205752|   -2.491348|   -0.187348|    0.001103|
|        2110|    0.003213|  2.5695e-03|   -6.206281|   -2.491862|   -0.187348|    0.001103|
|        2111|    0.002846|  2.5696e-03|   -6.206811|   -2.492376|   -0.187348|    0.001103|
|        2112|    0.003083|  2.5699e-03|   -6.207341|   -2.492890|   -0.187348|    0.001103|
|        2113|    0.002720|  2.5699e-03|   -6.207870|   -2.493404|   -0.187348|    0.001103|
|        2114|    0.003015|  2.5701e-03|   -6.208400|   -2.493917|   -0.187348|    0.001103|
|        2115|    0.002862|  2.5703e-03|   -6.208930|   -2.494431|   -0.187348|    0.001103|
|        2116|    0.003429|  2.5707e-03|   -6.209490|   -2.337053|   -0.187349|    0.001103|
|        2117|    0.002569|  2.5707e-03|   -6.210276|   -2.467889|   -0.187349|    0.001103|
|        2118|    0.002207|  2.5705e-03|   -6.211132|   -2.325003|   -0.187349|    0.001103|
|        2119|    0.001914|  2.5702e-03|   -6.211975|   -2.473074|   -0.187349|    0.001102|
|        2120|    0.001825|  2.5698e-03|   -6.212770|   -2.337164|   -0.187349|    0.001102|
|        2121|    0.001849|  2.5695e-03|   -6.213560|   -2.475929|   -0.187349|    0.001102|
|        2122|    0.001834|  2.5692e-03|   -6.214344|   -2.331425|   -0.187349|    0.001102|
|        2123|    0.002087|  2.5689e-03|   -6.215154|   -2.471699|   -0.187349|    0.001102|
|        2124|    0.002814|  2.5690e-03|   -6.215951|   -2.329170|   -0.187349|    0.001102|
|        2125|    0.001923|  2.5687e-03|   -6.216765|   -2.471189|   -0.187349|    0.001102|
|        2126|    0.001856|  2.5684e-03|   -6.217557|   -2.329849|   -0.187350|    0.001102|
|        2127|    0.001928|  2.5681e-03|   -6.218369|   -2.471411|   -0.187349|    0.001102|
|        2128|    0.001821|  2.5678e-03|   -6.219158|   -2.329691|   -0.187350|    0.001102|
|        2129|    0.001838|  2.5674e-03|   -6.219974|   -2.471480|   -0.187349|    0.001102|
|        2130|    0.001794|  2.5670e-03|   -6.220763|   -2.330157|   -0.187350|    0.001102|
|        2131|    0.002728|  2.5671e-03|   -6.221581|   -2.472282|   -0.187349|    0.001102|
|        2132|    0.002785|  2.5672e-03|   -6.222369|   -2.331362|   -0.187350|    0.001102|
|        2133|    0.001843|  2.5669e-03|   -6.223188|   -2.473579|   -0.187350|    0.001101|
|        2134|    0.001863|  2.5666e-03|   -6.223969|   -2.478856|   -0.187349|    0.001101|
|        2135|    0.001806|  2.5662e-03|   -6.224551|   -2.496065|   -0.187349|    0.001101|
|        2136|    0.001816|  2.5659e-03|   -6.225027|   -2.507390|   -0.187349|    0.001101|
|        2137|    0.001830|  2.5655e-03|   -6.225494|   -2.506846|   -0.187349|    0.001101|
|        2138|    0.001909|  2.5652e-03|   -6.226012|   -2.339791|   -0.187350|    0.001101|
|        2139|    0.002472|  2.5652e-03|   -6.226831|   -2.470909|   -0.187350|    0.001101|
|        2140|    0.001842|  2.5648e-03|   -6.227694|   -2.329756|   -0.187350|    0.001101|
|        2141|    0.002550|  2.5648e-03|   -6.228563|   -2.482178|   -0.187350|    0.001101|
|        2142|    0.002028|  2.5646e-03|   -6.229349|   -2.491565|   -0.187350|    0.001101|
|        2143|    0.001815|  2.5642e-03|   -6.229911|   -2.510052|   -0.187350|    0.001101|
|        2144|    0.001826|  2.5639e-03|   -6.230368|   -2.520047|   -0.187350|    0.001101|
|        2145|    0.001912|  2.5636e-03|   -6.230834|   -2.355577|   -0.187350|    0.001101|
|        2146|    0.001851|  2.5632e-03|   -6.231625|   -2.479749|   -0.187350|    0.001101|
|        2147|    0.001837|  2.5629e-03|   -6.232466|   -2.481890|   -0.187350|    0.001101|
|        2148|    0.001825|  2.5626e-03|   -6.233113|   -2.503206|   -0.187350|    0.001101|
|        2149|    0.001872|  2.5622e-03|   -6.233617|   -2.520854|   -0.187350|    0.001101|
|        2150|    0.001823|  2.5619e-03|   -6.234075|   -2.524446|   -0.187350|    0.001101|
|        2151|    0.003313|  2.5622e-03|   -6.234553|   -2.519049|   -0.187350|    0.001100|
|        2152|    0.002951|  2.5624e-03|   -6.235072|   -2.512766|   -0.187350|    0.001100|
|        2153|    0.002356|  2.5623e-03|   -6.235620|   -2.510229|   -0.187350|    0.001100|
|        2154|    0.002537|  2.5623e-03|   -6.236175|   -2.511737|   -0.187350|    0.001100|
|        2155|    0.002265|  2.5622e-03|   -6.236721|   -2.515233|   -0.187350|    0.001100|
|        2156|    0.002935|  2.5623e-03|   -6.237254|   -2.518516|   -0.187350|    0.001100|
|        2157|    0.003072|  2.5626e-03|   -6.237780|   -2.520447|   -0.187350|    0.001100|
|        2158|    0.002847|  2.5627e-03|   -6.238305|   -2.521066|   -0.187350|    0.001100|
|        2159|    0.002132|  2.5625e-03|   -6.238833|   -2.521059|   -0.187351|    0.001100|
|        2160|    0.002461|  2.5625e-03|   -6.239365|   -2.521126|   -0.187351|    0.001100|
|        2161|    0.003350|  2.5628e-03|   -6.239900|   -2.521608|   -0.187351|    0.001100|
|        2162|    0.003083|  2.5631e-03|   -6.240434|   -2.522469|   -0.187351|    0.001100|
|        2163|    0.001932|  2.5628e-03|   -6.240968|   -2.523473|   -0.187351|    0.001100|
|        2164|    0.002122|  2.5626e-03|   -6.241500|   -2.524395|   -0.187351|    0.001100|
|        2165|    0.002823|  2.5627e-03|   -6.242031|   -2.525130|   -0.187351|    0.001100|
|        2166|    0.003721|  2.5632e-03|   -6.242562|   -2.525694|   -0.187351|    0.001100|
|        2167|    0.003152|  2.5635e-03|   -6.243094|   -2.526169|   -0.187351|    0.001100|
|        2168|    0.001919|  2.5632e-03|   -6.243626|   -2.526633|   -0.187351|    0.001100|
|        2169|    0.002678|  2.5633e-03|   -6.244159|   -2.527124|   -0.187351|    0.001100|
|        2170|    0.002373|  2.5632e-03|   -6.244691|   -2.527642|   -0.187351|    0.001100|
|        2171|    0.002779|  2.5633e-03|   -6.245223|   -2.528164|   -0.187351|    0.001100|
|        2172|    0.002746|  2.5633e-03|   -6.245756|   -2.528669|   -0.187351|    0.001100|
|        2173|    0.002121|  2.5631e-03|   -6.246288|   -2.529147|   -0.187351|    0.001099|
|        2174|    0.003496|  2.5636e-03|   -6.246820|   -2.529605|   -0.187351|    0.001099|
|        2175|    0.002741|  2.5637e-03|   -6.247352|   -2.530053|   -0.187351|    0.001099|
|        2176|    0.002507|  2.5636e-03|   -6.247885|   -2.530501|   -0.187351|    0.001099|
|        2177|    0.001849|  2.5633e-03|   -6.248417|   -2.530957|   -0.187351|    0.001099|
|        2178|    0.002315|  2.5632e-03|   -6.248950|   -2.531420|   -0.187351|    0.001099|
|        2179|    0.003329|  2.5635e-03|   -6.249482|   -2.531891|   -0.187351|    0.001099|
|        2180|    0.002822|  2.5637e-03|   -6.250015|   -2.532366|   -0.187351|    0.001099|
|        2181|    0.003415|  2.5640e-03|   -6.250547|   -2.532844|   -0.187351|    0.001099|
|        2182|    0.003088|  2.5643e-03|   -6.251080|   -2.533327|   -0.187351|    0.001099|
|        2183|    0.004406|  2.5651e-03|   -6.251613|   -2.533816|   -0.187351|    0.001099|
|        2184|    0.003256|  2.5654e-03|   -6.252146|   -2.534310|   -0.187351|    0.001099|
|        2185|    0.003002|  2.5656e-03|   -6.252678|   -2.534811|   -0.187352|    0.001099|
|        2186|    0.002366|  2.5656e-03|   -6.253211|   -2.535318|   -0.187352|    0.001099|
|        2187|    0.002816|  2.5657e-03|   -6.253744|   -2.535830|   -0.187352|    0.001099|
|        2188|    0.001910|  2.5654e-03|   -6.254277|   -2.536345|   -0.187352|    0.001099|
|        2189|    0.002267|  2.5652e-03|   -6.254810|   -2.536864|   -0.187352|    0.001099|
|        2190|    0.003293|  2.5656e-03|   -6.255344|   -2.537386|   -0.187352|    0.001099|
|        2191|    0.002825|  2.5657e-03|   -6.255877|   -2.537910|   -0.187352|    0.001099|
|        2192|    0.002709|  2.5658e-03|   -6.256410|   -2.538436|   -0.187352|    0.001099|
|        2193|    0.002979|  2.5659e-03|   -6.256943|   -2.538962|   -0.187352|    0.001099|
|        2194|    0.002596|  2.5660e-03|   -6.257477|   -2.539490|   -0.187352|    0.001099|
|        2195|    0.002875|  2.5661e-03|   -6.258010|   -2.540017|   -0.187352|    0.001099|
|        2196|    0.004139|  2.5668e-03|   -6.258544|   -2.540544|   -0.187352|    0.001098|
|        2197|    0.002309|  2.5667e-03|   -6.259078|   -2.541070|   -0.187352|    0.001098|
|        2198|    0.003208|  2.5670e-03|   -6.259611|   -2.541596|   -0.187352|    0.001098|
|        2199|    0.002647|  2.5670e-03|   -6.260145|   -2.542120|   -0.187352|    0.001098|
|        2200|    0.003222|  2.5673e-03|   -6.260679|   -2.542644|   -0.187352|    0.001098|
|        2201|    0.003150|  2.5676e-03|   -6.261213|   -2.543166|   -0.187352|    0.001098|
|        2202|    0.003445|  2.5680e-03|   -6.261747|   -2.543687|   -0.187352|    0.001098|
|        2203|    0.002841|  2.5681e-03|   -6.262281|   -2.544207|   -0.187352|    0.001098|
|        2204|    0.002473|  2.5681e-03|   -6.262815|   -2.544726|   -0.187352|    0.001098|
|        2205|    0.003540|  2.5685e-03|   -6.263349|   -2.545244|   -0.187352|    0.001098|
|        2206|    0.004031|  2.5692e-03|   -6.263883|   -2.545761|   -0.187352|    0.001098|
|        2207|    0.002855|  2.5693e-03|   -6.264418|   -2.546277|   -0.187352|    0.001098|
|        2208|    0.001922|  2.5690e-03|   -6.264952|   -2.546792|   -0.187352|    0.001098|
|        2209|    0.002793|  2.5691e-03|   -6.265487|   -2.547307|   -0.187352|    0.001098|
|        2210|    0.002771|  2.5692e-03|   -6.266021|   -2.547821|   -0.187352|    0.001098|
|        2211|    0.002373|  2.5691e-03|   -6.266556|   -2.548335|   -0.187353|    0.001098|
|        2212|    0.002593|  2.5691e-03|   -6.267091|   -2.548849|   -0.187353|    0.001098|
|        2213|    0.003554|  2.5696e-03|   -6.267625|   -2.549363|   -0.187353|    0.001098|
|        2214|    0.002585|  2.5696e-03|   -6.268160|   -2.549876|   -0.187353|    0.001098|
|        2215|    0.002916|  2.5697e-03|   -6.268695|   -2.550389|   -0.187353|    0.001098|
|        2216|    0.002328|  2.5696e-03|   -6.269230|   -2.550903|   -0.187353|    0.001098|
|        2217|    0.001944|  2.5693e-03|   -6.269765|   -2.551416|   -0.187353|    0.001098|
|        2218|    0.003221|  2.5696e-03|   -6.270279|   -2.390268|   -0.187353|    0.001098|
|        2219|    0.002920|  2.5698e-03|   -6.271120|   -2.523666|   -0.187353|    0.001097|
|        2220|    0.002464|  2.5697e-03|   -6.271943|   -2.377559|   -0.187353|    0.001097|
|        2221|    0.002011|  2.5695e-03|   -6.272839|   -2.529064|   -0.187353|    0.001097|
|        2222|    0.001836|  2.5692e-03|   -6.273600|   -2.389830|   -0.187353|    0.001097|
|        2223|    0.002682|  2.5692e-03|   -6.274442|   -2.531713|   -0.187353|    0.001097|
|        2224|    0.002866|  2.5693e-03|   -6.275191|   -2.383746|   -0.187354|    0.001097|
|        2225|    0.001939|  2.5691e-03|   -6.276054|   -2.527138|   -0.187353|    0.001097|
|        2226|    0.002653|  2.5691e-03|   -6.276816|   -2.381366|   -0.187354|    0.001097|
|        2227|    0.003287|  2.5694e-03|   -6.277684|   -2.526503|   -0.187353|    0.001097|
|        2228|    0.003167|  2.5697e-03|   -6.278440|   -2.381970|   -0.187354|    0.001097|
|        2229|    0.002989|  2.5699e-03|   -6.279306|   -2.526625|   -0.187353|    0.001097|
|        2230|    0.003439|  2.5703e-03|   -6.280059|   -2.381750|   -0.187354|    0.001097|
|        2231|    0.003146|  2.5705e-03|   -6.280929|   -2.526634|   -0.187353|    0.001097|
|        2232|    0.003146|  2.5708e-03|   -6.281682|   -2.382198|   -0.187354|    0.001097|
|        2233|    0.002553|  2.5708e-03|   -6.282554|   -2.527427|   -0.187354|    0.001097|
|        2234|    0.002328|  2.5707e-03|   -6.283306|   -2.383406|   -0.187354|    0.001097|
|        2235|    0.002187|  2.5705e-03|   -6.284179|   -2.528741|   -0.187354|    0.001096|
|        2236|    0.002990|  2.5707e-03|   -6.284977|   -2.533948|   -0.187354|    0.001096|
|        2237|    0.002667|  2.5707e-03|   -6.285564|   -2.552115|   -0.187354|    0.001096|
|        2238|    0.001941|  2.5704e-03|   -6.286043|   -2.563847|   -0.187354|    0.001096|
|        2239|    0.002785|  2.5705e-03|   -6.286513|   -2.563147|   -0.187354|    0.001096|
|        2240|    0.003282|  2.5709e-03|   -6.286985|   -2.392409|   -0.187354|    0.001096|
|        2241|    0.003168|  2.5711e-03|   -6.287858|   -2.526100|   -0.187354|    0.001096|
|        2242|    0.003028|  2.5713e-03|   -6.288689|   -2.382093|   -0.187354|    0.001096|
|        2243|    0.003369|  2.5717e-03|   -6.289612|   -2.537980|   -0.187354|    0.001096|
|        2244|    0.003094|  2.5719e-03|   -6.290415|   -2.547402|   -0.187354|    0.001096|
|        2245|    0.002556|  2.5719e-03|   -6.290982|   -2.566801|   -0.187354|    0.001096|
|        2246|    0.002731|  2.5720e-03|   -6.291441|   -2.577049|   -0.187354|    0.001096|
|        2247|    0.002150|  2.5718e-03|   -6.291859|   -2.408453|   -0.187355|    0.001096|
|        2248|    0.001914|  2.5715e-03|   -6.292704|   -2.535040|   -0.187355|    0.001096|
|        2249|    0.003379|  2.5719e-03|   -6.293565|   -2.537192|   -0.187354|    0.001096|
|        2250|    0.003113|  2.5721e-03|   -6.294219|   -2.559739|   -0.187354|    0.001096|
+-----------------------------------------------------------------------+
|        File Writing Summary       |              Filename             |
+-----------------------------------------------------------------------+
|SU2 binary restart                 |restart_flow.dat                   |
|Paraview                           |flow.vtu                           |
|Paraview surface                   |surface_flow.vtu                   |
+-----------------------------------------------------------------------+
+------------------------------------------------------------------------------------------+
|  Inner_Iter|   Time(sec)|   Time(sec)|    rms[Rho]|   rms[RhoE]|          CL|          CD|
+------------------------------------------------------------------------------------------+
|        2251|    0.012245|  2.5764e-03|   -6.294726|   -2.578055|   -0.187354|    0.001096|
|        2252|    0.003111|  2.5766e-03|   -6.295187|   -2.581517|   -0.187354|    0.001096|
|        2253|    0.003158|  2.5769e-03|   -6.295669|   -2.575697|   -0.187354|    0.001096|
|        2254|    0.002327|  2.5768e-03|   -6.296194|   -2.569156|   -0.187354|    0.001096|
|        2255|    0.002527|  2.5767e-03|   -6.296748|   -2.566630|   -0.187355|    0.001096|
|        2256|    0.003776|  2.5773e-03|   -6.297309|   -2.568307|   -0.187355|    0.001096|
|        2257|    0.003113|  2.5775e-03|   -6.297860|   -2.571985|   -0.187355|    0.001096|
|        2258|    0.002425|  2.5775e-03|   -6.298399|   -2.575378|   -0.187355|    0.001095|
|        2259|    0.003095|  2.5777e-03|   -6.298930|   -2.577334|   -0.187355|    0.001095|
|        2260|    0.002344|  2.5776e-03|   -6.299460|   -2.577931|   -0.187355|    0.001095|
|        2261|    0.002951|  2.5777e-03|   -6.299994|   -2.577901|   -0.187355|    0.001095|
|        2262|    0.002920|  2.5779e-03|   -6.300532|   -2.577966|   -0.187355|    0.001095|
|        2263|    0.003147|  2.5781e-03|   -6.301072|   -2.578468|   -0.187355|    0.001095|
|        2264|    0.002210|  2.5780e-03|   -6.301612|   -2.579354|   -0.187355|    0.001095|
|        2265|    0.002595|  2.5780e-03|   -6.302151|   -2.580379|   -0.187355|    0.001095|
|        2266|    0.002148|  2.5778e-03|   -6.302689|   -2.581310|   -0.187355|    0.001095|
|        2267|    0.002013|  2.5776e-03|   -6.303226|   -2.582043|   -0.187355|    0.001095|
|        2268|    0.002094|  2.5773e-03|   -6.303763|   -2.582602|   -0.187355|    0.001095|
|        2269|    0.003046|  2.5775e-03|   -6.304300|   -2.583070|   -0.187355|    0.001095|
|        2270|    0.002333|  2.5774e-03|   -6.304838|   -2.583530|   -0.187355|    0.001095|
|        2271|    0.002143|  2.5772e-03|   -6.305376|   -2.584018|   -0.187355|    0.001095|
|        2272|    0.003280|  2.5776e-03|   -6.305914|   -2.584533|   -0.187355|    0.001095|
|        2273|    0.003519|  2.5780e-03|   -6.306452|   -2.585051|   -0.187355|    0.001095|
|        2274|    0.002402|  2.5779e-03|   -6.306990|   -2.585550|   -0.187355|    0.001095|
|        2275|    0.002472|  2.5778e-03|   -6.307528|   -2.586024|   -0.187355|    0.001095|
|        2276|    0.003857|  2.5784e-03|   -6.308066|   -2.586476|   -0.187355|    0.001095|
|        2277|    0.003318|  2.5787e-03|   -6.308604|   -2.586919|   -0.187355|    0.001095|
|        2278|    0.003046|  2.5789e-03|   -6.309142|   -2.587363|   -0.187355|    0.001095|
|        2279|    0.002943|  2.5791e-03|   -6.309681|   -2.587816|   -0.187355|    0.001095|
|        2280|    0.003186|  2.5794e-03|   -6.310219|   -2.588278|   -0.187355|    0.001095|
|        2281|    0.002868|  2.5795e-03|   -6.310757|   -2.588746|   -0.187355|    0.001095|
|        2282|    0.002604|  2.5795e-03|   -6.311296|   -2.589220|   -0.187355|    0.001095|
|        2283|    0.002881|  2.5796e-03|   -6.311834|   -2.589698|   -0.187356|    0.001095|
|        2284|    0.001915|  2.5793e-03|   -6.312373|   -2.590181|   -0.187356|    0.001094|
|        2285|    0.001959|  2.5791e-03|   -6.312911|   -2.590670|   -0.187356|    0.001094|
|        2286|    0.002757|  2.5791e-03|   -6.313450|   -2.591165|   -0.187356|    0.001094|
|        2287|    0.002540|  2.5791e-03|   -6.313989|   -2.591668|   -0.187356|    0.001094|
|        2288|    0.002191|  2.5790e-03|   -6.314528|   -2.592176|   -0.187356|    0.001094|
|        2289|    0.001978|  2.5787e-03|   -6.315067|   -2.592690|   -0.187356|    0.001094|
|        2290|    0.001871|  2.5784e-03|   -6.315606|   -2.593208|   -0.187356|    0.001094|
|        2291|    0.002666|  2.5784e-03|   -6.316145|   -2.593729|   -0.187356|    0.001094|
|        2292|    0.002202|  2.5783e-03|   -6.316684|   -2.594254|   -0.187356|    0.001094|
|        2293|    0.002470|  2.5782e-03|   -6.317223|   -2.594780|   -0.187356|    0.001094|
|        2294|    0.002858|  2.5783e-03|   -6.317762|   -2.595308|   -0.187356|    0.001094|
|        2295|    0.003250|  2.5786e-03|   -6.318302|   -2.595837|   -0.187356|    0.001094|
|        2296|    0.002652|  2.5787e-03|   -6.318841|   -2.596367|   -0.187356|    0.001094|
|        2297|    0.002158|  2.5785e-03|   -6.319381|   -2.596896|   -0.187356|    0.001094|
|        2298|    0.001885|  2.5782e-03|   -6.319920|   -2.597426|   -0.187356|    0.001094|
|        2299|    0.002233|  2.5780e-03|   -6.320460|   -2.597954|   -0.187356|    0.001094|
|        2300|    0.003191|  2.5783e-03|   -6.321000|   -2.598482|   -0.187356|    0.001094|
|        2301|    0.002230|  2.5781e-03|   -6.321540|   -2.599008|   -0.187356|    0.001094|
|        2302|    0.002729|  2.5782e-03|   -6.322079|   -2.599533|   -0.187356|    0.001094|
|        2303|    0.002817|  2.5783e-03|   -6.322620|   -2.600057|   -0.187356|    0.001094|
|        2304|    0.001863|  2.5780e-03|   -6.323160|   -2.600580|   -0.187356|    0.001094|
|        2305|    0.003341|  2.5783e-03|   -6.323700|   -2.601101|   -0.187356|    0.001094|
|        2306|    0.003945|  2.5789e-03|   -6.324240|   -2.601621|   -0.187356|    0.001094|
|        2307|    0.003295|  2.5792e-03|   -6.324780|   -2.602140|   -0.187356|    0.001094|
|        2308|    0.002233|  2.5791e-03|   -6.325321|   -2.602658|   -0.187356|    0.001094|
|        2309|    0.002696|  2.5791e-03|   -6.325861|   -2.603176|   -0.187356|    0.001094|
|        2310|    0.002109|  2.5789e-03|   -6.326402|   -2.603692|   -0.187356|    0.001094|
|        2311|    0.002746|  2.5790e-03|   -6.326943|   -2.604208|   -0.187357|    0.001094|
|        2312|    0.002034|  2.5788e-03|   -6.327484|   -2.604723|   -0.187357|    0.001093|
|        2313|    0.001847|  2.5785e-03|   -6.328024|   -2.605238|   -0.187357|    0.001093|
|        2314|    0.002550|  2.5784e-03|   -6.328565|   -2.605753|   -0.187357|    0.001093|
|        2315|    0.003007|  2.5786e-03|   -6.329106|   -2.606267|   -0.187357|    0.001093|
|        2316|    0.001874|  2.5783e-03|   -6.329647|   -2.606782|   -0.187357|    0.001093|
|        2317|    0.002833|  2.5784e-03|   -6.330189|   -2.607296|   -0.187357|    0.001093|
|        2318|    0.002225|  2.5783e-03|   -6.330730|   -2.607811|   -0.187357|    0.001093|
|        2319|    0.002640|  2.5783e-03|   -6.331271|   -2.608325|   -0.187357|    0.001093|
|        2320|    0.001873|  2.5780e-03|   -6.331742|   -2.443568|   -0.187357|    0.001093|
|        2321|    0.002521|  2.5780e-03|   -6.332636|   -2.579456|   -0.187357|    0.001093|
|        2322|    0.003080|  2.5782e-03|   -6.333429|   -2.430240|   -0.187357|    0.001093|
|        2323|    0.002985|  2.5784e-03|   -6.334380|   -2.585038|   -0.187357|    0.001093|
|        2324|    0.002309|  2.5783e-03|   -6.335108|   -2.442576|   -0.187357|    0.001093|
|        2325|    0.002586|  2.5783e-03|   -6.336004|   -2.587465|   -0.187357|    0.001093|
|        2326|    0.003299|  2.5786e-03|   -6.336721|   -2.436173|   -0.187358|    0.001093|
|        2327|    0.002925|  2.5787e-03|   -6.337638|   -2.582559|   -0.187357|    0.001093|
|        2328|    0.002855|  2.5788e-03|   -6.338367|   -2.433677|   -0.187358|    0.001093|
|        2329|    0.002669|  2.5789e-03|   -6.339289|   -2.581801|   -0.187357|    0.001093|
|        2330|    0.001877|  2.5786e-03|   -6.340012|   -2.434208|   -0.187358|    0.001093|
|        2331|    0.001975|  2.5783e-03|   -6.340932|   -2.581829|   -0.187357|    0.001093|
|        2332|    0.001882|  2.5780e-03|   -6.341652|   -2.433934|   -0.187358|    0.001093|
|        2333|    0.001902|  2.5777e-03|   -6.342576|   -2.581786|   -0.187358|    0.001092|
|        2334|    0.002593|  2.5777e-03|   -6.343296|   -2.434370|   -0.187358|    0.001092|
|        2335|    0.002629|  2.5778e-03|   -6.344223|   -2.582578|   -0.187358|    0.001092|
|        2336|    0.002928|  2.5779e-03|   -6.344942|   -2.435588|   -0.187358|    0.001092|
|        2337|    0.002202|  2.5777e-03|   -6.345869|   -2.583916|   -0.187358|    0.001092|
|        2338|    0.002905|  2.5779e-03|   -6.346686|   -2.589030|   -0.187358|    0.001092|
|        2339|    0.002248|  2.5777e-03|   -6.347279|   -2.608100|   -0.187358|    0.001092|
|        2340|    0.002462|  2.5777e-03|   -6.347761|   -2.620215|   -0.187358|    0.001092|
|        2341|    0.002359|  2.5776e-03|   -6.348236|   -2.619377|   -0.187358|    0.001092|
|        2342|    0.002248|  2.5775e-03|   -6.348663|   -2.445182|   -0.187358|    0.001092|
|        2343|    0.001966|  2.5772e-03|   -6.349592|   -2.581376|   -0.187358|    0.001092|
|        2344|    0.001863|  2.5769e-03|   -6.350392|   -2.434624|   -0.187358|    0.001092|
|        2345|    0.001879|  2.5766e-03|   -6.351371|   -2.593825|   -0.187358|    0.001092|
|        2346|    0.002121|  2.5764e-03|   -6.352192|   -2.603247|   -0.187358|    0.001092|
|        2347|    0.002268|  2.5763e-03|   -6.352765|   -2.623498|   -0.187358|    0.001092|
|        2348|    0.001901|  2.5760e-03|   -6.353228|   -2.633976|   -0.187358|    0.001092|
|        2349|    0.002256|  2.5758e-03|   -6.353599|   -2.461466|   -0.187359|    0.001092|
|        2350|    0.001888|  2.5756e-03|   -6.354499|   -2.590417|   -0.187358|    0.001092|
|        2351|    0.002139|  2.5754e-03|   -6.355381|   -2.592565|   -0.187358|    0.001092|
|        2352|    0.002887|  2.5755e-03|   -6.356044|   -2.616271|   -0.187358|    0.001092|
|        2353|    0.001962|  2.5752e-03|   -6.356555|   -2.635203|   -0.187358|    0.001092|
|        2354|    0.002478|  2.5752e-03|   -6.357019|   -2.638526|   -0.187358|    0.001092|
|        2355|    0.002656|  2.5752e-03|   -6.357507|   -2.632310|   -0.187358|    0.001092|
|        2356|    0.002811|  2.5753e-03|   -6.358038|   -2.625545|   -0.187358|    0.001092|
|        2357|    0.002212|  2.5752e-03|   -6.358599|   -2.623048|   -0.187358|    0.001092|
|        2358|    0.002547|  2.5752e-03|   -6.359167|   -2.624891|   -0.187358|    0.001091|
|        2359|    0.002713|  2.5752e-03|   -6.359725|   -2.628743|   -0.187359|    0.001091|
|        2360|    0.002844|  2.5753e-03|   -6.360270|   -2.632236|   -0.187359|    0.001091|
|        2361|    0.003004|  2.5755e-03|   -6.360807|   -2.634214|   -0.187359|    0.001091|
|        2362|    0.002749|  2.5756e-03|   -6.361344|   -2.634793|   -0.187359|    0.001091|
|        2363|    0.001994|  2.5753e-03|   -6.361884|   -2.634745|   -0.187359|    0.001091|
|        2364|    0.001861|  2.5750e-03|   -6.362429|   -2.634813|   -0.187359|    0.001091|
|        2365|    0.002744|  2.5751e-03|   -6.362975|   -2.635334|   -0.187359|    0.001091|
|        2366|    0.001910|  2.5748e-03|   -6.363522|   -2.636246|   -0.187359|    0.001091|
|        2367|    0.002556|  2.5748e-03|   -6.364067|   -2.637289|   -0.187359|    0.001091|
|        2368|    0.002912|  2.5750e-03|   -6.364612|   -2.638228|   -0.187359|    0.001091|
|        2369|    0.002523|  2.5749e-03|   -6.365155|   -2.638961|   -0.187359|    0.001091|
|        2370|    0.002441|  2.5749e-03|   -6.365699|   -2.639515|   -0.187359|    0.001091|
|        2371|    0.002420|  2.5748e-03|   -6.366243|   -2.639979|   -0.187359|    0.001091|
|        2372|    0.002687|  2.5749e-03|   -6.366787|   -2.640435|   -0.187359|    0.001091|
|        2373|    0.002058|  2.5747e-03|   -6.367332|   -2.640921|   -0.187359|    0.001091|
|        2374|    0.001914|  2.5744e-03|   -6.367877|   -2.641434|   -0.187359|    0.001091|
|        2375|    0.002208|  2.5742e-03|   -6.368421|   -2.641948|   -0.187359|    0.001091|
|        2376|    0.003300|  2.5745e-03|   -6.368966|   -2.642444|   -0.187359|    0.001091|
|        2377|    0.003183|  2.5748e-03|   -6.369511|   -2.642912|   -0.187359|    0.001091|
|        2378|    0.003065|  2.5750e-03|   -6.370055|   -2.643360|   -0.187359|    0.001091|
|        2379|    0.003131|  2.5752e-03|   -6.370600|   -2.643800|   -0.187359|    0.001091|
|        2380|    0.003231|  2.5755e-03|   -6.371145|   -2.644243|   -0.187359|    0.001091|
|        2381|    0.003714|  2.5760e-03|   -6.371690|   -2.644694|   -0.187359|    0.001091|
|        2382|    0.002085|  2.5758e-03|   -6.372235|   -2.645154|   -0.187359|    0.001091|
|        2383|    0.003963|  2.5764e-03|   -6.372780|   -2.645622|   -0.187359|    0.001091|
|        2384|    0.003317|  2.5767e-03|   -6.373326|   -2.646096|   -0.187359|    0.001091|
|        2385|    0.002476|  2.5766e-03|   -6.373871|   -2.646575|   -0.187359|    0.001091|
|        2386|    0.002704|  2.5767e-03|   -6.374416|   -2.647060|   -0.187359|    0.001091|
|        2387|    0.002087|  2.5765e-03|   -6.374962|   -2.647551|   -0.187359|    0.001091|
|        2388|    0.001890|  2.5762e-03|   -6.375507|   -2.648049|   -0.187360|    0.001091|
|        2389|    0.003307|  2.5765e-03|   -6.376053|   -2.648554|   -0.187360|    0.001091|
|        2390|    0.003937|  2.5771e-03|   -6.376598|   -2.649066|   -0.187360|    0.001090|
|        2391|    0.003313|  2.5774e-03|   -6.377144|   -2.649583|   -0.187360|    0.001090|
|        2392|    0.002945|  2.5775e-03|   -6.377690|   -2.650105|   -0.187360|    0.001090|
|        2393|    0.002732|  2.5776e-03|   -6.378236|   -2.650630|   -0.187360|    0.001090|
|        2394|    0.002618|  2.5776e-03|   -6.378782|   -2.651158|   -0.187360|    0.001090|
|        2395|    0.002844|  2.5777e-03|   -6.379328|   -2.651688|   -0.187360|    0.001090|
|        2396|    0.001845|  2.5774e-03|   -6.379874|   -2.652220|   -0.187360|    0.001090|
|        2397|    0.002279|  2.5773e-03|   -6.380421|   -2.652753|   -0.187360|    0.001090|
|        2398|    0.003579|  2.5777e-03|   -6.380967|   -2.653286|   -0.187360|    0.001090|
|        2399|    0.001948|  2.5774e-03|   -6.381514|   -2.653820|   -0.187360|    0.001090|
|        2400|    0.001912|  2.5772e-03|   -6.382060|   -2.654352|   -0.187360|    0.001090|
|        2401|    0.002929|  2.5773e-03|   -6.382607|   -2.654884|   -0.187360|    0.001090|
|        2402|    0.003044|  2.5775e-03|   -6.383154|   -2.655415|   -0.187360|    0.001090|
|        2403|    0.002362|  2.5774e-03|   -6.383700|   -2.655945|   -0.187360|    0.001090|
|        2404|    0.003024|  2.5776e-03|   -6.384247|   -2.656473|   -0.187360|    0.001090|
|        2405|    0.003207|  2.5779e-03|   -6.384794|   -2.657000|   -0.187360|    0.001090|
|        2406|    0.003010|  2.5780e-03|   -6.385341|   -2.657525|   -0.187360|    0.001090|
|        2407|    0.002988|  2.5782e-03|   -6.385889|   -2.658049|   -0.187360|    0.001090|
|        2408|    0.001998|  2.5780e-03|   -6.386436|   -2.658572|   -0.187360|    0.001090|
|        2409|    0.003499|  2.5783e-03|   -6.386983|   -2.659093|   -0.187360|    0.001090|
|        2410|    0.003092|  2.5786e-03|   -6.387531|   -2.659614|   -0.187360|    0.001090|
|        2411|    0.002129|  2.5784e-03|   -6.388078|   -2.660133|   -0.187360|    0.001090|
|        2412|    0.002732|  2.5784e-03|   -6.388626|   -2.660652|   -0.187360|    0.001090|
|        2413|    0.002153|  2.5783e-03|   -6.389174|   -2.661170|   -0.187360|    0.001090|
|        2414|    0.001908|  2.5780e-03|   -6.389722|   -2.661688|   -0.187360|    0.001090|
|        2415|    0.002110|  2.5778e-03|   -6.390270|   -2.662205|   -0.187360|    0.001090|
|        2416|    0.001857|  2.5775e-03|   -6.390818|   -2.662722|   -0.187360|    0.001090|
|        2417|    0.002128|  2.5773e-03|   -6.391366|   -2.663239|   -0.187360|    0.001090|
|        2418|    0.002585|  2.5773e-03|   -6.391914|   -2.663756|   -0.187361|    0.001090|
|        2419|    0.002704|  2.5774e-03|   -6.392463|   -2.664272|   -0.187361|    0.001090|
|        2420|    0.002696|  2.5774e-03|   -6.393011|   -2.664789|   -0.187361|    0.001090|
|        2421|    0.001869|  2.5771e-03|   -6.393560|   -2.665306|   -0.187361|    0.001090|
|        2422|    0.002067|  2.5769e-03|   -6.393987|   -2.497123|   -0.187361|    0.001089|
|        2423|    0.001958|  2.5767e-03|   -6.394937|   -2.635412|   -0.187361|    0.001089|
|        2424|    0.002447|  2.5766e-03|   -6.395702|   -2.483220|   -0.187361|    0.001089|
|        2425|    0.001961|  2.5763e-03|   -6.396709|   -2.641150|   -0.187361|    0.001089|
|        2426|    0.002853|  2.5765e-03|   -6.397406|   -2.495579|   -0.187361|    0.001089|
|        2427|    0.002589|  2.5765e-03|   -6.398356|   -2.643340|   -0.187361|    0.001089|
|        2428|    0.002612|  2.5765e-03|   -6.399041|   -2.488880|   -0.187361|    0.001089|
|        2429|    0.002031|  2.5763e-03|   -6.400013|   -2.638120|   -0.187361|    0.001089|
|        2430|    0.001825|  2.5759e-03|   -6.400711|   -2.486278|   -0.187361|    0.001089|
|        2431|    0.002329|  2.5758e-03|   -6.401688|   -2.637244|   -0.187361|    0.001089|
|        2432|    0.002517|  2.5758e-03|   -6.402380|   -2.486740|   -0.187361|    0.001089|
|        2433|    0.002292|  2.5757e-03|   -6.403355|   -2.637185|   -0.187361|    0.001089|
|        2434|    0.001922|  2.5754e-03|   -6.404044|   -2.486420|   -0.187362|    0.001089|
|        2435|    0.001978|  2.5752e-03|   -6.405023|   -2.637099|   -0.187361|    0.001089|
|        2436|    0.001884|  2.5749e-03|   -6.405712|   -2.486852|   -0.187362|    0.001089|
|        2437|    0.001988|  2.5747e-03|   -6.406694|   -2.637895|   -0.187361|    0.001089|
|        2438|    0.003026|  2.5749e-03|   -6.407381|   -2.488085|   -0.187362|    0.001089|
|        2439|    0.002558|  2.5748e-03|   -6.408364|   -2.639264|   -0.187362|    0.001089|
|        2440|    0.003082|  2.5751e-03|   -6.409200|   -2.644269|   -0.187361|    0.001089|
|        2441|    0.002449|  2.5750e-03|   -6.409801|   -2.664178|   -0.187361|    0.001089|
|        2442|    0.002660|  2.5750e-03|   -6.410288|   -2.676649|   -0.187361|    0.001089|
|        2443|    0.003235|  2.5753e-03|   -6.410767|   -2.675692|   -0.187361|    0.001089|
|        2444|    0.002448|  2.5753e-03|   -6.411151|   -2.498280|   -0.187362|    0.001089|
|        2445|    0.002462|  2.5752e-03|   -6.412136|   -2.636894|   -0.187362|    0.001089|
|        2446|    0.002241|  2.5751e-03|   -6.412907|   -2.487524|   -0.187362|    0.001088|
|        2447|    0.001953|  2.5748e-03|   -6.413943|   -2.649870|   -0.187362|    0.001088|
|        2448|    0.002527|  2.5748e-03|   -6.414784|   -2.659257|   -0.187362|    0.001088|
|        2449|    0.002652|  2.5748e-03|   -6.415364|   -2.680293|   -0.187362|    0.001088|
|        2450|    0.003602|  2.5752e-03|   -6.415831|   -2.690978|   -0.187362|    0.001088|
|        2451|    0.002398|  2.5752e-03|   -6.416157|   -2.514788|   -0.187362|    0.001088|
|        2452|    0.002469|  2.5751e-03|   -6.417112|   -2.646038|   -0.187362|    0.001088|
|        2453|    0.001857|  2.5748e-03|   -6.418017|   -2.648170|   -0.187362|    0.001088|
|        2454|    0.002095|  2.5746e-03|   -6.418689|   -2.672955|   -0.187362|    0.001088|
|        2455|    0.002053|  2.5744e-03|   -6.419204|   -2.692445|   -0.187362|    0.001088|
|        2456|    0.001887|  2.5742e-03|   -6.419673|   -2.695623|   -0.187362|    0.001088|
|        2457|    0.001892|  2.5739e-03|   -6.420167|   -2.689041|   -0.187362|    0.001088|
|        2458|    0.002209|  2.5737e-03|   -6.420705|   -2.682086|   -0.187362|    0.001088|
|        2459|    0.001948|  2.5735e-03|   -6.421275|   -2.679633|   -0.187362|    0.001088|
|        2460|    0.001882|  2.5732e-03|   -6.421850|   -2.681642|   -0.187362|    0.001088|
|        2461|    0.001837|  2.5729e-03|   -6.422416|   -2.685655|   -0.187362|    0.001088|
|        2462|    0.002235|  2.5728e-03|   -6.422967|   -2.689240|   -0.187362|    0.001088|
|        2463|    0.002159|  2.5726e-03|   -6.423512|   -2.691237|   -0.187362|    0.001088|
|        2464|    0.001965|  2.5723e-03|   -6.424055|   -2.691799|   -0.187362|    0.001088|
|        2465|    0.001892|  2.5721e-03|   -6.424603|   -2.691739|   -0.187362|    0.001088|
|        2466|    0.002352|  2.5720e-03|   -6.425155|   -2.691813|   -0.187362|    0.001088|
|        2467|    0.003082|  2.5722e-03|   -6.425709|   -2.692357|   -0.187362|    0.001088|
|        2468|    0.002476|  2.5721e-03|   -6.426263|   -2.693293|   -0.187362|    0.001088|
|        2469|    0.002015|  2.5719e-03|   -6.426816|   -2.694354|   -0.187362|    0.001088|
|        2470|    0.001819|  2.5716e-03|   -6.427367|   -2.695300|   -0.187362|    0.001088|
|        2471|    0.001956|  2.5714e-03|   -6.427918|   -2.696032|   -0.187363|    0.001088|
|        2472|    0.001872|  2.5711e-03|   -6.428469|   -2.696583|   -0.187363|    0.001088|
|        2473|    0.002155|  2.5709e-03|   -6.429020|   -2.697043|   -0.187363|    0.001088|
|        2474|    0.002821|  2.5710e-03|   -6.429572|   -2.697497|   -0.187363|    0.001088|
|        2475|    0.002591|  2.5710e-03|   -6.430124|   -2.697982|   -0.187363|    0.001088|
|        2476|    0.002078|  2.5708e-03|   -6.430677|   -2.698492|   -0.187363|    0.001088|
|        2477|    0.001967|  2.5706e-03|   -6.431229|   -2.699005|   -0.187363|    0.001088|
|        2478|    0.002012|  2.5704e-03|   -6.431781|   -2.699497|   -0.187363|    0.001088|
|        2479|    0.002465|  2.5703e-03|   -6.432333|   -2.699963|   -0.187363|    0.001088|
|        2480|    0.002407|  2.5702e-03|   -6.432885|   -2.700408|   -0.187363|    0.001088|
|        2481|    0.002132|  2.5701e-03|   -6.433437|   -2.700846|   -0.187363|    0.001088|
|        2482|    0.002268|  2.5699e-03|   -6.433990|   -2.701287|   -0.187363|    0.001087|
|        2483|    0.001950|  2.5697e-03|   -6.434542|   -2.701738|   -0.187363|    0.001087|
|        2484|    0.002834|  2.5698e-03|   -6.435095|   -2.702199|   -0.187363|    0.001087|
|        2485|    0.002031|  2.5696e-03|   -6.435648|   -2.702669|   -0.187363|    0.001087|
|        2486|    0.002017|  2.5694e-03|   -6.436200|   -2.703144|   -0.187363|    0.001087|
|        2487|    0.002083|  2.5692e-03|   -6.436753|   -2.703626|   -0.187363|    0.001087|
|        2488|    0.001864|  2.5689e-03|   -6.437306|   -2.704113|   -0.187363|    0.001087|
|        2489|    0.002616|  2.5689e-03|   -6.437859|   -2.704608|   -0.187363|    0.001087|
|        2490|    0.002567|  2.5689e-03|   -6.438412|   -2.705110|   -0.187363|    0.001087|
|        2491|    0.002630|  2.5689e-03|   -6.438965|   -2.705619|   -0.187363|    0.001087|
|        2492|    0.002340|  2.5688e-03|   -6.439519|   -2.706135|   -0.187363|    0.001087|
|        2493|    0.002711|  2.5689e-03|   -6.440072|   -2.706657|   -0.187363|    0.001087|
|        2494|    0.002241|  2.5688e-03|   -6.440625|   -2.707184|   -0.187363|    0.001087|
|        2495|    0.001892|  2.5685e-03|   -6.441179|   -2.707715|   -0.187363|    0.001087|
|        2496|    0.002560|  2.5685e-03|   -6.441733|   -2.708248|   -0.187363|    0.001087|
|        2497|    0.001886|  2.5682e-03|   -6.442286|   -2.708783|   -0.187363|    0.001087|
|        2498|    0.001941|  2.5680e-03|   -6.442840|   -2.709320|   -0.187363|    0.001087|
|        2499|    0.003265|  2.5682e-03|   -6.443394|   -2.709858|   -0.187363|    0.001087|
|        2500|    0.003248|  2.5685e-03|   -6.443948|   -2.710397|   -0.187363|    0.001087|
+-----------------------------------------------------------------------+
|        File Writing Summary       |              Filename             |
+-----------------------------------------------------------------------+
|SU2 binary restart                 |restart_flow.dat                   |
|Paraview                           |flow.vtu                           |
|Paraview surface                   |surface_flow.vtu                   |
+-----------------------------------------------------------------------+
+------------------------------------------------------------------------------------------+
|  Inner_Iter|   Time(sec)|   Time(sec)|    rms[Rho]|   rms[RhoE]|          CL|          CD|
+------------------------------------------------------------------------------------------+
|        2501|    0.012232|  2.5724e-03|   -6.444502|   -2.710935|   -0.187363|    0.001087|
|        2502|    0.002160|  2.5722e-03|   -6.445057|   -2.711473|   -0.187364|    0.001087|
|        2503|    0.003490|  2.5726e-03|   -6.445611|   -2.712009|   -0.187364|    0.001087|
|        2504|    0.002617|  2.5726e-03|   -6.446165|   -2.712544|   -0.187364|    0.001087|
|        2505|    0.002223|  2.5725e-03|   -6.446720|   -2.713078|   -0.187364|    0.001087|
|        2506|    0.003612|  2.5729e-03|   -6.447275|   -2.713611|   -0.187364|    0.001087|
|        2507|    0.003321|  2.5732e-03|   -6.447829|   -2.714142|   -0.187364|    0.001087|
|        2508|    0.003128|  2.5734e-03|   -6.448384|   -2.714671|   -0.187364|    0.001087|
|        2509|    0.003413|  2.5737e-03|   -6.448939|   -2.715199|   -0.187364|    0.001087|
|        2510|    0.001898|  2.5735e-03|   -6.449494|   -2.715725|   -0.187364|    0.001087|
|        2511|    0.002150|  2.5733e-03|   -6.450050|   -2.716251|   -0.187364|    0.001087|
|        2512|    0.003088|  2.5735e-03|   -6.450605|   -2.716775|   -0.187364|    0.001087|
|        2513|    0.002803|  2.5736e-03|   -6.451160|   -2.717298|   -0.187364|    0.001087|
|        2514|    0.002161|  2.5734e-03|   -6.451716|   -2.717820|   -0.187364|    0.001087|
|        2515|    0.001895|  2.5732e-03|   -6.452271|   -2.718342|   -0.187364|    0.001087|
|        2516|    0.002613|  2.5732e-03|   -6.452827|   -2.718863|   -0.187364|    0.001087|
|        2517|    0.002965|  2.5733e-03|   -6.453383|   -2.719384|   -0.187364|    0.001087|
|        2518|    0.002717|  2.5734e-03|   -6.453939|   -2.719904|   -0.187364|    0.001087|
|        2519|    0.002072|  2.5732e-03|   -6.454495|   -2.720425|   -0.187364|    0.001087|
|        2520|    0.002713|  2.5732e-03|   -6.455051|   -2.720945|   -0.187364|    0.001086|
|        2521|    0.003313|  2.5735e-03|   -6.455607|   -2.721465|   -0.187364|    0.001086|
|        2522|    0.002888|  2.5737e-03|   -6.456163|   -2.721986|   -0.187364|    0.001086|
|        2523|    0.002114|  2.5735e-03|   -6.456719|   -2.722506|   -0.187364|    0.001086|
|        2524|    0.002003|  2.5732e-03|   -6.457105|   -2.551092|   -0.187365|    0.001086|
|        2525|    0.002470|  2.5732e-03|   -6.458111|   -2.691687|   -0.187364|    0.001086|
|        2526|    0.002922|  2.5733e-03|   -6.458848|   -2.536664|   -0.187365|    0.001086|
|        2527|    0.003050|  2.5735e-03|   -6.459912|   -2.697553|   -0.187364|    0.001086|
|        2528|    0.003196|  2.5738e-03|   -6.460579|   -2.549007|   -0.187365|    0.001086|
|        2529|    0.002298|  2.5737e-03|   -6.461585|   -2.699495|   -0.187364|    0.001086|
|        2530|    0.002169|  2.5735e-03|   -6.462240|   -2.542039|   -0.187365|    0.001086|
|        2531|    0.003245|  2.5738e-03|   -6.463268|   -2.693980|   -0.187365|    0.001086|
|        2532|    0.003005|  2.5739e-03|   -6.463936|   -2.539341|   -0.187365|    0.001086|
|        2533|    0.002468|  2.5739e-03|   -6.464969|   -2.692992|   -0.187365|    0.001086|
|        2534|    0.002518|  2.5739e-03|   -6.465630|   -2.539736|   -0.187365|    0.001086|
|        2535|    0.003174|  2.5741e-03|   -6.466662|   -2.692851|   -0.187365|    0.001086|
|        2536|    0.002680|  2.5742e-03|   -6.467321|   -2.539381|   -0.187365|    0.001086|
|        2537|    0.002316|  2.5741e-03|   -6.468357|   -2.692732|   -0.187365|    0.001086|
|        2538|    0.003338|  2.5744e-03|   -6.469014|   -2.539814|   -0.187365|    0.001086|
|        2539|    0.003293|  2.5746e-03|   -6.470053|   -2.693540|   -0.187365|    0.001086|
|        2540|    0.002012|  2.5744e-03|   -6.470709|   -2.541068|   -0.187365|    0.001086|
|        2541|    0.003314|  2.5747e-03|   -6.471749|   -2.694945|   -0.187365|    0.001086|
|        2542|    0.003130|  2.5749e-03|   -6.472606|   -2.699826|   -0.187365|    0.001086|
|        2543|    0.001896|  2.5747e-03|   -6.473215|   -2.720508|   -0.187365|    0.001086|
|        2544|    0.003771|  2.5751e-03|   -6.473707|   -2.733305|   -0.187365|    0.001086|
|        2545|    0.002924|  2.5753e-03|   -6.474192|   -2.732249|   -0.187365|    0.001086|
|        2546|    0.002558|  2.5753e-03|   -6.474532|   -2.551866|   -0.187365|    0.001086|
|        2547|    0.002864|  2.5754e-03|   -6.475575|   -2.692808|   -0.187365|    0.001086|
|        2548|    0.002951|  2.5755e-03|   -6.476318|   -2.540954|   -0.187365|    0.001086|
|        2549|    0.003190|  2.5758e-03|   -6.477411|   -2.706267|   -0.187365|    0.001086|
|        2550|    0.002325|  2.5757e-03|   -6.478273|   -2.715588|   -0.187365|    0.001085|
|        2551|    0.002290|  2.5756e-03|   -6.478860|   -2.737341|   -0.187365|    0.001085|
|        2552|    0.002819|  2.5756e-03|   -6.479332|   -2.748207|   -0.187365|    0.001085|
|        2553|    0.002953|  2.5758e-03|   -6.479613|   -2.568581|   -0.187366|    0.001085|
|        2554|    0.003260|  2.5761e-03|   -6.480626|   -2.702055|   -0.187366|    0.001085|
|        2555|    0.003299|  2.5763e-03|   -6.481553|   -2.704162|   -0.187365|    0.001085|
|        2556|    0.003795|  2.5768e-03|   -6.482235|   -2.729939|   -0.187365|    0.001085|
|        2557|    0.003276|  2.5771e-03|   -6.482757|   -2.749929|   -0.187365|    0.001085|
|        2558|    0.002845|  2.5772e-03|   -6.483231|   -2.752958|   -0.187365|    0.001085|
|        2559|    0.002318|  2.5771e-03|   -6.483731|   -2.746043|   -0.187366|    0.001085|
|        2560|    0.002020|  2.5769e-03|   -6.484277|   -2.738931|   -0.187366|    0.001085|
|        2561|    0.002090|  2.5767e-03|   -6.484855|   -2.736535|   -0.187366|    0.001085|
|        2562|    0.002825|  2.5768e-03|   -6.485439|   -2.738706|   -0.187366|    0.001085|
|        2563|    0.003263|  2.5771e-03|   -6.486012|   -2.742870|   -0.187366|    0.001085|
|        2564|    0.003551|  2.5774e-03|   -6.486572|   -2.746537|   -0.187366|    0.001085|
|        2565|    0.003093|  2.5776e-03|   -6.487124|   -2.748550|   -0.187366|    0.001085|
|        2566|    0.001995|  2.5774e-03|   -6.487676|   -2.749100|   -0.187366|    0.001085|
|        2567|    0.001911|  2.5772e-03|   -6.488231|   -2.749031|   -0.187366|    0.001085|
|        2568|    0.002996|  2.5773e-03|   -6.488791|   -2.749116|   -0.187366|    0.001085|
|        2569|    0.003040|  2.5775e-03|   -6.489353|   -2.749682|   -0.187366|    0.001085|
|        2570|    0.003003|  2.5777e-03|   -6.489915|   -2.750642|   -0.187366|    0.001085|
|        2571|    0.002548|  2.5776e-03|   -6.490476|   -2.751719|   -0.187366|    0.001085|
|        2572|    0.001888|  2.5774e-03|   -6.491035|   -2.752672|   -0.187366|    0.001085|
|        2573|    0.002873|  2.5775e-03|   -6.491594|   -2.753404|   -0.187366|    0.001085|
|        2574|    0.002916|  2.5776e-03|   -6.492153|   -2.753952|   -0.187366|    0.001085|
|        2575|    0.002641|  2.5777e-03|   -6.492712|   -2.754410|   -0.187366|    0.001085|
|        2576|    0.002485|  2.5776e-03|   -6.493272|   -2.754863|   -0.187366|    0.001085|
|        2577|    0.001987|  2.5774e-03|   -6.493832|   -2.755347|   -0.187366|    0.001085|
|        2578|    0.002071|  2.5772e-03|   -6.494392|   -2.755857|   -0.187366|    0.001085|
|        2579|    0.003621|  2.5776e-03|   -6.494952|   -2.756368|   -0.187366|    0.001085|
|        2580|    0.002796|  2.5777e-03|   -6.495513|   -2.756858|   -0.187366|    0.001085|
|        2581|    0.001896|  2.5774e-03|   -6.496073|   -2.757322|   -0.187366|    0.001085|
|        2582|    0.002670|  2.5775e-03|   -6.496633|   -2.757766|   -0.187366|    0.001085|
|        2583|    0.001940|  2.5772e-03|   -6.497193|   -2.758203|   -0.187366|    0.001085|
|        2584|    0.002007|  2.5770e-03|   -6.497754|   -2.758645|   -0.187366|    0.001085|
|        2585|    0.003573|  2.5774e-03|   -6.498314|   -2.759097|   -0.187366|    0.001085|
|        2586|    0.003468|  2.5777e-03|   -6.498875|   -2.759560|   -0.187366|    0.001085|
|        2587|    0.003087|  2.5779e-03|   -6.499436|   -2.760032|   -0.187366|    0.001085|
|        2588|    0.002848|  2.5780e-03|   -6.499997|   -2.760511|   -0.187366|    0.001085|
|        2589|    0.002456|  2.5780e-03|   -6.500558|   -2.760996|   -0.187366|    0.001085|
|        2590|    0.004275|  2.5786e-03|   -6.501119|   -2.761488|   -0.187366|    0.001085|
|        2591|    0.002960|  2.5788e-03|   -6.501680|   -2.761987|   -0.187366|    0.001085|
|        2592|    0.002517|  2.5787e-03|   -6.502241|   -2.762495|   -0.187366|    0.001085|
|        2593|    0.003126|  2.5790e-03|   -6.502802|   -2.763010|   -0.187367|    0.001084|
|        2594|    0.002464|  2.5789e-03|   -6.503364|   -2.763532|   -0.187367|    0.001084|
|        2595|    0.001945|  2.5787e-03|   -6.503925|   -2.764061|   -0.187367|    0.001084|
|        2596|    0.003049|  2.5788e-03|   -6.504487|   -2.764594|   -0.187367|    0.001084|
|        2597|    0.003271|  2.5791e-03|   -6.505049|   -2.765130|   -0.187367|    0.001084|
|        2598|    0.002968|  2.5793e-03|   -6.505611|   -2.765670|   -0.187367|    0.001084|
|        2599|    0.002846|  2.5794e-03|   -6.506173|   -2.766212|   -0.187367|    0.001084|
|        2600|    0.002436|  2.5793e-03|   -6.506735|   -2.766755|   -0.187367|    0.001084|
|        2601|    0.002998|  2.5795e-03|   -6.507297|   -2.767300|   -0.187367|    0.001084|
|        2602|    0.002427|  2.5794e-03|   -6.507859|   -2.767845|   -0.187367|    0.001084|
|        2603|    0.002069|  2.5792e-03|   -6.508422|   -2.768389|   -0.187367|    0.001084|
|        2604|    0.001851|  2.5789e-03|   -6.508984|   -2.768932|   -0.187367|    0.001084|
|        2605|    0.002485|  2.5789e-03|   -6.509547|   -2.769475|   -0.187367|    0.001084|
|        2606|    0.002870|  2.5790e-03|   -6.510110|   -2.770016|   -0.187367|    0.001084|
|        2607|    0.003045|  2.5792e-03|   -6.510672|   -2.770555|   -0.187367|    0.001084|
|        2608|    0.003193|  2.5794e-03|   -6.511235|   -2.771093|   -0.187367|    0.001084|
|        2609|    0.001889|  2.5792e-03|   -6.511798|   -2.771630|   -0.187367|    0.001084|
|        2610|    0.003159|  2.5794e-03|   -6.512362|   -2.772164|   -0.187367|    0.001084|
|        2611|    0.002505|  2.5794e-03|   -6.512925|   -2.772697|   -0.187367|    0.001084|
|        2612|    0.001896|  2.5791e-03|   -6.513488|   -2.773229|   -0.187367|    0.001084|
|        2613|    0.002400|  2.5790e-03|   -6.514052|   -2.773759|   -0.187367|    0.001084|
|        2614|    0.003234|  2.5793e-03|   -6.514615|   -2.774288|   -0.187367|    0.001084|
|        2615|    0.003336|  2.5796e-03|   -6.515179|   -2.774816|   -0.187367|    0.001084|
|        2616|    0.002850|  2.5797e-03|   -6.515743|   -2.775343|   -0.187367|    0.001084|
|        2617|    0.003017|  2.5798e-03|   -6.516307|   -2.775869|   -0.187367|    0.001084|
|        2618|    0.003257|  2.5801e-03|   -6.516871|   -2.776395|   -0.187367|    0.001084|
|        2619|    0.003125|  2.5803e-03|   -6.517435|   -2.776921|   -0.187367|    0.001084|
|        2620|    0.001954|  2.5801e-03|   -6.517999|   -2.777446|   -0.187367|    0.001084|
|        2621|    0.002304|  2.5800e-03|   -6.518564|   -2.777971|   -0.187367|    0.001084|
|        2622|    0.003736|  2.5804e-03|   -6.519128|   -2.778496|   -0.187367|    0.001084|
|        2623|    0.002573|  2.5804e-03|   -6.519693|   -2.779022|   -0.187367|    0.001084|
|        2624|    0.002877|  2.5805e-03|   -6.520257|   -2.779547|   -0.187367|    0.001084|
|        2625|    0.002739|  2.5806e-03|   -6.520822|   -2.780072|   -0.187367|    0.001084|
|        2626|    0.002059|  2.5804e-03|   -6.521167|   -2.605632|   -0.187368|    0.001084|
|        2627|    0.002709|  2.5804e-03|   -6.522229|   -2.748429|   -0.187368|    0.001084|
|        2628|    0.002462|  2.5804e-03|   -6.522940|   -2.590731|   -0.187368|    0.001084|
|        2629|    0.002004|  2.5802e-03|   -6.524062|   -2.754395|   -0.187368|    0.001084|
|        2630|    0.003100|  2.5804e-03|   -6.524699|   -2.603023|   -0.187368|    0.001084|
|        2631|    0.001956|  2.5801e-03|   -6.525761|   -2.756082|   -0.187368|    0.001084|
|        2632|    0.001988|  2.5799e-03|   -6.526387|   -2.595811|   -0.187368|    0.001084|
|        2633|    0.002097|  2.5797e-03|   -6.527472|   -2.750292|   -0.187368|    0.001084|
|        2634|    0.003016|  2.5799e-03|   -6.528111|   -2.593026|   -0.187368|    0.001083|
|        2635|    0.001969|  2.5796e-03|   -6.529201|   -2.749197|   -0.187368|    0.001083|
|        2636|    0.003050|  2.5798e-03|   -6.529833|   -2.593360|   -0.187368|    0.001083|
|        2637|    0.002107|  2.5796e-03|   -6.530922|   -2.748983|   -0.187368|    0.001083|
|        2638|    0.002884|  2.5798e-03|   -6.531550|   -2.592977|   -0.187368|    0.001083|
|        2639|    0.002632|  2.5798e-03|   -6.532643|   -2.748838|   -0.187368|    0.001083|
|        2640|    0.003071|  2.5800e-03|   -6.533271|   -2.593419|   -0.187368|    0.001083|
|        2641|    0.003123|  2.5802e-03|   -6.534367|   -2.749664|   -0.187368|    0.001083|
|        2642|    0.001905|  2.5799e-03|   -6.534994|   -2.594699|   -0.187368|    0.001083|
|        2643|    0.002008|  2.5797e-03|   -6.536091|   -2.751111|   -0.187368|    0.001083|
|        2644|    0.002670|  2.5797e-03|   -6.536970|   -2.755861|   -0.187368|    0.001083|
|        2645|    0.002109|  2.5796e-03|   -6.537587|   -2.777245|   -0.187368|    0.001083|
|        2646|    0.002593|  2.5796e-03|   -6.538086|   -2.790337|   -0.187368|    0.001083|
|        2647|    0.003125|  2.5798e-03|   -6.538577|   -2.789201|   -0.187368|    0.001083|
|        2648|    0.003224|  2.5800e-03|   -6.538874|   -2.606094|   -0.187369|    0.001083|
|        2649|    0.003256|  2.5803e-03|   -6.539974|   -2.749264|   -0.187368|    0.001083|
|        2650|    0.003017|  2.5804e-03|   -6.540691|   -2.595070|   -0.187369|    0.001083|
|        2651|    0.002874|  2.5805e-03|   -6.541842|   -2.763161|   -0.187369|    0.001083|
|        2652|    0.003228|  2.5808e-03|   -6.542725|   -2.772393|   -0.187368|    0.001083|
|        2653|    0.003136|  2.5810e-03|   -6.543321|   -2.794789|   -0.187368|    0.001083|
|        2654|    0.002233|  2.5809e-03|   -6.543799|   -2.805812|   -0.187368|    0.001083|
|        2655|    0.002948|  2.5810e-03|   -6.544035|   -2.623002|   -0.187369|    0.001083|
|        2656|    0.002855|  2.5811e-03|   -6.545104|   -2.758614|   -0.187369|    0.001083|
|        2657|    0.001957|  2.5809e-03|   -6.546056|   -2.760691|   -0.187369|    0.001083|
|        2658|    0.003003|  2.5810e-03|   -6.546749|   -2.787372|   -0.187369|    0.001083|
|        2659|    0.002994|  2.5812e-03|   -6.547277|   -2.807801|   -0.187369|    0.001083|
|        2660|    0.002060|  2.5810e-03|   -6.547757|   -2.810679|   -0.187369|    0.001083|
|        2661|    0.002766|  2.5811e-03|   -6.548263|   -2.803465|   -0.187369|    0.001083|
|        2662|    0.002230|  2.5809e-03|   -6.548818|   -2.796227|   -0.187369|    0.001083|
|        2663|    0.001861|  2.5807e-03|   -6.549405|   -2.793902|   -0.187369|    0.001083|
|        2664|    0.003592|  2.5810e-03|   -6.549998|   -2.796229|   -0.187369|    0.001083|
|        2665|    0.002863|  2.5811e-03|   -6.550580|   -2.800533|   -0.187369|    0.001083|
|        2666|    0.001996|  2.5809e-03|   -6.551148|   -2.804272|   -0.187369|    0.001083|
|        2667|    0.002575|  2.5809e-03|   -6.551708|   -2.806299|   -0.187369|    0.001083|
|        2668|    0.002145|  2.5808e-03|   -6.552267|   -2.806839|   -0.187369|    0.001083|
|        2669|    0.002876|  2.5809e-03|   -6.552831|   -2.806767|   -0.187369|    0.001083|
|        2670|    0.003643|  2.5813e-03|   -6.553400|   -2.806865|   -0.187369|    0.001083|
|        2671|    0.003381|  2.5816e-03|   -6.553970|   -2.807454|   -0.187369|    0.001083|
|        2672|    0.002726|  2.5816e-03|   -6.554541|   -2.808437|   -0.187369|    0.001083|
|        2673|    0.003192|  2.5818e-03|   -6.555110|   -2.809529|   -0.187369|    0.001083|
|        2674|    0.002375|  2.5818e-03|   -6.555677|   -2.810488|   -0.187369|    0.001083|
|        2675|    0.002095|  2.5816e-03|   -6.556245|   -2.811221|   -0.187369|    0.001083|
|        2676|    0.003193|  2.5818e-03|   -6.556812|   -2.811767|   -0.187369|    0.001083|
|        2677|    0.002831|  2.5819e-03|   -6.557380|   -2.812224|   -0.187369|    0.001083|
|        2678|    0.002970|  2.5820e-03|   -6.557948|   -2.812677|   -0.187369|    0.001082|
|        2679|    0.003201|  2.5823e-03|   -6.558517|   -2.813161|   -0.187369|    0.001082|
|        2680|    0.003275|  2.5825e-03|   -6.559086|   -2.813671|   -0.187369|    0.001082|
|        2681|    0.003107|  2.5827e-03|   -6.559654|   -2.814181|   -0.187369|    0.001082|
|        2682|    0.003118|  2.5829e-03|   -6.560223|   -2.814671|   -0.187369|    0.001082|
|        2683|    0.003159|  2.5831e-03|   -6.560792|   -2.815134|   -0.187369|    0.001082|
|        2684|    0.002123|  2.5830e-03|   -6.561360|   -2.815578|   -0.187369|    0.001082|
|        2685|    0.002605|  2.5830e-03|   -6.561929|   -2.816016|   -0.187369|    0.001082|
|        2686|    0.003121|  2.5832e-03|   -6.562498|   -2.816460|   -0.187369|    0.001082|
|        2687|    0.002709|  2.5832e-03|   -6.563067|   -2.816915|   -0.187369|    0.001082|
|        2688|    0.003230|  2.5835e-03|   -6.563637|   -2.817381|   -0.187369|    0.001082|
|        2689|    0.003054|  2.5836e-03|   -6.564206|   -2.817857|   -0.187369|    0.001082|
|        2690|    0.002417|  2.5836e-03|   -6.564775|   -2.818340|   -0.187369|    0.001082|
|        2691|    0.002872|  2.5837e-03|   -6.565345|   -2.818831|   -0.187370|    0.001082|
|        2692|    0.002565|  2.5837e-03|   -6.565915|   -2.819328|   -0.187370|    0.001082|
|        2693|    0.002046|  2.5835e-03|   -6.566484|   -2.819834|   -0.187370|    0.001082|
|        2694|    0.001851|  2.5832e-03|   -6.567054|   -2.820348|   -0.187370|    0.001082|
|        2695|    0.002223|  2.5831e-03|   -6.567624|   -2.820870|   -0.187370|    0.001082|
|        2696|    0.002442|  2.5830e-03|   -6.568194|   -2.821400|   -0.187370|    0.001082|
|        2697|    0.002142|  2.5829e-03|   -6.568765|   -2.821935|   -0.187370|    0.001082|
|        2698|    0.002621|  2.5829e-03|   -6.569335|   -2.822476|   -0.187370|    0.001082|
|        2699|    0.002078|  2.5827e-03|   -6.569905|   -2.823020|   -0.187370|    0.001082|
|        2700|    0.001875|  2.5824e-03|   -6.570476|   -2.823568|   -0.187370|    0.001082|
|        2701|    0.002019|  2.5822e-03|   -6.571047|   -2.824117|   -0.187370|    0.001082|
|        2702|    0.001884|  2.5820e-03|   -6.571617|   -2.824669|   -0.187370|    0.001082|
|        2703|    0.001999|  2.5817e-03|   -6.572188|   -2.825220|   -0.187370|    0.001082|
|        2704|    0.002683|  2.5818e-03|   -6.572759|   -2.825773|   -0.187370|    0.001082|
|        2705|    0.002600|  2.5818e-03|   -6.573330|   -2.826324|   -0.187370|    0.001082|
|        2706|    0.002386|  2.5817e-03|   -6.573901|   -2.826875|   -0.187370|    0.001082|
|        2707|    0.002252|  2.5816e-03|   -6.574473|   -2.827424|   -0.187370|    0.001082|
|        2708|    0.002839|  2.5817e-03|   -6.575044|   -2.827972|   -0.187370|    0.001082|
|        2709|    0.002080|  2.5815e-03|   -6.575616|   -2.828518|   -0.187370|    0.001082|
|        2710|    0.002840|  2.5816e-03|   -6.576188|   -2.829063|   -0.187370|    0.001082|
|        2711|    0.003225|  2.5818e-03|   -6.576759|   -2.829606|   -0.187370|    0.001082|
|        2712|    0.002099|  2.5817e-03|   -6.577331|   -2.830146|   -0.187370|    0.001082|
|        2713|    0.001860|  2.5814e-03|   -6.577903|   -2.830686|   -0.187370|    0.001082|
|        2714|    0.002267|  2.5813e-03|   -6.578475|   -2.831223|   -0.187370|    0.001082|
|        2715|    0.002371|  2.5812e-03|   -6.579048|   -2.831759|   -0.187370|    0.001082|
|        2716|    0.002375|  2.5811e-03|   -6.579620|   -2.832294|   -0.187370|    0.001082|
|        2717|    0.002018|  2.5809e-03|   -6.580192|   -2.832828|   -0.187370|    0.001082|
|        2718|    0.002879|  2.5810e-03|   -6.580765|   -2.833361|   -0.187370|    0.001082|
|        2719|    0.003252|  2.5813e-03|   -6.581338|   -2.833894|   -0.187370|    0.001082|
|        2720|    0.003153|  2.5815e-03|   -6.581911|   -2.834426|   -0.187370|    0.001082|
|        2721|    0.002952|  2.5816e-03|   -6.582484|   -2.834957|   -0.187370|    0.001082|
|        2722|    0.002033|  2.5814e-03|   -6.583057|   -2.835488|   -0.187370|    0.001082|
|        2723|    0.002791|  2.5815e-03|   -6.583630|   -2.836020|   -0.187370|    0.001082|
|        2724|    0.001873|  2.5812e-03|   -6.584203|   -2.836551|   -0.187370|    0.001082|
|        2725|    0.002124|  2.5811e-03|   -6.584777|   -2.837082|   -0.187370|    0.001082|
|        2726|    0.002955|  2.5812e-03|   -6.585350|   -2.837613|   -0.187370|    0.001082|
|        2727|    0.002713|  2.5813e-03|   -6.585924|   -2.838145|   -0.187370|    0.001082|
|        2728|    0.003116|  2.5815e-03|   -6.586228|   -2.660887|   -0.187371|    0.001082|
|        2729|    0.002991|  2.5816e-03|   -6.587347|   -2.805776|   -0.187371|    0.001082|
|        2730|    0.002009|  2.5814e-03|   -6.588032|   -2.645567|   -0.187371|    0.001081|
|        2731|    0.002117|  2.5812e-03|   -6.589212|   -2.811819|   -0.187371|    0.001081|
|        2732|    0.001957|  2.5810e-03|   -6.589822|   -2.657778|   -0.187371|    0.001081|
|        2733|    0.003375|  2.5813e-03|   -6.590940|   -2.813245|   -0.187371|    0.001081|
|        2734|    0.003317|  2.5816e-03|   -6.591537|   -2.650346|   -0.187371|    0.001081|
|        2735|    0.002392|  2.5815e-03|   -6.592680|   -2.807201|   -0.187371|    0.001081|
|        2736|    0.002715|  2.5815e-03|   -6.593290|   -2.647484|   -0.187371|    0.001081|
|        2737|    0.003236|  2.5818e-03|   -6.594438|   -2.806007|   -0.187371|    0.001081|
|        2738|    0.002073|  2.5816e-03|   -6.595041|   -2.647762|   -0.187371|    0.001081|
|        2739|    0.002665|  2.5816e-03|   -6.596187|   -2.805726|   -0.187371|    0.001081|
|        2740|    0.002210|  2.5815e-03|   -6.596787|   -2.647358|   -0.187371|    0.001081|
|        2741|    0.002020|  2.5813e-03|   -6.597938|   -2.805564|   -0.187371|    0.001081|
|        2742|    0.003147|  2.5815e-03|   -6.598537|   -2.647816|   -0.187371|    0.001081|
|        2743|    0.003219|  2.5817e-03|   -6.599691|   -2.806415|   -0.187371|    0.001081|
|        2744|    0.003695|  2.5821e-03|   -6.600288|   -2.649127|   -0.187371|    0.001081|
|        2745|    0.004219|  2.5827e-03|   -6.601443|   -2.807909|   -0.187371|    0.001081|
|        2746|    0.003074|  2.5829e-03|   -6.602344|   -2.812523|   -0.187371|    0.001081|
|        2747|    0.002667|  2.5829e-03|   -6.602971|   -2.834538|   -0.187371|    0.001081|
|        2748|    0.002200|  2.5828e-03|   -6.603476|   -2.847895|   -0.187371|    0.001081|
|        2749|    0.003102|  2.5830e-03|   -6.603974|   -2.846698|   -0.187371|    0.001081|
|        2750|    0.003729|  2.5834e-03|   -6.604228|   -2.661108|   -0.187371|    0.001081|
+-----------------------------------------------------------------------+
|        File Writing Summary       |              Filename             |
+-----------------------------------------------------------------------+
|SU2 binary restart                 |restart_flow.dat                   |
|Paraview                           |flow.vtu                           |
|Paraview surface                   |surface_flow.vtu                   |
+-----------------------------------------------------------------------+
+------------------------------------------------------------------------------------------+
|  Inner_Iter|   Time(sec)|   Time(sec)|    rms[Rho]|   rms[RhoE]|          CL|          CD|
+------------------------------------------------------------------------------------------+
|        2751|    0.011471|  2.5866e-03|   -6.605387|   -2.806399|   -0.187371|    0.001081|
|        2752|    0.002846|  2.5867e-03|   -6.606077|   -2.650015|   -0.187372|    0.001081|
|        2753|    0.002853|  2.5868e-03|   -6.607287|   -2.820692|   -0.187371|    0.001081|
|        2754|    0.003721|  2.5872e-03|   -6.608192|   -2.829816|   -0.187371|    0.001081|
|        2755|    0.002860|  2.5873e-03|   -6.608797|   -2.852783|   -0.187371|    0.001081|
|        2756|    0.002645|  2.5873e-03|   -6.609281|   -2.863937|   -0.187371|    0.001081|
|        2757|    0.002920|  2.5875e-03|   -6.609473|   -2.678196|   -0.187372|    0.001081|
|        2758|    0.002114|  2.5873e-03|   -6.610600|   -2.815854|   -0.187372|    0.001081|
|        2759|    0.002508|  2.5873e-03|   -6.611577|   -2.817897|   -0.187372|    0.001081|
|        2760|    0.002226|  2.5871e-03|   -6.612281|   -2.845392|   -0.187372|    0.001081|
|        2761|    0.003253|  2.5874e-03|   -6.612815|   -2.866202|   -0.187372|    0.001081|
|        2762|    0.003021|  2.5875e-03|   -6.613301|   -2.868928|   -0.187372|    0.001081|
|        2763|    0.002952|  2.5877e-03|   -6.613815|   -2.861448|   -0.187372|    0.001081|
|        2764|    0.003661|  2.5881e-03|   -6.614378|   -2.854116|   -0.187372|    0.001081|
|        2765|    0.003957|  2.5885e-03|   -6.614975|   -2.851871|   -0.187372|    0.001081|
|        2766|    0.003018|  2.5887e-03|   -6.615577|   -2.854349|   -0.187372|    0.001081|
|        2767|    0.002263|  2.5886e-03|   -6.616168|   -2.858780|   -0.187372|    0.001081|
|        2768|    0.001942|  2.5884e-03|   -6.616744|   -2.862583|   -0.187372|    0.001081|
|        2769|    0.002854|  2.5884e-03|   -6.617312|   -2.864623|   -0.187372|    0.001081|
|        2770|    0.002760|  2.5885e-03|   -6.617881|   -2.865155|   -0.187372|    0.001081|
|        2771|    0.001891|  2.5883e-03|   -6.618454|   -2.865084|   -0.187372|    0.001081|
|        2772|    0.003590|  2.5886e-03|   -6.619031|   -2.865198|   -0.187372|    0.001081|
|        2773|    0.002495|  2.5886e-03|   -6.619610|   -2.865811|   -0.187372|    0.001081|
|        2774|    0.002670|  2.5886e-03|   -6.620189|   -2.866815|   -0.187372|    0.001081|
|        2775|    0.002851|  2.5887e-03|   -6.620767|   -2.867921|   -0.187372|    0.001081|
|        2776|    0.002596|  2.5887e-03|   -6.621344|   -2.868886|   -0.187372|    0.001081|
|        2777|    0.002164|  2.5886e-03|   -6.621920|   -2.869619|   -0.187372|    0.001081|
|        2778|    0.002472|  2.5885e-03|   -6.622496|   -2.870165|   -0.187372|    0.001081|
|        2779|    0.001899|  2.5883e-03|   -6.623073|   -2.870623|   -0.187372|    0.001080|
|        2780|    0.003112|  2.5885e-03|   -6.623650|   -2.871076|   -0.187372|    0.001080|
|        2781|    0.003199|  2.5887e-03|   -6.624227|   -2.871562|   -0.187372|    0.001080|
|        2782|    0.002451|  2.5886e-03|   -6.624805|   -2.872073|   -0.187372|    0.001080|
|        2783|    0.001844|  2.5884e-03|   -6.625382|   -2.872583|   -0.187372|    0.001080|
|        2784|    0.001923|  2.5881e-03|   -6.625960|   -2.873073|   -0.187372|    0.001080|
|        2785|    0.001851|  2.5879e-03|   -6.626537|   -2.873536|   -0.187372|    0.001080|
|        2786|    0.001826|  2.5876e-03|   -6.627115|   -2.873982|   -0.187372|    0.001080|
|        2787|    0.002326|  2.5875e-03|   -6.627693|   -2.874422|   -0.187372|    0.001080|
|        2788|    0.002610|  2.5875e-03|   -6.628271|   -2.874869|   -0.187372|    0.001080|
|        2789|    0.001847|  2.5872e-03|   -6.628849|   -2.875328|   -0.187372|    0.001080|
|        2790|    0.002216|  2.5871e-03|   -6.629427|   -2.875799|   -0.187372|    0.001080|
|        2791|    0.002957|  2.5872e-03|   -6.630005|   -2.876280|   -0.187372|    0.001080|
|        2792|    0.003843|  2.5877e-03|   -6.630584|   -2.876769|   -0.187372|    0.001080|
|        2793|    0.003477|  2.5880e-03|   -6.631162|   -2.877266|   -0.187372|    0.001080|
|        2794|    0.003053|  2.5882e-03|   -6.631741|   -2.877770|   -0.187372|    0.001080|
|        2795|    0.002717|  2.5882e-03|   -6.632320|   -2.878283|   -0.187372|    0.001080|
|        2796|    0.001981|  2.5880e-03|   -6.632899|   -2.878805|   -0.187372|    0.001080|
|        2797|    0.002764|  2.5881e-03|   -6.633478|   -2.879336|   -0.187372|    0.001080|
|        2798|    0.003445|  2.5884e-03|   -6.634057|   -2.879874|   -0.187373|    0.001080|
|        2799|    0.002331|  2.5883e-03|   -6.634636|   -2.880418|   -0.187373|    0.001080|
|        2800|    0.002078|  2.5881e-03|   -6.635215|   -2.880968|   -0.187373|    0.001080|
|        2801|    0.002091|  2.5879e-03|   -6.635795|   -2.881521|   -0.187373|    0.001080|
|        2802|    0.003233|  2.5881e-03|   -6.636374|   -2.882077|   -0.187373|    0.001080|
|        2803|    0.002322|  2.5880e-03|   -6.636954|   -2.882636|   -0.187373|    0.001080|
|        2804|    0.002132|  2.5879e-03|   -6.637534|   -2.883195|   -0.187373|    0.001080|
|        2805|    0.003151|  2.5881e-03|   -6.638113|   -2.883756|   -0.187373|    0.001080|
|        2806|    0.002174|  2.5879e-03|   -6.638694|   -2.884316|   -0.187373|    0.001080|
|        2807|    0.002437|  2.5879e-03|   -6.639274|   -2.884876|   -0.187373|    0.001080|
|        2808|    0.002850|  2.5880e-03|   -6.639854|   -2.885435|   -0.187373|    0.001080|
|        2809|    0.002285|  2.5879e-03|   -6.640434|   -2.885993|   -0.187373|    0.001080|
|        2810|    0.002243|  2.5877e-03|   -6.641015|   -2.886549|   -0.187373|    0.001080|
|        2811|    0.002932|  2.5879e-03|   -6.641595|   -2.887103|   -0.187373|    0.001080|
|        2812|    0.001930|  2.5876e-03|   -6.642176|   -2.887655|   -0.187373|    0.001080|
|        2813|    0.001944|  2.5874e-03|   -6.642757|   -2.888205|   -0.187373|    0.001080|
|        2814|    0.001889|  2.5872e-03|   -6.643338|   -2.888753|   -0.187373|    0.001080|
|        2815|    0.003326|  2.5874e-03|   -6.643919|   -2.889299|   -0.187373|    0.001080|
|        2816|    0.002159|  2.5873e-03|   -6.644500|   -2.889844|   -0.187373|    0.001080|
|        2817|    0.002874|  2.5874e-03|   -6.645082|   -2.890388|   -0.187373|    0.001080|
|        2818|    0.003218|  2.5876e-03|   -6.645663|   -2.890930|   -0.187373|    0.001080|
|        2819|    0.002942|  2.5877e-03|   -6.646245|   -2.891471|   -0.187373|    0.001080|
|        2820|    0.002977|  2.5879e-03|   -6.646827|   -2.892011|   -0.187373|    0.001080|
|        2821|    0.002855|  2.5880e-03|   -6.647408|   -2.892550|   -0.187373|    0.001080|
|        2822|    0.003010|  2.5881e-03|   -6.647990|   -2.893089|   -0.187373|    0.001080|
|        2823|    0.003283|  2.5883e-03|   -6.648572|   -2.893628|   -0.187373|    0.001080|
|        2824|    0.002807|  2.5884e-03|   -6.649155|   -2.894166|   -0.187373|    0.001080|
|        2825|    0.002903|  2.5885e-03|   -6.649737|   -2.894704|   -0.187373|    0.001080|
|        2826|    0.002781|  2.5886e-03|   -6.650319|   -2.895242|   -0.187373|    0.001080|
|        2827|    0.002989|  2.5887e-03|   -6.650902|   -2.895781|   -0.187373|    0.001080|
|        2828|    0.003387|  2.5890e-03|   -6.651485|   -2.896319|   -0.187373|    0.001080|
|        2829|    0.002811|  2.5891e-03|   -6.652067|   -2.896858|   -0.187373|    0.001080|
|        2830|    0.002609|  2.5891e-03|   -6.652331|   -2.716992|   -0.187373|    0.001080|
|        2831|    0.002291|  2.5890e-03|   -6.653508|   -2.863860|   -0.187373|    0.001080|
|        2832|    0.003145|  2.5892e-03|   -6.654168|   -2.701304|   -0.187374|    0.001080|
|        2833|    0.002995|  2.5893e-03|   -6.655406|   -2.869955|   -0.187373|    0.001080|
|        2834|    0.003251|  2.5896e-03|   -6.655989|   -2.713409|   -0.187374|    0.001080|
|        2835|    0.002840|  2.5897e-03|   -6.657164|   -2.871120|   -0.187373|    0.001080|
|        2836|    0.001938|  2.5894e-03|   -6.657733|   -2.705782|   -0.187374|    0.001080|
|        2837|    0.001963|  2.5892e-03|   -6.658934|   -2.864843|   -0.187374|    0.001080|
|        2838|    0.001845|  2.5890e-03|   -6.659516|   -2.702852|   -0.187374|    0.001080|
|        2839|    0.003350|  2.5892e-03|   -6.660722|   -2.863557|   -0.187374|    0.001079|
|        2840|    0.003390|  2.5895e-03|   -6.661296|   -2.703078|   -0.187374|    0.001079|
|        2841|    0.002162|  2.5894e-03|   -6.662501|   -2.863217|   -0.187374|    0.001079|
|        2842|    0.002010|  2.5892e-03|   -6.663072|   -2.702663|   -0.187374|    0.001079|
|        2843|    0.001854|  2.5889e-03|   -6.664281|   -2.863046|   -0.187374|    0.001079|
|        2844|    0.002052|  2.5887e-03|   -6.664852|   -2.703141|   -0.187374|    0.001079|
|        2845|    0.002325|  2.5886e-03|   -6.666064|   -2.863927|   -0.187374|    0.001079|
|        2846|    0.003191|  2.5888e-03|   -6.666632|   -2.704488|   -0.187374|    0.001079|
|        2847|    0.003438|  2.5891e-03|   -6.667846|   -2.865473|   -0.187374|    0.001079|
|        2848|    0.002996|  2.5893e-03|   -6.668770|   -2.869952|   -0.187374|    0.001079|
|        2849|    0.003247|  2.5895e-03|   -6.669407|   -2.892529|   -0.187374|    0.001079|
|        2850|    0.003068|  2.5897e-03|   -6.669918|   -2.906120|   -0.187374|    0.001079|
|        2851|    0.002589|  2.5897e-03|   -6.670423|   -2.904879|   -0.187374|    0.001079|
|        2852|    0.003651|  2.5900e-03|   -6.670634|   -2.717040|   -0.187374|    0.001079|
|        2853|    0.003029|  2.5902e-03|   -6.671852|   -2.864340|   -0.187374|    0.001079|
|        2854|    0.002376|  2.5901e-03|   -6.672517|   -2.705914|   -0.187374|    0.001079|
|        2855|    0.002726|  2.5902e-03|   -6.673785|   -2.878987|   -0.187374|    0.001079|
|        2856|    0.003095|  2.5903e-03|   -6.674713|   -2.887991|   -0.187374|    0.001079|
|        2857|    0.002464|  2.5903e-03|   -6.675328|   -2.911458|   -0.187374|    0.001079|
|        2858|    0.002868|  2.5904e-03|   -6.675818|   -2.922720|   -0.187374|    0.001079|
|        2859|    0.003487|  2.5907e-03|   -6.675967|   -2.734294|   -0.187374|    0.001079|
|        2860|    0.003124|  2.5909e-03|   -6.677150|   -2.873901|   -0.187374|    0.001079|
|        2861|    0.002218|  2.5908e-03|   -6.678153|   -2.875911|   -0.187374|    0.001079|
|        2862|    0.002037|  2.5906e-03|   -6.678869|   -2.904132|   -0.187374|    0.001079|
|        2863|    0.003195|  2.5908e-03|   -6.679410|   -2.925264|   -0.187374|    0.001079|
|        2864|    0.003221|  2.5910e-03|   -6.679902|   -2.927841|   -0.187374|    0.001079|
|        2865|    0.003502|  2.5913e-03|   -6.680424|   -2.920128|   -0.187374|    0.001079|
|        2866|    0.003269|  2.5916e-03|   -6.680996|   -2.912729|   -0.187374|    0.001079|
|        2867|    0.002647|  2.5916e-03|   -6.681603|   -2.910574|   -0.187374|    0.001079|
|        2868|    0.001949|  2.5913e-03|   -6.682214|   -2.913195|   -0.187374|    0.001079|
|        2869|    0.002630|  2.5914e-03|   -6.682814|   -2.917741|   -0.187374|    0.001079|
|        2870|    0.002442|  2.5913e-03|   -6.683399|   -2.921600|   -0.187374|    0.001079|
|        2871|    0.002047|  2.5911e-03|   -6.683976|   -2.923650|   -0.187374|    0.001079|
|        2872|    0.002518|  2.5911e-03|   -6.684554|   -2.924178|   -0.187374|    0.001079|
|        2873|    0.002361|  2.5910e-03|   -6.685136|   -2.924112|   -0.187374|    0.001079|
|        2874|    0.002862|  2.5911e-03|   -6.685722|   -2.924244|   -0.187375|    0.001079|
|        2875|    0.003411|  2.5914e-03|   -6.686310|   -2.924881|   -0.187375|    0.001079|
|        2876|    0.003067|  2.5916e-03|   -6.686899|   -2.925906|   -0.187375|    0.001079|
|        2877|    0.003238|  2.5918e-03|   -6.687485|   -2.927024|   -0.187375|    0.001079|
|        2878|    0.003512|  2.5921e-03|   -6.688071|   -2.927994|   -0.187375|    0.001079|
|        2879|    0.003113|  2.5923e-03|   -6.688656|   -2.928729|   -0.187375|    0.001079|
|        2880|    0.002721|  2.5923e-03|   -6.689241|   -2.929275|   -0.187375|    0.001079|
|        2881|    0.001884|  2.5921e-03|   -6.689827|   -2.929734|   -0.187375|    0.001079|
|        2882|    0.003229|  2.5923e-03|   -6.690414|   -2.930190|   -0.187375|    0.001079|
|        2883|    0.002391|  2.5922e-03|   -6.691000|   -2.930678|   -0.187375|    0.001079|
|        2884|    0.002010|  2.5920e-03|   -6.691587|   -2.931190|   -0.187375|    0.001079|
|        2885|    0.001911|  2.5918e-03|   -6.692174|   -2.931702|   -0.187375|    0.001079|
|        2886|    0.001875|  2.5915e-03|   -6.692760|   -2.932193|   -0.187375|    0.001079|
|        2887|    0.001848|  2.5913e-03|   -6.693347|   -2.932658|   -0.187375|    0.001079|
|        2888|    0.003015|  2.5914e-03|   -6.693934|   -2.933106|   -0.187375|    0.001079|
|        2889|    0.003996|  2.5919e-03|   -6.694521|   -2.933550|   -0.187375|    0.001079|
|        2890|    0.002267|  2.5918e-03|   -6.695108|   -2.934001|   -0.187375|    0.001079|
|        2891|    0.001878|  2.5916e-03|   -6.695695|   -2.934465|   -0.187375|    0.001079|
|        2892|    0.002649|  2.5916e-03|   -6.696283|   -2.934941|   -0.187375|    0.001079|
|        2893|    0.002577|  2.5916e-03|   -6.696870|   -2.935429|   -0.187375|    0.001079|
|        2894|    0.001903|  2.5913e-03|   -6.697458|   -2.935925|   -0.187375|    0.001079|
|        2895|    0.002148|  2.5912e-03|   -6.698046|   -2.936430|   -0.187375|    0.001079|
|        2896|    0.003130|  2.5914e-03|   -6.698633|   -2.936942|   -0.187375|    0.001079|
|        2897|    0.002031|  2.5912e-03|   -6.699221|   -2.937464|   -0.187375|    0.001079|
|        2898|    0.001845|  2.5909e-03|   -6.699809|   -2.937995|   -0.187375|    0.001079|
|        2899|    0.002219|  2.5908e-03|   -6.700398|   -2.938535|   -0.187375|    0.001079|
|        2900|    0.002711|  2.5908e-03|   -6.700986|   -2.939082|   -0.187375|    0.001079|
|        2901|    0.001992|  2.5906e-03|   -6.701574|   -2.939636|   -0.187375|    0.001079|
|        2902|    0.002757|  2.5907e-03|   -6.702163|   -2.940196|   -0.187375|    0.001079|
|        2903|    0.003060|  2.5908e-03|   -6.702752|   -2.940759|   -0.187375|    0.001079|
|        2904|    0.003104|  2.5910e-03|   -6.703341|   -2.941325|   -0.187375|    0.001078|
|        2905|    0.003454|  2.5913e-03|   -6.703929|   -2.941893|   -0.187375|    0.001078|
|        2906|    0.003260|  2.5916e-03|   -6.704519|   -2.942462|   -0.187375|    0.001078|
|        2907|    0.003037|  2.5917e-03|   -6.705108|   -2.943032|   -0.187375|    0.001078|
|        2908|    0.002897|  2.5918e-03|   -6.705697|   -2.943602|   -0.187375|    0.001078|
|        2909|    0.002068|  2.5916e-03|   -6.706287|   -2.944172|   -0.187375|    0.001078|
|        2910|    0.003317|  2.5919e-03|   -6.706876|   -2.944740|   -0.187375|    0.001078|
|        2911|    0.003016|  2.5920e-03|   -6.707466|   -2.945306|   -0.187375|    0.001078|
|        2912|    0.001952|  2.5918e-03|   -6.708056|   -2.945871|   -0.187375|    0.001078|
|        2913|    0.003539|  2.5921e-03|   -6.708646|   -2.946434|   -0.187375|    0.001078|
|        2914|    0.002804|  2.5922e-03|   -6.709236|   -2.946994|   -0.187375|    0.001078|
|        2915|    0.002877|  2.5923e-03|   -6.709826|   -2.947553|   -0.187375|    0.001078|
|        2916|    0.002102|  2.5921e-03|   -6.710416|   -2.948109|   -0.187375|    0.001078|
|        2917|    0.001856|  2.5919e-03|   -6.711007|   -2.948664|   -0.187375|    0.001078|
|        2918|    0.002917|  2.5920e-03|   -6.711597|   -2.949217|   -0.187376|    0.001078|
|        2919|    0.003436|  2.5923e-03|   -6.712188|   -2.949768|   -0.187376|    0.001078|
|        2920|    0.003096|  2.5925e-03|   -6.712779|   -2.950319|   -0.187376|    0.001078|
|        2921|    0.001921|  2.5922e-03|   -6.713370|   -2.950868|   -0.187376|    0.001078|
|        2922|    0.002897|  2.5923e-03|   -6.713961|   -2.951416|   -0.187376|    0.001078|
|        2923|    0.002933|  2.5924e-03|   -6.714552|   -2.951963|   -0.187376|    0.001078|
|        2924|    0.002031|  2.5923e-03|   -6.715143|   -2.952510|   -0.187376|    0.001078|
|        2925|    0.002753|  2.5923e-03|   -6.715735|   -2.953057|   -0.187376|    0.001078|
|        2926|    0.002730|  2.5924e-03|   -6.716327|   -2.953603|   -0.187376|    0.001078|
|        2927|    0.002550|  2.5923e-03|   -6.716918|   -2.954149|   -0.187376|    0.001078|
|        2928|    0.003220|  2.5926e-03|   -6.717510|   -2.954696|   -0.187376|    0.001078|
|        2929|    0.002889|  2.5927e-03|   -6.718102|   -2.955242|   -0.187376|    0.001078|
|        2930|    0.001852|  2.5924e-03|   -6.718694|   -2.955789|   -0.187376|    0.001078|
|        2931|    0.002324|  2.5923e-03|   -6.719286|   -2.956336|   -0.187376|    0.001078|
|        2932|    0.003150|  2.5925e-03|   -6.719510|   -2.774065|   -0.187376|    0.001078|
|        2933|    0.002971|  2.5926e-03|   -6.720744|   -2.922798|   -0.187376|    0.001078|
|        2934|    0.003976|  2.5931e-03|   -6.721380|   -2.758061|   -0.187376|    0.001078|
|        2935|    0.003005|  2.5932e-03|   -6.722676|   -2.928925|   -0.187376|    0.001078|
|        2936|    0.003246|  2.5935e-03|   -6.723232|   -2.770039|   -0.187376|    0.001078|
|        2937|    0.002830|  2.5935e-03|   -6.724464|   -2.929831|   -0.187376|    0.001078|
|        2938|    0.003199|  2.5938e-03|   -6.725007|   -2.762239|   -0.187376|    0.001078|
|        2939|    0.002792|  2.5938e-03|   -6.726265|   -2.923342|   -0.187376|    0.001078|
|        2940|    0.002931|  2.5939e-03|   -6.726820|   -2.759250|   -0.187376|    0.001078|
|        2941|    0.002458|  2.5939e-03|   -6.728084|   -2.921972|   -0.187376|    0.001078|
|        2942|    0.003178|  2.5941e-03|   -6.728631|   -2.759430|   -0.187376|    0.001078|
|        2943|    0.003495|  2.5944e-03|   -6.729894|   -2.921580|   -0.187376|    0.001078|
|        2944|    0.004433|  2.5950e-03|   -6.730437|   -2.759009|   -0.187376|    0.001078|
|        2945|    0.003208|  2.5952e-03|   -6.731704|   -2.921407|   -0.187376|    0.001078|
|        2946|    0.002801|  2.5953e-03|   -6.732247|   -2.759514|   -0.187376|    0.001078|
|        2947|    0.002641|  2.5953e-03|   -6.733517|   -2.922324|   -0.187376|    0.001078|
|        2948|    0.002515|  2.5953e-03|   -6.734058|   -2.760901|   -0.187376|    0.001078|
|        2949|    0.002750|  2.5953e-03|   -6.735329|   -2.923924|   -0.187376|    0.001078|
|        2950|    0.003629|  2.5957e-03|   -6.736277|   -2.928273|   -0.187376|    0.001078|
|        2951|    0.002010|  2.5955e-03|   -6.736924|   -2.951344|   -0.187376|    0.001078|
|        2952|    0.002229|  2.5954e-03|   -6.737442|   -2.965140|   -0.187376|    0.001078|
|        2953|    0.003187|  2.5956e-03|   -6.737954|   -2.963871|   -0.187376|    0.001078|
|        2954|    0.002237|  2.5954e-03|   -6.738124|   -2.774003|   -0.187377|    0.001078|
|        2955|    0.002969|  2.5956e-03|   -6.739400|   -2.923202|   -0.187377|    0.001078|
|        2956|    0.002260|  2.5955e-03|   -6.740040|   -2.762882|   -0.187377|    0.001078|
|        2957|    0.001994|  2.5953e-03|   -6.741367|   -2.938164|   -0.187377|    0.001078|
|        2958|    0.001868|  2.5950e-03|   -6.742319|   -2.947038|   -0.187377|    0.001078|
|        2959|    0.002454|  2.5950e-03|   -6.742943|   -2.970939|   -0.187377|    0.001078|
|        2960|    0.002904|  2.5951e-03|   -6.743440|   -2.982286|   -0.187377|    0.001078|
|        2961|    0.002624|  2.5951e-03|   -6.743545|   -2.791414|   -0.187377|    0.001078|
|        2962|    0.002649|  2.5951e-03|   -6.744786|   -2.932868|   -0.187377|    0.001078|
|        2963|    0.001882|  2.5948e-03|   -6.745814|   -2.934847|   -0.187377|    0.001078|
|        2964|    0.001860|  2.5946e-03|   -6.746542|   -2.963709|   -0.187377|    0.001078|
|        2965|    0.001921|  2.5944e-03|   -6.747090|   -2.985111|   -0.187377|    0.001078|
|        2966|    0.002352|  2.5943e-03|   -6.747589|   -2.987541|   -0.187377|    0.001078|
|        2967|    0.003003|  2.5944e-03|   -6.748119|   -2.979627|   -0.187377|    0.001078|
|        2968|    0.003684|  2.5948e-03|   -6.748701|   -2.972186|   -0.187377|    0.001078|
|        2969|    0.003192|  2.5950e-03|   -6.749317|   -2.970126|   -0.187377|    0.001078|
|        2970|    0.002094|  2.5948e-03|   -6.749938|   -2.972884|   -0.187377|    0.001078|
|        2971|    0.001862|  2.5946e-03|   -6.750547|   -2.977534|   -0.187377|    0.001078|
|        2972|    0.001890|  2.5943e-03|   -6.751141|   -2.981442|   -0.187377|    0.001078|
|        2973|    0.001851|  2.5941e-03|   -6.751728|   -2.983499|   -0.187377|    0.001077|
|        2974|    0.002554|  2.5941e-03|   -6.752314|   -2.984027|   -0.187377|    0.001077|
|        2975|    0.003032|  2.5942e-03|   -6.752906|   -2.983968|   -0.187377|    0.001077|
|        2976|    0.002445|  2.5942e-03|   -6.753501|   -2.984120|   -0.187377|    0.001077|
|        2977|    0.002692|  2.5942e-03|   -6.754099|   -2.984782|   -0.187377|    0.001077|
|        2978|    0.003093|  2.5944e-03|   -6.754696|   -2.985827|   -0.187377|    0.001077|
|        2979|    0.002338|  2.5943e-03|   -6.755293|   -2.986957|   -0.187377|    0.001077|
|        2980|    0.002663|  2.5943e-03|   -6.755887|   -2.987932|   -0.187377|    0.001077|
|        2981|    0.001975|  2.5941e-03|   -6.756482|   -2.988668|   -0.187377|    0.001077|
|        2982|    0.002078|  2.5939e-03|   -6.757076|   -2.989216|   -0.187377|    0.001077|
|        2983|    0.001927|  2.5937e-03|   -6.757672|   -2.989677|   -0.187377|    0.001077|
|        2984|    0.002237|  2.5936e-03|   -6.758267|   -2.990136|   -0.187377|    0.001077|
|        2985|    0.003559|  2.5939e-03|   -6.758863|   -2.990626|   -0.187377|    0.001077|
|        2986|    0.003030|  2.5941e-03|   -6.759459|   -2.991141|   -0.187377|    0.001077|
|        2987|    0.002711|  2.5941e-03|   -6.760055|   -2.991655|   -0.187377|    0.001077|
|        2988|    0.002829|  2.5942e-03|   -6.760651|   -2.992148|   -0.187377|    0.001077|
|        2989|    0.001891|  2.5939e-03|   -6.761247|   -2.992616|   -0.187377|    0.001077|
|        2990|    0.002589|  2.5939e-03|   -6.761844|   -2.993067|   -0.187377|    0.001077|
|        2991|    0.003207|  2.5941e-03|   -6.762440|   -2.993516|   -0.187377|    0.001077|
|        2992|    0.002888|  2.5942e-03|   -6.763036|   -2.993972|   -0.187377|    0.001077|
|        2993|    0.001932|  2.5940e-03|   -6.763633|   -2.994442|   -0.187377|    0.001077|
|        2994|    0.003121|  2.5942e-03|   -6.764230|   -2.994926|   -0.187377|    0.001077|
|        2995|    0.004058|  2.5947e-03|   -6.764827|   -2.995421|   -0.187377|    0.001077|
|        2996|    0.003318|  2.5949e-03|   -6.765424|   -2.995925|   -0.187377|    0.001077|
|        2997|    0.003161|  2.5951e-03|   -6.766021|   -2.996438|   -0.187377|    0.001077|
|        2998|    0.001904|  2.5949e-03|   -6.766618|   -2.996960|   -0.187377|    0.001077|
|        2999|    0.002492|  2.5949e-03|   -6.767216|   -2.997491|   -0.187377|    0.001077|
|        3000|    0.002483|  2.5948e-03|   -6.767813|   -2.998032|   -0.187377|    0.001077|
+-----------------------------------------------------------------------+
|        File Writing Summary       |              Filename             |
+-----------------------------------------------------------------------+
|SU2 binary restart                 |restart_flow.dat                   |
|Paraview                           |flow.vtu                           |
|Paraview surface                   |surface_flow.vtu                   |
+-----------------------------------------------------------------------+
+------------------------------------------------------------------------------------------+
|  Inner_Iter|   Time(sec)|   Time(sec)|    rms[Rho]|   rms[RhoE]|          CL|          CD|
+------------------------------------------------------------------------------------------+
|        3001|    0.011509|  2.5978e-03|   -6.768411|   -2.998582|   -0.187377|    0.001077|
|        3002|    0.002622|  2.5978e-03|   -6.769009|   -2.999141|   -0.187377|    0.001077|
|        3003|    0.002990|  2.5979e-03|   -6.769606|   -2.999705|   -0.187378|    0.001077|
|        3004|    0.002724|  2.5980e-03|   -6.770205|   -3.000275|   -0.187378|    0.001077|
|        3005|    0.002991|  2.5981e-03|   -6.770803|   -3.000849|   -0.187378|    0.001077|
|        3006|    0.002093|  2.5979e-03|   -6.771401|   -3.001426|   -0.187378|    0.001077|
|        3007|    0.002457|  2.5979e-03|   -6.771999|   -3.002004|   -0.187378|    0.001077|
|        3008|    0.002602|  2.5979e-03|   -6.772598|   -3.002584|   -0.187378|    0.001077|
|        3009|    0.002484|  2.5978e-03|   -6.773197|   -3.003165|   -0.187378|    0.001077|
|        3010|    0.002812|  2.5979e-03|   -6.773795|   -3.003745|   -0.187378|    0.001077|
|        3011|    0.002534|  2.5979e-03|   -6.774394|   -3.004325|   -0.187378|    0.001077|
|        3012|    0.002213|  2.5978e-03|   -6.774993|   -3.004903|   -0.187378|    0.001077|
|        3013|    0.003196|  2.5980e-03|   -6.775593|   -3.005479|   -0.187378|    0.001077|
|        3014|    0.003215|  2.5982e-03|   -6.776192|   -3.006053|   -0.187378|    0.001077|
|        3015|    0.003075|  2.5983e-03|   -6.776791|   -3.006625|   -0.187378|    0.001077|
|        3016|    0.003067|  2.5985e-03|   -6.777391|   -3.007195|   -0.187378|    0.001077|
|        3017|    0.003615|  2.5988e-03|   -6.777991|   -3.007763|   -0.187378|    0.001077|
|        3018|    0.002569|  2.5988e-03|   -6.778591|   -3.008329|   -0.187378|    0.001077|
|        3019|    0.002917|  2.5989e-03|   -6.779191|   -3.008893|   -0.187378|    0.001077|
|        3020|    0.003323|  2.5992e-03|   -6.779791|   -3.009455|   -0.187378|    0.001077|
|        3021|    0.002908|  2.5993e-03|   -6.780391|   -3.010015|   -0.187378|    0.001077|
|        3022|    0.002897|  2.5994e-03|   -6.780991|   -3.010574|   -0.187378|    0.001077|
|        3023|    0.003060|  2.5995e-03|   -6.781592|   -3.011132|   -0.187378|    0.001077|
|        3024|    0.003097|  2.5997e-03|   -6.782193|   -3.011689|   -0.187378|    0.001077|
|        3025|    0.002874|  2.5998e-03|   -6.782793|   -3.012245|   -0.187378|    0.001077|
|        3026|    0.002259|  2.5997e-03|   -6.783394|   -3.012801|   -0.187378|    0.001077|
|        3027|    0.003331|  2.5999e-03|   -6.783995|   -3.013356|   -0.187378|    0.001077|
|        3028|    0.002706|  2.5999e-03|   -6.784596|   -3.013912|   -0.187378|    0.001077|
|        3029|    0.002136|  2.5998e-03|   -6.785198|   -3.014467|   -0.187378|    0.001077|
|        3030|    0.003016|  2.5999e-03|   -6.785799|   -3.015022|   -0.187378|    0.001077|
|        3031|    0.001903|  2.5997e-03|   -6.786401|   -3.015578|   -0.187378|    0.001077|
|        3032|    0.002116|  2.5995e-03|   -6.787002|   -3.016134|   -0.187378|    0.001077|
|        3033|    0.002188|  2.5994e-03|   -6.787604|   -3.016690|   -0.187378|    0.001077|
|        3034|    0.002170|  2.5992e-03|   -6.787789|   -2.832213|   -0.187378|    0.001077|
|        3035|    0.002095|  2.5991e-03|   -6.789079|   -2.982696|   -0.187378|    0.001077|
|        3036|    0.003284|  2.5993e-03|   -6.789692|   -2.815939|   -0.187378|    0.001077|
|        3037|    0.003091|  2.5995e-03|   -6.791046|   -2.988837|   -0.187378|    0.001077|
|        3038|    0.002836|  2.5995e-03|   -6.791576|   -2.827774|   -0.187378|    0.001077|
|        3039|    0.003487|  2.5998e-03|   -6.792865|   -2.989488|   -0.187378|    0.001077|
|        3040|    0.002947|  2.6000e-03|   -6.793381|   -2.819822|   -0.187378|    0.001077|
|        3041|    0.002973|  2.6001e-03|   -6.794697|   -2.982808|   -0.187378|    0.001077|
|        3042|    0.003271|  2.6003e-03|   -6.795225|   -2.816783|   -0.187378|    0.001077|
|        3043|    0.003220|  2.6005e-03|   -6.796547|   -2.981360|   -0.187378|    0.001077|
|        3044|    0.003742|  2.6009e-03|   -6.797067|   -2.816922|   -0.187379|    0.001077|
|        3045|    0.002764|  2.6009e-03|   -6.798388|   -2.980923|   -0.187378|    0.001077|
|        3046|    0.002031|  2.6007e-03|   -6.798904|   -2.816502|   -0.187379|    0.001077|
|        3047|    0.001865|  2.6005e-03|   -6.800230|   -2.980756|   -0.187378|    0.001077|
|        3048|    0.002915|  2.6006e-03|   -6.800745|   -2.817037|   -0.187379|    0.001077|
|        3049|    0.003189|  2.6008e-03|   -6.802073|   -2.981712|   -0.187379|    0.001077|
|        3050|    0.002804|  2.6009e-03|   -6.802587|   -2.818468|   -0.187379|    0.001077|
|        3051|    0.002005|  2.6007e-03|   -6.803916|   -2.983371|   -0.187379|    0.001077|
|        3052|    0.001865|  2.6004e-03|   -6.804887|   -2.987595|   -0.187379|    0.001077|
|        3053|    0.001908|  2.6002e-03|   -6.805546|   -3.011097|   -0.187379|    0.001077|
|        3054|    0.002554|  2.6002e-03|   -6.806071|   -3.025072|   -0.187379|    0.001077|
|        3055|    0.001937|  2.6000e-03|   -6.806590|   -3.023788|   -0.187379|    0.001076|
|        3056|    0.004131|  2.6005e-03|   -6.806718|   -2.832099|   -0.187379|    0.001076|
|        3057|    0.002425|  2.6004e-03|   -6.808052|   -2.983082|   -0.187379|    0.001076|
|        3058|    0.002617|  2.6004e-03|   -6.808668|   -2.821013|   -0.187379|    0.001076|
|        3059|    0.002415|  2.6004e-03|   -6.810054|   -2.998324|   -0.187379|    0.001076|
|        3060|    0.003167|  2.6005e-03|   -6.811029|   -3.007066|   -0.187379|    0.001076|
|        3061|    0.003124|  2.6007e-03|   -6.811664|   -3.031335|   -0.187379|    0.001076|
|        3062|    0.003274|  2.6009e-03|   -6.812167|   -3.042748|   -0.187379|    0.001076|
|        3063|    0.002385|  2.6009e-03|   -6.812229|   -2.849656|   -0.187379|    0.001076|
|        3064|    0.002022|  2.6007e-03|   -6.813528|   -2.992856|   -0.187379|    0.001076|
|        3065|    0.002218|  2.6005e-03|   -6.814582|   -2.994807|   -0.187379|    0.001076|
|        3066|    0.002982|  2.6007e-03|   -6.815322|   -3.024230|   -0.187379|    0.001076|
|        3067|    0.002679|  2.6007e-03|   -6.815878|   -3.045852|   -0.187379|    0.001076|
|        3068|    0.001985|  2.6005e-03|   -6.816383|   -3.048140|   -0.187379|    0.001076|
|        3069|    0.001826|  2.6002e-03|   -6.816921|   -3.040054|   -0.187379|    0.001076|
|        3070|    0.001926|  2.6000e-03|   -6.817512|   -3.032594|   -0.187379|    0.001076|
|        3071|    0.002644|  2.6000e-03|   -6.818138|   -3.030634|   -0.187379|    0.001076|
|        3072|    0.003152|  2.6002e-03|   -6.818769|   -3.033520|   -0.187379|    0.001076|
|        3073|    0.003183|  2.6004e-03|   -6.819388|   -3.038264|   -0.187379|    0.001076|
|        3074|    0.003675|  2.6008e-03|   -6.819991|   -3.042213|   -0.187379|    0.001076|
|        3075|    0.003434|  2.6010e-03|   -6.820587|   -3.044277|   -0.187379|    0.001076|
|        3076|    0.003071|  2.6012e-03|   -6.821183|   -3.044806|   -0.187379|    0.001076|
|        3077|    0.002748|  2.6012e-03|   -6.821783|   -3.044759|   -0.187379|    0.001076|
|        3078|    0.002905|  2.6013e-03|   -6.822388|   -3.044932|   -0.187379|    0.001076|
|        3079|    0.002773|  2.6014e-03|   -6.822996|   -3.045618|   -0.187379|    0.001076|
|        3080|    0.002164|  2.6012e-03|   -6.823603|   -3.046681|   -0.187379|    0.001076|
|        3081|    0.002908|  2.6013e-03|   -6.824208|   -3.047822|   -0.187379|    0.001076|
|        3082|    0.003063|  2.6015e-03|   -6.824812|   -3.048802|   -0.187379|    0.001076|
|        3083|    0.002471|  2.6014e-03|   -6.825416|   -3.049540|   -0.187379|    0.001076|
|        3084|    0.002489|  2.6014e-03|   -6.826020|   -3.050090|   -0.187379|    0.001076|
|        3085|    0.001871|  2.6012e-03|   -6.826625|   -3.050555|   -0.187379|    0.001076|
|        3086|    0.002524|  2.6012e-03|   -6.827230|   -3.051017|   -0.187379|    0.001076|
|        3087|    0.002927|  2.6013e-03|   -6.827836|   -3.051512|   -0.187379|    0.001076|
|        3088|    0.003253|  2.6015e-03|   -6.828441|   -3.052029|   -0.187379|    0.001076|
|        3089|    0.002803|  2.6015e-03|   -6.829047|   -3.052546|   -0.187379|    0.001076|
|        3090|    0.002554|  2.6015e-03|   -6.829652|   -3.053042|   -0.187379|    0.001076|
|        3091|    0.002878|  2.6016e-03|   -6.830258|   -3.053513|   -0.187379|    0.001076|
|        3092|    0.001852|  2.6014e-03|   -6.830863|   -3.053970|   -0.187379|    0.001076|
|        3093|    0.001981|  2.6012e-03|   -6.831469|   -3.054424|   -0.187379|    0.001076|
|        3094|    0.002573|  2.6012e-03|   -6.832075|   -3.054887|   -0.187379|    0.001076|
|        3095|    0.003461|  2.6014e-03|   -6.832681|   -3.055364|   -0.187379|    0.001076|
|        3096|    0.003428|  2.6017e-03|   -6.833288|   -3.055855|   -0.187379|    0.001076|
|        3097|    0.003076|  2.6019e-03|   -6.833894|   -3.056358|   -0.187379|    0.001076|
|        3098|    0.003084|  2.6020e-03|   -6.834501|   -3.056872|   -0.187380|    0.001076|
|        3099|    0.002931|  2.6021e-03|   -6.835107|   -3.057394|   -0.187380|    0.001076|
|        3100|    0.002674|  2.6021e-03|   -6.835714|   -3.057926|   -0.187380|    0.001076|
|        3101|    0.003115|  2.6023e-03|   -6.836321|   -3.058468|   -0.187380|    0.001076|
|        3102|    0.002435|  2.6022e-03|   -6.836928|   -3.059020|   -0.187380|    0.001076|
|        3103|    0.002133|  2.6021e-03|   -6.837536|   -3.059581|   -0.187380|    0.001076|
|        3104|    0.002433|  2.6020e-03|   -6.838143|   -3.060151|   -0.187380|    0.001076|
|        3105|    0.002808|  2.6021e-03|   -6.838750|   -3.060727|   -0.187380|    0.001076|
|        3106|    0.002242|  2.6020e-03|   -6.839358|   -3.061308|   -0.187380|    0.001076|
|        3107|    0.002349|  2.6019e-03|   -6.839966|   -3.061893|   -0.187380|    0.001076|
|        3108|    0.002037|  2.6017e-03|   -6.840574|   -3.062482|   -0.187380|    0.001076|
|        3109|    0.002234|  2.6016e-03|   -6.841182|   -3.063072|   -0.187380|    0.001076|
|        3110|    0.002513|  2.6016e-03|   -6.841790|   -3.063663|   -0.187380|    0.001076|
|        3111|    0.003086|  2.6017e-03|   -6.842398|   -3.064255|   -0.187380|    0.001076|
|        3112|    0.002316|  2.6016e-03|   -6.843007|   -3.064846|   -0.187380|    0.001076|
|        3113|    0.002474|  2.6016e-03|   -6.843615|   -3.065436|   -0.187380|    0.001076|
|        3114|    0.001862|  2.6014e-03|   -6.844224|   -3.066025|   -0.187380|    0.001076|
|        3115|    0.002134|  2.6012e-03|   -6.844833|   -3.066612|   -0.187380|    0.001076|
|        3116|    0.002867|  2.6013e-03|   -6.845442|   -3.067197|   -0.187380|    0.001076|
|        3117|    0.002424|  2.6012e-03|   -6.846051|   -3.067779|   -0.187380|    0.001076|
|        3118|    0.002386|  2.6012e-03|   -6.846660|   -3.068359|   -0.187380|    0.001076|
|        3119|    0.003156|  2.6014e-03|   -6.847269|   -3.068937|   -0.187380|    0.001076|
|        3120|    0.002291|  2.6013e-03|   -6.847879|   -3.069512|   -0.187380|    0.001076|
|        3121|    0.003570|  2.6016e-03|   -6.848488|   -3.070086|   -0.187380|    0.001076|
|        3122|    0.002437|  2.6015e-03|   -6.849098|   -3.070658|   -0.187380|    0.001076|
|        3123|    0.003365|  2.6018e-03|   -6.849708|   -3.071228|   -0.187380|    0.001076|
|        3124|    0.002012|  2.6016e-03|   -6.850318|   -3.071796|   -0.187380|    0.001076|
|        3125|    0.002682|  2.6016e-03|   -6.850928|   -3.072364|   -0.187380|    0.001076|
|        3126|    0.001955|  2.6014e-03|   -6.851539|   -3.072930|   -0.187380|    0.001076|
|        3127|    0.002158|  2.6012e-03|   -6.852149|   -3.073496|   -0.187380|    0.001076|
|        3128|    0.003027|  2.6014e-03|   -6.852760|   -3.074062|   -0.187380|    0.001076|
|        3129|    0.002229|  2.6013e-03|   -6.853370|   -3.074627|   -0.187380|    0.001076|
|        3130|    0.003145|  2.6014e-03|   -6.853981|   -3.075192|   -0.187380|    0.001076|
|        3131|    0.003257|  2.6016e-03|   -6.854592|   -3.075757|   -0.187380|    0.001076|
|        3132|    0.003120|  2.6018e-03|   -6.855203|   -3.076322|   -0.187380|    0.001076|
|        3133|    0.002934|  2.6019e-03|   -6.855815|   -3.076887|   -0.187380|    0.001076|
|        3134|    0.003008|  2.6020e-03|   -6.856426|   -3.077452|   -0.187380|    0.001076|
|        3135|    0.004280|  2.6026e-03|   -6.857037|   -3.078018|   -0.187380|    0.001076|
|        3136|    0.004019|  2.6030e-03|   -6.857183|   -2.891522|   -0.187380|    0.001076|
|        3137|    0.003963|  2.6035e-03|   -6.858530|   -3.043644|   -0.187380|    0.001076|
|        3138|    0.002253|  2.6034e-03|   -6.859120|   -2.875023|   -0.187380|    0.001076|
|        3139|    0.001923|  2.6031e-03|   -6.860533|   -3.049784|   -0.187380|    0.001076|
|        3140|    0.002429|  2.6031e-03|   -6.861037|   -2.886705|   -0.187380|    0.001076|
|        3141|    0.002088|  2.6029e-03|   -6.862382|   -3.050187|   -0.187380|    0.001076|
|        3142|    0.002194|  2.6028e-03|   -6.862872|   -2.878619|   -0.187380|    0.001076|
|        3143|    0.002514|  2.6028e-03|   -6.864246|   -3.043334|   -0.187380|    0.001076|
|        3144|    0.003010|  2.6029e-03|   -6.864748|   -2.875537|   -0.187381|    0.001076|
|        3145|    0.003275|  2.6031e-03|   -6.866127|   -3.041816|   -0.187380|    0.001076|
|        3146|    0.003543|  2.6034e-03|   -6.866621|   -2.875640|   -0.187381|    0.001076|
|        3147|    0.002851|  2.6035e-03|   -6.867999|   -3.041342|   -0.187380|    0.001076|
|        3148|    0.002254|  2.6034e-03|   -6.868490|   -2.875227|   -0.187381|    0.001076|
|        3149|    0.001954|  2.6032e-03|   -6.869872|   -3.041185|   -0.187381|    0.001076|
|        3150|    0.001854|  2.6029e-03|   -6.870361|   -2.875796|   -0.187381|    0.001076|
|        3151|    0.003100|  2.6031e-03|   -6.871747|   -3.042184|   -0.187381|    0.001076|
|        3152|    0.003315|  2.6033e-03|   -6.872234|   -2.877273|   -0.187381|    0.001075|
|        3153|    0.002612|  2.6033e-03|   -6.873622|   -3.043904|   -0.187381|    0.001075|
|        3154|    0.002585|  2.6033e-03|   -6.874617|   -3.048014|   -0.187381|    0.001075|
|        3155|    0.002950|  2.6034e-03|   -6.875286|   -3.071888|   -0.187381|    0.001075|
|        3156|    0.002494|  2.6034e-03|   -6.875818|   -3.086015|   -0.187381|    0.001075|
|        3157|    0.002615|  2.6034e-03|   -6.876345|   -3.084730|   -0.187381|    0.001075|
|        3158|    0.003404|  2.6036e-03|   -6.876432|   -2.891410|   -0.187381|    0.001075|
|        3159|    0.003434|  2.6039e-03|   -6.877824|   -3.044067|   -0.187381|    0.001075|
|        3160|    0.003194|  2.6041e-03|   -6.878415|   -2.880387|   -0.187381|    0.001075|
|        3161|    0.002844|  2.6042e-03|   -6.879860|   -3.059555|   -0.187381|    0.001075|
|        3162|    0.003369|  2.6044e-03|   -6.880859|   -3.068165|   -0.187381|    0.001075|
|        3163|    0.003474|  2.6047e-03|   -6.881504|   -3.092745|   -0.187381|    0.001075|
|        3164|    0.002134|  2.6045e-03|   -6.882014|   -3.104206|   -0.187381|    0.001075|
|        3165|    0.003296|  2.6048e-03|   -6.882034|   -2.909104|   -0.187381|    0.001075|
|        3166|    0.002008|  2.6046e-03|   -6.883389|   -3.053948|   -0.187381|    0.001075|
|        3167|    0.001877|  2.6043e-03|   -6.884469|   -3.055877|   -0.187381|    0.001075|
|        3168|    0.002414|  2.6043e-03|   -6.885222|   -3.085786|   -0.187381|    0.001075|
|        3169|    0.002197|  2.6041e-03|   -6.885785|   -3.107584|   -0.187381|    0.001075|
|        3170|    0.002509|  2.6041e-03|   -6.886298|   -3.109735|   -0.187381|    0.001075|
|        3171|    0.002408|  2.6041e-03|   -6.886844|   -3.101504|   -0.187381|    0.001075|
|        3172|    0.002198|  2.6039e-03|   -6.887445|   -3.094044|   -0.187381|    0.001075|
|        3173|    0.001989|  2.6037e-03|   -6.888080|   -3.092187|   -0.187381|    0.001075|
|        3174|    0.003150|  2.6039e-03|   -6.888722|   -3.095194|   -0.187381|    0.001075|
|        3175|    0.002824|  2.6040e-03|   -6.889350|   -3.100021|   -0.187381|    0.001075|
|        3176|    0.001914|  2.6038e-03|   -6.889962|   -3.104005|   -0.187381|    0.001075|
|        3177|    0.001956|  2.6036e-03|   -6.890567|   -3.106075|   -0.187381|    0.001075|
|        3178|    0.002366|  2.6035e-03|   -6.891173|   -3.106607|   -0.187381|    0.001075|
|        3179|    0.002686|  2.6035e-03|   -6.891783|   -3.106574|   -0.187381|    0.001075|
|        3180|    0.002753|  2.6036e-03|   -6.892397|   -3.106770|   -0.187381|    0.001075|
|        3181|    0.003022|  2.6037e-03|   -6.893014|   -3.107480|   -0.187381|    0.001075|
|        3182|    0.002925|  2.6038e-03|   -6.893630|   -3.108561|   -0.187381|    0.001075|
|        3183|    0.001918|  2.6036e-03|   -6.894246|   -3.109711|   -0.187381|    0.001075|
|        3184|    0.001849|  2.6033e-03|   -6.894859|   -3.110695|   -0.187381|    0.001075|
|        3185|    0.002817|  2.6034e-03|   -6.895473|   -3.111437|   -0.187381|    0.001075|
|        3186|    0.002219|  2.6033e-03|   -6.896086|   -3.111990|   -0.187381|    0.001075|
|        3187|    0.001881|  2.6031e-03|   -6.896700|   -3.112458|   -0.187381|    0.001075|
|        3188|    0.001950|  2.6028e-03|   -6.897315|   -3.112925|   -0.187381|    0.001075|
|        3189|    0.002284|  2.6027e-03|   -6.897930|   -3.113424|   -0.187381|    0.001075|
|        3190|    0.002399|  2.6027e-03|   -6.898545|   -3.113946|   -0.187381|    0.001075|
|        3191|    0.001871|  2.6025e-03|   -6.899160|   -3.114466|   -0.187381|    0.001075|
|        3192|    0.002535|  2.6024e-03|   -6.899775|   -3.114965|   -0.187381|    0.001075|
|        3193|    0.003083|  2.6026e-03|   -6.900391|   -3.115441|   -0.187381|    0.001075|
|        3194|    0.003176|  2.6028e-03|   -6.901006|   -3.115903|   -0.187381|    0.001075|
|        3195|    0.003012|  2.6029e-03|   -6.901621|   -3.116364|   -0.187381|    0.001075|
|        3196|    0.003070|  2.6030e-03|   -6.902237|   -3.116834|   -0.187381|    0.001075|
|        3197|    0.003592|  2.6033e-03|   -6.902853|   -3.117319|   -0.187381|    0.001075|
|        3198|    0.003095|  2.6035e-03|   -6.903469|   -3.117819|   -0.187381|    0.001075|
|        3199|    0.002187|  2.6034e-03|   -6.904085|   -3.118331|   -0.187381|    0.001075|
|        3200|    0.003161|  2.6035e-03|   -6.904701|   -3.118855|   -0.187381|    0.001075|
|        3201|    0.002848|  2.6036e-03|   -6.905317|   -3.119388|   -0.187381|    0.001075|
|        3202|    0.001934|  2.6034e-03|   -6.905934|   -3.119930|   -0.187381|    0.001075|
|        3203|    0.001921|  2.6032e-03|   -6.906550|   -3.120483|   -0.187381|    0.001075|
|        3204|    0.002322|  2.6031e-03|   -6.907167|   -3.121047|   -0.187382|    0.001075|
|        3205|    0.003296|  2.6033e-03|   -6.907784|   -3.121620|   -0.187382|    0.001075|
|        3206|    0.002398|  2.6033e-03|   -6.908401|   -3.122201|   -0.187382|    0.001075|
|        3207|    0.002911|  2.6034e-03|   -6.909018|   -3.122789|   -0.187382|    0.001075|
|        3208|    0.001965|  2.6032e-03|   -6.909635|   -3.123383|   -0.187382|    0.001075|
|        3209|    0.001849|  2.6029e-03|   -6.910253|   -3.123980|   -0.187382|    0.001075|
|        3210|    0.002128|  2.6028e-03|   -6.910870|   -3.124580|   -0.187382|    0.001075|
|        3211|    0.001864|  2.6025e-03|   -6.911488|   -3.125182|   -0.187382|    0.001075|
|        3212|    0.003687|  2.6029e-03|   -6.912106|   -3.125786|   -0.187382|    0.001075|
|        3213|    0.002273|  2.6028e-03|   -6.912724|   -3.126389|   -0.187382|    0.001075|
|        3214|    0.001890|  2.6026e-03|   -6.913342|   -3.126992|   -0.187382|    0.001075|
|        3215|    0.001907|  2.6023e-03|   -6.913960|   -3.127593|   -0.187382|    0.001075|
|        3216|    0.001896|  2.6021e-03|   -6.914579|   -3.128193|   -0.187382|    0.001075|
|        3217|    0.003109|  2.6023e-03|   -6.915197|   -3.128791|   -0.187382|    0.001075|
|        3218|    0.002070|  2.6021e-03|   -6.915816|   -3.129387|   -0.187382|    0.001075|
|        3219|    0.001848|  2.6019e-03|   -6.916435|   -3.129980|   -0.187382|    0.001075|
|        3220|    0.001895|  2.6017e-03|   -6.917054|   -3.130571|   -0.187382|    0.001075|
|        3221|    0.002129|  2.6015e-03|   -6.917673|   -3.131159|   -0.187382|    0.001075|
|        3222|    0.002981|  2.6016e-03|   -6.918292|   -3.131745|   -0.187382|    0.001075|
|        3223|    0.003125|  2.6018e-03|   -6.918911|   -3.132329|   -0.187382|    0.001075|
|        3224|    0.003170|  2.6020e-03|   -6.919531|   -3.132911|   -0.187382|    0.001075|
|        3225|    0.003432|  2.6022e-03|   -6.920150|   -3.133492|   -0.187382|    0.001075|
|        3226|    0.003303|  2.6024e-03|   -6.920770|   -3.134071|   -0.187382|    0.001075|
|        3227|    0.004082|  2.6029e-03|   -6.921390|   -3.134648|   -0.187382|    0.001075|
|        3228|    0.002829|  2.6030e-03|   -6.922010|   -3.135225|   -0.187382|    0.001075|
|        3229|    0.002993|  2.6031e-03|   -6.922630|   -3.135801|   -0.187382|    0.001075|
|        3230|    0.001956|  2.6029e-03|   -6.923251|   -3.136377|   -0.187382|    0.001075|
|        3231|    0.001952|  2.6027e-03|   -6.923871|   -3.136952|   -0.187382|    0.001075|
|        3232|    0.001881|  2.6025e-03|   -6.924492|   -3.137527|   -0.187382|    0.001075|
|        3233|    0.002389|  2.6024e-03|   -6.925112|   -3.138102|   -0.187382|    0.001075|
|        3234|    0.003046|  2.6025e-03|   -6.925733|   -3.138678|   -0.187382|    0.001075|
|        3235|    0.003959|  2.6030e-03|   -6.926354|   -3.139253|   -0.187382|    0.001075|
|        3236|    0.003224|  2.6032e-03|   -6.926975|   -3.139829|   -0.187382|    0.001075|
|        3237|    0.003030|  2.6033e-03|   -6.927597|   -3.140406|   -0.187382|    0.001075|
|        3238|    0.002993|  2.6034e-03|   -6.927704|   -2.952066|   -0.187382|    0.001075|
|        3239|    0.001884|  2.6032e-03|   -6.929107|   -3.105719|   -0.187382|    0.001075|
|        3240|    0.002859|  2.6033e-03|   -6.929675|   -2.935381|   -0.187382|    0.001075|
|        3241|    0.003788|  2.6036e-03|   -6.931145|   -3.111844|   -0.187382|    0.001075|
|        3242|    0.001980|  2.6034e-03|   -6.931624|   -2.946901|   -0.187382|    0.001075|
|        3243|    0.002858|  2.6035e-03|   -6.933026|   -3.112007|   -0.187382|    0.001075|
|        3244|    0.002700|  2.6035e-03|   -6.933490|   -2.938700|   -0.187382|    0.001075|
|        3245|    0.002839|  2.6036e-03|   -6.934921|   -3.105000|   -0.187382|    0.001075|
|        3246|    0.003279|  2.6038e-03|   -6.935398|   -2.935581|   -0.187382|    0.001075|
|        3247|    0.003002|  2.6039e-03|   -6.936834|   -3.103418|   -0.187382|    0.001075|
|        3248|    0.002911|  2.6040e-03|   -6.937302|   -2.935653|   -0.187382|    0.001075|
|        3249|    0.003029|  2.6042e-03|   -6.938738|   -3.102913|   -0.187382|    0.001075|
|        3250|    0.003339|  2.6044e-03|   -6.939202|   -2.935253|   -0.187382|    0.001075|
+-----------------------------------------------------------------------+
|        File Writing Summary       |              Filename             |
+-----------------------------------------------------------------------+
|SU2 binary restart                 |restart_flow.dat                   |
|Paraview                           |flow.vtu                           |
|Paraview surface                   |surface_flow.vtu                   |
+-----------------------------------------------------------------------+
+------------------------------------------------------------------------------------------+
|  Inner_Iter|   Time(sec)|   Time(sec)|    rms[Rho]|   rms[RhoE]|          CL|          CD|
+------------------------------------------------------------------------------------------+
|        3251|    0.011513|  2.6071e-03|   -6.940643|   -3.102772|   -0.187382|    0.001075|
|        3252|    0.002707|  2.6072e-03|   -6.941105|   -2.935859|   -0.187382|    0.001075|
|        3253|    0.003319|  2.6074e-03|   -6.942549|   -3.103817|   -0.187382|    0.001075|
|        3254|    0.001942|  2.6072e-03|   -6.943010|   -2.937386|   -0.187383|    0.001075|
|        3255|    0.002921|  2.6073e-03|   -6.944455|   -3.105600|   -0.187382|    0.001075|
|        3256|    0.003046|  2.6074e-03|   -6.945473|   -3.109606|   -0.187382|    0.001075|
|        3257|    0.002467|  2.6074e-03|   -6.946153|   -3.133799|   -0.187382|    0.001075|
|        3258|    0.002830|  2.6074e-03|   -6.946693|   -3.148056|   -0.187382|    0.001075|
|        3259|    0.002036|  2.6073e-03|   -6.947227|   -3.146779|   -0.187382|    0.001075|
|        3260|    0.001956|  2.6071e-03|   -6.947274|   -2.952003|   -0.187383|    0.001075|
|        3261|    0.001982|  2.6069e-03|   -6.948723|   -3.106225|   -0.187383|    0.001075|
|        3262|    0.002679|  2.6069e-03|   -6.949291|   -2.941066|   -0.187383|    0.001075|
|        3263|    0.003143|  2.6071e-03|   -6.950795|   -3.121930|   -0.187383|    0.001075|
|        3264|    0.003201|  2.6072e-03|   -6.951817|   -3.130411|   -0.187383|    0.001075|
|        3265|    0.001953|  2.6070e-03|   -6.952473|   -3.155249|   -0.187383|    0.001075|
|        3266|    0.001990|  2.6068e-03|   -6.952990|   -3.166741|   -0.187383|    0.001075|
|        3267|    0.002664|  2.6069e-03|   -6.952968|   -2.969826|   -0.187383|    0.001074|
|        3268|    0.003452|  2.6071e-03|   -6.954379|   -3.116215|   -0.187383|    0.001074|
|        3269|    0.002249|  2.6070e-03|   -6.955485|   -3.118128|   -0.187383|    0.001074|
|        3270|    0.001933|  2.6068e-03|   -6.956251|   -3.148455|   -0.187383|    0.001074|
|        3271|    0.001998|  2.6066e-03|   -6.956822|   -3.170388|   -0.187383|    0.001074|
|        3272|    0.001881|  2.6064e-03|   -6.957341|   -3.172408|   -0.187383|    0.001074|
|        3273|    0.002136|  2.6063e-03|   -6.957895|   -3.164057|   -0.187383|    0.001074|
|        3274|    0.002452|  2.6062e-03|   -6.958506|   -3.156613|   -0.187383|    0.001074|
|        3275|    0.003272|  2.6064e-03|   -6.959152|   -3.154861|   -0.187383|    0.001074|
|        3276|    0.003211|  2.6066e-03|   -6.959803|   -3.157980|   -0.187383|    0.001074|
|        3277|    0.003498|  2.6069e-03|   -6.960440|   -3.162882|   -0.187383|    0.001074|
|        3278|    0.002048|  2.6067e-03|   -6.961063|   -3.166895|   -0.187383|    0.001074|
|        3279|    0.002933|  2.6068e-03|   -6.961677|   -3.168971|   -0.187383|    0.001074|
|        3280|    0.003785|  2.6072e-03|   -6.962292|   -3.169507|   -0.187383|    0.001074|
|        3281|    0.002895|  2.6072e-03|   -6.962911|   -3.169490|   -0.187383|    0.001074|
|        3282|    0.002259|  2.6071e-03|   -6.963535|   -3.169710|   -0.187383|    0.001074|
|        3283|    0.002109|  2.6070e-03|   -6.964162|   -3.170443|   -0.187383|    0.001074|
|        3284|    0.003075|  2.6071e-03|   -6.964788|   -3.171540|   -0.187383|    0.001074|
|        3285|    0.003703|  2.6075e-03|   -6.965412|   -3.172700|   -0.187383|    0.001074|
|        3286|    0.002455|  2.6074e-03|   -6.966036|   -3.173689|   -0.187383|    0.001074|
|        3287|    0.003452|  2.6077e-03|   -6.966659|   -3.174433|   -0.187383|    0.001074|
|        3288|    0.003309|  2.6079e-03|   -6.967282|   -3.174990|   -0.187383|    0.001074|
|        3289|    0.001937|  2.6077e-03|   -6.967906|   -3.175463|   -0.187383|    0.001074|
|        3290|    0.003473|  2.6079e-03|   -6.968530|   -3.175936|   -0.187383|    0.001074|
|        3291|    0.002455|  2.6079e-03|   -6.969155|   -3.176439|   -0.187383|    0.001074|
|        3292|    0.003077|  2.6080e-03|   -6.969779|   -3.176965|   -0.187383|    0.001074|
|        3293|    0.002271|  2.6079e-03|   -6.970404|   -3.177489|   -0.187383|    0.001074|
|        3294|    0.002220|  2.6078e-03|   -6.971029|   -3.177993|   -0.187383|    0.001074|
|        3295|    0.002220|  2.6077e-03|   -6.971653|   -3.178475|   -0.187383|    0.001074|
|        3296|    0.002833|  2.6078e-03|   -6.972278|   -3.178943|   -0.187383|    0.001074|
|        3297|    0.002630|  2.6078e-03|   -6.972903|   -3.179410|   -0.187383|    0.001074|
|        3298|    0.002387|  2.6077e-03|   -6.973529|   -3.179889|   -0.187383|    0.001074|
|        3299|    0.002319|  2.6076e-03|   -6.974154|   -3.180382|   -0.187383|    0.001074|
|        3300|    0.001870|  2.6074e-03|   -6.974780|   -3.180891|   -0.187383|    0.001074|
|        3301|    0.002249|  2.6073e-03|   -6.975405|   -3.181414|   -0.187383|    0.001074|
|        3302|    0.002325|  2.6072e-03|   -6.976031|   -3.181947|   -0.187383|    0.001074|
|        3303|    0.002222|  2.6071e-03|   -6.976657|   -3.182491|   -0.187383|    0.001074|
|        3304|    0.003105|  2.6072e-03|   -6.977283|   -3.183046|   -0.187383|    0.001074|
|        3305|    0.003534|  2.6075e-03|   -6.977910|   -3.183610|   -0.187383|    0.001074|
|        3306|    0.002941|  2.6076e-03|   -6.978536|   -3.184186|   -0.187383|    0.001074|
|        3307|    0.003100|  2.6078e-03|   -6.979163|   -3.184771|   -0.187383|    0.001074|
|        3308|    0.003254|  2.6080e-03|   -6.979789|   -3.185365|   -0.187383|    0.001074|
|        3309|    0.002241|  2.6079e-03|   -6.980416|   -3.185966|   -0.187383|    0.001074|
|        3310|    0.001932|  2.6077e-03|   -6.981043|   -3.186572|   -0.187383|    0.001074|
|        3311|    0.002402|  2.6076e-03|   -6.981670|   -3.187182|   -0.187383|    0.001074|
|        3312|    0.003198|  2.6078e-03|   -6.982298|   -3.187794|   -0.187383|    0.001074|
|        3313|    0.003158|  2.6079e-03|   -6.982925|   -3.188409|   -0.187383|    0.001074|
|        3314|    0.003042|  2.6081e-03|   -6.983553|   -3.189024|   -0.187383|    0.001074|
|        3315|    0.003361|  2.6083e-03|   -6.984180|   -3.189640|   -0.187383|    0.001074|
|        3316|    0.003135|  2.6085e-03|   -6.984808|   -3.190255|   -0.187383|    0.001074|
|        3317|    0.003229|  2.6086e-03|   -6.985436|   -3.190868|   -0.187383|    0.001074|
|        3318|    0.003085|  2.6088e-03|   -6.986064|   -3.191480|   -0.187383|    0.001074|
|        3319|    0.002753|  2.6088e-03|   -6.986693|   -3.192090|   -0.187383|    0.001074|
|        3320|    0.001862|  2.6086e-03|   -6.987321|   -3.192697|   -0.187383|    0.001074|
|        3321|    0.002709|  2.6086e-03|   -6.987950|   -3.193301|   -0.187383|    0.001074|
|        3322|    0.002245|  2.6085e-03|   -6.988578|   -3.193903|   -0.187383|    0.001074|
|        3323|    0.002936|  2.6086e-03|   -6.989207|   -3.194502|   -0.187383|    0.001074|
|        3324|    0.002833|  2.6087e-03|   -6.989836|   -3.195099|   -0.187383|    0.001074|
|        3325|    0.003002|  2.6088e-03|   -6.990465|   -3.195694|   -0.187384|    0.001074|
|        3326|    0.003084|  2.6089e-03|   -6.991094|   -3.196287|   -0.187384|    0.001074|
|        3327|    0.003076|  2.6091e-03|   -6.991724|   -3.196878|   -0.187384|    0.001074|
|        3328|    0.003289|  2.6093e-03|   -6.992353|   -3.197468|   -0.187384|    0.001074|
|        3329|    0.003203|  2.6095e-03|   -6.992983|   -3.198056|   -0.187384|    0.001074|
|        3330|    0.002786|  2.6095e-03|   -6.993613|   -3.198643|   -0.187384|    0.001074|
|        3331|    0.002992|  2.6096e-03|   -6.994243|   -3.199230|   -0.187384|    0.001074|
|        3332|    0.003409|  2.6099e-03|   -6.994873|   -3.199816|   -0.187384|    0.001074|
|        3333|    0.002979|  2.6100e-03|   -6.995503|   -3.200402|   -0.187384|    0.001074|
|        3334|    0.002232|  2.6099e-03|   -6.996134|   -3.200988|   -0.187384|    0.001074|
|        3335|    0.002430|  2.6098e-03|   -6.996764|   -3.201574|   -0.187384|    0.001074|
|        3336|    0.002195|  2.6097e-03|   -6.997395|   -3.202161|   -0.187384|    0.001074|
|        3337|    0.002854|  2.6098e-03|   -6.998026|   -3.202747|   -0.187384|    0.001074|
|        3338|    0.002755|  2.6098e-03|   -6.998657|   -3.203334|   -0.187384|    0.001074|
|        3339|    0.001883|  2.6096e-03|   -6.999288|   -3.203921|   -0.187384|    0.001074|
|        3340|    0.001823|  2.6094e-03|   -6.999357|   -3.013902|   -0.187384|    0.001074|
|        3341|    0.001879|  2.6091e-03|   -7.000816|   -3.168981|   -0.187384|    0.001074|
|        3342|    0.002482|  2.6091e-03|   -7.001361|   -2.997068|   -0.187384|    0.001074|
|        3343|    0.003034|  2.6092e-03|   -7.002889|   -3.175082|   -0.187384|    0.001074|
|        3344|    0.002978|  2.6093e-03|   -7.003343|   -3.008420|   -0.187384|    0.001074|
|        3345|    0.002022|  2.6092e-03|   -7.004801|   -3.175013|   -0.187384|    0.001074|
|        3346|    0.002366|  2.6091e-03|   -7.005241|   -3.000119|   -0.187384|    0.001074|
|        3347|    0.002590|  2.6091e-03|   -7.006728|   -3.167869|   -0.187384|    0.001074|
|        3348|    0.002287|  2.6090e-03|   -7.007180|   -2.996970|   -0.187384|    0.001074|
|        3349|    0.001858|  2.6088e-03|   -7.008673|   -3.166231|   -0.187384|    0.001074|
|        3350|    0.002526|  2.6087e-03|   -7.009116|   -2.997016|   -0.187384|    0.001074|
|        3351|    0.003036|  2.6089e-03|   -7.010608|   -3.165700|   -0.187384|    0.001074|
|        3352|    0.002942|  2.6090e-03|   -7.011047|   -2.996631|   -0.187384|    0.001074|
|        3353|    0.002028|  2.6088e-03|   -7.012545|   -3.165580|   -0.187384|    0.001074|
|        3354|    0.003065|  2.6089e-03|   -7.012982|   -2.997278|   -0.187384|    0.001074|
|        3355|    0.003582|  2.6092e-03|   -7.014482|   -3.166673|   -0.187384|    0.001074|
|        3356|    0.002878|  2.6093e-03|   -7.014918|   -2.998855|   -0.187384|    0.001074|
|        3357|    0.003273|  2.6095e-03|   -7.016420|   -3.168519|   -0.187384|    0.001074|
|        3358|    0.003355|  2.6097e-03|   -7.017462|   -3.172433|   -0.187384|    0.001074|
|        3359|    0.002785|  2.6098e-03|   -7.018153|   -3.196897|   -0.187384|    0.001074|
|        3360|    0.001964|  2.6096e-03|   -7.018700|   -3.211263|   -0.187384|    0.001074|
|        3361|    0.002955|  2.6097e-03|   -7.019242|   -3.210004|   -0.187384|    0.001074|
|        3362|    0.002318|  2.6096e-03|   -7.019249|   -3.013928|   -0.187384|    0.001074|
|        3363|    0.001865|  2.6094e-03|   -7.020755|   -3.169612|   -0.187384|    0.001074|
|        3364|    0.002022|  2.6092e-03|   -7.021300|   -3.003096|   -0.187384|    0.001074|
|        3365|    0.002428|  2.6091e-03|   -7.022861|   -3.185508|   -0.187384|    0.001074|
|        3366|    0.002140|  2.6090e-03|   -7.023907|   -3.193865|   -0.187384|    0.001074|
|        3367|    0.001983|  2.6088e-03|   -7.024573|   -3.218914|   -0.187384|    0.001074|
|        3368|    0.002856|  2.6089e-03|   -7.025098|   -3.230423|   -0.187384|    0.001074|
|        3369|    0.002691|  2.6089e-03|   -7.025035|   -3.031874|   -0.187384|    0.001074|
|        3370|    0.001931|  2.6087e-03|   -7.026502|   -3.179710|   -0.187384|    0.001074|
|        3371|    0.003198|  2.6089e-03|   -7.027633|   -3.181614|   -0.187384|    0.001074|
|        3372|    0.001940|  2.6087e-03|   -7.028411|   -3.212298|   -0.187384|    0.001074|
|        3373|    0.003427|  2.6089e-03|   -7.028990|   -3.234331|   -0.187384|    0.001074|
|        3374|    0.002149|  2.6088e-03|   -7.029517|   -3.236226|   -0.187384|    0.001074|
|        3375|    0.001848|  2.6086e-03|   -7.030079|   -3.227778|   -0.187384|    0.001074|
|        3376|    0.002285|  2.6085e-03|   -7.030699|   -3.220363|   -0.187384|    0.001074|
|        3377|    0.002584|  2.6085e-03|   -7.031355|   -3.218716|   -0.187384|    0.001074|
|        3378|    0.002740|  2.6085e-03|   -7.032016|   -3.221941|   -0.187384|    0.001074|
|        3379|    0.002692|  2.6085e-03|   -7.032664|   -3.226908|   -0.187384|    0.001074|
|        3380|    0.001911|  2.6083e-03|   -7.033295|   -3.230945|   -0.187384|    0.001074|
|        3381|    0.001961|  2.6081e-03|   -7.033919|   -3.233026|   -0.187384|    0.001074|
|        3382|    0.002694|  2.6082e-03|   -7.034543|   -3.233569|   -0.187384|    0.001074|
|        3383|    0.002983|  2.6083e-03|   -7.035172|   -3.233569|   -0.187384|    0.001074|
|        3384|    0.002519|  2.6083e-03|   -7.035806|   -3.233814|   -0.187384|    0.001074|
|        3385|    0.002956|  2.6084e-03|   -7.036442|   -3.234569|   -0.187384|    0.001074|
|        3386|    0.002061|  2.6082e-03|   -7.037078|   -3.235682|   -0.187384|    0.001074|
|        3387|    0.002162|  2.6081e-03|   -7.037712|   -3.236851|   -0.187384|    0.001074|
|        3388|    0.002916|  2.6082e-03|   -7.038345|   -3.237844|   -0.187385|    0.001074|
|        3389|    0.002758|  2.6082e-03|   -7.038977|   -3.238592|   -0.187385|    0.001074|
|        3390|    0.003100|  2.6083e-03|   -7.039610|   -3.239153|   -0.187385|    0.001074|
|        3391|    0.002101|  2.6082e-03|   -7.040244|   -3.239632|   -0.187385|    0.001074|
|        3392|    0.002981|  2.6083e-03|   -7.040878|   -3.240110|   -0.187385|    0.001074|
|        3393|    0.001971|  2.6081e-03|   -7.041512|   -3.240618|   -0.187385|    0.001074|
|        3394|    0.001856|  2.6079e-03|   -7.042146|   -3.241149|   -0.187385|    0.001074|
|        3395|    0.002266|  2.6078e-03|   -7.042780|   -3.241678|   -0.187385|    0.001074|
|        3396|    0.002622|  2.6078e-03|   -7.043415|   -3.242187|   -0.187385|    0.001074|
|        3397|    0.002537|  2.6078e-03|   -7.044049|   -3.242674|   -0.187385|    0.001074|
|        3398|    0.003083|  2.6079e-03|   -7.044684|   -3.243149|   -0.187385|    0.001074|
|        3399|    0.002959|  2.6080e-03|   -7.045319|   -3.243625|   -0.187385|    0.001074|
|        3400|    0.002746|  2.6081e-03|   -7.045953|   -3.244111|   -0.187385|    0.001074|
|        3401|    0.002951|  2.6082e-03|   -7.046589|   -3.244614|   -0.187385|    0.001074|
|        3402|    0.003090|  2.6083e-03|   -7.047224|   -3.245133|   -0.187385|    0.001074|
|        3403|    0.003439|  2.6085e-03|   -7.047859|   -3.245666|   -0.187385|    0.001074|
|        3404|    0.003399|  2.6088e-03|   -7.048495|   -3.246211|   -0.187385|    0.001074|
|        3405|    0.002837|  2.6088e-03|   -7.049130|   -3.246766|   -0.187385|    0.001074|
|        3406|    0.001894|  2.6086e-03|   -7.049766|   -3.247332|   -0.187385|    0.001074|
|        3407|    0.001924|  2.6084e-03|   -7.050402|   -3.247909|   -0.187385|    0.001074|
|        3408|    0.002485|  2.6084e-03|   -7.051038|   -3.248497|   -0.187385|    0.001074|
|        3409|    0.002105|  2.6082e-03|   -7.051675|   -3.249095|   -0.187385|    0.001074|
|        3410|    0.002951|  2.6083e-03|   -7.052311|   -3.249702|   -0.187385|    0.001074|
|        3411|    0.002240|  2.6082e-03|   -7.052948|   -3.250315|   -0.187385|    0.001074|
|        3412|    0.003405|  2.6085e-03|   -7.053584|   -3.250934|   -0.187385|    0.001074|
|        3413|    0.003130|  2.6086e-03|   -7.054221|   -3.251557|   -0.187385|    0.001074|
|        3414|    0.003057|  2.6088e-03|   -7.054858|   -3.252183|   -0.187385|    0.001074|
|        3415|    0.003079|  2.6089e-03|   -7.055495|   -3.252810|   -0.187385|    0.001074|
|        3416|    0.002528|  2.6089e-03|   -7.056133|   -3.253438|   -0.187385|    0.001074|
|        3417|    0.002394|  2.6088e-03|   -7.056770|   -3.254066|   -0.187385|    0.001074|
|        3418|    0.001951|  2.6086e-03|   -7.057408|   -3.254694|   -0.187385|    0.001073|
|        3419|    0.002587|  2.6086e-03|   -7.058045|   -3.255319|   -0.187385|    0.001073|
|        3420|    0.002465|  2.6086e-03|   -7.058683|   -3.255943|   -0.187385|    0.001073|
|        3421|    0.002950|  2.6087e-03|   -7.059321|   -3.256564|   -0.187385|    0.001073|
|        3422|    0.003177|  2.6088e-03|   -7.059959|   -3.257183|   -0.187385|    0.001073|
|        3423|    0.002187|  2.6087e-03|   -7.060598|   -3.257799|   -0.187385|    0.001073|
|        3424|    0.002073|  2.6086e-03|   -7.061236|   -3.258412|   -0.187385|    0.001073|
|        3425|    0.002039|  2.6084e-03|   -7.061875|   -3.259023|   -0.187385|    0.001073|
|        3426|    0.002135|  2.6083e-03|   -7.062514|   -3.259631|   -0.187385|    0.001073|
|        3427|    0.003161|  2.6084e-03|   -7.063152|   -3.260237|   -0.187385|    0.001073|
|        3428|    0.003010|  2.6085e-03|   -7.063791|   -3.260841|   -0.187385|    0.001073|
|        3429|    0.003422|  2.6088e-03|   -7.064431|   -3.261444|   -0.187385|    0.001073|
|        3430|    0.003328|  2.6090e-03|   -7.065070|   -3.262044|   -0.187385|    0.001073|
|        3431|    0.003294|  2.6092e-03|   -7.065709|   -3.262644|   -0.187385|    0.001073|
|        3432|    0.003040|  2.6093e-03|   -7.066349|   -3.263242|   -0.187385|    0.001073|
|        3433|    0.002629|  2.6093e-03|   -7.066989|   -3.263840|   -0.187385|    0.001073|
|        3434|    0.002020|  2.6091e-03|   -7.067629|   -3.264437|   -0.187385|    0.001073|
|        3435|    0.002376|  2.6091e-03|   -7.068269|   -3.265035|   -0.187385|    0.001073|
|        3436|    0.003379|  2.6093e-03|   -7.068909|   -3.265632|   -0.187385|    0.001073|
|        3437|    0.002859|  2.6094e-03|   -7.069549|   -3.266229|   -0.187385|    0.001073|
|        3438|    0.002281|  2.6093e-03|   -7.070190|   -3.266826|   -0.187385|    0.001073|
|        3439|    0.001882|  2.6091e-03|   -7.070830|   -3.267424|   -0.187385|    0.001073|
|        3440|    0.001884|  2.6088e-03|   -7.071471|   -3.268022|   -0.187385|    0.001073|
|        3441|    0.002205|  2.6087e-03|   -7.072112|   -3.268621|   -0.187385|    0.001073|
|        3442|    0.003380|  2.6090e-03|   -7.072145|   -3.077072|   -0.187385|    0.001073|
|        3443|    0.003096|  2.6091e-03|   -7.073658|   -3.233480|   -0.187385|    0.001073|
|        3444|    0.002207|  2.6090e-03|   -7.074182|   -3.060120|   -0.187385|    0.001073|
|        3445|    0.002843|  2.6090e-03|   -7.075766|   -3.239548|   -0.187385|    0.001073|
|        3446|    0.002731|  2.6091e-03|   -7.076197|   -3.071303|   -0.187385|    0.001073|
|        3447|    0.002633|  2.6091e-03|   -7.077710|   -3.239257|   -0.187385|    0.001073|
|        3448|    0.001924|  2.6089e-03|   -7.078125|   -3.062915|   -0.187385|    0.001073|
|        3449|    0.002259|  2.6088e-03|   -7.079668|   -3.231991|   -0.187385|    0.001073|
|        3450|    0.003472|  2.6090e-03|   -7.080096|   -3.059742|   -0.187385|    0.001073|
|        3451|    0.002464|  2.6090e-03|   -7.081645|   -3.230302|   -0.187385|    0.001073|
|        3452|    0.002082|  2.6088e-03|   -7.082063|   -3.059765|   -0.187385|    0.001073|
|        3453|    0.002910|  2.6089e-03|   -7.083612|   -3.229751|   -0.187385|    0.001073|
|        3454|    0.002123|  2.6088e-03|   -7.084026|   -3.059400|   -0.187385|    0.001073|
|        3455|    0.003244|  2.6090e-03|   -7.085579|   -3.229655|   -0.187385|    0.001073|
|        3456|    0.003703|  2.6093e-03|   -7.085992|   -3.060089|   -0.187386|    0.001073|
|        3457|    0.003565|  2.6096e-03|   -7.087549|   -3.230798|   -0.187385|    0.001073|
|        3458|    0.003202|  2.6097e-03|   -7.087959|   -3.061718|   -0.187386|    0.001073|
|        3459|    0.003448|  2.6100e-03|   -7.089517|   -3.232709|   -0.187386|    0.001073|
|        3460|    0.003709|  2.6103e-03|   -7.090583|   -3.236542|   -0.187386|    0.001073|
|        3461|    0.002591|  2.6103e-03|   -7.091286|   -3.261234|   -0.187386|    0.001073|
|        3462|    0.002223|  2.6102e-03|   -7.091841|   -3.275690|   -0.187386|    0.001073|
|        3463|    0.002086|  2.6100e-03|   -7.092390|   -3.274456|   -0.187386|    0.001073|
|        3464|    0.003291|  2.6102e-03|   -7.092358|   -3.077223|   -0.187386|    0.001073|
|        3465|    0.003432|  2.6105e-03|   -7.093919|   -3.234271|   -0.187386|    0.001073|
|        3466|    0.001911|  2.6103e-03|   -7.094443|   -3.066512|   -0.187386|    0.001073|
|        3467|    0.001997|  2.6101e-03|   -7.096060|   -3.250334|   -0.187386|    0.001073|
|        3468|    0.003104|  2.6102e-03|   -7.097130|   -3.258573|   -0.187386|    0.001073|
|        3469|    0.003402|  2.6105e-03|   -7.097807|   -3.283792|   -0.187386|    0.001073|
|        3470|    0.004092|  2.6109e-03|   -7.098339|   -3.295306|   -0.187386|    0.001073|
|        3471|    0.002526|  2.6109e-03|   -7.098235|   -3.095284|   -0.187386|    0.001073|
|        3472|    0.001920|  2.6107e-03|   -7.099757|   -3.244476|   -0.187386|    0.001073|
|        3473|    0.003262|  2.6108e-03|   -7.100914|   -3.246377|   -0.187386|    0.001073|
|        3474|    0.002590|  2.6108e-03|   -7.101705|   -3.277363|   -0.187386|    0.001073|
|        3475|    0.002133|  2.6107e-03|   -7.102292|   -3.299466|   -0.187386|    0.001073|
|        3476|    0.003362|  2.6109e-03|   -7.102826|   -3.301243|   -0.187386|    0.001073|
|        3477|    0.002108|  2.6108e-03|   -7.103396|   -3.292716|   -0.187386|    0.001073|
|        3478|    0.002104|  2.6106e-03|   -7.104026|   -3.285342|   -0.187386|    0.001073|
|        3479|    0.002213|  2.6105e-03|   -7.104692|   -3.283799|   -0.187386|    0.001073|
|        3480|    0.003028|  2.6106e-03|   -7.105363|   -3.287122|   -0.187386|    0.001073|
|        3481|    0.002706|  2.6107e-03|   -7.106020|   -3.292147|   -0.187386|    0.001073|
|        3482|    0.002877|  2.6107e-03|   -7.106661|   -3.296205|   -0.187386|    0.001073|
|        3483|    0.003700|  2.6111e-03|   -7.107294|   -3.298289|   -0.187386|    0.001073|
|        3484|    0.003198|  2.6112e-03|   -7.107928|   -3.298841|   -0.187386|    0.001073|
|        3485|    0.003080|  2.6114e-03|   -7.108567|   -3.298860|   -0.187386|    0.001073|
|        3486|    0.003214|  2.6115e-03|   -7.109210|   -3.299129|   -0.187386|    0.001073|
|        3487|    0.004002|  2.6119e-03|   -7.109855|   -3.299906|   -0.187386|    0.001073|
|        3488|    0.003194|  2.6121e-03|   -7.110501|   -3.301034|   -0.187386|    0.001073|
|        3489|    0.002001|  2.6119e-03|   -7.111144|   -3.302211|   -0.187386|    0.001073|
|        3490|    0.003208|  2.6121e-03|   -7.111787|   -3.303208|   -0.187386|    0.001073|
|        3491|    0.003292|  2.6123e-03|   -7.112429|   -3.303960|   -0.187386|    0.001073|
|        3492|    0.003891|  2.6126e-03|   -7.113071|   -3.304526|   -0.187386|    0.001073|
|        3493|    0.002179|  2.6125e-03|   -7.113714|   -3.305011|   -0.187386|    0.001073|
|        3494|    0.001893|  2.6123e-03|   -7.114358|   -3.305495|   -0.187386|    0.001073|
|        3495|    0.002338|  2.6122e-03|   -7.115002|   -3.306009|   -0.187386|    0.001073|
|        3496|    0.003074|  2.6124e-03|   -7.115646|   -3.306545|   -0.187386|    0.001073|
|        3497|    0.003013|  2.6125e-03|   -7.116290|   -3.307079|   -0.187386|    0.001073|
|        3498|    0.002871|  2.6126e-03|   -7.116934|   -3.307594|   -0.187386|    0.001073|
|        3499|    0.002447|  2.6125e-03|   -7.117578|   -3.308088|   -0.187386|    0.001073|
|        3500|    0.003330|  2.6127e-03|   -7.118222|   -3.308570|   -0.187386|    0.001073|
+-----------------------------------------------------------------------+
|        File Writing Summary       |              Filename             |
+-----------------------------------------------------------------------+
|SU2 binary restart                 |restart_flow.dat                   |
|Paraview                           |flow.vtu                           |
|Paraview surface                   |surface_flow.vtu                   |
+-----------------------------------------------------------------------+
+------------------------------------------------------------------------------------------+
|  Inner_Iter|   Time(sec)|   Time(sec)|    rms[Rho]|   rms[RhoE]|          CL|          CD|
+------------------------------------------------------------------------------------------+
|        3501|    0.011270|  2.6152e-03|   -7.118866|   -3.309054|   -0.187386|    0.001073|
|        3502|    0.002514|  2.6152e-03|   -7.119511|   -3.309549|   -0.187386|    0.001073|
|        3503|    0.003747|  2.6155e-03|   -7.120156|   -3.310062|   -0.187386|    0.001073|
|        3504|    0.002286|  2.6154e-03|   -7.120800|   -3.310591|   -0.187386|    0.001073|
|        3505|    0.003451|  2.6156e-03|   -7.121446|   -3.311134|   -0.187386|    0.001073|
|        3506|    0.003217|  2.6158e-03|   -7.122091|   -3.311690|   -0.187386|    0.001073|
|        3507|    0.003512|  2.6161e-03|   -7.122736|   -3.312257|   -0.187386|    0.001073|
|        3508|    0.003669|  2.6164e-03|   -7.123382|   -3.312836|   -0.187386|    0.001073|
|        3509|    0.003890|  2.6167e-03|   -7.124027|   -3.313425|   -0.187386|    0.001073|
|        3510|    0.002898|  2.6168e-03|   -7.124673|   -3.314026|   -0.187386|    0.001073|
|        3511|    0.002727|  2.6168e-03|   -7.125319|   -3.314637|   -0.187386|    0.001073|
|        3512|    0.002636|  2.6168e-03|   -7.125965|   -3.315257|   -0.187386|    0.001073|
|        3513|    0.003754|  2.6172e-03|   -7.126611|   -3.315884|   -0.187386|    0.001073|
|        3514|    0.003487|  2.6174e-03|   -7.127258|   -3.316516|   -0.187386|    0.001073|
|        3515|    0.002301|  2.6173e-03|   -7.127904|   -3.317152|   -0.187386|    0.001073|
|        3516|    0.001988|  2.6171e-03|   -7.128551|   -3.317791|   -0.187386|    0.001073|
|        3517|    0.001842|  2.6169e-03|   -7.129198|   -3.318431|   -0.187386|    0.001073|
|        3518|    0.003290|  2.6171e-03|   -7.129845|   -3.319072|   -0.187386|    0.001073|
|        3519|    0.003206|  2.6173e-03|   -7.130492|   -3.319713|   -0.187386|    0.001073|
|        3520|    0.003005|  2.6174e-03|   -7.131139|   -3.320353|   -0.187386|    0.001073|
|        3521|    0.002673|  2.6174e-03|   -7.131787|   -3.320991|   -0.187386|    0.001073|
|        3522|    0.002742|  2.6174e-03|   -7.132434|   -3.321627|   -0.187386|    0.001073|
|        3523|    0.002769|  2.6175e-03|   -7.133082|   -3.322260|   -0.187386|    0.001073|
|        3524|    0.001927|  2.6173e-03|   -7.133730|   -3.322891|   -0.187386|    0.001073|
|        3525|    0.001914|  2.6171e-03|   -7.134378|   -3.323519|   -0.187386|    0.001073|
|        3526|    0.003297|  2.6173e-03|   -7.135026|   -3.324144|   -0.187386|    0.001073|
|        3527|    0.002320|  2.6172e-03|   -7.135675|   -3.324766|   -0.187386|    0.001073|
|        3528|    0.002021|  2.6170e-03|   -7.136323|   -3.325386|   -0.187386|    0.001073|
|        3529|    0.003042|  2.6171e-03|   -7.136972|   -3.326003|   -0.187386|    0.001073|
|        3530|    0.002739|  2.6172e-03|   -7.137621|   -3.326619|   -0.187386|    0.001073|
|        3531|    0.002376|  2.6171e-03|   -7.138269|   -3.327232|   -0.187386|    0.001073|
|        3532|    0.003330|  2.6173e-03|   -7.138919|   -3.327844|   -0.187386|    0.001073|
|        3533|    0.003418|  2.6175e-03|   -7.139568|   -3.328455|   -0.187386|    0.001073|
|        3534|    0.003274|  2.6177e-03|   -7.140217|   -3.329065|   -0.187386|    0.001073|
|        3535|    0.003484|  2.6180e-03|   -7.140867|   -3.329674|   -0.187386|    0.001073|
|        3536|    0.003269|  2.6182e-03|   -7.141516|   -3.330283|   -0.187386|    0.001073|
|        3537|    0.002364|  2.6181e-03|   -7.142166|   -3.330891|   -0.187386|    0.001073|
|        3538|    0.002237|  2.6180e-03|   -7.142816|   -3.331500|   -0.187386|    0.001073|
|        3539|    0.001930|  2.6178e-03|   -7.143466|   -3.332108|   -0.187386|    0.001073|
|        3540|    0.001985|  2.6176e-03|   -7.144116|   -3.332717|   -0.187386|    0.001073|
|        3541|    0.002871|  2.6177e-03|   -7.144767|   -3.333327|   -0.187386|    0.001073|
|        3542|    0.002300|  2.6176e-03|   -7.145417|   -3.333936|   -0.187386|    0.001073|
|        3543|    0.002401|  2.6175e-03|   -7.146068|   -3.334546|   -0.187386|    0.001073|
|        3544|    0.002357|  2.6174e-03|   -7.146064|   -3.141605|   -0.187387|    0.001073|
|        3545|    0.002503|  2.6174e-03|   -7.147632|   -3.299249|   -0.187387|    0.001073|
|        3546|    0.003273|  2.6176e-03|   -7.148135|   -3.124564|   -0.187387|    0.001073|
|        3547|    0.002438|  2.6176e-03|   -7.149774|   -3.305278|   -0.187387|    0.001073|
|        3548|    0.001888|  2.6173e-03|   -7.150182|   -3.135576|   -0.187387|    0.001073|
|        3549|    0.003165|  2.6175e-03|   -7.151750|   -3.304776|   -0.187387|    0.001073|
|        3550|    0.002582|  2.6175e-03|   -7.152141|   -3.127114|   -0.187387|    0.001073|
|        3551|    0.001945|  2.6173e-03|   -7.153739|   -3.297401|   -0.187387|    0.001073|
|        3552|    0.002504|  2.6173e-03|   -7.154143|   -3.123922|   -0.187387|    0.001073|
|        3553|    0.002873|  2.6173e-03|   -7.155748|   -3.295668|   -0.187387|    0.001073|
|        3554|    0.001986|  2.6172e-03|   -7.156143|   -3.123926|   -0.187387|    0.001073|
|        3555|    0.001906|  2.6170e-03|   -7.157746|   -3.295101|   -0.187387|    0.001073|
|        3556|    0.002872|  2.6170e-03|   -7.158136|   -3.123584|   -0.187387|    0.001073|
|        3557|    0.002083|  2.6169e-03|   -7.159745|   -3.295032|   -0.187387|    0.001073|
|        3558|    0.001967|  2.6167e-03|   -7.160134|   -3.124317|   -0.187387|    0.001073|
|        3559|    0.002393|  2.6166e-03|   -7.161746|   -3.296226|   -0.187387|    0.001073|
|        3560|    0.003170|  2.6168e-03|   -7.162132|   -3.125998|   -0.187387|    0.001073|
|        3561|    0.003088|  2.6169e-03|   -7.163746|   -3.298202|   -0.187387|    0.001073|
|        3562|    0.003205|  2.6171e-03|   -7.164835|   -3.301965|   -0.187387|    0.001073|
|        3563|    0.003164|  2.6172e-03|   -7.165549|   -3.326848|   -0.187387|    0.001073|
|        3564|    0.003166|  2.6174e-03|   -7.166112|   -3.341378|   -0.187387|    0.001073|
|        3565|    0.002950|  2.6175e-03|   -7.166669|   -3.340175|   -0.187387|    0.001073|
|        3566|    0.002320|  2.6174e-03|   -7.166598|   -3.141910|   -0.187387|    0.001073|
|        3567|    0.002418|  2.6174e-03|   -7.168215|   -3.300230|   -0.187387|    0.001073|
|        3568|    0.002878|  2.6174e-03|   -7.168716|   -3.131333|   -0.187387|    0.001073|
|        3569|    0.003401|  2.6176e-03|   -7.170390|   -3.316441|   -0.187387|    0.001073|
|        3570|    0.002012|  2.6175e-03|   -7.171483|   -3.324569|   -0.187387|    0.001073|
|        3571|    0.002461|  2.6174e-03|   -7.172171|   -3.349921|   -0.187387|    0.001073|
|        3572|    0.001978|  2.6173e-03|   -7.172710|   -3.361429|   -0.187387|    0.001073|
|        3573|    0.002424|  2.6172e-03|   -7.172567|   -3.160081|   -0.187387|    0.001073|
|        3574|    0.002554|  2.6172e-03|   -7.174143|   -3.310542|   -0.187387|    0.001073|
|        3575|    0.002505|  2.6172e-03|   -7.175326|   -3.312448|   -0.187387|    0.001073|
|        3576|    0.003032|  2.6173e-03|   -7.176129|   -3.343687|   -0.187387|    0.001073|
|        3577|    0.002968|  2.6174e-03|   -7.176724|   -3.365833|   -0.187387|    0.001073|
|        3578|    0.002979|  2.6175e-03|   -7.177265|   -3.367499|   -0.187387|    0.001073|
|        3579|    0.002989|  2.6176e-03|   -7.177844|   -3.358910|   -0.187387|    0.001073|
|        3580|    0.002334|  2.6175e-03|   -7.178483|   -3.351585|   -0.187387|    0.001073|
|        3581|    0.001857|  2.6173e-03|   -7.179159|   -3.350145|   -0.187387|    0.001073|
|        3582|    0.002008|  2.6171e-03|   -7.179840|   -3.353559|   -0.187387|    0.001073|
|        3583|    0.002813|  2.6172e-03|   -7.180506|   -3.358635|   -0.187387|    0.001073|
|        3584|    0.002833|  2.6172e-03|   -7.181157|   -3.362710|   -0.187387|    0.001073|
|        3585|    0.002984|  2.6173e-03|   -7.181799|   -3.364798|   -0.187387|    0.001073|
|        3586|    0.001997|  2.6172e-03|   -7.182442|   -3.365359|   -0.187387|    0.001073|
|        3587|    0.002072|  2.6170e-03|   -7.183091|   -3.365398|   -0.187387|    0.001073|
|        3588|    0.002478|  2.6170e-03|   -7.183743|   -3.365691|   -0.187387|    0.001073|
|        3589|    0.002964|  2.6171e-03|   -7.184398|   -3.366489|   -0.187387|    0.001073|
|        3590|    0.002467|  2.6170e-03|   -7.185053|   -3.367632|   -0.187387|    0.001073|
|        3591|    0.002302|  2.6169e-03|   -7.185707|   -3.368816|   -0.187387|    0.001073|
|        3592|    0.001904|  2.6167e-03|   -7.186359|   -3.369818|   -0.187387|    0.001073|
|        3593|    0.002041|  2.6166e-03|   -7.187010|   -3.370573|   -0.187387|    0.001073|
|        3594|    0.002401|  2.6165e-03|   -7.187662|   -3.371145|   -0.187387|    0.001073|
|        3595|    0.002309|  2.6164e-03|   -7.188315|   -3.371636|   -0.187387|    0.001073|
|        3596|    0.001879|  2.6162e-03|   -7.188968|   -3.372127|   -0.187387|    0.001073|
|        3597|    0.001888|  2.6160e-03|   -7.189621|   -3.372647|   -0.187387|    0.001073|
|        3598|    0.001885|  2.6158e-03|   -7.190275|   -3.373188|   -0.187387|    0.001073|
|        3599|    0.001967|  2.6156e-03|   -7.190928|   -3.373728|   -0.187387|    0.001073|
|        3600|    0.003676|  2.6159e-03|   -7.191582|   -3.374249|   -0.187387|    0.001073|
|        3601|    0.002996|  2.6160e-03|   -7.192236|   -3.374749|   -0.187387|    0.001073|
|        3602|    0.003020|  2.6161e-03|   -7.192889|   -3.375239|   -0.187387|    0.001073|
|        3603|    0.003390|  2.6164e-03|   -7.193543|   -3.375732|   -0.187387|    0.001073|
|        3604|    0.003021|  2.6165e-03|   -7.194198|   -3.376237|   -0.187387|    0.001073|
|        3605|    0.003172|  2.6166e-03|   -7.194852|   -3.376759|   -0.187387|    0.001073|
|        3606|    0.003397|  2.6168e-03|   -7.195507|   -3.377299|   -0.187387|    0.001073|
|        3607|    0.003485|  2.6171e-03|   -7.196161|   -3.377853|   -0.187387|    0.001073|
|        3608|    0.003623|  2.6174e-03|   -7.196816|   -3.378421|   -0.187387|    0.001073|
|        3609|    0.002933|  2.6174e-03|   -7.197471|   -3.379000|   -0.187387|    0.001073|
|        3610|    0.001961|  2.6173e-03|   -7.198126|   -3.379591|   -0.187387|    0.001073|
|        3611|    0.002636|  2.6173e-03|   -7.198781|   -3.380193|   -0.187387|    0.001073|
|        3612|    0.003124|  2.6174e-03|   -7.199437|   -3.380807|   -0.187387|    0.001073|
|        3613|    0.004240|  2.6179e-03|   -7.200092|   -3.381431|   -0.187387|    0.001073|
|        3614|    0.003235|  2.6180e-03|   -7.200748|   -3.382064|   -0.187387|    0.001073|
|        3615|    0.002781|  2.6181e-03|   -7.201404|   -3.382704|   -0.187387|    0.001073|
|        3616|    0.002786|  2.6181e-03|   -7.202060|   -3.383350|   -0.187387|    0.001072|
|        3617|    0.002462|  2.6181e-03|   -7.202716|   -3.383999|   -0.187387|    0.001072|
|        3618|    0.003222|  2.6182e-03|   -7.203373|   -3.384651|   -0.187387|    0.001072|
|        3619|    0.002111|  2.6181e-03|   -7.204029|   -3.385304|   -0.187387|    0.001072|
|        3620|    0.001896|  2.6179e-03|   -7.204686|   -3.385958|   -0.187387|    0.001072|
|        3621|    0.002250|  2.6178e-03|   -7.205343|   -3.386612|   -0.187387|    0.001072|
|        3622|    0.002013|  2.6176e-03|   -7.206000|   -3.387264|   -0.187387|    0.001072|
|        3623|    0.002954|  2.6177e-03|   -7.206657|   -3.387915|   -0.187387|    0.001072|
|        3624|    0.002385|  2.6177e-03|   -7.207314|   -3.388563|   -0.187387|    0.001072|
|        3625|    0.001899|  2.6175e-03|   -7.207972|   -3.389209|   -0.187387|    0.001072|
|        3626|    0.002343|  2.6174e-03|   -7.208629|   -3.389852|   -0.187387|    0.001072|
|        3627|    0.002876|  2.6175e-03|   -7.209287|   -3.390492|   -0.187387|    0.001072|
|        3628|    0.002995|  2.6176e-03|   -7.209945|   -3.391129|   -0.187387|    0.001072|
|        3629|    0.003277|  2.6178e-03|   -7.210603|   -3.391763|   -0.187387|    0.001072|
|        3630|    0.003400|  2.6180e-03|   -7.211261|   -3.392394|   -0.187387|    0.001072|
|        3631|    0.003258|  2.6181e-03|   -7.211920|   -3.393023|   -0.187388|    0.001072|
|        3632|    0.003080|  2.6183e-03|   -7.212578|   -3.393650|   -0.187388|    0.001072|
|        3633|    0.003371|  2.6185e-03|   -7.213237|   -3.394275|   -0.187388|    0.001072|
|        3634|    0.002959|  2.6186e-03|   -7.213895|   -3.394899|   -0.187388|    0.001072|
|        3635|    0.003167|  2.6187e-03|   -7.214554|   -3.395521|   -0.187388|    0.001072|
|        3636|    0.002211|  2.6186e-03|   -7.215214|   -3.396142|   -0.187388|    0.001072|
|        3637|    0.002443|  2.6186e-03|   -7.215873|   -3.396763|   -0.187388|    0.001072|
|        3638|    0.002397|  2.6185e-03|   -7.216532|   -3.397383|   -0.187388|    0.001072|
|        3639|    0.003332|  2.6187e-03|   -7.217192|   -3.398003|   -0.187388|    0.001072|
|        3640|    0.002061|  2.6185e-03|   -7.217851|   -3.398624|   -0.187388|    0.001072|
|        3641|    0.003072|  2.6187e-03|   -7.218511|   -3.399244|   -0.187388|    0.001072|
|        3642|    0.003345|  2.6189e-03|   -7.219171|   -3.399864|   -0.187388|    0.001072|
|        3643|    0.002355|  2.6188e-03|   -7.219831|   -3.400485|   -0.187388|    0.001072|
|        3644|    0.002069|  2.6186e-03|   -7.220491|   -3.401107|   -0.187388|    0.001072|
|        3645|    0.002176|  2.6185e-03|   -7.221152|   -3.401729|   -0.187388|    0.001072|
|        3646|    0.002191|  2.6184e-03|   -7.221113|   -3.207520|   -0.187388|    0.001072|
|        3647|    0.002897|  2.6185e-03|   -7.222734|   -3.366314|   -0.187388|    0.001072|
|        3648|    0.002827|  2.6185e-03|   -7.223217|   -3.190414|   -0.187388|    0.001072|
|        3649|    0.002081|  2.6184e-03|   -7.224910|   -3.372298|   -0.187388|    0.001072|
|        3650|    0.002770|  2.6184e-03|   -7.225296|   -3.201255|   -0.187388|    0.001072|
|        3651|    0.002827|  2.6185e-03|   -7.226917|   -3.371594|   -0.187388|    0.001072|
|        3652|    0.003101|  2.6186e-03|   -7.227286|   -3.192730|   -0.187388|    0.001072|
|        3653|    0.002010|  2.6185e-03|   -7.228938|   -3.364124|   -0.187388|    0.001072|
|        3654|    0.003240|  2.6186e-03|   -7.229319|   -3.189522|   -0.187388|    0.001072|
|        3655|    0.002358|  2.6186e-03|   -7.230978|   -3.362351|   -0.187388|    0.001072|
|        3656|    0.001847|  2.6183e-03|   -7.231350|   -3.189511|   -0.187388|    0.001072|
|        3657|    0.002067|  2.6182e-03|   -7.233008|   -3.361773|   -0.187388|    0.001072|
|        3658|    0.003186|  2.6183e-03|   -7.233375|   -3.189194|   -0.187388|    0.001072|
|        3659|    0.003076|  2.6185e-03|   -7.235038|   -3.361734|   -0.187388|    0.001072|
|        3660|    0.002776|  2.6185e-03|   -7.235403|   -3.189972|   -0.187388|    0.001072|
|        3661|    0.003220|  2.6187e-03|   -7.237070|   -3.362980|   -0.187388|    0.001072|
|        3662|    0.003038|  2.6188e-03|   -7.237433|   -3.191707|   -0.187388|    0.001072|
|        3663|    0.002963|  2.6189e-03|   -7.239101|   -3.365020|   -0.187388|    0.001072|
|        3664|    0.002792|  2.6189e-03|   -7.240214|   -3.368725|   -0.187388|    0.001072|
|        3665|    0.002198|  2.6188e-03|   -7.240939|   -3.393765|   -0.187388|    0.001072|
|        3666|    0.003521|  2.6191e-03|   -7.241509|   -3.408355|   -0.187388|    0.001072|
|        3667|    0.002424|  2.6190e-03|   -7.242074|   -3.407188|   -0.187388|    0.001072|
|        3668|    0.002123|  2.6189e-03|   -7.241966|   -3.208003|   -0.187388|    0.001072|
|        3669|    0.001908|  2.6187e-03|   -7.243636|   -3.367509|   -0.187388|    0.001072|
|        3670|    0.002675|  2.6187e-03|   -7.244117|   -3.197571|   -0.187388|    0.001072|
|        3671|    0.001904|  2.6185e-03|   -7.245846|   -3.383849|   -0.187388|    0.001072|
|        3672|    0.002379|  2.6184e-03|   -7.246962|   -3.391875|   -0.187388|    0.001072|
|        3673|    0.002861|  2.6185e-03|   -7.247661|   -3.417327|   -0.187388|    0.001072|
|        3674|    0.002600|  2.6185e-03|   -7.248207|   -3.428822|   -0.187388|    0.001072|
|        3675|    0.003377|  2.6187e-03|   -7.248026|   -3.226279|   -0.187388|    0.001072|
|        3676|    0.002404|  2.6186e-03|   -7.249654|   -3.377927|   -0.187388|    0.001072|
|        3677|    0.002666|  2.6187e-03|   -7.250862|   -3.379843|   -0.187388|    0.001072|
|        3678|    0.002149|  2.6185e-03|   -7.251678|   -3.411293|   -0.187388|    0.001072|
|        3679|    0.002299|  2.6184e-03|   -7.252281|   -3.433459|   -0.187388|    0.001072|
|        3680|    0.003970|  2.6188e-03|   -7.252829|   -3.435020|   -0.187388|    0.001072|
|        3681|    0.002847|  2.6189e-03|   -7.253417|   -3.426384|   -0.187388|    0.001072|
|        3682|    0.003503|  2.6191e-03|   -7.254065|   -3.419116|   -0.187388|    0.001072|
|        3683|    0.003493|  2.6194e-03|   -7.254751|   -3.417777|   -0.187388|    0.001072|
|        3684|    0.003271|  2.6195e-03|   -7.255442|   -3.421276|   -0.187388|    0.001072|
|        3685|    0.002176|  2.6194e-03|   -7.256118|   -3.426397|   -0.187388|    0.001072|
|        3686|    0.003583|  2.6197e-03|   -7.256777|   -3.430485|   -0.187388|    0.001072|
|        3687|    0.002866|  2.6197e-03|   -7.257429|   -3.432577|   -0.187388|    0.001072|
|        3688|    0.001923|  2.6196e-03|   -7.258082|   -3.433147|   -0.187388|    0.001072|
|        3689|    0.002166|  2.6194e-03|   -7.258740|   -3.433207|   -0.187388|    0.001072|
|        3690|    0.001951|  2.6192e-03|   -7.259402|   -3.433525|   -0.187388|    0.001072|
|        3691|    0.002790|  2.6193e-03|   -7.260067|   -3.434344|   -0.187388|    0.001072|
|        3692|    0.003923|  2.6196e-03|   -7.260731|   -3.435500|   -0.187388|    0.001072|
|        3693|    0.003532|  2.6199e-03|   -7.261394|   -3.436691|   -0.187388|    0.001072|
|        3694|    0.003354|  2.6201e-03|   -7.262055|   -3.437697|   -0.187388|    0.001072|
|        3695|    0.003614|  2.6204e-03|   -7.262717|   -3.438457|   -0.187388|    0.001072|
|        3696|    0.003322|  2.6205e-03|   -7.263378|   -3.439034|   -0.187388|    0.001072|
|        3697|    0.002479|  2.6205e-03|   -7.264040|   -3.439531|   -0.187388|    0.001072|
|        3698|    0.002221|  2.6204e-03|   -7.264703|   -3.440029|   -0.187388|    0.001072|
|        3699|    0.001904|  2.6202e-03|   -7.265366|   -3.440556|   -0.187388|    0.001072|
|        3700|    0.002564|  2.6202e-03|   -7.266029|   -3.441103|   -0.187388|    0.001072|
|        3701|    0.001892|  2.6200e-03|   -7.266692|   -3.441648|   -0.187388|    0.001072|
|        3702|    0.001947|  2.6198e-03|   -7.267355|   -3.442175|   -0.187388|    0.001072|
|        3703|    0.003453|  2.6200e-03|   -7.268018|   -3.442683|   -0.187388|    0.001072|
|        3704|    0.002987|  2.6201e-03|   -7.268682|   -3.443181|   -0.187388|    0.001072|
|        3705|    0.001986|  2.6200e-03|   -7.269345|   -3.443682|   -0.187388|    0.001072|
|        3706|    0.001867|  2.6198e-03|   -7.270009|   -3.444197|   -0.187388|    0.001072|
|        3707|    0.001959|  2.6196e-03|   -7.270673|   -3.444730|   -0.187388|    0.001072|
|        3708|    0.001868|  2.6194e-03|   -7.271337|   -3.445280|   -0.187388|    0.001072|
|        3709|    0.002988|  2.6195e-03|   -7.272001|   -3.445846|   -0.187388|    0.001072|
|        3710|    0.002276|  2.6194e-03|   -7.272666|   -3.446425|   -0.187388|    0.001072|
|        3711|    0.003719|  2.6197e-03|   -7.273330|   -3.447016|   -0.187388|    0.001072|
|        3712|    0.002507|  2.6197e-03|   -7.273995|   -3.447620|   -0.187388|    0.001072|
|        3713|    0.002635|  2.6197e-03|   -7.274660|   -3.448235|   -0.187388|    0.001072|
|        3714|    0.001946|  2.6195e-03|   -7.275325|   -3.448862|   -0.187388|    0.001072|
|        3715|    0.002617|  2.6195e-03|   -7.275990|   -3.449499|   -0.187388|    0.001072|
|        3716|    0.002053|  2.6193e-03|   -7.276655|   -3.450146|   -0.187388|    0.001072|
|        3717|    0.003021|  2.6194e-03|   -7.277321|   -3.450799|   -0.187388|    0.001072|
|        3718|    0.003146|  2.6196e-03|   -7.277987|   -3.451458|   -0.187388|    0.001072|
|        3719|    0.002865|  2.6196e-03|   -7.278652|   -3.452121|   -0.187388|    0.001072|
|        3720|    0.003081|  2.6198e-03|   -7.279318|   -3.452786|   -0.187388|    0.001072|
|        3721|    0.003060|  2.6199e-03|   -7.279985|   -3.453452|   -0.187388|    0.001072|
|        3722|    0.003326|  2.6201e-03|   -7.280651|   -3.454120|   -0.187388|    0.001072|
|        3723|    0.003255|  2.6202e-03|   -7.281317|   -3.454786|   -0.187388|    0.001072|
|        3724|    0.002989|  2.6203e-03|   -7.281984|   -3.455451|   -0.187388|    0.001072|
|        3725|    0.002862|  2.6204e-03|   -7.282651|   -3.456114|   -0.187388|    0.001072|
|        3726|    0.002371|  2.6203e-03|   -7.283318|   -3.456775|   -0.187388|    0.001072|
|        3727|    0.002577|  2.6203e-03|   -7.283985|   -3.457433|   -0.187388|    0.001072|
|        3728|    0.002809|  2.6204e-03|   -7.284652|   -3.458088|   -0.187388|    0.001072|
|        3729|    0.002822|  2.6204e-03|   -7.285319|   -3.458740|   -0.187388|    0.001072|
|        3730|    0.002697|  2.6205e-03|   -7.285987|   -3.459389|   -0.187389|    0.001072|
|        3731|    0.002293|  2.6204e-03|   -7.286655|   -3.460035|   -0.187389|    0.001072|
|        3732|    0.002120|  2.6202e-03|   -7.287323|   -3.460678|   -0.187389|    0.001072|
|        3733|    0.002152|  2.6201e-03|   -7.287991|   -3.461319|   -0.187389|    0.001072|
|        3734|    0.002773|  2.6201e-03|   -7.288659|   -3.461957|   -0.187389|    0.001072|
|        3735|    0.002349|  2.6201e-03|   -7.289327|   -3.462594|   -0.187389|    0.001072|
|        3736|    0.002162|  2.6200e-03|   -7.289995|   -3.463229|   -0.187389|    0.001072|
|        3737|    0.002393|  2.6199e-03|   -7.290664|   -3.463863|   -0.187389|    0.001072|
|        3738|    0.001902|  2.6197e-03|   -7.291333|   -3.464496|   -0.187389|    0.001072|
|        3739|    0.002952|  2.6198e-03|   -7.292002|   -3.465128|   -0.187389|    0.001072|
|        3740|    0.002742|  2.6198e-03|   -7.292671|   -3.465760|   -0.187389|    0.001072|
|        3741|    0.001920|  2.6196e-03|   -7.293340|   -3.466392|   -0.187389|    0.001072|
|        3742|    0.002861|  2.6197e-03|   -7.294009|   -3.467023|   -0.187389|    0.001072|
|        3743|    0.002812|  2.6198e-03|   -7.294679|   -3.467655|   -0.187389|    0.001072|
|        3744|    0.001933|  2.6196e-03|   -7.295348|   -3.468288|   -0.187389|    0.001072|
|        3745|    0.001979|  2.6194e-03|   -7.296018|   -3.468920|   -0.187389|    0.001072|
|        3746|    0.003013|  2.6195e-03|   -7.296688|   -3.469554|   -0.187389|    0.001072|
|        3747|    0.002938|  2.6196e-03|   -7.297358|   -3.470187|   -0.187389|    0.001072|
|        3748|    0.002521|  2.6196e-03|   -7.297285|   -3.274822|   -0.187389|    0.001072|
|        3749|    0.003231|  2.6197e-03|   -7.298958|   -3.434689|   -0.187389|    0.001072|
|        3750|    0.003051|  2.6198e-03|   -7.299421|   -3.257673|   -0.187389|    0.001072|
+-----------------------------------------------------------------------+
|        File Writing Summary       |              Filename             |
+-----------------------------------------------------------------------+
|SU2 binary restart                 |restart_flow.dat                   |
|Paraview                           |flow.vtu                           |
|Paraview surface                   |surface_flow.vtu                   |
+-----------------------------------------------------------------------+
+------------------------------------------------------------------------------------------+
|  Inner_Iter|   Time(sec)|   Time(sec)|    rms[Rho]|   rms[RhoE]|          CL|          CD|
+------------------------------------------------------------------------------------------+
|        3751|    0.011885|  2.6223e-03|   -7.301169|   -3.440624|   -0.187389|    0.001072|
|        3752|    0.003451|  2.6225e-03|   -7.301533|   -3.268347|   -0.187389|    0.001072|
|        3753|    0.002462|  2.6225e-03|   -7.303206|   -3.439729|   -0.187389|    0.001072|
|        3754|    0.002196|  2.6224e-03|   -7.303553|   -3.259767|   -0.187389|    0.001072|
|        3755|    0.002153|  2.6222e-03|   -7.305259|   -3.432174|   -0.187389|    0.001072|
|        3756|    0.003175|  2.6224e-03|   -7.305617|   -3.256548|   -0.187389|    0.001072|
|        3757|    0.002507|  2.6224e-03|   -7.307330|   -3.430366|   -0.187389|    0.001072|
|        3758|    0.002959|  2.6225e-03|   -7.307679|   -3.256525|   -0.187389|    0.001072|
|        3759|    0.002413|  2.6224e-03|   -7.309391|   -3.429780|   -0.187389|    0.001072|
|        3760|    0.002855|  2.6225e-03|   -7.309735|   -3.256235|   -0.187389|    0.001072|
|        3761|    0.002660|  2.6225e-03|   -7.311452|   -3.429772|   -0.187389|    0.001072|
|        3762|    0.002761|  2.6225e-03|   -7.311794|   -3.257058|   -0.187389|    0.001072|
|        3763|    0.001973|  2.6223e-03|   -7.313515|   -3.431071|   -0.187389|    0.001072|
|        3764|    0.003086|  2.6225e-03|   -7.313855|   -3.258846|   -0.187389|    0.001072|
|        3765|    0.002543|  2.6224e-03|   -7.315577|   -3.433175|   -0.187389|    0.001072|
|        3766|    0.002528|  2.6224e-03|   -7.316713|   -3.436833|   -0.187389|    0.001072|
|        3767|    0.002208|  2.6223e-03|   -7.317448|   -3.462000|   -0.187389|    0.001072|
|        3768|    0.003238|  2.6225e-03|   -7.318026|   -3.476639|   -0.187389|    0.001072|
|        3769|    0.003007|  2.6226e-03|   -7.318599|   -3.475511|   -0.187389|    0.001072|
|        3770|    0.002168|  2.6224e-03|   -7.318454|   -3.275505|   -0.187389|    0.001072|
|        3771|    0.003125|  2.6226e-03|   -7.320178|   -3.436117|   -0.187389|    0.001072|
|        3772|    0.003167|  2.6227e-03|   -7.320639|   -3.265225|   -0.187389|    0.001072|
|        3773|    0.003189|  2.6229e-03|   -7.322422|   -3.452571|   -0.187389|    0.001072|
|        3774|    0.003202|  2.6230e-03|   -7.323561|   -3.460503|   -0.187389|    0.001072|
|        3775|    0.003004|  2.6231e-03|   -7.324270|   -3.486029|   -0.187389|    0.001072|
|        3776|    0.003106|  2.6233e-03|   -7.324824|   -3.497503|   -0.187389|    0.001072|
|        3777|    0.002914|  2.6233e-03|   -7.324605|   -3.293880|   -0.187389|    0.001072|
|        3778|    0.002713|  2.6234e-03|   -7.326286|   -3.446640|   -0.187389|    0.001072|
|        3779|    0.003211|  2.6235e-03|   -7.327518|   -3.448573|   -0.187389|    0.001072|
|        3780|    0.009665|  2.6254e-03|   -7.328347|   -3.480196|   -0.187389|    0.001072|
|        3781|    0.002681|  2.6254e-03|   -7.328957|   -3.502363|   -0.187389|    0.001072|
|        3782|    0.002969|  2.6255e-03|   -7.329513|   -3.503825|   -0.187389|    0.001072|
|        3783|    0.002978|  2.6256e-03|   -7.330109|   -3.495155|   -0.187389|    0.001072|
|        3784|    0.002245|  2.6255e-03|   -7.330767|   -3.487949|   -0.187389|    0.001072|
|        3785|    0.003438|  2.6257e-03|   -7.331463|   -3.486708|   -0.187389|    0.001072|
|        3786|    0.002528|  2.6257e-03|   -7.332163|   -3.490286|   -0.187389|    0.001072|
|        3787|    0.002080|  2.6255e-03|   -7.332848|   -3.495447|   -0.187389|    0.001072|
|        3788|    0.004220|  2.6259e-03|   -7.333518|   -3.499546|   -0.187389|    0.001072|
|        3789|    0.002272|  2.6258e-03|   -7.334179|   -3.501640|   -0.187389|    0.001072|
|        3790|    0.002554|  2.6258e-03|   -7.334841|   -3.502222|   -0.187389|    0.001072|
|        3791|    0.002493|  2.6258e-03|   -7.335508|   -3.502303|   -0.187389|    0.001072|
|        3792|    0.002419|  2.6257e-03|   -7.336180|   -3.502645|   -0.187389|    0.001072|
|        3793|    0.003659|  2.6260e-03|   -7.336854|   -3.503484|   -0.187389|    0.001072|
|        3794|    0.002275|  2.6259e-03|   -7.337528|   -3.504652|   -0.187389|    0.001072|
|        3795|    0.001864|  2.6257e-03|   -7.338200|   -3.505850|   -0.187389|    0.001072|
|        3796|    0.002842|  2.6258e-03|   -7.338871|   -3.506860|   -0.187389|    0.001072|
|        3797|    0.002927|  2.6259e-03|   -7.339542|   -3.507624|   -0.187389|    0.001072|
|        3798|    0.003187|  2.6260e-03|   -7.340212|   -3.508207|   -0.187389|    0.001072|
|        3799|    0.003057|  2.6261e-03|   -7.340884|   -3.508712|   -0.187389|    0.001072|
|        3800|    0.002676|  2.6261e-03|   -7.341556|   -3.509216|   -0.187389|    0.001072|
|        3801|    0.001961|  2.6260e-03|   -7.342229|   -3.509750|   -0.187389|    0.001072|
|        3802|    0.001896|  2.6258e-03|   -7.342901|   -3.510303|   -0.187389|    0.001072|
|        3803|    0.001818|  2.6255e-03|   -7.343574|   -3.510854|   -0.187389|    0.001072|
|        3804|    0.001863|  2.6253e-03|   -7.344246|   -3.511388|   -0.187389|    0.001072|
|        3805|    0.002055|  2.6252e-03|   -7.344919|   -3.511903|   -0.187389|    0.001072|
|        3806|    0.003696|  2.6255e-03|   -7.345592|   -3.512409|   -0.187389|    0.001072|
|        3807|    0.002073|  2.6253e-03|   -7.346265|   -3.512920|   -0.187389|    0.001072|
|        3808|    0.001927|  2.6252e-03|   -7.346938|   -3.513444|   -0.187389|    0.001072|
|        3809|    0.001877|  2.6250e-03|   -7.347612|   -3.513987|   -0.187389|    0.001072|
|        3810|    0.001847|  2.6247e-03|   -7.348285|   -3.514549|   -0.187389|    0.001072|
|        3811|    0.002198|  2.6246e-03|   -7.348959|   -3.515126|   -0.187389|    0.001072|
|        3812|    0.001865|  2.6244e-03|   -7.349633|   -3.515717|   -0.187389|    0.001072|
|        3813|    0.002676|  2.6245e-03|   -7.350307|   -3.516320|   -0.187389|    0.001072|
|        3814|    0.002722|  2.6245e-03|   -7.350981|   -3.516936|   -0.187389|    0.001072|
|        3815|    0.002694|  2.6245e-03|   -7.351656|   -3.517564|   -0.187389|    0.001072|
|        3816|    0.002876|  2.6246e-03|   -7.352330|   -3.518204|   -0.187389|    0.001072|
|        3817|    0.002794|  2.6246e-03|   -7.353005|   -3.518855|   -0.187389|    0.001072|
|        3818|    0.001975|  2.6244e-03|   -7.353680|   -3.519515|   -0.187389|    0.001072|
|        3819|    0.002198|  2.6243e-03|   -7.354355|   -3.520182|   -0.187389|    0.001072|
|        3820|    0.002873|  2.6244e-03|   -7.355030|   -3.520854|   -0.187389|    0.001072|
|        3821|    0.002680|  2.6244e-03|   -7.355706|   -3.521530|   -0.187389|    0.001072|
|        3822|    0.002072|  2.6243e-03|   -7.356381|   -3.522208|   -0.187389|    0.001072|
|        3823|    0.001909|  2.6241e-03|   -7.357057|   -3.522888|   -0.187389|    0.001072|
|        3824|    0.002276|  2.6240e-03|   -7.357733|   -3.523568|   -0.187389|    0.001072|
|        3825|    0.003385|  2.6242e-03|   -7.358409|   -3.524247|   -0.187389|    0.001072|
|        3826|    0.002387|  2.6241e-03|   -7.359085|   -3.524925|   -0.187389|    0.001072|
|        3827|    0.002748|  2.6242e-03|   -7.359762|   -3.525601|   -0.187389|    0.001072|
|        3828|    0.003033|  2.6243e-03|   -7.360438|   -3.526274|   -0.187389|    0.001072|
|        3829|    0.002022|  2.6241e-03|   -7.361115|   -3.526944|   -0.187389|    0.001072|
|        3830|    0.002303|  2.6240e-03|   -7.361792|   -3.527611|   -0.187389|    0.001072|
|        3831|    0.001937|  2.6238e-03|   -7.362469|   -3.528275|   -0.187389|    0.001072|
|        3832|    0.002088|  2.6237e-03|   -7.363146|   -3.528936|   -0.187389|    0.001072|
|        3833|    0.002324|  2.6236e-03|   -7.363823|   -3.529594|   -0.187389|    0.001072|
|        3834|    0.003433|  2.6238e-03|   -7.364500|   -3.530249|   -0.187389|    0.001072|
|        3835|    0.003196|  2.6240e-03|   -7.365178|   -3.530901|   -0.187389|    0.001072|
|        3836|    0.003244|  2.6241e-03|   -7.365856|   -3.531551|   -0.187389|    0.001072|
|        3837|    0.003510|  2.6244e-03|   -7.366534|   -3.532200|   -0.187389|    0.001072|
|        3838|    0.003147|  2.6245e-03|   -7.367212|   -3.532846|   -0.187389|    0.001072|
|        3839|    0.003436|  2.6247e-03|   -7.367890|   -3.533492|   -0.187389|    0.001072|
|        3840|    0.002079|  2.6246e-03|   -7.368568|   -3.534136|   -0.187389|    0.001072|
|        3841|    0.001871|  2.6244e-03|   -7.369247|   -3.534780|   -0.187389|    0.001072|
|        3842|    0.002103|  2.6242e-03|   -7.369925|   -3.535424|   -0.187389|    0.001072|
|        3843|    0.002784|  2.6243e-03|   -7.370604|   -3.536067|   -0.187389|    0.001072|
|        3844|    0.001912|  2.6241e-03|   -7.371283|   -3.536710|   -0.187389|    0.001072|
|        3845|    0.002930|  2.6242e-03|   -7.371962|   -3.537354|   -0.187389|    0.001072|
|        3846|    0.002369|  2.6241e-03|   -7.372642|   -3.537998|   -0.187389|    0.001072|
|        3847|    0.001924|  2.6239e-03|   -7.373321|   -3.538643|   -0.187390|    0.001072|
|        3848|    0.001870|  2.6237e-03|   -7.374001|   -3.539288|   -0.187390|    0.001072|
|        3849|    0.002363|  2.6237e-03|   -7.374680|   -3.539933|   -0.187390|    0.001072|
|        3850|    0.002170|  2.6236e-03|   -7.374573|   -3.343513|   -0.187390|    0.001072|
|        3851|    0.002710|  2.6236e-03|   -7.376297|   -3.504379|   -0.187390|    0.001072|
|        3852|    0.003221|  2.6237e-03|   -7.376742|   -3.326339|   -0.187390|    0.001072|
|        3853|    0.002939|  2.6238e-03|   -7.378542|   -3.510263|   -0.187390|    0.001072|
|        3854|    0.002587|  2.6238e-03|   -7.378886|   -3.336847|   -0.187390|    0.001072|
|        3855|    0.002028|  2.6236e-03|   -7.380611|   -3.509186|   -0.187390|    0.001072|
|        3856|    0.001917|  2.6235e-03|   -7.380936|   -3.328222|   -0.187390|    0.001072|
|        3857|    0.002752|  2.6235e-03|   -7.382694|   -3.501557|   -0.187390|    0.001072|
|        3858|    0.002946|  2.6236e-03|   -7.383031|   -3.324994|   -0.187390|    0.001072|
|        3859|    0.003227|  2.6237e-03|   -7.384796|   -3.499717|   -0.187390|    0.001072|
|        3860|    0.002946|  2.6238e-03|   -7.385123|   -3.324962|   -0.187390|    0.001072|
|        3861|    0.003266|  2.6240e-03|   -7.386888|   -3.499127|   -0.187390|    0.001072|
|        3862|    0.003281|  2.6242e-03|   -7.387210|   -3.324700|   -0.187390|    0.001072|
|        3863|    0.003428|  2.6244e-03|   -7.388980|   -3.499152|   -0.187390|    0.001072|
|        3864|    0.003642|  2.6246e-03|   -7.389300|   -3.325569|   -0.187390|    0.001072|
|        3865|    0.002976|  2.6247e-03|   -7.391073|   -3.500502|   -0.187390|    0.001072|
|        3866|    0.002756|  2.6248e-03|   -7.391391|   -3.327410|   -0.187390|    0.001072|
|        3867|    0.002267|  2.6247e-03|   -7.393166|   -3.502671|   -0.187390|    0.001072|
|        3868|    0.002667|  2.6247e-03|   -7.394325|   -3.506290|   -0.187390|    0.001072|
|        3869|    0.003245|  2.6248e-03|   -7.395072|   -3.531561|   -0.187390|    0.001072|
|        3870|    0.003571|  2.6251e-03|   -7.395657|   -3.546237|   -0.187390|    0.001072|
|        3871|    0.004014|  2.6254e-03|   -7.396238|   -3.545152|   -0.187390|    0.001072|
|        3872|    0.002992|  2.6255e-03|   -7.396057|   -3.344411|   -0.187390|    0.001072|
|        3873|    0.002570|  2.6255e-03|   -7.397833|   -3.506057|   -0.187390|    0.001072|
|        3874|    0.002839|  2.6256e-03|   -7.398274|   -3.334289|   -0.187390|    0.001072|
|        3875|    0.003259|  2.6257e-03|   -7.400110|   -3.522610|   -0.187390|    0.001072|
|        3876|    0.002351|  2.6257e-03|   -7.401272|   -3.530457|   -0.187390|    0.001072|
|        3877|    0.002646|  2.6257e-03|   -7.401992|   -3.556033|   -0.187390|    0.001072|
|        3878|    0.001944|  2.6255e-03|   -7.402554|   -3.567480|   -0.187390|    0.001072|
|        3879|    0.001859|  2.6253e-03|   -7.402298|   -3.362882|   -0.187390|    0.001072|
|        3880|    0.001956|  2.6251e-03|   -7.404030|   -3.516683|   -0.187390|    0.001072|
|        3881|    0.002418|  2.6251e-03|   -7.405287|   -3.518638|   -0.187390|    0.001072|
|        3882|    0.003066|  2.6252e-03|   -7.406128|   -3.550402|   -0.187390|    0.001072|
|        3883|    0.002389|  2.6251e-03|   -7.406746|   -3.572554|   -0.187390|    0.001072|
|        3884|    0.001915|  2.6249e-03|   -7.407309|   -3.573922|   -0.187390|    0.001072|
|        3885|    0.001894|  2.6247e-03|   -7.407913|   -3.565228|   -0.187390|    0.001072|
|        3886|    0.001810|  2.6245e-03|   -7.408581|   -3.558089|   -0.187390|    0.001072|
|        3887|    0.001871|  2.6243e-03|   -7.409286|   -3.556944|   -0.187390|    0.001072|
|        3888|    0.002469|  2.6243e-03|   -7.409996|   -3.560595|   -0.187390|    0.001072|
|        3889|    0.003361|  2.6245e-03|   -7.410691|   -3.565792|   -0.187390|    0.001072|
|        3890|    0.002918|  2.6246e-03|   -7.411369|   -3.569898|   -0.187390|    0.001072|
|        3891|    0.002803|  2.6246e-03|   -7.412040|   -3.571996|   -0.187390|    0.001072|
|        3892|    0.003101|  2.6247e-03|   -7.412711|   -3.572589|   -0.187390|    0.001072|
|        3893|    0.003406|  2.6249e-03|   -7.413388|   -3.572691|   -0.187390|    0.001072|
|        3894|    0.003238|  2.6251e-03|   -7.414069|   -3.573057|   -0.187390|    0.001072|
|        3895|    0.002175|  2.6250e-03|   -7.414753|   -3.573915|   -0.187390|    0.001072|
|        3896|    0.002074|  2.6248e-03|   -7.415436|   -3.575095|   -0.187390|    0.001072|
|        3897|    0.001869|  2.6246e-03|   -7.416117|   -3.576300|   -0.187390|    0.001072|
|        3898|    0.001933|  2.6245e-03|   -7.416798|   -3.577314|   -0.187390|    0.001072|
|        3899|    0.002346|  2.6244e-03|   -7.417478|   -3.578083|   -0.187390|    0.001072|
|        3900|    0.003023|  2.6245e-03|   -7.418158|   -3.578672|   -0.187390|    0.001072|
|        3901|    0.003073|  2.6246e-03|   -7.418839|   -3.579184|   -0.187390|    0.001072|
|        3902|    0.002488|  2.6246e-03|   -7.419521|   -3.579695|   -0.187390|    0.001072|
|        3903|    0.002507|  2.6246e-03|   -7.420203|   -3.580235|   -0.187390|    0.001072|
|        3904|    0.002047|  2.6244e-03|   -7.420885|   -3.580794|   -0.187390|    0.001072|
|        3905|    0.002947|  2.6245e-03|   -7.421566|   -3.581352|   -0.187390|    0.001072|
|        3906|    0.003239|  2.6246e-03|   -7.422248|   -3.581892|   -0.187390|    0.001072|
|        3907|    0.002007|  2.6245e-03|   -7.422931|   -3.582415|   -0.187390|    0.001072|
|        3908|    0.001884|  2.6243e-03|   -7.423613|   -3.582930|   -0.187390|    0.001072|
|        3909|    0.002718|  2.6243e-03|   -7.424295|   -3.583450|   -0.187390|    0.001072|
|        3910|    0.002739|  2.6243e-03|   -7.424978|   -3.583984|   -0.187390|    0.001072|
|        3911|    0.002591|  2.6243e-03|   -7.425661|   -3.584538|   -0.187390|    0.001072|
|        3912|    0.002448|  2.6243e-03|   -7.426344|   -3.585110|   -0.187390|    0.001072|
|        3913|    0.001958|  2.6241e-03|   -7.427027|   -3.585698|   -0.187390|    0.001072|
|        3914|    0.002204|  2.6240e-03|   -7.427711|   -3.586301|   -0.187390|    0.001072|
|        3915|    0.002878|  2.6241e-03|   -7.428394|   -3.586917|   -0.187390|    0.001072|
|        3916|    0.001902|  2.6239e-03|   -7.429078|   -3.587545|   -0.187390|    0.001072|
|        3917|    0.002812|  2.6239e-03|   -7.429762|   -3.588186|   -0.187390|    0.001072|
|        3918|    0.001963|  2.6238e-03|   -7.430446|   -3.588839|   -0.187390|    0.001072|
|        3919|    0.003111|  2.6239e-03|   -7.431130|   -3.589503|   -0.187390|    0.001072|
|        3920|    0.003225|  2.6241e-03|   -7.431815|   -3.590176|   -0.187390|    0.001072|
|        3921|    0.003180|  2.6242e-03|   -7.432499|   -3.590856|   -0.187390|    0.001072|
|        3922|    0.003226|  2.6243e-03|   -7.433184|   -3.591542|   -0.187390|    0.001072|
|        3923|    0.003180|  2.6245e-03|   -7.433869|   -3.592231|   -0.187390|    0.001072|
|        3924|    0.003466|  2.6247e-03|   -7.434554|   -3.592922|   -0.187390|    0.001072|
|        3925|    0.002697|  2.6247e-03|   -7.435239|   -3.593615|   -0.187390|    0.001072|
|        3926|    0.003298|  2.6249e-03|   -7.435925|   -3.594308|   -0.187390|    0.001072|
|        3927|    0.002586|  2.6249e-03|   -7.436610|   -3.595000|   -0.187390|    0.001072|
|        3928|    0.002712|  2.6249e-03|   -7.437296|   -3.595691|   -0.187390|    0.001072|
|        3929|    0.003251|  2.6251e-03|   -7.437982|   -3.596379|   -0.187390|    0.001072|
|        3930|    0.002687|  2.6251e-03|   -7.438668|   -3.597065|   -0.187390|    0.001072|
|        3931|    0.003209|  2.6252e-03|   -7.439354|   -3.597747|   -0.187390|    0.001072|
|        3932|    0.002628|  2.6252e-03|   -7.440040|   -3.598426|   -0.187390|    0.001072|
|        3933|    0.002893|  2.6253e-03|   -7.440727|   -3.599102|   -0.187390|    0.001072|
|        3934|    0.003166|  2.6254e-03|   -7.441414|   -3.599775|   -0.187390|    0.001071|
|        3935|    0.002736|  2.6255e-03|   -7.442100|   -3.600444|   -0.187390|    0.001071|
|        3936|    0.002033|  2.6253e-03|   -7.442787|   -3.601111|   -0.187390|    0.001071|
|        3937|    0.002061|  2.6252e-03|   -7.443475|   -3.601775|   -0.187390|    0.001071|
|        3938|    0.002064|  2.6250e-03|   -7.444162|   -3.602437|   -0.187390|    0.001071|
|        3939|    0.003290|  2.6252e-03|   -7.444849|   -3.603097|   -0.187390|    0.001071|
|        3940|    0.002937|  2.6253e-03|   -7.445537|   -3.603755|   -0.187390|    0.001071|
|        3941|    0.002449|  2.6252e-03|   -7.446225|   -3.604412|   -0.187390|    0.001071|
|        3942|    0.003346|  2.6254e-03|   -7.446912|   -3.605068|   -0.187390|    0.001071|
|        3943|    0.002084|  2.6253e-03|   -7.447601|   -3.605723|   -0.187390|    0.001071|
|        3944|    0.002015|  2.6251e-03|   -7.448289|   -3.606378|   -0.187390|    0.001071|
|        3945|    0.002690|  2.6251e-03|   -7.448977|   -3.607033|   -0.187390|    0.001071|
|        3946|    0.002753|  2.6252e-03|   -7.449666|   -3.607688|   -0.187390|    0.001071|
|        3947|    0.003323|  2.6253e-03|   -7.450354|   -3.608344|   -0.187390|    0.001071|
|        3948|    0.003342|  2.6255e-03|   -7.451043|   -3.609000|   -0.187390|    0.001071|
|        3949|    0.003026|  2.6256e-03|   -7.451732|   -3.609656|   -0.187390|    0.001071|
|        3950|    0.002445|  2.6256e-03|   -7.452421|   -3.610313|   -0.187390|    0.001071|
|        3951|    0.003297|  2.6258e-03|   -7.453110|   -3.610970|   -0.187390|    0.001071|
|        3952|    0.003819|  2.6261e-03|   -7.452971|   -3.413586|   -0.187390|    0.001071|
|        3953|    0.003857|  2.6264e-03|   -7.454745|   -3.575383|   -0.187390|    0.001071|
|        3954|    0.002300|  2.6263e-03|   -7.455171|   -3.396402|   -0.187390|    0.001071|
|        3955|    0.002799|  2.6263e-03|   -7.457023|   -3.581215|   -0.187390|    0.001071|
|        3956|    0.002666|  2.6263e-03|   -7.457347|   -3.406748|   -0.187390|    0.001071|
|        3957|    0.002169|  2.6262e-03|   -7.459122|   -3.579965|   -0.187390|    0.001071|
|        3958|    0.002252|  2.6261e-03|   -7.459427|   -3.398084|   -0.187390|    0.001071|
|        3959|    0.001844|  2.6259e-03|   -7.461236|   -3.572269|   -0.187390|    0.001071|
|        3960|    0.001940|  2.6258e-03|   -7.461553|   -3.394850|   -0.187390|    0.001071|
|        3961|    0.001854|  2.6256e-03|   -7.463369|   -3.570402|   -0.187390|    0.001071|
|        3962|    0.002349|  2.6255e-03|   -7.463675|   -3.394811|   -0.187390|    0.001071|
|        3963|    0.002506|  2.6255e-03|   -7.465492|   -3.569810|   -0.187390|    0.001071|
|        3964|    0.003454|  2.6257e-03|   -7.465792|   -3.394578|   -0.187390|    0.001071|
|        3965|    0.002352|  2.6256e-03|   -7.467614|   -3.569869|   -0.187390|    0.001071|
|        3966|    0.001944|  2.6254e-03|   -7.467913|   -3.395493|   -0.187390|    0.001071|
|        3967|    0.002082|  2.6253e-03|   -7.469738|   -3.571272|   -0.187390|    0.001071|
|        3968|    0.001892|  2.6251e-03|   -7.470035|   -3.397387|   -0.187390|    0.001071|
|        3969|    0.003076|  2.6252e-03|   -7.471861|   -3.573503|   -0.187390|    0.001071|
|        3970|    0.003373|  2.6254e-03|   -7.473042|   -3.577094|   -0.187390|    0.001071|
|        3971|    0.003202|  2.6256e-03|   -7.473801|   -3.602446|   -0.187390|    0.001071|
|        3972|    0.002505|  2.6255e-03|   -7.474394|   -3.617150|   -0.187390|    0.001071|
|        3973|    0.002186|  2.6254e-03|   -7.474982|   -3.616109|   -0.187390|    0.001071|
|        3974|    0.001936|  2.6252e-03|   -7.474767|   -3.414711|   -0.187390|    0.001071|
|        3975|    0.002603|  2.6252e-03|   -7.476594|   -3.577324|   -0.187390|    0.001071|
|        3976|    0.002667|  2.6252e-03|   -7.477016|   -3.404752|   -0.187391|    0.001071|
|        3977|    0.003320|  2.6254e-03|   -7.478904|   -3.593966|   -0.187390|    0.001071|
|        3978|    0.002437|  2.6254e-03|   -7.480089|   -3.601734|   -0.187390|    0.001071|
|        3979|    0.003085|  2.6255e-03|   -7.480820|   -3.627340|   -0.187390|    0.001071|
|        3980|    0.003242|  2.6256e-03|   -7.481389|   -3.638754|   -0.187390|    0.001071|
|        3981|    0.004149|  2.6260e-03|   -7.481097|   -3.433273|   -0.187391|    0.001071|
|        3982|    0.003542|  2.6263e-03|   -7.482879|   -3.588052|   -0.187391|    0.001071|
|        3983|    0.002112|  2.6261e-03|   -7.484160|   -3.590035|   -0.187391|    0.001071|
|        3984|    0.002634|  2.6261e-03|   -7.485013|   -3.621910|   -0.187391|    0.001071|
|        3985|    0.003188|  2.6263e-03|   -7.485640|   -3.644033|   -0.187391|    0.001071|
|        3986|    0.002549|  2.6263e-03|   -7.486210|   -3.645313|   -0.187391|    0.001071|
|        3987|    0.002672|  2.6263e-03|   -7.486823|   -3.636605|   -0.187391|    0.001071|
|        3988|    0.002334|  2.6262e-03|   -7.487499|   -3.629535|   -0.187391|    0.001071|
|        3989|    0.003328|  2.6264e-03|   -7.488214|   -3.628483|   -0.187391|    0.001071|
|        3990|    0.002916|  2.6264e-03|   -7.488934|   -3.632203|   -0.187391|    0.001071|
|        3991|    0.002412|  2.6264e-03|   -7.489638|   -3.637430|   -0.187391|    0.001071|
|        3992|    0.001870|  2.6262e-03|   -7.490326|   -3.641543|   -0.187391|    0.001071|
|        3993|    0.001904|  2.6260e-03|   -7.491005|   -3.643644|   -0.187391|    0.001071|
|        3994|    0.001850|  2.6258e-03|   -7.491686|   -3.644249|   -0.187391|    0.001071|
|        3995|    0.002438|  2.6258e-03|   -7.492372|   -3.644372|   -0.187391|    0.001071|
|        3996|    0.002326|  2.6257e-03|   -7.493063|   -3.644761|   -0.187391|    0.001071|
|        3997|    0.002667|  2.6257e-03|   -7.493755|   -3.645638|   -0.187391|    0.001071|
|        3998|    0.002933|  2.6258e-03|   -7.494448|   -3.646830|   -0.187391|    0.001071|
|        3999|    0.002486|  2.6258e-03|   -7.495139|   -3.648040|   -0.187391|    0.001071|
|        4000|    0.001976|  2.6256e-03|   -7.495828|   -3.649058|   -0.187391|    0.001071|
+-----------------------------------------------------------------------+
|        File Writing Summary       |              Filename             |
+-----------------------------------------------------------------------+
|SU2 binary restart                 |restart_flow.dat                   |
|Paraview                           |flow.vtu                           |
|Paraview surface                   |surface_flow.vtu                   |
+-----------------------------------------------------------------------+
+------------------------------------------------------------------------------------------+
|  Inner_Iter|   Time(sec)|   Time(sec)|    rms[Rho]|   rms[RhoE]|          CL|          CD|
+------------------------------------------------------------------------------------------+
|        4001|    0.012739|  2.6281e-03|   -7.496518|   -3.649832|   -0.187391|    0.001071|
|        4002|    0.003180|  2.6283e-03|   -7.497208|   -3.650428|   -0.187391|    0.001071|
|        4003|    0.003125|  2.6284e-03|   -7.497898|   -3.650947|   -0.187391|    0.001071|
|        4004|    0.002986|  2.6285e-03|   -7.498589|   -3.651465|   -0.187391|    0.001071|
|        4005|    0.002965|  2.6286e-03|   -7.499280|   -3.652012|   -0.187391|    0.001071|
|        4006|    0.002272|  2.6285e-03|   -7.499971|   -3.652577|   -0.187391|    0.001071|
|        4007|    0.002816|  2.6285e-03|   -7.500663|   -3.653141|   -0.187391|    0.001071|
|        4008|    0.002942|  2.6286e-03|   -7.501354|   -3.653688|   -0.187391|    0.001071|
|        4009|    0.002725|  2.6286e-03|   -7.502045|   -3.654219|   -0.187391|    0.001071|
|        4010|    0.003011|  2.6287e-03|   -7.502737|   -3.654742|   -0.187391|    0.001071|
|        4011|    0.001862|  2.6285e-03|   -7.503429|   -3.655271|   -0.187391|    0.001071|
|        4012|    0.001946|  2.6283e-03|   -7.504121|   -3.655816|   -0.187391|    0.001071|
|        4013|    0.002014|  2.6282e-03|   -7.504814|   -3.656380|   -0.187391|    0.001071|
|        4014|    0.001857|  2.6280e-03|   -7.505506|   -3.656962|   -0.187391|    0.001071|
|        4015|    0.002662|  2.6280e-03|   -7.506199|   -3.657562|   -0.187391|    0.001071|
|        4016|    0.002618|  2.6280e-03|   -7.506891|   -3.658177|   -0.187391|    0.001071|
|        4017|    0.002080|  2.6279e-03|   -7.507584|   -3.658805|   -0.187391|    0.001071|
|        4018|    0.003042|  2.6280e-03|   -7.508278|   -3.659446|   -0.187391|    0.001071|
|        4019|    0.002798|  2.6280e-03|   -7.508971|   -3.660100|   -0.187391|    0.001071|
|        4020|    0.003360|  2.6282e-03|   -7.509664|   -3.660766|   -0.187391|    0.001071|
|        4021|    0.002195|  2.6281e-03|   -7.510358|   -3.661443|   -0.187391|    0.001071|
|        4022|    0.002207|  2.6280e-03|   -7.511052|   -3.662129|   -0.187391|    0.001071|
|        4023|    0.002951|  2.6281e-03|   -7.511746|   -3.662822|   -0.187391|    0.001071|
|        4024|    0.002220|  2.6280e-03|   -7.512440|   -3.663521|   -0.187391|    0.001071|
|        4025|    0.002086|  2.6278e-03|   -7.513134|   -3.664223|   -0.187391|    0.001071|
|        4026|    0.003197|  2.6280e-03|   -7.513829|   -3.664927|   -0.187391|    0.001071|
|        4027|    0.002203|  2.6279e-03|   -7.514524|   -3.665633|   -0.187391|    0.001071|
|        4028|    0.001926|  2.6277e-03|   -7.515218|   -3.666339|   -0.187391|    0.001071|
|        4029|    0.003429|  2.6279e-03|   -7.515913|   -3.667044|   -0.187391|    0.001071|
|        4030|    0.002696|  2.6279e-03|   -7.516609|   -3.667747|   -0.187391|    0.001071|
|        4031|    0.001855|  2.6277e-03|   -7.517304|   -3.668447|   -0.187391|    0.001071|
|        4032|    0.002700|  2.6277e-03|   -7.517999|   -3.669145|   -0.187391|    0.001071|
|        4033|    0.002667|  2.6277e-03|   -7.518695|   -3.669840|   -0.187391|    0.001071|
|        4034|    0.002987|  2.6278e-03|   -7.519391|   -3.670531|   -0.187391|    0.001071|
|        4035|    0.002738|  2.6279e-03|   -7.520087|   -3.671218|   -0.187391|    0.001071|
|        4036|    0.003033|  2.6280e-03|   -7.520783|   -3.671903|   -0.187391|    0.001071|
|        4037|    0.004145|  2.6283e-03|   -7.521479|   -3.672584|   -0.187391|    0.001071|
|        4038|    0.003427|  2.6285e-03|   -7.522176|   -3.673262|   -0.187391|    0.001071|
|        4039|    0.003127|  2.6287e-03|   -7.522872|   -3.673938|   -0.187391|    0.001071|
|        4040|    0.002038|  2.6285e-03|   -7.523569|   -3.674611|   -0.187391|    0.001071|
|        4041|    0.001952|  2.6283e-03|   -7.524266|   -3.675282|   -0.187391|    0.001071|
|        4042|    0.002344|  2.6283e-03|   -7.524963|   -3.675952|   -0.187391|    0.001071|
|        4043|    0.002543|  2.6282e-03|   -7.525660|   -3.676621|   -0.187391|    0.001071|
|        4044|    0.001865|  2.6281e-03|   -7.526358|   -3.677288|   -0.187391|    0.001071|
|        4045|    0.001908|  2.6279e-03|   -7.527055|   -3.677955|   -0.187391|    0.001071|
|        4046|    0.003224|  2.6280e-03|   -7.527753|   -3.678622|   -0.187391|    0.001071|
|        4047|    0.004354|  2.6285e-03|   -7.528451|   -3.679288|   -0.187391|    0.001071|
|        4048|    0.003290|  2.6286e-03|   -7.529149|   -3.679955|   -0.187391|    0.001071|
|        4049|    0.003054|  2.6287e-03|   -7.529847|   -3.680622|   -0.187391|    0.001071|
|        4050|    0.001920|  2.6285e-03|   -7.530545|   -3.681289|   -0.187391|    0.001071|
|        4051|    0.001985|  2.6284e-03|   -7.531244|   -3.681957|   -0.187391|    0.001071|
|        4052|    0.002084|  2.6283e-03|   -7.531942|   -3.682626|   -0.187391|    0.001071|
|        4053|    0.001887|  2.6281e-03|   -7.532641|   -3.683295|   -0.187391|    0.001071|
|        4054|    0.002809|  2.6281e-03|   -7.532470|   -3.485026|   -0.187391|    0.001071|
|        4055|    0.002982|  2.6282e-03|   -7.534293|   -3.647695|   -0.187391|    0.001071|
|        4056|    0.002582|  2.6282e-03|   -7.534702|   -3.467847|   -0.187391|    0.001071|
|        4057|    0.002118|  2.6281e-03|   -7.536604|   -3.653473|   -0.187391|    0.001071|
|        4058|    0.002386|  2.6280e-03|   -7.536909|   -3.478035|   -0.187391|    0.001071|
|        4059|    0.003400|  2.6282e-03|   -7.538734|   -3.652059|   -0.187391|    0.001071|
|        4060|    0.002894|  2.6283e-03|   -7.539019|   -3.469338|   -0.187391|    0.001071|
|        4061|    0.003084|  2.6284e-03|   -7.540878|   -3.644305|   -0.187391|    0.001071|
|        4062|    0.002904|  2.6284e-03|   -7.541175|   -3.466101|   -0.187391|    0.001071|
|        4063|    0.003459|  2.6286e-03|   -7.543042|   -3.642414|   -0.187391|    0.001071|
|        4064|    0.003456|  2.6289e-03|   -7.543327|   -3.466056|   -0.187391|    0.001071|
|        4065|    0.002530|  2.6288e-03|   -7.545194|   -3.641822|   -0.187391|    0.001071|
|        4066|    0.002543|  2.6288e-03|   -7.545475|   -3.465854|   -0.187391|    0.001071|
|        4067|    0.001980|  2.6286e-03|   -7.547347|   -3.641916|   -0.187391|    0.001071|
|        4068|    0.001877|  2.6285e-03|   -7.547626|   -3.466814|   -0.187391|    0.001071|
|        4069|    0.002758|  2.6285e-03|   -7.549502|   -3.643371|   -0.187391|    0.001071|
|        4070|    0.003020|  2.6286e-03|   -7.549777|   -3.468761|   -0.187391|    0.001071|
|        4071|    0.002911|  2.6287e-03|   -7.551655|   -3.645664|   -0.187391|    0.001071|
|        4072|    0.002527|  2.6286e-03|   -7.552858|   -3.649235|   -0.187391|    0.001071|
|        4073|    0.002697|  2.6287e-03|   -7.553627|   -3.674649|   -0.187391|    0.001071|
|        4074|    0.003347|  2.6288e-03|   -7.554229|   -3.689373|   -0.187391|    0.001071|
|        4075|    0.002746|  2.6289e-03|   -7.554824|   -3.688378|   -0.187391|    0.001071|
|        4076|    0.001943|  2.6287e-03|   -7.554576|   -3.486390|   -0.187391|    0.001071|
|        4077|    0.002427|  2.6286e-03|   -7.556452|   -3.649908|   -0.187391|    0.001071|
|        4078|    0.002723|  2.6287e-03|   -7.556856|   -3.476597|   -0.187391|    0.001071|
|        4079|    0.002836|  2.6287e-03|   -7.558796|   -3.666628|   -0.187391|    0.001071|
|        4080|    0.003324|  2.6289e-03|   -7.560002|   -3.674326|   -0.187391|    0.001071|
|        4081|    0.002401|  2.6288e-03|   -7.560744|   -3.699944|   -0.187391|    0.001071|
|        4082|    0.003147|  2.6290e-03|   -7.561320|   -3.711323|   -0.187391|    0.001071|
|        4083|    0.002490|  2.6289e-03|   -7.560994|   -3.505039|   -0.187391|    0.001071|
|        4084|    0.001838|  2.6287e-03|   -7.562825|   -3.660736|   -0.187391|    0.001071|
|        4085|    0.003170|  2.6289e-03|   -7.564130|   -3.662752|   -0.187391|    0.001071|
|        4086|    0.003284|  2.6290e-03|   -7.564995|   -3.694714|   -0.187391|    0.001071|
|        4087|    0.003173|  2.6292e-03|   -7.565630|   -3.716796|   -0.187391|    0.001071|
|        4088|    0.003700|  2.6294e-03|   -7.566208|   -3.717994|   -0.187391|    0.001071|
|        4089|    0.003601|  2.6297e-03|   -7.566828|   -3.709279|   -0.187391|    0.001071|
|        4090|    0.002916|  2.6297e-03|   -7.567514|   -3.702281|   -0.187391|    0.001071|
|        4091|    0.002882|  2.6298e-03|   -7.568239|   -3.701319|   -0.187391|    0.001071|
|        4092|    0.002657|  2.6298e-03|   -7.568968|   -3.705103|   -0.187391|    0.001071|
|        4093|    0.003199|  2.6299e-03|   -7.569681|   -3.710357|   -0.187391|    0.001071|
|        4094|    0.002893|  2.6300e-03|   -7.570378|   -3.714476|   -0.187391|    0.001071|
|        4095|    0.002227|  2.6299e-03|   -7.571067|   -3.716579|   -0.187391|    0.001071|
|        4096|    0.002911|  2.6300e-03|   -7.571757|   -3.717196|   -0.187391|    0.001071|
|        4097|    0.002568|  2.6299e-03|   -7.572452|   -3.717341|   -0.187391|    0.001071|
|        4098|    0.001957|  2.6298e-03|   -7.573152|   -3.717753|   -0.187391|    0.001071|
|        4099|    0.002019|  2.6296e-03|   -7.573854|   -3.718647|   -0.187391|    0.001071|
|        4100|    0.003658|  2.6299e-03|   -7.574556|   -3.719850|   -0.187391|    0.001071|
|        4101|    0.003323|  2.6301e-03|   -7.575256|   -3.721065|   -0.187391|    0.001071|
|        4102|    0.002830|  2.6301e-03|   -7.575955|   -3.722088|   -0.187391|    0.001071|
|        4103|    0.002077|  2.6300e-03|   -7.576654|   -3.722867|   -0.187391|    0.001071|
|        4104|    0.001909|  2.6298e-03|   -7.577353|   -3.723469|   -0.187391|    0.001071|
|        4105|    0.002001|  2.6296e-03|   -7.578052|   -3.723995|   -0.187391|    0.001071|
|        4106|    0.002946|  2.6297e-03|   -7.578752|   -3.724520|   -0.187391|    0.001071|
|        4107|    0.002454|  2.6297e-03|   -7.579453|   -3.725073|   -0.187391|    0.001071|
|        4108|    0.002929|  2.6297e-03|   -7.580154|   -3.725645|   -0.187391|    0.001071|
|        4109|    0.001879|  2.6296e-03|   -7.580854|   -3.726215|   -0.187391|    0.001071|
|        4110|    0.002975|  2.6296e-03|   -7.581555|   -3.726770|   -0.187391|    0.001071|
|        4111|    0.002242|  2.6296e-03|   -7.582256|   -3.727308|   -0.187391|    0.001071|
|        4112|    0.001846|  2.6294e-03|   -7.582957|   -3.727840|   -0.187391|    0.001071|
|        4113|    0.002099|  2.6292e-03|   -7.583658|   -3.728379|   -0.187391|    0.001071|
|        4114|    0.002608|  2.6292e-03|   -7.584359|   -3.728933|   -0.187391|    0.001071|
|        4115|    0.001999|  2.6291e-03|   -7.585061|   -3.729507|   -0.187391|    0.001071|
|        4116|    0.002409|  2.6290e-03|   -7.585763|   -3.730101|   -0.187391|    0.001071|
|        4117|    0.001964|  2.6289e-03|   -7.586465|   -3.730712|   -0.187391|    0.001071|
|        4118|    0.003045|  2.6290e-03|   -7.587167|   -3.731338|   -0.187391|    0.001071|
|        4119|    0.003094|  2.6291e-03|   -7.587869|   -3.731978|   -0.187391|    0.001071|
|        4120|    0.003045|  2.6292e-03|   -7.588572|   -3.732632|   -0.187391|    0.001071|
|        4121|    0.003310|  2.6293e-03|   -7.589275|   -3.733298|   -0.187391|    0.001071|
|        4122|    0.003481|  2.6295e-03|   -7.589977|   -3.733977|   -0.187391|    0.001071|
|        4123|    0.001968|  2.6294e-03|   -7.590680|   -3.734667|   -0.187391|    0.001071|
|        4124|    0.002073|  2.6293e-03|   -7.591384|   -3.735366|   -0.187391|    0.001071|
|        4125|    0.003058|  2.6294e-03|   -7.592087|   -3.736072|   -0.187391|    0.001071|
|        4126|    0.001936|  2.6292e-03|   -7.592791|   -3.736784|   -0.187391|    0.001071|
|        4127|    0.002152|  2.6291e-03|   -7.593494|   -3.737499|   -0.187391|    0.001071|
|        4128|    0.003160|  2.6292e-03|   -7.594198|   -3.738217|   -0.187391|    0.001071|
|        4129|    0.002277|  2.6291e-03|   -7.594902|   -3.738935|   -0.187391|    0.001071|
|        4130|    0.002446|  2.6291e-03|   -7.595606|   -3.739653|   -0.187391|    0.001071|
|        4131|    0.003723|  2.6293e-03|   -7.596311|   -3.740371|   -0.187391|    0.001071|
|        4132|    0.002856|  2.6294e-03|   -7.597015|   -3.741086|   -0.187391|    0.001071|
|        4133|    0.001954|  2.6292e-03|   -7.597720|   -3.741799|   -0.187391|    0.001071|
|        4134|    0.003068|  2.6293e-03|   -7.598425|   -3.742509|   -0.187391|    0.001071|
|        4135|    0.002339|  2.6293e-03|   -7.599130|   -3.743215|   -0.187391|    0.001071|
|        4136|    0.002136|  2.6291e-03|   -7.599835|   -3.743918|   -0.187391|    0.001071|
|        4137|    0.002657|  2.6292e-03|   -7.600540|   -3.744617|   -0.187391|    0.001071|
|        4138|    0.002945|  2.6292e-03|   -7.601246|   -3.745313|   -0.187391|    0.001071|
|        4139|    0.001973|  2.6291e-03|   -7.601952|   -3.746006|   -0.187391|    0.001071|
|        4140|    0.001860|  2.6289e-03|   -7.602658|   -3.746696|   -0.187391|    0.001071|
|        4141|    0.001916|  2.6287e-03|   -7.603364|   -3.747383|   -0.187391|    0.001071|
|        4142|    0.001810|  2.6285e-03|   -7.604070|   -3.748068|   -0.187391|    0.001071|
|        4143|    0.003870|  2.6288e-03|   -7.604776|   -3.748750|   -0.187391|    0.001071|
|        4144|    0.003692|  2.6291e-03|   -7.605482|   -3.749431|   -0.187391|    0.001071|
|        4145|    0.002920|  2.6291e-03|   -7.606189|   -3.750111|   -0.187391|    0.001071|
|        4146|    0.003163|  2.6293e-03|   -7.606896|   -3.750790|   -0.187391|    0.001071|
|        4147|    0.003243|  2.6294e-03|   -7.607603|   -3.751468|   -0.187391|    0.001071|
|        4148|    0.003279|  2.6296e-03|   -7.608310|   -3.752146|   -0.187391|    0.001071|
|        4149|    0.003803|  2.6299e-03|   -7.609017|   -3.752824|   -0.187391|    0.001071|
|        4150|    0.003486|  2.6301e-03|   -7.609725|   -3.753502|   -0.187391|    0.001071|
|        4151|    0.001952|  2.6299e-03|   -7.610432|   -3.754181|   -0.187391|    0.001071|
|        4152|    0.002703|  2.6299e-03|   -7.611140|   -3.754860|   -0.187391|    0.001071|
|        4153|    0.002846|  2.6300e-03|   -7.611848|   -3.755540|   -0.187391|    0.001071|
|        4154|    0.002265|  2.6299e-03|   -7.612556|   -3.756220|   -0.187391|    0.001071|
|        4155|    0.002211|  2.6298e-03|   -7.613264|   -3.756900|   -0.187391|    0.001071|
|        4156|    0.001898|  2.6296e-03|   -7.613062|   -3.557819|   -0.187392|    0.001071|
|        4157|    0.002013|  2.6295e-03|   -7.614933|   -3.721305|   -0.187392|    0.001071|
|        4158|    0.003539|  2.6297e-03|   -7.615325|   -3.540657|   -0.187392|    0.001071|
|        4159|    0.002383|  2.6296e-03|   -7.617278|   -3.727028|   -0.187392|    0.001071|
|        4160|    0.003046|  2.6297e-03|   -7.617563|   -3.550689|   -0.187392|    0.001071|
|        4161|    0.003043|  2.6298e-03|   -7.619437|   -3.725458|   -0.187392|    0.001071|
|        4162|    0.003411|  2.6300e-03|   -7.619703|   -3.541965|   -0.187392|    0.001071|
|        4163|    0.002323|  2.6299e-03|   -7.621612|   -3.717653|   -0.187392|    0.001071|
|        4164|    0.002586|  2.6299e-03|   -7.621889|   -3.538726|   -0.187392|    0.001071|
|        4165|    0.002822|  2.6300e-03|   -7.623806|   -3.715740|   -0.187392|    0.001071|
|        4166|    0.002054|  2.6298e-03|   -7.624072|   -3.538678|   -0.187392|    0.001071|
|        4167|    0.002223|  2.6297e-03|   -7.625988|   -3.715150|   -0.187392|    0.001071|
|        4168|    0.003084|  2.6298e-03|   -7.626249|   -3.538507|   -0.187392|    0.001071|
|        4169|    0.002459|  2.6298e-03|   -7.628171|   -3.715280|   -0.187392|    0.001071|
|        4170|    0.002101|  2.6297e-03|   -7.628430|   -3.539513|   -0.187392|    0.001071|
|        4171|    0.001938|  2.6295e-03|   -7.630356|   -3.716786|   -0.187392|    0.001071|
|        4172|    0.002597|  2.6295e-03|   -7.630611|   -3.541512|   -0.187392|    0.001071|
|        4173|    0.002443|  2.6295e-03|   -7.632539|   -3.719140|   -0.187392|    0.001071|
|        4174|    0.002955|  2.6295e-03|   -7.633764|   -3.722699|   -0.187392|    0.001071|
|        4175|    0.002917|  2.6296e-03|   -7.634544|   -3.748159|   -0.187392|    0.001071|
|        4176|    0.002973|  2.6297e-03|   -7.635153|   -3.762896|   -0.187392|    0.001071|
|        4177|    0.003733|  2.6299e-03|   -7.635757|   -3.761949|   -0.187392|    0.001071|
|        4178|    0.002496|  2.6299e-03|   -7.635475|   -3.559429|   -0.187392|    0.001071|
|        4179|    0.002540|  2.6299e-03|   -7.637401|   -3.723798|   -0.187392|    0.001071|
|        4180|    0.003632|  2.6301e-03|   -7.637787|   -3.549804|   -0.187392|    0.001071|
|        4181|    0.003191|  2.6303e-03|   -7.639777|   -3.740587|   -0.187392|    0.001071|
|        4182|    0.003204|  2.6304e-03|   -7.641006|   -3.748222|   -0.187392|    0.001071|
|        4183|    0.002284|  2.6303e-03|   -7.641758|   -3.773838|   -0.187392|    0.001071|
|        4184|    0.002571|  2.6303e-03|   -7.642342|   -3.785176|   -0.187392|    0.001071|
|        4185|    0.003013|  2.6304e-03|   -7.641982|   -3.578162|   -0.187392|    0.001071|
|        4186|    0.002532|  2.6304e-03|   -7.643861|   -3.734723|   -0.187392|    0.001071|
|        4187|    0.001845|  2.6302e-03|   -7.645189|   -3.736776|   -0.187392|    0.001071|
|        4188|    0.002685|  2.6302e-03|   -7.646066|   -3.768805|   -0.187392|    0.001071|
|        4189|    0.001990|  2.6300e-03|   -7.646709|   -3.790836|   -0.187392|    0.001071|
|        4190|    0.001870|  2.6299e-03|   -7.647294|   -3.791955|   -0.187392|    0.001071|
|        4191|    0.002690|  2.6299e-03|   -7.647923|   -3.783241|   -0.187392|    0.001071|
|        4192|    0.002858|  2.6299e-03|   -7.648618|   -3.776316|   -0.187392|    0.001071|
|        4193|    0.003271|  2.6301e-03|   -7.649352|   -3.775442|   -0.187392|    0.001071|
|        4194|    0.003055|  2.6302e-03|   -7.650091|   -3.779285|   -0.187392|    0.001071|
|        4195|    0.001947|  2.6300e-03|   -7.650814|   -3.784563|   -0.187392|    0.001071|
|        4196|    0.001907|  2.6299e-03|   -7.651519|   -3.788685|   -0.187392|    0.001071|
|        4197|    0.001833|  2.6297e-03|   -7.652217|   -3.790791|   -0.187392|    0.001071|
|        4198|    0.002687|  2.6297e-03|   -7.652916|   -3.791421|   -0.187392|    0.001071|
|        4199|    0.002814|  2.6297e-03|   -7.653621|   -3.791587|   -0.187392|    0.001071|
|        4200|    0.003050|  2.6298e-03|   -7.654330|   -3.792021|   -0.187392|    0.001071|
|        4201|    0.003020|  2.6299e-03|   -7.655041|   -3.792933|   -0.187392|    0.001071|
|        4202|    0.003017|  2.6300e-03|   -7.655752|   -3.794145|   -0.187392|    0.001071|
|        4203|    0.003305|  2.6302e-03|   -7.656462|   -3.795367|   -0.187392|    0.001071|
|        4204|    0.003176|  2.6303e-03|   -7.657170|   -3.796393|   -0.187392|    0.001071|
|        4205|    0.001939|  2.6301e-03|   -7.657878|   -3.797177|   -0.187392|    0.001071|
|        4206|    0.002817|  2.6302e-03|   -7.658586|   -3.797785|   -0.187392|    0.001071|
|        4207|    0.001929|  2.6300e-03|   -7.659295|   -3.798318|   -0.187392|    0.001071|
|        4208|    0.002597|  2.6300e-03|   -7.660004|   -3.798851|   -0.187392|    0.001071|
|        4209|    0.001877|  2.6298e-03|   -7.660714|   -3.799411|   -0.187392|    0.001071|
|        4210|    0.002655|  2.6298e-03|   -7.661424|   -3.799989|   -0.187392|    0.001071|
|        4211|    0.002937|  2.6299e-03|   -7.662134|   -3.800566|   -0.187392|    0.001071|
|        4212|    0.002387|  2.6298e-03|   -7.662844|   -3.801127|   -0.187392|    0.001071|
|        4213|    0.002617|  2.6298e-03|   -7.663554|   -3.801673|   -0.187392|    0.001071|
|        4214|    0.001979|  2.6297e-03|   -7.664264|   -3.802214|   -0.187392|    0.001071|
|        4215|    0.002418|  2.6296e-03|   -7.664975|   -3.802762|   -0.187392|    0.001071|
|        4216|    0.002489|  2.6296e-03|   -7.665685|   -3.803326|   -0.187392|    0.001071|
|        4217|    0.001909|  2.6294e-03|   -7.666396|   -3.803910|   -0.187392|    0.001071|
|        4218|    0.002549|  2.6294e-03|   -7.667107|   -3.804515|   -0.187392|    0.001071|
|        4219|    0.001958|  2.6293e-03|   -7.667819|   -3.805137|   -0.187392|    0.001071|
|        4220|    0.002096|  2.6291e-03|   -7.668530|   -3.805775|   -0.187392|    0.001071|
|        4221|    0.001970|  2.6290e-03|   -7.669242|   -3.806427|   -0.187392|    0.001071|
|        4222|    0.002007|  2.6288e-03|   -7.669953|   -3.807092|   -0.187392|    0.001071|
|        4223|    0.003200|  2.6290e-03|   -7.670665|   -3.807772|   -0.187392|    0.001071|
|        4224|    0.002187|  2.6289e-03|   -7.671377|   -3.808463|   -0.187392|    0.001071|
|        4225|    0.002430|  2.6288e-03|   -7.672090|   -3.809166|   -0.187392|    0.001071|
|        4226|    0.002691|  2.6288e-03|   -7.672802|   -3.809878|   -0.187392|    0.001071|
|        4227|    0.003516|  2.6290e-03|   -7.673515|   -3.810597|   -0.187392|    0.001071|
|        4228|    0.002025|  2.6289e-03|   -7.674228|   -3.811321|   -0.187392|    0.001071|
|        4229|    0.002076|  2.6288e-03|   -7.674941|   -3.812049|   -0.187392|    0.001071|
|        4230|    0.002838|  2.6288e-03|   -7.675654|   -3.812779|   -0.187392|    0.001071|
|        4231|    0.003059|  2.6289e-03|   -7.676367|   -3.813510|   -0.187392|    0.001071|
|        4232|    0.003132|  2.6290e-03|   -7.677081|   -3.814241|   -0.187392|    0.001071|
|        4233|    0.003274|  2.6292e-03|   -7.677795|   -3.814971|   -0.187392|    0.001071|
|        4234|    0.002892|  2.6292e-03|   -7.678509|   -3.815698|   -0.187392|    0.001071|
|        4235|    0.003217|  2.6294e-03|   -7.679223|   -3.816423|   -0.187392|    0.001071|
|        4236|    0.003485|  2.6296e-03|   -7.679937|   -3.817145|   -0.187392|    0.001071|
|        4237|    0.002720|  2.6296e-03|   -7.680651|   -3.817863|   -0.187392|    0.001071|
|        4238|    0.001970|  2.6294e-03|   -7.681366|   -3.818578|   -0.187392|    0.001071|
|        4239|    0.002066|  2.6293e-03|   -7.682080|   -3.819289|   -0.187392|    0.001071|
|        4240|    0.001893|  2.6291e-03|   -7.682795|   -3.819996|   -0.187392|    0.001071|
|        4241|    0.002082|  2.6290e-03|   -7.683510|   -3.820700|   -0.187392|    0.001071|
|        4242|    0.002088|  2.6289e-03|   -7.684225|   -3.821401|   -0.187392|    0.001071|
|        4243|    0.003028|  2.6290e-03|   -7.684941|   -3.822100|   -0.187392|    0.001071|
|        4244|    0.003725|  2.6292e-03|   -7.685656|   -3.822795|   -0.187392|    0.001071|
|        4245|    0.003307|  2.6294e-03|   -7.686372|   -3.823489|   -0.187392|    0.001071|
|        4246|    0.001898|  2.6292e-03|   -7.687088|   -3.824182|   -0.187392|    0.001071|
|        4247|    0.002357|  2.6292e-03|   -7.687804|   -3.824873|   -0.187392|    0.001071|
|        4248|    0.002870|  2.6292e-03|   -7.688520|   -3.825563|   -0.187392|    0.001071|
|        4249|    0.002677|  2.6292e-03|   -7.689236|   -3.826252|   -0.187392|    0.001071|
|        4250|    0.002469|  2.6292e-03|   -7.689953|   -3.826942|   -0.187392|    0.001071|
+-----------------------------------------------------------------------+
|        File Writing Summary       |              Filename             |
+-----------------------------------------------------------------------+
|SU2 binary restart                 |restart_flow.dat                   |
|Paraview                           |flow.vtu                           |
|Paraview surface                   |surface_flow.vtu                   |
+-----------------------------------------------------------------------+
+------------------------------------------------------------------------------------------+
|  Inner_Iter|   Time(sec)|   Time(sec)|    rms[Rho]|   rms[RhoE]|          CL|          CD|
+------------------------------------------------------------------------------------------+
|        4251|    0.011845|  2.6314e-03|   -7.690669|   -3.827631|   -0.187392|    0.001071|
|        4252|    0.002312|  2.6313e-03|   -7.691386|   -3.828320|   -0.187392|    0.001071|
|        4253|    0.002824|  2.6313e-03|   -7.692103|   -3.829010|   -0.187392|    0.001071|
|        4254|    0.002179|  2.6312e-03|   -7.692820|   -3.829701|   -0.187392|    0.001071|
|        4255|    0.003108|  2.6313e-03|   -7.693537|   -3.830392|   -0.187392|    0.001071|
|        4256|    0.003003|  2.6314e-03|   -7.694255|   -3.831083|   -0.187392|    0.001071|
|        4257|    0.002216|  2.6313e-03|   -7.694972|   -3.831775|   -0.187392|    0.001071|
|        4258|    0.002944|  2.6314e-03|   -7.694740|   -3.631946|   -0.187392|    0.001071|
|        4259|    0.003012|  2.6315e-03|   -7.696659|   -3.796199|   -0.187392|    0.001071|
|        4260|    0.003057|  2.6316e-03|   -7.697034|   -3.614810|   -0.187392|    0.001071|
|        4261|    0.003400|  2.6318e-03|   -7.699036|   -3.801866|   -0.187392|    0.001071|
|        4262|    0.002039|  2.6316e-03|   -7.699303|   -3.624691|   -0.187392|    0.001071|
|        4263|    0.002345|  2.6316e-03|   -7.701225|   -3.800148|   -0.187392|    0.001071|
|        4264|    0.003004|  2.6316e-03|   -7.701472|   -3.615944|   -0.187392|    0.001071|
|        4265|    0.002958|  2.6317e-03|   -7.703430|   -3.792297|   -0.187392|    0.001071|
|        4266|    0.003070|  2.6318e-03|   -7.703688|   -3.612706|   -0.187392|    0.001071|
|        4267|    0.002765|  2.6319e-03|   -7.705653|   -3.790366|   -0.187392|    0.001071|
|        4268|    0.001906|  2.6317e-03|   -7.705901|   -3.612655|   -0.187392|    0.001071|
|        4269|    0.002019|  2.6315e-03|   -7.707866|   -3.789780|   -0.187392|    0.001071|
|        4270|    0.003194|  2.6317e-03|   -7.708108|   -3.612515|   -0.187392|    0.001071|
|        4271|    0.002642|  2.6317e-03|   -7.710079|   -3.789946|   -0.187392|    0.001071|
|        4272|    0.002758|  2.6317e-03|   -7.710318|   -3.613567|   -0.187392|    0.001071|
|        4273|    0.003223|  2.6318e-03|   -7.712293|   -3.791503|   -0.187392|    0.001071|
|        4274|    0.002275|  2.6318e-03|   -7.712530|   -3.615617|   -0.187392|    0.001071|
|        4275|    0.003374|  2.6319e-03|   -7.714506|   -3.793916|   -0.187392|    0.001071|
|        4276|    0.002834|  2.6320e-03|   -7.715753|   -3.797470|   -0.187392|    0.001071|
|        4277|    0.003070|  2.6321e-03|   -7.716544|   -3.822962|   -0.187392|    0.001071|
|        4278|    0.002932|  2.6322e-03|   -7.717161|   -3.837705|   -0.187392|    0.001071|
|        4279|    0.001951|  2.6320e-03|   -7.717772|   -3.836806|   -0.187392|    0.001071|
|        4280|    0.001876|  2.6318e-03|   -7.717459|   -3.633807|   -0.187392|    0.001071|
|        4281|    0.001902|  2.6317e-03|   -7.719433|   -3.798976|   -0.187392|    0.001071|
|        4282|    0.001923|  2.6315e-03|   -7.719802|   -3.624353|   -0.187392|    0.001071|
|        4283|    0.002702|  2.6315e-03|   -7.721841|   -3.815828|   -0.187392|    0.001071|
|        4284|    0.003186|  2.6316e-03|   -7.723091|   -3.823407|   -0.187392|    0.001071|
|        4285|    0.003496|  2.6318e-03|   -7.723854|   -3.849007|   -0.187392|    0.001071|
|        4286|    0.002980|  2.6319e-03|   -7.724445|   -3.860302|   -0.187392|    0.001071|
|        4287|    0.003002|  2.6320e-03|   -7.724052|   -3.652621|   -0.187392|    0.001071|
|        4288|    0.003297|  2.6322e-03|   -7.725979|   -3.809998|   -0.187392|    0.001071|
|        4289|    0.003414|  2.6323e-03|   -7.727330|   -3.812093|   -0.187392|    0.001071|
|        4290|    0.002305|  2.6323e-03|   -7.728219|   -3.844168|   -0.187392|    0.001071|
|        4291|    0.003846|  2.6325e-03|   -7.728870|   -3.866140|   -0.187392|    0.001071|
|        4292|    0.002933|  2.6326e-03|   -7.729463|   -3.867185|   -0.187392|    0.001071|
|        4293|    0.002043|  2.6325e-03|   -7.730100|   -3.858477|   -0.187392|    0.001071|
|        4294|    0.001909|  2.6323e-03|   -7.730804|   -3.851627|   -0.187392|    0.001071|
|        4295|    0.002139|  2.6322e-03|   -7.731548|   -3.850837|   -0.187392|    0.001071|
|        4296|    0.002285|  2.6321e-03|   -7.732295|   -3.854736|   -0.187392|    0.001071|
|        4297|    0.002595|  2.6321e-03|   -7.733027|   -3.860036|   -0.187392|    0.001071|
|        4298|    0.002239|  2.6320e-03|   -7.733742|   -3.864159|   -0.187392|    0.001071|
|        4299|    0.002259|  2.6319e-03|   -7.734449|   -3.866268|   -0.187392|    0.001071|
|        4300|    0.001941|  2.6318e-03|   -7.735158|   -3.866911|   -0.187392|    0.001071|
|        4301|    0.003197|  2.6319e-03|   -7.735871|   -3.867098|   -0.187392|    0.001071|
|        4302|    0.002835|  2.6319e-03|   -7.736590|   -3.867554|   -0.187392|    0.001071|
|        4303|    0.002337|  2.6319e-03|   -7.737310|   -3.868482|   -0.187392|    0.001071|
|        4304|    0.002870|  2.6319e-03|   -7.738030|   -3.869705|   -0.187392|    0.001071|
|        4305|    0.002774|  2.6320e-03|   -7.738749|   -3.870931|   -0.187392|    0.001071|
|        4306|    0.003222|  2.6321e-03|   -7.739466|   -3.871961|   -0.187392|    0.001071|
|        4307|    0.003447|  2.6323e-03|   -7.740183|   -3.872750|   -0.187392|    0.001071|
|        4308|    0.002407|  2.6322e-03|   -7.740900|   -3.873364|   -0.187392|    0.001071|
|        4309|    0.002533|  2.6322e-03|   -7.741619|   -3.873905|   -0.187392|    0.001071|
|        4310|    0.003282|  2.6324e-03|   -7.742337|   -3.874445|   -0.187392|    0.001071|
|        4311|    0.002343|  2.6323e-03|   -7.743056|   -3.875012|   -0.187392|    0.001071|
|        4312|    0.002874|  2.6324e-03|   -7.743775|   -3.875596|   -0.187392|    0.001071|
|        4313|    0.001890|  2.6322e-03|   -7.744494|   -3.876179|   -0.187392|    0.001071|
|        4314|    0.002878|  2.6322e-03|   -7.745213|   -3.876747|   -0.187392|    0.001071|
|        4315|    0.003086|  2.6323e-03|   -7.745933|   -3.877301|   -0.187392|    0.001071|
|        4316|    0.002981|  2.6324e-03|   -7.746652|   -3.877850|   -0.187392|    0.001071|
|        4317|    0.002827|  2.6325e-03|   -7.747372|   -3.878407|   -0.187392|    0.001071|
|        4318|    0.002702|  2.6325e-03|   -7.748092|   -3.878981|   -0.187392|    0.001071|
|        4319|    0.001960|  2.6323e-03|   -7.748812|   -3.879576|   -0.187392|    0.001071|
|        4320|    0.001900|  2.6322e-03|   -7.749532|   -3.880192|   -0.187392|    0.001071|
|        4321|    0.001964|  2.6320e-03|   -7.750253|   -3.880825|   -0.187392|    0.001071|
|        4322|    0.003164|  2.6321e-03|   -7.750973|   -3.881474|   -0.187392|    0.001071|
|        4323|    0.002893|  2.6322e-03|   -7.751694|   -3.882138|   -0.187392|    0.001071|
|        4324|    0.002611|  2.6322e-03|   -7.752415|   -3.882816|   -0.187392|    0.001071|
|        4325|    0.002246|  2.6321e-03|   -7.753136|   -3.883507|   -0.187392|    0.001071|
|        4326|    0.003279|  2.6322e-03|   -7.753858|   -3.884211|   -0.187392|    0.001071|
|        4327|    0.002984|  2.6323e-03|   -7.754579|   -3.884926|   -0.187392|    0.001071|
|        4328|    0.002279|  2.6322e-03|   -7.755301|   -3.885651|   -0.187392|    0.001071|
|        4329|    0.001924|  2.6321e-03|   -7.756023|   -3.886383|   -0.187392|    0.001071|
|        4330|    0.001884|  2.6319e-03|   -7.756745|   -3.887120|   -0.187392|    0.001071|
|        4331|    0.001947|  2.6318e-03|   -7.757467|   -3.887860|   -0.187392|    0.001071|
|        4332|    0.001839|  2.6316e-03|   -7.758190|   -3.888603|   -0.187392|    0.001071|
|        4333|    0.003030|  2.6317e-03|   -7.758913|   -3.889346|   -0.187392|    0.001071|
|        4334|    0.003034|  2.6318e-03|   -7.759635|   -3.890089|   -0.187392|    0.001071|
|        4335|    0.002803|  2.6318e-03|   -7.760358|   -3.890831|   -0.187392|    0.001071|
|        4336|    0.002783|  2.6318e-03|   -7.761081|   -3.891570|   -0.187392|    0.001071|
|        4337|    0.001938|  2.6317e-03|   -7.761805|   -3.892307|   -0.187392|    0.001071|
|        4338|    0.001949|  2.6315e-03|   -7.762528|   -3.893040|   -0.187392|    0.001071|
|        4339|    0.002229|  2.6314e-03|   -7.763252|   -3.893770|   -0.187392|    0.001071|
|        4340|    0.002564|  2.6314e-03|   -7.763976|   -3.894496|   -0.187392|    0.001071|
|        4341|    0.003019|  2.6315e-03|   -7.764700|   -3.895219|   -0.187392|    0.001071|
|        4342|    0.003161|  2.6316e-03|   -7.765424|   -3.895938|   -0.187392|    0.001071|
|        4343|    0.002647|  2.6316e-03|   -7.766148|   -3.896653|   -0.187392|    0.001071|
|        4344|    0.002742|  2.6316e-03|   -7.766873|   -3.897365|   -0.187392|    0.001071|
|        4345|    0.003241|  2.6318e-03|   -7.767597|   -3.898075|   -0.187392|    0.001071|
|        4346|    0.003395|  2.6320e-03|   -7.768322|   -3.898781|   -0.187392|    0.001071|
|        4347|    0.003602|  2.6322e-03|   -7.769047|   -3.899486|   -0.187392|    0.001071|
|        4348|    0.003254|  2.6323e-03|   -7.769772|   -3.900190|   -0.187392|    0.001071|
|        4349|    0.003059|  2.6324e-03|   -7.770497|   -3.900892|   -0.187392|    0.001071|
|        4350|    0.003176|  2.6325e-03|   -7.771223|   -3.901593|   -0.187392|    0.001071|
|        4351|    0.003151|  2.6327e-03|   -7.771948|   -3.902294|   -0.187392|    0.001071|
|        4352|    0.001946|  2.6325e-03|   -7.772674|   -3.902994|   -0.187392|    0.001071|
|        4353|    0.002304|  2.6324e-03|   -7.773400|   -3.903694|   -0.187392|    0.001071|
|        4354|    0.002799|  2.6325e-03|   -7.774126|   -3.904395|   -0.187392|    0.001071|
|        4355|    0.002678|  2.6325e-03|   -7.774852|   -3.905096|   -0.187392|    0.001071|
|        4356|    0.002145|  2.6324e-03|   -7.775579|   -3.905798|   -0.187392|    0.001071|
|        4357|    0.002013|  2.6322e-03|   -7.776305|   -3.906500|   -0.187392|    0.001071|
|        4358|    0.002821|  2.6323e-03|   -7.777032|   -3.907203|   -0.187392|    0.001071|
|        4359|    0.003572|  2.6325e-03|   -7.777759|   -3.907906|   -0.187392|    0.001071|
|        4360|    0.003183|  2.6326e-03|   -7.777498|   -3.707385|   -0.187392|    0.001071|
|        4361|    0.002625|  2.6326e-03|   -7.779463|   -3.872361|   -0.187392|    0.001071|
|        4362|    0.002605|  2.6326e-03|   -7.779823|   -3.690285|   -0.187392|    0.001071|
|        4363|    0.002000|  2.6325e-03|   -7.781872|   -3.877973|   -0.187392|    0.001071|
|        4364|    0.002024|  2.6323e-03|   -7.782122|   -3.700019|   -0.187392|    0.001071|
|        4365|    0.003487|  2.6325e-03|   -7.784091|   -3.876113|   -0.187392|    0.001071|
|        4366|    0.002658|  2.6325e-03|   -7.784320|   -3.691253|   -0.187392|    0.001071|
|        4367|    0.002410|  2.6325e-03|   -7.786325|   -3.868222|   -0.187392|    0.001071|
|        4368|    0.002131|  2.6324e-03|   -7.786566|   -3.688016|   -0.187392|    0.001071|
|        4369|    0.001887|  2.6322e-03|   -7.788579|   -3.866273|   -0.187392|    0.001071|
|        4370|    0.003386|  2.6324e-03|   -7.788808|   -3.687964|   -0.187392|    0.001071|
|        4371|    0.002554|  2.6323e-03|   -7.790821|   -3.865693|   -0.187392|    0.001071|
|        4372|    0.001825|  2.6322e-03|   -7.791044|   -3.687856|   -0.187392|    0.001071|
|        4373|    0.001889|  2.6320e-03|   -7.793064|   -3.865895|   -0.187392|    0.001071|
|        4374|    0.001827|  2.6318e-03|   -7.793285|   -3.688953|   -0.187392|    0.001071|
|        4375|    0.001857|  2.6316e-03|   -7.795308|   -3.867502|   -0.187392|    0.001071|
|        4376|    0.003342|  2.6318e-03|   -7.795526|   -3.691053|   -0.187392|    0.001071|
|        4377|    0.003488|  2.6320e-03|   -7.797550|   -3.869975|   -0.187392|    0.001071|
|        4378|    0.002858|  2.6320e-03|   -7.798818|   -3.873530|   -0.187392|    0.001071|
|        4379|    0.002832|  2.6321e-03|   -7.799620|   -3.899041|   -0.187392|    0.001071|
|        4380|    0.002962|  2.6322e-03|   -7.800245|   -3.913786|   -0.187392|    0.001071|
|        4381|    0.003545|  2.6324e-03|   -7.800864|   -3.912935|   -0.187392|    0.001071|
|        4382|    0.003132|  2.6325e-03|   -7.800519|   -3.709503|   -0.187392|    0.001071|
|        4383|    0.001999|  2.6323e-03|   -7.802541|   -3.875427|   -0.187392|    0.001071|
|        4384|    0.001951|  2.6322e-03|   -7.802893|   -3.700220|   -0.187392|    0.001071|
|        4385|    0.001932|  2.6320e-03|   -7.804981|   -3.892334|   -0.187392|    0.001071|
|        4386|    0.001939|  2.6319e-03|   -7.806252|   -3.899864|   -0.187392|    0.001071|
|        4387|    0.001901|  2.6317e-03|   -7.807026|   -3.925437|   -0.187392|    0.001071|
|        4388|    0.002247|  2.6316e-03|   -7.807625|   -3.936686|   -0.187392|    0.001071|
|        4389|    0.003335|  2.6318e-03|   -7.807200|   -3.728394|   -0.187393|    0.001071|
|        4390|    0.002883|  2.6318e-03|   -7.809173|   -3.886543|   -0.187393|    0.001071|
|        4391|    0.001890|  2.6317e-03|   -7.810546|   -3.888684|   -0.187393|    0.001071|
|        4392|    0.002431|  2.6316e-03|   -7.811448|   -3.920789|   -0.187393|    0.001071|
|        4393|    0.003312|  2.6318e-03|   -7.812107|   -3.942696|   -0.187393|    0.001071|
|        4394|    0.003110|  2.6319e-03|   -7.812707|   -3.943670|   -0.187393|    0.001071|
|        4395|    0.002921|  2.6319e-03|   -7.813352|   -3.934972|   -0.187393|    0.001071|
|        4396|    0.002221|  2.6318e-03|   -7.814065|   -3.928198|   -0.187393|    0.001071|
|        4397|    0.003277|  2.6320e-03|   -7.814818|   -3.927490|   -0.187393|    0.001071|
|        4398|    0.003045|  2.6321e-03|   -7.815576|   -3.931441|   -0.187393|    0.001071|
|        4399|    0.002031|  2.6319e-03|   -7.816317|   -3.936760|   -0.187393|    0.001071|
|        4400|    0.002401|  2.6319e-03|   -7.817041|   -3.940885|   -0.187393|    0.001071|
|        4401|    0.002215|  2.6318e-03|   -7.817757|   -3.942995|   -0.187393|    0.001071|
|        4402|    0.002081|  2.6317e-03|   -7.818474|   -3.943651|   -0.187393|    0.001071|
|        4403|    0.003287|  2.6318e-03|   -7.819197|   -3.943859|   -0.187393|    0.001071|
|        4404|    0.002108|  2.6317e-03|   -7.819924|   -3.944336|   -0.187393|    0.001071|
|        4405|    0.003201|  2.6318e-03|   -7.820654|   -3.945281|   -0.187393|    0.001071|
|        4406|    0.003063|  2.6319e-03|   -7.821383|   -3.946513|   -0.187393|    0.001071|
|        4407|    0.003189|  2.6321e-03|   -7.822111|   -3.947744|   -0.187393|    0.001071|
|        4408|    0.003098|  2.6322e-03|   -7.822837|   -3.948778|   -0.187393|    0.001071|
|        4409|    0.002563|  2.6321e-03|   -7.823563|   -3.949572|   -0.187393|    0.001071|
|        4410|    0.001991|  2.6320e-03|   -7.824290|   -3.950192|   -0.187393|    0.001071|
|        4411|    0.003939|  2.6323e-03|   -7.825017|   -3.950740|   -0.187393|    0.001071|
|        4412|    0.002949|  2.6324e-03|   -7.825745|   -3.951287|   -0.187393|    0.001071|
|        4413|    0.001906|  2.6322e-03|   -7.826473|   -3.951861|   -0.187393|    0.001071|
|        4414|    0.002089|  2.6321e-03|   -7.827201|   -3.952451|   -0.187393|    0.001071|
|        4415|    0.002100|  2.6320e-03|   -7.827929|   -3.953040|   -0.187393|    0.001071|
|        4416|    0.002018|  2.6318e-03|   -7.828658|   -3.953616|   -0.187393|    0.001071|
|        4417|    0.001900|  2.6317e-03|   -7.829386|   -3.954177|   -0.187393|    0.001071|
|        4418|    0.003419|  2.6318e-03|   -7.830115|   -3.954735|   -0.187393|    0.001071|
|        4419|    0.002689|  2.6319e-03|   -7.830844|   -3.955302|   -0.187393|    0.001071|
|        4420|    0.001901|  2.6317e-03|   -7.831573|   -3.955885|   -0.187393|    0.001071|
|        4421|    0.003614|  2.6319e-03|   -7.832302|   -3.956490|   -0.187393|    0.001071|
|        4422|    0.003432|  2.6321e-03|   -7.833031|   -3.957116|   -0.187393|    0.001071|
|        4423|    0.002723|  2.6321e-03|   -7.833761|   -3.957760|   -0.187393|    0.001071|
|        4424|    0.002680|  2.6321e-03|   -7.834491|   -3.958421|   -0.187393|    0.001071|
|        4425|    0.002624|  2.6321e-03|   -7.835221|   -3.959096|   -0.187393|    0.001071|
|        4426|    0.001859|  2.6319e-03|   -7.835951|   -3.959786|   -0.187393|    0.001071|
|        4427|    0.002943|  2.6320e-03|   -7.836682|   -3.960490|   -0.187393|    0.001071|
|        4428|    0.003485|  2.6322e-03|   -7.837412|   -3.961206|   -0.187393|    0.001071|
|        4429|    0.003161|  2.6323e-03|   -7.838143|   -3.961933|   -0.187393|    0.001071|
|        4430|    0.003260|  2.6325e-03|   -7.838874|   -3.962670|   -0.187393|    0.001071|
|        4431|    0.002573|  2.6325e-03|   -7.839605|   -3.963415|   -0.187393|    0.001071|
|        4432|    0.002465|  2.6324e-03|   -7.840336|   -3.964164|   -0.187393|    0.001071|
|        4433|    0.003236|  2.6326e-03|   -7.841068|   -3.964917|   -0.187393|    0.001071|
|        4434|    0.002303|  2.6325e-03|   -7.841800|   -3.965672|   -0.187393|    0.001071|
|        4435|    0.003279|  2.6326e-03|   -7.842531|   -3.966427|   -0.187393|    0.001071|
|        4436|    0.003050|  2.6327e-03|   -7.843264|   -3.967182|   -0.187393|    0.001071|
|        4437|    0.002837|  2.6328e-03|   -7.843996|   -3.967936|   -0.187393|    0.001071|
|        4438|    0.003602|  2.6330e-03|   -7.844728|   -3.968687|   -0.187393|    0.001071|
|        4439|    0.003443|  2.6332e-03|   -7.845461|   -3.969436|   -0.187393|    0.001071|
|        4440|    0.003467|  2.6334e-03|   -7.846193|   -3.970181|   -0.187393|    0.001071|
|        4441|    0.003119|  2.6335e-03|   -7.846926|   -3.970922|   -0.187393|    0.001071|
|        4442|    0.002746|  2.6335e-03|   -7.847659|   -3.971659|   -0.187393|    0.001071|
|        4443|    0.001948|  2.6333e-03|   -7.848392|   -3.972393|   -0.187393|    0.001071|
|        4444|    0.003620|  2.6336e-03|   -7.849126|   -3.973123|   -0.187393|    0.001071|
|        4445|    0.002571|  2.6335e-03|   -7.849859|   -3.973849|   -0.187393|    0.001071|
|        4446|    0.002243|  2.6335e-03|   -7.850593|   -3.974573|   -0.187393|    0.001071|
|        4447|    0.003319|  2.6336e-03|   -7.851327|   -3.975293|   -0.187393|    0.001071|
|        4448|    0.002939|  2.6337e-03|   -7.852061|   -3.976011|   -0.187393|    0.001071|
|        4449|    0.002185|  2.6336e-03|   -7.852795|   -3.976727|   -0.187393|    0.001071|
|        4450|    0.002925|  2.6336e-03|   -7.853530|   -3.977441|   -0.187393|    0.001071|
|        4451|    0.002351|  2.6336e-03|   -7.854264|   -3.978154|   -0.187393|    0.001071|
|        4452|    0.002434|  2.6335e-03|   -7.854999|   -3.978866|   -0.187393|    0.001071|
|        4453|    0.001851|  2.6334e-03|   -7.855734|   -3.979577|   -0.187393|    0.001071|
|        4454|    0.001867|  2.6332e-03|   -7.856469|   -3.980289|   -0.187393|    0.001071|
|        4455|    0.003257|  2.6333e-03|   -7.857204|   -3.981000|   -0.187393|    0.001071|
|        4456|    0.002904|  2.6334e-03|   -7.857939|   -3.981712|   -0.187393|    0.001071|
|        4457|    0.002036|  2.6333e-03|   -7.858675|   -3.982424|   -0.187393|    0.001071|
|        4458|    0.002267|  2.6332e-03|   -7.859410|   -3.983137|   -0.187393|    0.001071|
|        4459|    0.002257|  2.6331e-03|   -7.860146|   -3.983850|   -0.187393|    0.001071|
|        4460|    0.002234|  2.6330e-03|   -7.860882|   -3.984564|   -0.187393|    0.001071|
|        4461|    0.002254|  2.6329e-03|   -7.861618|   -3.985279|   -0.187393|    0.001071|
|        4462|    0.003072|  2.6330e-03|   -7.861329|   -3.784117|   -0.187393|    0.001071|
|        4463|    0.003042|  2.6331e-03|   -7.863339|   -3.949774|   -0.187393|    0.001071|
|        4464|    0.003131|  2.6332e-03|   -7.863684|   -3.767060|   -0.187393|    0.001071|
|        4465|    0.003395|  2.6334e-03|   -7.865781|   -3.955331|   -0.187393|    0.001071|
|        4466|    0.002976|  2.6335e-03|   -7.866014|   -3.776650|   -0.187393|    0.001071|
|        4467|    0.003171|  2.6336e-03|   -7.868029|   -3.953336|   -0.187393|    0.001071|
|        4468|    0.003008|  2.6337e-03|   -7.868241|   -3.767868|   -0.187393|    0.001071|
|        4469|    0.003107|  2.6338e-03|   -7.870293|   -3.945409|   -0.187393|    0.001071|
|        4470|    0.002152|  2.6337e-03|   -7.870516|   -3.764633|   -0.187393|    0.001071|
|        4471|    0.002280|  2.6336e-03|   -7.872576|   -3.943446|   -0.187393|    0.001071|
|        4472|    0.003613|  2.6338e-03|   -7.872787|   -3.764582|   -0.187393|    0.001071|
|        4473|    0.002070|  2.6337e-03|   -7.874848|   -3.942872|   -0.187393|    0.001071|
|        4474|    0.002288|  2.6336e-03|   -7.875053|   -3.764506|   -0.187393|    0.001071|
|        4475|    0.003328|  2.6338e-03|   -7.877120|   -3.943111|   -0.187393|    0.001071|
|        4476|    0.002305|  2.6337e-03|   -7.877323|   -3.765647|   -0.187393|    0.001071|
|        4477|    0.002150|  2.6336e-03|   -7.879394|   -3.944768|   -0.187393|    0.001071|
|        4478|    0.003200|  2.6337e-03|   -7.879594|   -3.767797|   -0.187393|    0.001071|
|        4479|    0.001968|  2.6335e-03|   -7.881666|   -3.947298|   -0.187393|    0.001071|
|        4480|    0.002621|  2.6335e-03|   -7.882954|   -3.950860|   -0.187393|    0.001071|
|        4481|    0.002303|  2.6335e-03|   -7.883767|   -3.976380|   -0.187393|    0.001071|
|        4482|    0.003121|  2.6336e-03|   -7.884400|   -3.991122|   -0.187393|    0.001071|
|        4483|    0.002427|  2.6335e-03|   -7.885027|   -3.990319|   -0.187393|    0.001071|
|        4484|    0.003849|  2.6338e-03|   -7.884652|   -3.786494|   -0.187393|    0.001071|
|        4485|    0.003390|  2.6340e-03|   -7.886720|   -3.953132|   -0.187393|    0.001071|
|        4486|    0.002025|  2.6338e-03|   -7.887057|   -3.777383|   -0.187393|    0.001071|
|        4487|    0.002457|  2.6338e-03|   -7.889192|   -3.970089|   -0.187393|    0.001071|
|        4488|    0.002299|  2.6337e-03|   -7.890484|   -3.977576|   -0.187393|    0.001071|
|        4489|    0.002268|  2.6336e-03|   -7.891268|   -4.003112|   -0.187393|    0.001071|
|        4490|    0.003435|  2.6338e-03|   -7.891875|   -4.014314|   -0.187393|    0.001071|
|        4491|    0.003332|  2.6340e-03|   -7.891420|   -3.805459|   -0.187393|    0.001071|
|        4492|    0.003113|  2.6341e-03|   -7.893438|   -3.964341|   -0.187393|    0.001071|
|        4493|    0.002989|  2.6342e-03|   -7.894833|   -3.966531|   -0.187393|    0.001071|
|        4494|    0.003258|  2.6343e-03|   -7.895747|   -3.998653|   -0.187393|    0.001071|
|        4495|    0.001926|  2.6341e-03|   -7.896414|   -4.020487|   -0.187393|    0.001071|
|        4496|    0.002558|  2.6341e-03|   -7.897022|   -4.021395|   -0.187393|    0.001071|
|        4497|    0.003291|  2.6343e-03|   -7.897675|   -4.012711|   -0.187393|    0.001071|
|        4498|    0.003017|  2.6344e-03|   -7.897337|   -3.803096|   -0.187393|    0.001071|
|        4499|    0.002326|  2.6343e-03|   -7.899418|   -3.972188|   -0.187393|    0.001071|
|        4500|    0.002573|  2.6343e-03|   -7.900817|   -3.978819|   -0.187393|    0.001071|
+-----------------------------------------------------------------------+
|        File Writing Summary       |              Filename             |
+-----------------------------------------------------------------------+
|SU2 binary restart                 |restart_flow.dat                   |
|Paraview                           |flow.vtu                           |
|Paraview surface                   |surface_flow.vtu                   |
+-----------------------------------------------------------------------+
+------------------------------------------------------------------------------------------+
|  Inner_Iter|   Time(sec)|   Time(sec)|    rms[Rho]|   rms[RhoE]|          CL|          CD|
+------------------------------------------------------------------------------------------+
|        4501|    0.012348|  2.6364e-03|   -7.901706|   -4.011216|   -0.187393|    0.001071|
|        4502|    0.002262|  2.6364e-03|   -7.902351|   -4.030451|   -0.187393|    0.001071|
|        4503|    0.002760|  2.6364e-03|   -7.902951|   -4.028005|   -0.187393|    0.001071|
|        4504|    0.002481|  2.6363e-03|   -7.903608|   -4.017191|   -0.187393|    0.001071|
|        4505|    0.002912|  2.6364e-03|   -7.904339|   -4.009944|   -0.187393|    0.001071|
|        4506|    0.002096|  2.6363e-03|   -7.905108|   -4.009694|   -0.187393|    0.001071|
|        4507|    0.002678|  2.6363e-03|   -7.905876|   -4.014241|   -0.187393|    0.001071|
|        4508|    0.003156|  2.6364e-03|   -7.906626|   -4.019843|   -0.187393|    0.001071|
|        4509|    0.002477|  2.6364e-03|   -7.907357|   -4.023882|   -0.187393|    0.001071|
|        4510|    0.002272|  2.6363e-03|   -7.908081|   -4.025723|   -0.187393|    0.001071|
|        4511|    0.002326|  2.6362e-03|   -7.908808|   -4.026149|   -0.187393|    0.001071|
|        4512|    0.001978|  2.6361e-03|   -7.909540|   -4.026287|   -0.187393|    0.001071|
|        4513|    0.002308|  2.6360e-03|   -7.910279|   -4.026852|   -0.187393|    0.001071|
|        4514|    0.003071|  2.6361e-03|   -7.911018|   -4.027974|   -0.187393|    0.001071|
|        4515|    0.002308|  2.6360e-03|   -7.911757|   -4.029397|   -0.187393|    0.001071|
|        4516|    0.002616|  2.6360e-03|   -7.912495|   -4.030790|   -0.187393|    0.001071|
|        4517|    0.002547|  2.6360e-03|   -7.913231|   -4.031948|   -0.187393|    0.001071|
|        4518|    0.003203|  2.6361e-03|   -7.913967|   -4.032841|   -0.187393|    0.001071|
|        4519|    0.003083|  2.6362e-03|   -7.914703|   -4.033553|   -0.187393|    0.001071|
|        4520|    0.003085|  2.6363e-03|   -7.915440|   -4.034192|   -0.187393|    0.001071|
|        4521|    0.002359|  2.6363e-03|   -7.916178|   -4.034831|   -0.187393|    0.001071|
|        4522|    0.003289|  2.6364e-03|   -7.916916|   -4.035488|   -0.187393|    0.001071|
|        4523|    0.003220|  2.6365e-03|   -7.917654|   -4.036149|   -0.187393|    0.001071|
|        4524|    0.002962|  2.6366e-03|   -7.918392|   -4.036792|   -0.187393|    0.001071|
|        4525|    0.003059|  2.6367e-03|   -7.919130|   -4.037404|   -0.187393|    0.001071|
|        4526|    0.003374|  2.6369e-03|   -7.919868|   -4.037989|   -0.187393|    0.001071|
|        4527|    0.003752|  2.6371e-03|   -7.920607|   -4.038559|   -0.187393|    0.001071|
|        4528|    0.002101|  2.6370e-03|   -7.921345|   -4.039132|   -0.187393|    0.001071|
|        4529|    0.002089|  2.6369e-03|   -7.922084|   -4.039716|   -0.187393|    0.001071|
|        4530|    0.003137|  2.6370e-03|   -7.922823|   -4.040318|   -0.187393|    0.001071|
|        4531|    0.003090|  2.6371e-03|   -7.923563|   -4.040938|   -0.187393|    0.001071|
|        4532|    0.003398|  2.6373e-03|   -7.924302|   -4.041574|   -0.187393|    0.001071|
|        4533|    0.002948|  2.6373e-03|   -7.925042|   -4.042225|   -0.187393|    0.001071|
|        4534|    0.001917|  2.6372e-03|   -7.925782|   -4.042893|   -0.187393|    0.001071|
|        4535|    0.003526|  2.6374e-03|   -7.926522|   -4.043576|   -0.187393|    0.001071|
|        4536|    0.003026|  2.6374e-03|   -7.927262|   -4.044276|   -0.187393|    0.001071|
|        4537|    0.002386|  2.6374e-03|   -7.928003|   -4.044991|   -0.187393|    0.001071|
|        4538|    0.002350|  2.6373e-03|   -7.928743|   -4.045721|   -0.187393|    0.001071|
|        4539|    0.002700|  2.6373e-03|   -7.929484|   -4.046463|   -0.187393|    0.001071|
|        4540|    0.002841|  2.6374e-03|   -7.930225|   -4.047215|   -0.187393|    0.001071|
|        4541|    0.001956|  2.6372e-03|   -7.930967|   -4.047975|   -0.187393|    0.001071|
|        4542|    0.002089|  2.6371e-03|   -7.931708|   -4.048741|   -0.187393|    0.001071|
|        4543|    0.001835|  2.6369e-03|   -7.932450|   -4.049510|   -0.187393|    0.001071|
|        4544|    0.002217|  2.6368e-03|   -7.933191|   -4.050282|   -0.187393|    0.001071|
|        4545|    0.002255|  2.6368e-03|   -7.933933|   -4.051055|   -0.187393|    0.001071|
|        4546|    0.003383|  2.6369e-03|   -7.934675|   -4.051827|   -0.187393|    0.001071|
|        4547|    0.003116|  2.6370e-03|   -7.935418|   -4.052596|   -0.187393|    0.001071|
|        4548|    0.002704|  2.6370e-03|   -7.936160|   -4.053363|   -0.187393|    0.001071|
|        4549|    0.002645|  2.6370e-03|   -7.936903|   -4.054126|   -0.187393|    0.001071|
|        4550|    0.003245|  2.6372e-03|   -7.937646|   -4.054884|   -0.187393|    0.001071|
|        4551|    0.003678|  2.6374e-03|   -7.938389|   -4.055637|   -0.187393|    0.001071|
|        4552|    0.003065|  2.6375e-03|   -7.939132|   -4.056386|   -0.187393|    0.001071|
|        4553|    0.002228|  2.6374e-03|   -7.939875|   -4.057130|   -0.187393|    0.001071|
|        4554|    0.002793|  2.6374e-03|   -7.940619|   -4.057869|   -0.187393|    0.001071|
|        4555|    0.003134|  2.6376e-03|   -7.941362|   -4.058604|   -0.187393|    0.001071|
|        4556|    0.003310|  2.6377e-03|   -7.942106|   -4.059335|   -0.187393|    0.001071|
|        4557|    0.002967|  2.6378e-03|   -7.942850|   -4.060063|   -0.187393|    0.001071|
|        4558|    0.002526|  2.6378e-03|   -7.943594|   -4.060788|   -0.187393|    0.001071|
|        4559|    0.002843|  2.6378e-03|   -7.944338|   -4.061511|   -0.187393|    0.001071|
|        4560|    0.002842|  2.6378e-03|   -7.945083|   -4.062232|   -0.187393|    0.001071|
|        4561|    0.002716|  2.6379e-03|   -7.945828|   -4.062953|   -0.187393|    0.001071|
|        4562|    0.002445|  2.6378e-03|   -7.946572|   -4.063673|   -0.187393|    0.001071|
|        4563|    0.002783|  2.6378e-03|   -7.947317|   -4.064393|   -0.187393|    0.001071|
|        4564|    0.002353|  2.6378e-03|   -7.948063|   -4.065113|   -0.187393|    0.001071|
|        4565|    0.001852|  2.6376e-03|   -7.948808|   -4.065834|   -0.187393|    0.001071|
|        4566|    0.002717|  2.6376e-03|   -7.948489|   -3.864046|   -0.187393|    0.001071|
|        4567|    0.002002|  2.6375e-03|   -7.950546|   -4.030374|   -0.187393|    0.001071|
|        4568|    0.001883|  2.6373e-03|   -7.950874|   -3.847036|   -0.187393|    0.001071|
|        4569|    0.002088|  2.6372e-03|   -7.953019|   -4.035867|   -0.187393|    0.001071|
|        4570|    0.003326|  2.6374e-03|   -7.953235|   -3.856478|   -0.187393|    0.001071|
|        4571|    0.003183|  2.6375e-03|   -7.955297|   -4.033735|   -0.187393|    0.001071|
|        4572|    0.002656|  2.6375e-03|   -7.955491|   -3.847685|   -0.187393|    0.001071|
|        4573|    0.003124|  2.6376e-03|   -7.957590|   -4.025778|   -0.187393|    0.001071|
|        4574|    0.002450|  2.6375e-03|   -7.957794|   -3.844459|   -0.187393|    0.001071|
|        4575|    0.003082|  2.6376e-03|   -7.959903|   -4.023806|   -0.187393|    0.001071|
|        4576|    0.003229|  2.6378e-03|   -7.960095|   -3.844415|   -0.187393|    0.001071|
|        4577|    0.002916|  2.6378e-03|   -7.962204|   -4.023247|   -0.187393|    0.001071|
|        4578|    0.001931|  2.6377e-03|   -7.962391|   -3.844378|   -0.187393|    0.001071|
|        4579|    0.002917|  2.6377e-03|   -7.964505|   -4.023530|   -0.187393|    0.001071|
|        4580|    0.003124|  2.6378e-03|   -7.964690|   -3.845571|   -0.187393|    0.001071|
|        4581|    0.003083|  2.6379e-03|   -7.966808|   -4.025244|   -0.187393|    0.001071|
|        4582|    0.004390|  2.6383e-03|   -7.968118|   -4.028866|   -0.187393|    0.001071|
|        4583|    0.003479|  2.6385e-03|   -7.968942|   -4.054149|   -0.187393|    0.001071|
|        4584|    0.002805|  2.6385e-03|   -7.969583|   -4.068639|   -0.187393|    0.001071|
|        4585|    0.002665|  2.6386e-03|   -7.970217|   -4.067728|   -0.187393|    0.001071|
|        4586|    0.002447|  2.6385e-03|   -7.969815|   -3.863732|   -0.187393|    0.001071|
|        4587|    0.001936|  2.6384e-03|   -7.971929|   -4.030850|   -0.187393|    0.001071|
|        4588|    0.002352|  2.6383e-03|   -7.972251|   -3.855039|   -0.187393|    0.001071|
|        4589|    0.002955|  2.6384e-03|   -7.974434|   -4.048129|   -0.187393|    0.001071|
|        4590|    0.002643|  2.6384e-03|   -7.975747|   -4.055705|   -0.187393|    0.001071|
|        4591|    0.002641|  2.6384e-03|   -7.976542|   -4.081292|   -0.187393|    0.001071|
|        4592|    0.002949|  2.6384e-03|   -7.977157|   -4.092584|   -0.187393|    0.001071|
|        4593|    0.001941|  2.6383e-03|   -7.976673|   -3.883677|   -0.187393|    0.001071|
|        4594|    0.001927|  2.6381e-03|   -7.978736|   -4.043253|   -0.187393|    0.001071|
|        4595|    0.001945|  2.6380e-03|   -7.980154|   -4.045555|   -0.187393|    0.001071|
|        4596|    0.001819|  2.6378e-03|   -7.981079|   -4.077788|   -0.187393|    0.001071|
|        4597|    0.002237|  2.6377e-03|   -7.981755|   -4.099673|   -0.187393|    0.001071|
|        4598|    0.002793|  2.6377e-03|   -7.982371|   -4.100638|   -0.187393|    0.001071|
|        4599|    0.002486|  2.6377e-03|   -7.983033|   -4.092061|   -0.187393|    0.001071|
|        4600|    0.001898|  2.6376e-03|   -7.982668|   -3.882071|   -0.187393|    0.001071|
|        4601|    0.002594|  2.6375e-03|   -7.984794|   -4.051840|   -0.187393|    0.001071|
|        4602|    0.002638|  2.6375e-03|   -7.986214|   -4.058461|   -0.187393|    0.001071|
|        4603|    0.001828|  2.6374e-03|   -7.987115|   -4.090845|   -0.187393|    0.001071|
|        4604|    0.002661|  2.6374e-03|   -7.987769|   -4.109990|   -0.187393|    0.001071|
|        4605|    0.003032|  2.6375e-03|   -7.988377|   -4.107467|   -0.187393|    0.001071|
|        4606|    0.001884|  2.6373e-03|   -7.989043|   -4.096649|   -0.187393|    0.001071|
|        4607|    0.002279|  2.6372e-03|   -7.989782|   -4.089442|   -0.187393|    0.001071|
|        4608|    0.002977|  2.6373e-03|   -7.990561|   -4.089221|   -0.187393|    0.001071|
|        4609|    0.003068|  2.6374e-03|   -7.991339|   -4.093762|   -0.187393|    0.001071|
|        4610|    0.003751|  2.6376e-03|   -7.992098|   -4.099327|   -0.187393|    0.001071|
|        4611|    0.003442|  2.6378e-03|   -7.992838|   -4.103321|   -0.187393|    0.001071|
|        4612|    0.003264|  2.6379e-03|   -7.993572|   -4.105127|   -0.187393|    0.001071|
|        4613|    0.003314|  2.6381e-03|   -7.994308|   -4.105536|   -0.187393|    0.001071|
|        4614|    0.003092|  2.6382e-03|   -7.995050|   -4.105667|   -0.187393|    0.001071|
|        4615|    0.002876|  2.6382e-03|   -7.995797|   -4.106231|   -0.187393|    0.001071|
|        4616|    0.002125|  2.6381e-03|   -7.996547|   -4.107349|   -0.187393|    0.001071|
|        4617|    0.002616|  2.6381e-03|   -7.997295|   -4.108766|   -0.187393|    0.001071|
|        4618|    0.002734|  2.6381e-03|   -7.998042|   -4.110155|   -0.187393|    0.001071|
|        4619|    0.003256|  2.6383e-03|   -7.998787|   -4.111314|   -0.187393|    0.001071|
|        4620|    0.002117|  2.6382e-03|   -7.999533|   -4.112213|   -0.187393|    0.001071|
|        4621|    0.002838|  2.6382e-03|   -8.000278|   -4.112936|   -0.187393|    0.001071|
|        4622|    0.001882|  2.6380e-03|   -8.001025|   -4.113591|   -0.187393|    0.001071|
|        4623|    0.001844|  2.6379e-03|   -8.001772|   -4.114246|   -0.187393|    0.001071|
|        4624|    0.001836|  2.6377e-03|   -8.002519|   -4.114920|   -0.187393|    0.001071|
|        4625|    0.002386|  2.6376e-03|   -8.003266|   -4.115599|   -0.187393|    0.001071|
|        4626|    0.002778|  2.6377e-03|   -8.004014|   -4.116259|   -0.187393|    0.001071|
|        4627|    0.002026|  2.6375e-03|   -8.004761|   -4.116889|   -0.187393|    0.001071|
|        4628|    0.002316|  2.6375e-03|   -8.005509|   -4.117492|   -0.187393|    0.001071|
|        4629|    0.003231|  2.6376e-03|   -8.006257|   -4.118081|   -0.187393|    0.001071|
|        4630|    0.002678|  2.6376e-03|   -8.007005|   -4.118670|   -0.187393|    0.001071|
|        4631|    0.002812|  2.6376e-03|   -8.007753|   -4.119271|   -0.187393|    0.001071|
|        4632|    0.001974|  2.6375e-03|   -8.008502|   -4.119887|   -0.187393|    0.001071|
|        4633|    0.002132|  2.6374e-03|   -8.009250|   -4.120520|   -0.187393|    0.001071|
|        4634|    0.002363|  2.6373e-03|   -8.009999|   -4.121168|   -0.187393|    0.001071|
|        4635|    0.001863|  2.6372e-03|   -8.010748|   -4.121830|   -0.187393|    0.001071|
|        4636|    0.002059|  2.6370e-03|   -8.011498|   -4.122508|   -0.187393|    0.001071|
|        4637|    0.002723|  2.6371e-03|   -8.012247|   -4.123200|   -0.187393|    0.001071|
|        4638|    0.003316|  2.6372e-03|   -8.012997|   -4.123907|   -0.187393|    0.001071|
|        4639|    0.002948|  2.6373e-03|   -8.013747|   -4.124630|   -0.187393|    0.001071|
|        4640|    0.003034|  2.6374e-03|   -8.014497|   -4.125367|   -0.187393|    0.001071|
|        4641|    0.002688|  2.6374e-03|   -8.015247|   -4.126116|   -0.187393|    0.001071|
|        4642|    0.003153|  2.6375e-03|   -8.015997|   -4.126874|   -0.187393|    0.001071|
|        4643|    0.002871|  2.6375e-03|   -8.016748|   -4.127641|   -0.187393|    0.001071|
|        4644|    0.003626|  2.6377e-03|   -8.017499|   -4.128414|   -0.187393|    0.001071|
|        4645|    0.003615|  2.6379e-03|   -8.018250|   -4.129190|   -0.187393|    0.001071|
|        4646|    0.001921|  2.6378e-03|   -8.019001|   -4.129970|   -0.187393|    0.001071|
|        4647|    0.002669|  2.6378e-03|   -8.019752|   -4.130750|   -0.187393|    0.001071|
|        4648|    0.002555|  2.6378e-03|   -8.020504|   -4.131530|   -0.187393|    0.001071|
|        4649|    0.002498|  2.6378e-03|   -8.021255|   -4.132309|   -0.187393|    0.001071|
|        4650|    0.003337|  2.6379e-03|   -8.022007|   -4.133084|   -0.187393|    0.001071|
|        4651|    0.002733|  2.6379e-03|   -8.022759|   -4.133857|   -0.187393|    0.001071|
|        4652|    0.002810|  2.6380e-03|   -8.023511|   -4.134625|   -0.187393|    0.001071|
|        4653|    0.002064|  2.6378e-03|   -8.024264|   -4.135389|   -0.187393|    0.001071|
|        4654|    0.002718|  2.6379e-03|   -8.025016|   -4.136148|   -0.187393|    0.001071|
|        4655|    0.002838|  2.6379e-03|   -8.025769|   -4.136903|   -0.187393|    0.001071|
|        4656|    0.002763|  2.6379e-03|   -8.026522|   -4.137653|   -0.187393|    0.001071|
|        4657|    0.002534|  2.6379e-03|   -8.027275|   -4.138399|   -0.187393|    0.001071|
|        4658|    0.002442|  2.6379e-03|   -8.028028|   -4.139141|   -0.187393|    0.001071|
|        4659|    0.003756|  2.6381e-03|   -8.028781|   -4.139880|   -0.187393|    0.001071|
|        4660|    0.002462|  2.6381e-03|   -8.029535|   -4.140616|   -0.187393|    0.001071|
|        4661|    0.001853|  2.6379e-03|   -8.030289|   -4.141351|   -0.187393|    0.001071|
|        4662|    0.002227|  2.6378e-03|   -8.031042|   -4.142083|   -0.187393|    0.001071|
|        4663|    0.002152|  2.6377e-03|   -8.031797|   -4.142814|   -0.187393|    0.001071|
|        4664|    0.003389|  2.6379e-03|   -8.032551|   -4.143545|   -0.187393|    0.001071|
|        4665|    0.003175|  2.6380e-03|   -8.033305|   -4.144275|   -0.187393|    0.001071|
|        4666|    0.003021|  2.6381e-03|   -8.034060|   -4.145005|   -0.187393|    0.001071|
|        4667|    0.002897|  2.6381e-03|   -8.034814|   -4.145736|   -0.187393|    0.001071|
|        4668|    0.003289|  2.6383e-03|   -8.034470|   -3.943391|   -0.187393|    0.001071|
|        4669|    0.003105|  2.6384e-03|   -8.036570|   -4.110328|   -0.187393|    0.001071|
|        4670|    0.003436|  2.6385e-03|   -8.036885|   -3.926435|   -0.187393|    0.001071|
|        4671|    0.003187|  2.6386e-03|   -8.039075|   -4.115765|   -0.187393|    0.001071|
|        4672|    0.001971|  2.6385e-03|   -8.039276|   -3.935737|   -0.187393|    0.001071|
|        4673|    0.002794|  2.6385e-03|   -8.041383|   -4.113506|   -0.187393|    0.001071|
|        4674|    0.002341|  2.6385e-03|   -8.041561|   -3.926931|   -0.187393|    0.001071|
|        4675|    0.002083|  2.6384e-03|   -8.043706|   -4.105517|   -0.187393|    0.001071|
|        4676|    0.001920|  2.6382e-03|   -8.043894|   -3.923707|   -0.187393|    0.001071|
|        4677|    0.002605|  2.6382e-03|   -8.046048|   -4.103531|   -0.187393|    0.001071|
|        4678|    0.002465|  2.6382e-03|   -8.046225|   -3.923663|   -0.187393|    0.001071|
|        4679|    0.003452|  2.6383e-03|   -8.048379|   -4.102979|   -0.187393|    0.001071|
|        4680|    0.002271|  2.6382e-03|   -8.048549|   -3.923656|   -0.187393|    0.001071|
|        4681|    0.001908|  2.6381e-03|   -8.050710|   -4.103297|   -0.187393|    0.001071|
|        4682|    0.001879|  2.6379e-03|   -8.050878|   -3.924891|   -0.187393|    0.001071|
|        4683|    0.002116|  2.6378e-03|   -8.053042|   -4.105059|   -0.187393|    0.001071|
|        4684|    0.002961|  2.6379e-03|   -8.054373|   -4.108696|   -0.187393|    0.001071|
|        4685|    0.002502|  2.6379e-03|   -8.055208|   -4.133967|   -0.187393|    0.001071|
|        4686|    0.001911|  2.6377e-03|   -8.055857|   -4.148444|   -0.187393|    0.001071|
|        4687|    0.001893|  2.6375e-03|   -8.056499|   -4.147583|   -0.187393|    0.001071|
|        4688|    0.002429|  2.6375e-03|   -8.056068|   -3.943271|   -0.187393|    0.001071|
|        4689|    0.002781|  2.6375e-03|   -8.058228|   -4.111029|   -0.187393|    0.001071|
|        4690|    0.002289|  2.6375e-03|   -8.058536|   -3.934757|   -0.187393|    0.001071|
|        4691|    0.001848|  2.6373e-03|   -8.060764|   -4.128356|   -0.187393|    0.001071|
|        4692|    0.002093|  2.6372e-03|   -8.062098|   -4.135904|   -0.187393|    0.001071|
|        4693|    0.001883|  2.6370e-03|   -8.062904|   -4.161440|   -0.187393|    0.001071|
|        4694|    0.003070|  2.6371e-03|   -8.063527|   -4.172684|   -0.187393|    0.001071|
|        4695|    0.003273|  2.6372e-03|   -8.063014|   -3.963302|   -0.187393|    0.001071|
|        4696|    0.003194|  2.6374e-03|   -8.065121|   -4.123543|   -0.187393|    0.001071|
|        4697|    0.003068|  2.6375e-03|   -8.066560|   -4.125904|   -0.187393|    0.001071|
|        4698|    0.003260|  2.6376e-03|   -8.067498|   -4.158131|   -0.187393|    0.001071|
|        4699|    0.003531|  2.6378e-03|   -8.068182|   -4.179936|   -0.187393|    0.001071|
|        4700|    0.003644|  2.6380e-03|   -8.068805|   -4.180839|   -0.187393|    0.001071|
|        4701|    0.003179|  2.6381e-03|   -8.068337|   -3.966636|   -0.187393|    0.001071|
|        4702|    0.002883|  2.6382e-03|   -8.070473|   -4.130631|   -0.187393|    0.001071|
|        4703|    0.002057|  2.6380e-03|   -8.071917|   -4.134608|   -0.187393|    0.001071|
|        4704|    0.002620|  2.6380e-03|   -8.072846|   -4.166573|   -0.187393|    0.001071|
|        4705|    0.001923|  2.6379e-03|   -8.073522|   -4.186923|   -0.187393|    0.001071|
|        4706|    0.002558|  2.6379e-03|   -8.074142|   -4.186090|   -0.187393|    0.001071|
|        4707|    0.003827|  2.6381e-03|   -8.074814|   -4.176374|   -0.187393|    0.001071|
|        4708|    0.003384|  2.6383e-03|   -8.075557|   -4.169446|   -0.187393|    0.001071|
|        4709|    0.003118|  2.6384e-03|   -8.076341|   -4.169004|   -0.187393|    0.001071|
|        4710|    0.002747|  2.6384e-03|   -8.077128|   -4.173228|   -0.187393|    0.001071|
|        4711|    0.001899|  2.6382e-03|   -8.077896|   -4.178637|   -0.187393|    0.001071|
|        4712|    0.002581|  2.6382e-03|   -8.078647|   -4.182696|   -0.187393|    0.001071|
|        4713|    0.002106|  2.6381e-03|   -8.079390|   -4.184705|   -0.187393|    0.001071|
|        4714|    0.002793|  2.6381e-03|   -8.080136|   -4.185330|   -0.187393|    0.001071|
|        4715|    0.003325|  2.6383e-03|   -8.080887|   -4.185610|   -0.187393|    0.001071|
|        4716|    0.002825|  2.6383e-03|   -8.081643|   -4.186236|   -0.187393|    0.001071|
|        4717|    0.001866|  2.6382e-03|   -8.082401|   -4.187357|   -0.187393|    0.001071|
|        4718|    0.002702|  2.6382e-03|   -8.083158|   -4.188756|   -0.187393|    0.001071|
|        4719|    0.002388|  2.6381e-03|   -8.083914|   -4.190133|   -0.187393|    0.001071|
|        4720|    0.002668|  2.6381e-03|   -8.084668|   -4.191295|   -0.187393|    0.001071|
|        4721|    0.002065|  2.6380e-03|   -8.085422|   -4.192205|   -0.187393|    0.001071|
|        4722|    0.001891|  2.6379e-03|   -8.086177|   -4.192938|   -0.187393|    0.001071|
|        4723|    0.002152|  2.6378e-03|   -8.086933|   -4.193593|   -0.187393|    0.001071|
|        4724|    0.002171|  2.6377e-03|   -8.087688|   -4.194238|   -0.187393|    0.001071|
|        4725|    0.003334|  2.6378e-03|   -8.088445|   -4.194896|   -0.187393|    0.001071|
|        4726|    0.003685|  2.6380e-03|   -8.089201|   -4.195557|   -0.187393|    0.001071|
|        4727|    0.003053|  2.6381e-03|   -8.089957|   -4.196201|   -0.187393|    0.001071|
|        4728|    0.003227|  2.6382e-03|   -8.090714|   -4.196818|   -0.187393|    0.001071|
|        4729|    0.003813|  2.6385e-03|   -8.091470|   -4.197411|   -0.187393|    0.001071|
|        4730|    0.003772|  2.6387e-03|   -8.092227|   -4.197993|   -0.187393|    0.001071|
|        4731|    0.002611|  2.6387e-03|   -8.092984|   -4.198577|   -0.187393|    0.001071|
|        4732|    0.002133|  2.6386e-03|   -8.093742|   -4.199175|   -0.187393|    0.001071|
|        4733|    0.001872|  2.6384e-03|   -8.094499|   -4.199789|   -0.187393|    0.001071|
|        4734|    0.002087|  2.6383e-03|   -8.095257|   -4.200423|   -0.187393|    0.001071|
|        4735|    0.002457|  2.6383e-03|   -8.096015|   -4.201075|   -0.187393|    0.001071|
|        4736|    0.003397|  2.6385e-03|   -8.096773|   -4.201744|   -0.187393|    0.001071|
|        4737|    0.002385|  2.6384e-03|   -8.097531|   -4.202429|   -0.187393|    0.001071|
|        4738|    0.002519|  2.6384e-03|   -8.098290|   -4.203132|   -0.187393|    0.001071|
|        4739|    0.002646|  2.6384e-03|   -8.099049|   -4.203852|   -0.187393|    0.001071|
|        4740|    0.003029|  2.6385e-03|   -8.099807|   -4.204588|   -0.187393|    0.001071|
|        4741|    0.002188|  2.6384e-03|   -8.100566|   -4.205338|   -0.187393|    0.001071|
|        4742|    0.002719|  2.6384e-03|   -8.101326|   -4.206102|   -0.187393|    0.001071|
|        4743|    0.003055|  2.6385e-03|   -8.102085|   -4.206876|   -0.187393|    0.001071|
|        4744|    0.003781|  2.6387e-03|   -8.102845|   -4.207659|   -0.187393|    0.001071|
|        4745|    0.003225|  2.6388e-03|   -8.103605|   -4.208447|   -0.187393|    0.001071|
|        4746|    0.003175|  2.6389e-03|   -8.104365|   -4.209240|   -0.187393|    0.001071|
|        4747|    0.002936|  2.6390e-03|   -8.105125|   -4.210034|   -0.187393|    0.001071|
|        4748|    0.002021|  2.6389e-03|   -8.105885|   -4.210830|   -0.187393|    0.001071|
|        4749|    0.003245|  2.6390e-03|   -8.106646|   -4.211625|   -0.187393|    0.001071|
|        4750|    0.003327|  2.6391e-03|   -8.107407|   -4.212417|   -0.187393|    0.001071|
+-----------------------------------------------------------------------+
|        File Writing Summary       |              Filename             |
+-----------------------------------------------------------------------+
|SU2 binary restart                 |restart_flow.dat                   |
|Paraview                           |flow.vtu                           |
|Paraview surface                   |surface_flow.vtu                   |
+-----------------------------------------------------------------------+
+------------------------------------------------------------------------------------------+
|  Inner_Iter|   Time(sec)|   Time(sec)|    rms[Rho]|   rms[RhoE]|          CL|          CD|
+------------------------------------------------------------------------------------------+
|        4751|    0.013647|  2.6415e-03|   -8.108167|   -4.213207|   -0.187393|    0.001071|
|        4752|    0.002622|  2.6415e-03|   -8.108929|   -4.213992|   -0.187393|    0.001071|
|        4753|    0.001959|  2.6413e-03|   -8.109690|   -4.214773|   -0.187393|    0.001071|
|        4754|    0.002605|  2.6413e-03|   -8.110451|   -4.215549|   -0.187393|    0.001071|
|        4755|    0.003064|  2.6414e-03|   -8.111213|   -4.216319|   -0.187393|    0.001071|
|        4756|    0.002962|  2.6415e-03|   -8.111975|   -4.217085|   -0.187393|    0.001071|
|        4757|    0.002508|  2.6414e-03|   -8.112737|   -4.217846|   -0.187393|    0.001071|
|        4758|    0.001878|  2.6413e-03|   -8.113499|   -4.218602|   -0.187393|    0.001071|
|        4759|    0.002185|  2.6412e-03|   -8.114261|   -4.219354|   -0.187393|    0.001071|
|        4760|    0.003569|  2.6414e-03|   -8.115023|   -4.220104|   -0.187393|    0.001071|
|        4761|    0.002214|  2.6413e-03|   -8.115786|   -4.220849|   -0.187393|    0.001071|
|        4762|    0.002156|  2.6412e-03|   -8.116549|   -4.221593|   -0.187393|    0.001071|
|        4763|    0.002659|  2.6412e-03|   -8.117312|   -4.222335|   -0.187393|    0.001071|
|        4764|    0.002006|  2.6411e-03|   -8.118075|   -4.223076|   -0.187393|    0.001071|
|        4765|    0.001864|  2.6409e-03|   -8.118838|   -4.223815|   -0.187393|    0.001071|
|        4766|    0.002368|  2.6408e-03|   -8.119601|   -4.224556|   -0.187393|    0.001071|
|        4767|    0.003225|  2.6410e-03|   -8.120365|   -4.225296|   -0.187393|    0.001071|
|        4768|    0.001917|  2.6408e-03|   -8.121129|   -4.226037|   -0.187393|    0.001071|
|        4769|    0.001961|  2.6407e-03|   -8.121893|   -4.226778|   -0.187393|    0.001071|
|        4770|    0.002588|  2.6407e-03|   -8.121523|   -4.023917|   -0.187393|    0.001071|
|        4771|    0.002477|  2.6406e-03|   -8.123666|   -4.191436|   -0.187393|    0.001071|
|        4772|    0.002071|  2.6405e-03|   -8.123968|   -4.007025|   -0.187393|    0.001071|
|        4773|    0.003239|  2.6406e-03|   -8.126203|   -4.196822|   -0.187393|    0.001071|
|        4774|    0.002510|  2.6406e-03|   -8.126389|   -4.016194|   -0.187393|    0.001071|
|        4775|    0.001915|  2.6404e-03|   -8.128540|   -4.194445|   -0.187393|    0.001071|
|        4776|    0.002470|  2.6404e-03|   -8.128703|   -4.007381|   -0.187393|    0.001071|
|        4777|    0.003121|  2.6405e-03|   -8.130892|   -4.186433|   -0.187393|    0.001071|
|        4778|    0.002987|  2.6406e-03|   -8.131065|   -4.004163|   -0.187393|    0.001071|
|        4779|    0.003634|  2.6408e-03|   -8.133264|   -4.184438|   -0.187393|    0.001071|
|        4780|    0.003153|  2.6409e-03|   -8.133425|   -4.004122|   -0.187394|    0.001071|
|        4781|    0.003091|  2.6410e-03|   -8.135624|   -4.183895|   -0.187393|    0.001071|
|        4782|    0.003251|  2.6411e-03|   -8.135779|   -4.004147|   -0.187394|    0.001071|
|        4783|    0.002817|  2.6412e-03|   -8.137985|   -4.184249|   -0.187394|    0.001071|
|        4784|    0.003376|  2.6413e-03|   -8.138137|   -4.005425|   -0.187394|    0.001071|
|        4785|    0.002462|  2.6413e-03|   -8.140347|   -4.186058|   -0.187394|    0.001071|
|        4786|    0.001866|  2.6411e-03|   -8.141697|   -4.189715|   -0.187394|    0.001071|
|        4787|    0.001933|  2.6410e-03|   -8.142543|   -4.214966|   -0.187394|    0.001071|
|        4788|    0.001887|  2.6408e-03|   -8.143200|   -4.229427|   -0.187394|    0.001071|
|        4789|    0.002527|  2.6408e-03|   -8.143851|   -4.228615|   -0.187394|    0.001071|
|        4790|    0.003463|  2.6410e-03|   -8.143392|   -4.024016|   -0.187394|    0.001071|
|        4791|    0.004263|  2.6413e-03|   -8.145596|   -4.192387|   -0.187394|    0.001071|
|        4792|    0.003621|  2.6415e-03|   -8.145890|   -4.015680|   -0.187394|    0.001071|
|        4793|    0.002337|  2.6414e-03|   -8.148164|   -4.209756|   -0.187394|    0.001071|
|        4794|    0.003418|  2.6416e-03|   -8.149518|   -4.217279|   -0.187394|    0.001071|
|        4795|    0.002582|  2.6416e-03|   -8.150334|   -4.242758|   -0.187394|    0.001071|
|        4796|    0.002189|  2.6415e-03|   -8.150965|   -4.253951|   -0.187394|    0.001071|
|        4797|    0.002860|  2.6415e-03|   -8.150425|   -4.044130|   -0.187394|    0.001071|
|        4798|    0.002059|  2.6414e-03|   -8.152575|   -4.205011|   -0.187394|    0.001071|
|        4799|    0.001914|  2.6413e-03|   -8.154035|   -4.207432|   -0.187394|    0.001071|
|        4800|    0.003229|  2.6414e-03|   -8.154985|   -4.239643|   -0.187394|    0.001071|
|        4801|    0.002221|  2.6413e-03|   -8.155677|   -4.261364|   -0.187394|    0.001071|
|        4802|    0.001968|  2.6412e-03|   -8.156308|   -4.262209|   -0.187394|    0.001071|
|        4803|    0.001842|  2.6410e-03|   -8.155813|   -4.047569|   -0.187394|    0.001071|
|        4804|    0.002395|  2.6409e-03|   -8.157992|   -4.212183|   -0.187394|    0.001071|
|        4805|    0.002285|  2.6409e-03|   -8.159458|   -4.216207|   -0.187394|    0.001071|
|        4806|    0.003172|  2.6410e-03|   -8.160399|   -4.248142|   -0.187394|    0.001071|
|        4807|    0.003485|  2.6411e-03|   -8.161082|   -4.268394|   -0.187394|    0.001071|
|        4808|    0.003399|  2.6413e-03|   -8.161710|   -4.267498|   -0.187394|    0.001071|
|        4809|    0.003206|  2.6414e-03|   -8.162390|   -4.257806|   -0.187394|    0.001071|
|        4810|    0.003271|  2.6416e-03|   -8.163143|   -4.250955|   -0.187394|    0.001071|
|        4811|    0.003430|  2.6417e-03|   -8.163936|   -4.250585|   -0.187394|    0.001071|
|        4812|    0.003061|  2.6418e-03|   -8.164732|   -4.254848|   -0.187394|    0.001071|
|        4813|    0.002116|  2.6417e-03|   -8.165510|   -4.260268|   -0.187394|    0.001071|
|        4814|    0.001881|  2.6415e-03|   -8.166270|   -4.264326|   -0.187394|    0.001071|
|        4815|    0.003169|  2.6416e-03|   -8.167022|   -4.266341|   -0.187394|    0.001071|
|        4816|    0.003351|  2.6418e-03|   -8.167776|   -4.266983|   -0.187394|    0.001071|
|        4817|    0.003363|  2.6419e-03|   -8.168536|   -4.267287|   -0.187394|    0.001071|
|        4818|    0.002764|  2.6420e-03|   -8.169302|   -4.267936|   -0.187394|    0.001071|
|        4819|    0.002012|  2.6418e-03|   -8.170069|   -4.269074|   -0.187394|    0.001071|
|        4820|    0.002596|  2.6418e-03|   -8.170835|   -4.270484|   -0.187394|    0.001071|
|        4821|    0.002975|  2.6419e-03|   -8.171600|   -4.271868|   -0.187394|    0.001071|
|        4822|    0.002945|  2.6420e-03|   -8.172364|   -4.273036|   -0.187394|    0.001071|
|        4823|    0.003068|  2.6420e-03|   -8.173127|   -4.273953|   -0.187394|    0.001071|
|        4824|    0.001965|  2.6419e-03|   -8.173891|   -4.274694|   -0.187394|    0.001071|
|        4825|    0.001933|  2.6418e-03|   -8.174655|   -4.275357|   -0.187394|    0.001071|
|        4826|    0.002231|  2.6417e-03|   -8.175420|   -4.276010|   -0.187394|    0.001071|
|        4827|    0.001873|  2.6415e-03|   -8.176186|   -4.276675|   -0.187394|    0.001071|
|        4828|    0.001874|  2.6414e-03|   -8.176951|   -4.277341|   -0.187394|    0.001071|
|        4829|    0.002914|  2.6414e-03|   -8.177717|   -4.277991|   -0.187394|    0.001071|
|        4830|    0.002294|  2.6413e-03|   -8.178482|   -4.278614|   -0.187394|    0.001071|
|        4831|    0.002334|  2.6413e-03|   -8.179248|   -4.279215|   -0.187394|    0.001071|
|        4832|    0.002644|  2.6413e-03|   -8.180014|   -4.279804|   -0.187394|    0.001071|
|        4833|    0.002094|  2.6412e-03|   -8.180780|   -4.280396|   -0.187394|    0.001071|
|        4834|    0.003217|  2.6413e-03|   -8.181547|   -4.281001|   -0.187394|    0.001071|
|        4835|    0.002896|  2.6413e-03|   -8.182313|   -4.281625|   -0.187394|    0.001071|
|        4836|    0.002746|  2.6414e-03|   -8.183080|   -4.282267|   -0.187394|    0.001071|
|        4837|    0.001961|  2.6412e-03|   -8.183847|   -4.282929|   -0.187394|    0.001071|
|        4838|    0.002047|  2.6411e-03|   -8.184615|   -4.283608|   -0.187394|    0.001071|
|        4839|    0.002159|  2.6410e-03|   -8.185382|   -4.284303|   -0.187394|    0.001071|
|        4840|    0.003074|  2.6411e-03|   -8.186150|   -4.285017|   -0.187394|    0.001071|
|        4841|    0.003098|  2.6412e-03|   -8.186918|   -4.285748|   -0.187394|    0.001071|
|        4842|    0.003098|  2.6413e-03|   -8.187686|   -4.286495|   -0.187394|    0.001071|
|        4843|    0.003270|  2.6414e-03|   -8.188454|   -4.287257|   -0.187394|    0.001071|
|        4844|    0.002711|  2.6414e-03|   -8.189222|   -4.288032|   -0.187394|    0.001071|
|        4845|    0.003186|  2.6415e-03|   -8.189991|   -4.288818|   -0.187394|    0.001071|
|        4846|    0.003439|  2.6417e-03|   -8.190760|   -4.289612|   -0.187394|    0.001071|
|        4847|    0.001905|  2.6415e-03|   -8.191529|   -4.290412|   -0.187394|    0.001071|
|        4848|    0.002091|  2.6414e-03|   -8.192298|   -4.291217|   -0.187394|    0.001071|
|        4849|    0.002157|  2.6413e-03|   -8.193068|   -4.292023|   -0.187394|    0.001071|
|        4850|    0.002673|  2.6413e-03|   -8.193837|   -4.292830|   -0.187394|    0.001071|
|        4851|    0.002691|  2.6413e-03|   -8.194607|   -4.293636|   -0.187394|    0.001071|
|        4852|    0.002888|  2.6414e-03|   -8.195377|   -4.294440|   -0.187394|    0.001071|
|        4853|    0.003032|  2.6415e-03|   -8.196147|   -4.295241|   -0.187394|    0.001071|
|        4854|    0.002041|  2.6414e-03|   -8.196917|   -4.296037|   -0.187394|    0.001071|
|        4855|    0.003322|  2.6415e-03|   -8.197688|   -4.296829|   -0.187394|    0.001071|
|        4856|    0.002863|  2.6415e-03|   -8.198458|   -4.297615|   -0.187394|    0.001071|
|        4857|    0.001958|  2.6414e-03|   -8.199229|   -4.298397|   -0.187394|    0.001071|
|        4858|    0.001924|  2.6413e-03|   -8.200000|   -4.299173|   -0.187394|    0.001071|
|        4859|    0.003072|  2.6413e-03|   -8.200771|   -4.299944|   -0.187394|    0.001071|
|        4860|    0.002291|  2.6413e-03|   -8.201543|   -4.300710|   -0.187394|    0.001071|
|        4861|    0.002583|  2.6413e-03|   -8.202314|   -4.301473|   -0.187394|    0.001071|
|        4862|    0.002017|  2.6411e-03|   -8.203086|   -4.302232|   -0.187394|    0.001071|
|        4863|    0.001838|  2.6410e-03|   -8.203858|   -4.302988|   -0.187394|    0.001071|
|        4864|    0.002252|  2.6409e-03|   -8.204630|   -4.303742|   -0.187394|    0.001071|
|        4865|    0.002913|  2.6409e-03|   -8.205402|   -4.304494|   -0.187394|    0.001071|
|        4866|    0.002770|  2.6410e-03|   -8.206174|   -4.305245|   -0.187394|    0.001071|
|        4867|    0.002975|  2.6410e-03|   -8.206947|   -4.305995|   -0.187394|    0.001071|
|        4868|    0.002271|  2.6410e-03|   -8.207719|   -4.306745|   -0.187394|    0.001071|
|        4869|    0.002023|  2.6408e-03|   -8.208492|   -4.307495|   -0.187394|    0.001071|
|        4870|    0.002389|  2.6408e-03|   -8.209265|   -4.308246|   -0.187394|    0.001071|
|        4871|    0.003128|  2.6409e-03|   -8.210038|   -4.308999|   -0.187394|    0.001071|
|        4872|    0.003214|  2.6410e-03|   -8.209643|   -4.105648|   -0.187394|    0.001071|
|        4873|    0.003269|  2.6411e-03|   -8.211830|   -4.273725|   -0.187394|    0.001071|
|        4874|    0.003020|  2.6412e-03|   -8.212118|   -4.088824|   -0.187394|    0.001071|
|        4875|    0.003228|  2.6413e-03|   -8.214397|   -4.279058|   -0.187394|    0.001071|
|        4876|    0.002703|  2.6413e-03|   -8.214569|   -4.097859|   -0.187394|    0.001071|
|        4877|    0.002043|  2.6412e-03|   -8.216764|   -4.276565|   -0.187394|    0.001071|
|        4878|    0.003118|  2.6413e-03|   -8.216912|   -4.089041|   -0.187394|    0.001071|
|        4879|    0.002985|  2.6414e-03|   -8.219145|   -4.268531|   -0.187394|    0.001071|
|        4880|    0.002249|  2.6413e-03|   -8.219303|   -4.085829|   -0.187394|    0.001071|
|        4881|    0.002563|  2.6413e-03|   -8.221547|   -4.266526|   -0.187394|    0.001071|
|        4882|    0.002495|  2.6413e-03|   -8.221692|   -4.085791|   -0.187394|    0.001071|
|        4883|    0.002455|  2.6412e-03|   -8.223936|   -4.265995|   -0.187394|    0.001071|
|        4884|    0.002849|  2.6413e-03|   -8.224075|   -4.085848|   -0.187394|    0.001071|
|        4885|    0.002849|  2.6413e-03|   -8.226326|   -4.266384|   -0.187394|    0.001071|
|        4886|    0.001864|  2.6411e-03|   -8.226463|   -4.087168|   -0.187394|    0.001071|
|        4887|    0.002353|  2.6411e-03|   -8.228717|   -4.268241|   -0.187394|    0.001071|
|        4888|    0.002682|  2.6411e-03|   -8.230088|   -4.271922|   -0.187394|    0.001071|
|        4889|    0.001886|  2.6409e-03|   -8.230945|   -4.297147|   -0.187394|    0.001071|
|        4890|    0.002260|  2.6409e-03|   -8.231610|   -4.311590|   -0.187394|    0.001071|
|        4891|    0.003031|  2.6409e-03|   -8.232268|   -4.310827|   -0.187394|    0.001070|
|        4892|    0.002922|  2.6410e-03|   -8.231783|   -4.105965|   -0.187394|    0.001070|
|        4893|    0.002551|  2.6410e-03|   -8.234031|   -4.274924|   -0.187394|    0.001070|
|        4894|    0.002771|  2.6410e-03|   -8.234311|   -4.097811|   -0.187394|    0.001070|
|        4895|    0.001940|  2.6409e-03|   -8.236630|   -4.292333|   -0.187394|    0.001070|
|        4896|    0.001989|  2.6407e-03|   -8.238004|   -4.299836|   -0.187394|    0.001070|
|        4897|    0.002640|  2.6407e-03|   -8.238831|   -4.325252|   -0.187394|    0.001070|
|        4898|    0.003003|  2.6408e-03|   -8.239470|   -4.336394|   -0.187394|    0.001070|
|        4899|    0.003484|  2.6410e-03|   -8.238902|   -4.126162|   -0.187394|    0.001070|
|        4900|    0.003065|  2.6411e-03|   -8.241096|   -4.287658|   -0.187394|    0.001070|
|        4901|    0.003152|  2.6412e-03|   -8.241373|   -4.103101|   -0.187394|    0.001070|
|        4902|    0.003844|  2.6414e-03|   -8.243715|   -4.298635|   -0.187394|    0.001070|
|        4903|    0.003884|  2.6417e-03|   -8.245102|   -4.307192|   -0.187394|    0.001070|
|        4904|    0.003215|  2.6418e-03|   -8.245931|   -4.332825|   -0.187394|    0.001070|
|        4905|    0.002133|  2.6417e-03|   -8.245307|   -4.142450|   -0.187394|    0.001070|
|        4906|    0.001963|  2.6415e-03|   -8.247414|   -4.295995|   -0.187394|    0.001070|
|        4907|    0.002355|  2.6415e-03|   -8.248854|   -4.291962|   -0.187394|    0.001070|
|        4908|    0.003227|  2.6416e-03|   -8.249817|   -4.319326|   -0.187394|    0.001070|
|        4909|    0.002025|  2.6415e-03|   -8.250540|   -4.339759|   -0.187394|    0.001070|
|        4910|    0.002853|  2.6415e-03|   -8.251198|   -4.342457|   -0.187394|    0.001070|
|        4911|    0.002405|  2.6415e-03|   -8.251892|   -4.336634|   -0.187394|    0.001070|
|        4912|    0.001971|  2.6413e-03|   -8.252647|   -4.332054|   -0.187394|    0.001070|
|        4913|    0.002404|  2.6413e-03|   -8.253440|   -4.332320|   -0.187394|    0.001070|
|        4914|    0.003079|  2.6414e-03|   -8.254238|   -4.336390|   -0.187394|    0.001070|
|        4915|    0.002188|  2.6413e-03|   -8.255024|   -4.341613|   -0.187394|    0.001070|
|        4916|    0.001904|  2.6411e-03|   -8.255795|   -4.345901|   -0.187394|    0.001070|
|        4917|    0.002926|  2.6412e-03|   -8.256559|   -4.348562|   -0.187394|    0.001070|
|        4918|    0.002798|  2.6412e-03|   -8.257323|   -4.350011|   -0.187394|    0.001070|
|        4919|    0.001865|  2.6411e-03|   -8.258092|   -4.351021|   -0.187394|    0.001070|
|        4920|    0.002007|  2.6409e-03|   -8.258865|   -4.352147|   -0.187394|    0.001070|
|        4921|    0.001848|  2.6408e-03|   -8.259640|   -4.353538|   -0.187394|    0.001070|
|        4922|    0.002221|  2.6407e-03|   -8.260414|   -4.355057|   -0.187394|    0.001070|
|        4923|    0.002965|  2.6408e-03|   -8.261187|   -4.356486|   -0.187394|    0.001070|
|        4924|    0.003022|  2.6408e-03|   -8.261960|   -4.357680|   -0.187394|    0.001070|
|        4925|    0.002967|  2.6409e-03|   -8.262732|   -4.358611|   -0.187394|    0.001070|
|        4926|    0.002876|  2.6409e-03|   -8.263504|   -4.359339|   -0.187394|    0.001070|
|        4927|    0.002913|  2.6410e-03|   -8.264277|   -4.359949|   -0.187394|    0.001070|
|        4928|    0.003104|  2.6411e-03|   -8.265050|   -4.360504|   -0.187394|    0.001070|
|        4929|    0.003554|  2.6413e-03|   -8.265824|   -4.361038|   -0.187394|    0.001070|
|        4930|    0.003021|  2.6414e-03|   -8.266598|   -4.361553|   -0.187394|    0.001070|
|        4931|    0.003096|  2.6415e-03|   -8.267372|   -4.362048|   -0.187394|    0.001070|
|        4932|    0.004219|  2.6418e-03|   -8.268146|   -4.362521|   -0.187394|    0.001070|
|        4933|    0.002912|  2.6418e-03|   -8.268920|   -4.362982|   -0.187394|    0.001070|
|        4934|    0.002464|  2.6418e-03|   -8.269694|   -4.363445|   -0.187394|    0.001070|
|        4935|    0.002516|  2.6418e-03|   -8.270469|   -4.363924|   -0.187394|    0.001070|
|        4936|    0.002702|  2.6418e-03|   -8.271244|   -4.364431|   -0.187394|    0.001070|
|        4937|    0.003124|  2.6419e-03|   -8.272019|   -4.364972|   -0.187394|    0.001070|
|        4938|    0.003376|  2.6420e-03|   -8.272795|   -4.365550|   -0.187394|    0.001070|
|        4939|    0.003257|  2.6421e-03|   -8.273570|   -4.366165|   -0.187394|    0.001070|
|        4940|    0.002162|  2.6421e-03|   -8.274346|   -4.366815|   -0.187394|    0.001070|
|        4941|    0.002749|  2.6421e-03|   -8.275122|   -4.367499|   -0.187394|    0.001070|
|        4942|    0.002151|  2.6420e-03|   -8.275898|   -4.368216|   -0.187394|    0.001070|
|        4943|    0.002084|  2.6419e-03|   -8.276675|   -4.368963|   -0.187394|    0.001070|
|        4944|    0.002891|  2.6419e-03|   -8.277452|   -4.369737|   -0.187394|    0.001070|
|        4945|    0.001961|  2.6418e-03|   -8.278229|   -4.370535|   -0.187394|    0.001070|
|        4946|    0.002629|  2.6418e-03|   -8.279006|   -4.371354|   -0.187394|    0.001070|
|        4947|    0.003582|  2.6420e-03|   -8.279783|   -4.372187|   -0.187394|    0.001070|
|        4948|    0.002839|  2.6420e-03|   -8.280561|   -4.373032|   -0.187394|    0.001070|
|        4949|    0.003278|  2.6421e-03|   -8.281338|   -4.373884|   -0.187394|    0.001070|
|        4950|    0.002868|  2.6422e-03|   -8.282116|   -4.374739|   -0.187394|    0.001070|
|        4951|    0.001959|  2.6420e-03|   -8.282894|   -4.375596|   -0.187394|    0.001070|
|        4952|    0.001983|  2.6419e-03|   -8.283673|   -4.376449|   -0.187394|    0.001070|
|        4953|    0.001937|  2.6418e-03|   -8.284451|   -4.377299|   -0.187394|    0.001070|
|        4954|    0.003063|  2.6418e-03|   -8.285230|   -4.378141|   -0.187394|    0.001070|
|        4955|    0.002837|  2.6419e-03|   -8.286009|   -4.378976|   -0.187394|    0.001070|
|        4956|    0.002959|  2.6419e-03|   -8.286788|   -4.379801|   -0.187394|    0.001070|
|        4957|    0.002835|  2.6420e-03|   -8.287567|   -4.380617|   -0.187394|    0.001070|
|        4958|    0.003006|  2.6421e-03|   -8.288346|   -4.381423|   -0.187394|    0.001070|
|        4959|    0.002962|  2.6421e-03|   -8.289126|   -4.382221|   -0.187394|    0.001070|
|        4960|    0.003096|  2.6422e-03|   -8.289906|   -4.383008|   -0.187394|    0.001070|
|        4961|    0.003927|  2.6425e-03|   -8.290686|   -4.383788|   -0.187394|    0.001070|
|        4962|    0.003521|  2.6427e-03|   -8.291466|   -4.384561|   -0.187394|    0.001070|
|        4963|    0.001983|  2.6425e-03|   -8.292246|   -4.385328|   -0.187394|    0.001070|
|        4964|    0.002795|  2.6426e-03|   -8.293026|   -4.386090|   -0.187394|    0.001070|
|        4965|    0.002358|  2.6425e-03|   -8.293807|   -4.386847|   -0.187394|    0.001070|
|        4966|    0.002402|  2.6424e-03|   -8.294588|   -4.387603|   -0.187394|    0.001070|
|        4967|    0.002800|  2.6425e-03|   -8.295369|   -4.388357|   -0.187394|    0.001070|
|        4968|    0.002383|  2.6424e-03|   -8.296150|   -4.389110|   -0.187394|    0.001070|
|        4969|    0.003230|  2.6425e-03|   -8.296931|   -4.389864|   -0.187394|    0.001070|
|        4970|    0.002209|  2.6425e-03|   -8.297713|   -4.390618|   -0.187394|    0.001070|
|        4971|    0.002807|  2.6425e-03|   -8.298495|   -4.391375|   -0.187394|    0.001070|
|        4972|    0.003068|  2.6426e-03|   -8.299277|   -4.392133|   -0.187394|    0.001070|
|        4973|    0.002252|  2.6425e-03|   -8.300059|   -4.392894|   -0.187394|    0.001070|
|        4974|    0.002907|  2.6425e-03|   -8.300841|   -4.393657|   -0.187394|    0.001070|
|        4975|    0.002632|  2.6425e-03|   -8.301623|   -4.394423|   -0.187394|    0.001070|
|        4976|    0.002121|  2.6424e-03|   -8.301201|   -4.190616|   -0.187394|    0.001070|
|        4977|    0.003073|  2.6425e-03|   -8.303432|   -4.359246|   -0.187394|    0.001070|
|        4978|    0.002925|  2.6426e-03|   -8.303707|   -4.173878|   -0.187394|    0.001070|
|        4979|    0.003592|  2.6428e-03|   -8.306031|   -4.364536|   -0.187394|    0.001070|
|        4980|    0.003238|  2.6429e-03|   -8.306187|   -4.182789|   -0.187394|    0.001070|
|        4981|    0.002272|  2.6428e-03|   -8.308427|   -4.361941|   -0.187394|    0.001070|
|        4982|    0.003184|  2.6429e-03|   -8.308559|   -4.173977|   -0.187394|    0.001070|
|        4983|    0.003420|  2.6431e-03|   -8.310838|   -4.353899|   -0.187394|    0.001070|
|        4984|    0.003311|  2.6432e-03|   -8.310980|   -4.170780|   -0.187394|    0.001070|
|        4985|    0.002959|  2.6433e-03|   -8.313268|   -4.351895|   -0.187394|    0.001070|
|        4986|    0.002781|  2.6433e-03|   -8.313398|   -4.170751|   -0.187394|    0.001070|
|        4987|    0.003323|  2.6434e-03|   -8.315687|   -4.351379|   -0.187394|    0.001070|
|        4988|    0.002762|  2.6435e-03|   -8.315810|   -4.170844|   -0.187394|    0.001070|
|        4989|    0.001886|  2.6433e-03|   -8.318107|   -4.351809|   -0.187394|    0.001070|
|        4990|    0.002121|  2.6432e-03|   -8.319498|   -4.355391|   -0.187394|    0.001070|
|        4991|    0.002236|  2.6431e-03|   -8.320367|   -4.380183|   -0.187394|    0.001070|
|        4992|    0.002019|  2.6430e-03|   -8.321041|   -4.394210|   -0.187394|    0.001070|
|        4993|    0.001921|  2.6429e-03|   -8.321707|   -4.393202|   -0.187394|    0.001070|
|        4994|    0.002090|  2.6428e-03|   -8.321196|   -4.188043|   -0.187394|    0.001070|
|        4995|    0.002845|  2.6428e-03|   -8.323488|   -4.357268|   -0.187394|    0.001070|
|        4996|    0.001892|  2.6426e-03|   -8.323756|   -4.180155|   -0.187394|    0.001070|
|        4997|    0.001895|  2.6425e-03|   -8.326120|   -4.374821|   -0.187394|    0.001070|
|        4998|    0.001862|  2.6423e-03|   -8.327515|   -4.382441|   -0.187394|    0.001070|
|        4999|    0.001834|  2.6422e-03|   -8.328353|   -4.407831|   -0.187394|    0.001070|
|        5000|    0.002317|  2.6421e-03|   -8.329001|   -4.419021|   -0.187394|    0.001070|
+-----------------------------------------------------------------------+
|        File Writing Summary       |              Filename             |
+-----------------------------------------------------------------------+
|SU2 binary restart                 |restart_flow.dat                   |
|Paraview                           |flow.vtu                           |
|Paraview surface                   |surface_flow.vtu                   |
+-----------------------------------------------------------------------+
+------------------------------------------------------------------------------------------+
|  Inner_Iter|   Time(sec)|   Time(sec)|    rms[Rho]|   rms[RhoE]|          CL|          CD|
+------------------------------------------------------------------------------------------+
|        5001|    0.011627|  2.6439e-03|   -8.329658|   -4.413866|   -0.187394|    0.001070|
|        5002|    0.001903|  2.6438e-03|   -8.330394|   -4.406180|   -0.187394|    0.001070|
|        5003|    0.002568|  2.6437e-03|   -8.331193|   -4.404363|   -0.187394|    0.001070|
|        5004|    0.001937|  2.6436e-03|   -8.332013|   -4.408650|   -0.187394|    0.001070|
|        5005|    0.003115|  2.6437e-03|   -8.332819|   -4.415523|   -0.187394|    0.001070|
|        5006|    0.002224|  2.6436e-03|   -8.333604|   -4.421526|   -0.187394|    0.001070|
|        5007|    0.001881|  2.6435e-03|   -8.333135|   -4.221152|   -0.187394|    0.001070|
|        5008|    0.002007|  2.6433e-03|   -8.335376|   -4.390253|   -0.187394|    0.001070|
|        5009|    0.002207|  2.6432e-03|   -8.335623|   -4.202619|   -0.187394|    0.001070|
|        5010|    0.002674|  2.6433e-03|   -8.337974|   -4.395052|   -0.187394|    0.001070|
|        5011|    0.003128|  2.6433e-03|   -8.339376|   -4.400798|   -0.187394|    0.001070|
|        5012|    0.002086|  2.6432e-03|   -8.340223|   -4.424325|   -0.187394|    0.001070|
|        5013|    0.003345|  2.6434e-03|   -8.340876|   -4.433663|   -0.187394|    0.001070|
|        5014|    0.003099|  2.6435e-03|   -8.340274|   -4.219660|   -0.187394|    0.001070|
|        5015|    0.001892|  2.6433e-03|   -8.342512|   -4.380299|   -0.187394|    0.001070|
|        5016|    0.002379|  2.6433e-03|   -8.344016|   -4.382830|   -0.187394|    0.001070|
|        5017|    0.001985|  2.6431e-03|   -8.344990|   -4.413820|   -0.187394|    0.001070|
|        5018|    0.002992|  2.6432e-03|   -8.345700|   -4.434223|   -0.187394|    0.001070|
|        5019|    0.003575|  2.6434e-03|   -8.346349|   -4.434292|   -0.187394|    0.001070|
|        5020|    0.002778|  2.6434e-03|   -8.347046|   -4.425639|   -0.187394|    0.001070|
|        5021|    0.002645|  2.6434e-03|   -8.347815|   -4.419501|   -0.187394|    0.001070|
|        5022|    0.003070|  2.6435e-03|   -8.348626|   -4.419560|   -0.187394|    0.001070|
|        5023|    0.003065|  2.6436e-03|   -8.349441|   -4.424174|   -0.187394|    0.001070|
|        5024|    0.003049|  2.6437e-03|   -8.350239|   -4.430038|   -0.187394|    0.001070|
|        5025|    0.003869|  2.6439e-03|   -8.351019|   -4.434689|   -0.187394|    0.001070|
|        5026|    0.004218|  2.6442e-03|   -8.351792|   -4.437392|   -0.187394|    0.001070|
|        5027|    0.003254|  2.6443e-03|   -8.352565|   -4.438726|   -0.187394|    0.001070|
|        5028|    0.002026|  2.6442e-03|   -8.353345|   -4.439650|   -0.187394|    0.001070|
|        5029|    0.001901|  2.6441e-03|   -8.354129|   -4.440813|   -0.187394|    0.001070|
|        5030|    0.002950|  2.6441e-03|   -8.354916|   -4.442361|   -0.187394|    0.001070|
|        5031|    0.002762|  2.6442e-03|   -8.355701|   -4.444097|   -0.187394|    0.001070|
|        5032|    0.003896|  2.6444e-03|   -8.356486|   -4.445740|   -0.187394|    0.001070|
|        5033|    0.002301|  2.6443e-03|   -8.357269|   -4.447107|   -0.187394|    0.001070|
|        5034|    0.001930|  2.6442e-03|   -8.358051|   -4.448166|   -0.187394|    0.001070|
|        5035|    0.001899|  2.6440e-03|   -8.358834|   -4.448989|   -0.187394|    0.001070|
|        5036|    0.002074|  2.6439e-03|   -8.359618|   -4.449676|   -0.187394|    0.001070|
|        5037|    0.001893|  2.6438e-03|   -8.360402|   -4.450302|   -0.187394|    0.001070|
|        5038|    0.002344|  2.6437e-03|   -8.361187|   -4.450898|   -0.187394|    0.001070|
|        5039|    0.002958|  2.6438e-03|   -8.361972|   -4.451465|   -0.187394|    0.001070|
|        5040|    0.002904|  2.6438e-03|   -8.362756|   -4.451996|   -0.187394|    0.001070|
|        5041|    0.002256|  2.6438e-03|   -8.363541|   -4.452490|   -0.187394|    0.001070|
|        5042|    0.001911|  2.6436e-03|   -8.364326|   -4.452956|   -0.187394|    0.001070|
|        5043|    0.002835|  2.6437e-03|   -8.365111|   -4.453413|   -0.187394|    0.001070|
|        5044|    0.001975|  2.6435e-03|   -8.365897|   -4.453879|   -0.187394|    0.001070|
|        5045|    0.002166|  2.6434e-03|   -8.366682|   -4.454369|   -0.187394|    0.001070|
|        5046|    0.003269|  2.6436e-03|   -8.367468|   -4.454890|   -0.187394|    0.001070|
|        5047|    0.003847|  2.6438e-03|   -8.368255|   -4.455448|   -0.187394|    0.001070|
|        5048|    0.003152|  2.6439e-03|   -8.369041|   -4.456042|   -0.187394|    0.001070|
|        5049|    0.002995|  2.6440e-03|   -8.369827|   -4.456672|   -0.187394|    0.001070|
|        5050|    0.003005|  2.6440e-03|   -8.370614|   -4.457339|   -0.187394|    0.001070|
|        5051|    0.003419|  2.6442e-03|   -8.371401|   -4.458040|   -0.187394|    0.001070|
|        5052|    0.003265|  2.6443e-03|   -8.372188|   -4.458775|   -0.187394|    0.001070|
|        5053|    0.002201|  2.6442e-03|   -8.372976|   -4.459541|   -0.187394|    0.001070|
|        5054|    0.001932|  2.6441e-03|   -8.373764|   -4.460336|   -0.187394|    0.001070|
|        5055|    0.003184|  2.6442e-03|   -8.374551|   -4.461153|   -0.187394|    0.001070|
|        5056|    0.002919|  2.6442e-03|   -8.375339|   -4.461990|   -0.187394|    0.001070|
|        5057|    0.002051|  2.6441e-03|   -8.376128|   -4.462841|   -0.187394|    0.001070|
|        5058|    0.002303|  2.6441e-03|   -8.376916|   -4.463701|   -0.187394|    0.001070|
|        5059|    0.002827|  2.6441e-03|   -8.377705|   -4.464567|   -0.187394|    0.001070|
|        5060|    0.002762|  2.6441e-03|   -8.378493|   -4.465435|   -0.187394|    0.001070|
|        5061|    0.002564|  2.6441e-03|   -8.379282|   -4.466303|   -0.187394|    0.001070|
|        5062|    0.002634|  2.6441e-03|   -8.380072|   -4.467166|   -0.187394|    0.001070|
|        5063|    0.003217|  2.6442e-03|   -8.380861|   -4.468023|   -0.187394|    0.001070|
|        5064|    0.002267|  2.6441e-03|   -8.381650|   -4.468872|   -0.187394|    0.001070|
|        5065|    0.003056|  2.6442e-03|   -8.382440|   -4.469711|   -0.187394|    0.001070|
|        5066|    0.001926|  2.6441e-03|   -8.383230|   -4.470540|   -0.187394|    0.001070|
|        5067|    0.003473|  2.6442e-03|   -8.384020|   -4.471358|   -0.187394|    0.001070|
|        5068|    0.002917|  2.6443e-03|   -8.384810|   -4.472166|   -0.187394|    0.001070|
|        5069|    0.001912|  2.6442e-03|   -8.385601|   -4.472964|   -0.187394|    0.001070|
|        5070|    0.001976|  2.6440e-03|   -8.386391|   -4.473753|   -0.187394|    0.001070|
|        5071|    0.001830|  2.6439e-03|   -8.387182|   -4.474534|   -0.187394|    0.001070|
|        5072|    0.001919|  2.6437e-03|   -8.387973|   -4.475309|   -0.187394|    0.001070|
|        5073|    0.003025|  2.6438e-03|   -8.388764|   -4.476077|   -0.187394|    0.001070|
|        5074|    0.003180|  2.6439e-03|   -8.389555|   -4.476841|   -0.187394|    0.001070|
|        5075|    0.002090|  2.6438e-03|   -8.390346|   -4.477602|   -0.187394|    0.001070|
|        5076|    0.003410|  2.6439e-03|   -8.391138|   -4.478362|   -0.187394|    0.001070|
|        5077|    0.003465|  2.6441e-03|   -8.391930|   -4.479121|   -0.187394|    0.001070|
|        5078|    0.003230|  2.6442e-03|   -8.392722|   -4.479880|   -0.187394|    0.001070|
|        5079|    0.002212|  2.6441e-03|   -8.393514|   -4.480640|   -0.187394|    0.001070|
|        5080|    0.002674|  2.6441e-03|   -8.393069|   -4.276347|   -0.187394|    0.001070|
|        5081|    0.002011|  2.6440e-03|   -8.395342|   -4.445498|   -0.187394|    0.001070|
|        5082|    0.002140|  2.6439e-03|   -8.395605|   -4.259665|   -0.187394|    0.001070|
|        5083|    0.003022|  2.6440e-03|   -8.397973|   -4.450707|   -0.187394|    0.001070|
|        5084|    0.002576|  2.6440e-03|   -8.398117|   -4.268424|   -0.187394|    0.001070|
|        5085|    0.002367|  2.6439e-03|   -8.400400|   -4.447978|   -0.187394|    0.001070|
|        5086|    0.002270|  2.6438e-03|   -8.400518|   -4.259597|   -0.187394|    0.001070|
|        5087|    0.003365|  2.6440e-03|   -8.402841|   -4.439906|   -0.187394|    0.001070|
|        5088|    0.003280|  2.6441e-03|   -8.402969|   -4.256402|   -0.187394|    0.001070|
|        5089|    0.003072|  2.6442e-03|   -8.405302|   -4.437890|   -0.187394|    0.001070|
|        5090|    0.003147|  2.6443e-03|   -8.405418|   -4.256379|   -0.187394|    0.001070|
|        5091|    0.003709|  2.6445e-03|   -8.407752|   -4.437389|   -0.187394|    0.001070|
|        5092|    0.002984|  2.6446e-03|   -8.409162|   -4.440757|   -0.187394|    0.001070|
|        5093|    0.002040|  2.6445e-03|   -8.410041|   -4.464880|   -0.187394|    0.001070|
|        5094|    0.001968|  2.6443e-03|   -8.410725|   -4.478215|   -0.187394|    0.001070|
|        5095|    0.002311|  2.6443e-03|   -8.411401|   -4.476723|   -0.187394|    0.001070|
|        5096|    0.003173|  2.6444e-03|   -8.410867|   -4.270909|   -0.187394|    0.001070|
|        5097|    0.003223|  2.6445e-03|   -8.413202|   -4.440335|   -0.187394|    0.001070|
|        5098|    0.002834|  2.6445e-03|   -8.413459|   -4.263129|   -0.187394|    0.001070|
|        5099|    0.002522|  2.6445e-03|   -8.415867|   -4.457800|   -0.187394|    0.001070|
|        5100|    0.001910|  2.6443e-03|   -8.417282|   -4.465518|   -0.187394|    0.001070|
|        5101|    0.001867|  2.6442e-03|   -8.418132|   -4.490781|   -0.187394|    0.001070|
|        5102|    0.001943|  2.6441e-03|   -8.418789|   -4.501922|   -0.187394|    0.001070|
|        5103|    0.001829|  2.6439e-03|   -8.419455|   -4.496902|   -0.187394|    0.001070|
|        5104|    0.002377|  2.6438e-03|   -8.420200|   -4.489460|   -0.187394|    0.001070|
|        5105|    0.002273|  2.6438e-03|   -8.421010|   -4.487903|   -0.187394|    0.001070|
|        5106|    0.001974|  2.6436e-03|   -8.421840|   -4.492422|   -0.187394|    0.001070|
|        5107|    0.001996|  2.6435e-03|   -8.422656|   -4.499496|   -0.187394|    0.001070|
|        5108|    0.002514|  2.6435e-03|   -8.423451|   -4.505680|   -0.187394|    0.001070|
|        5109|    0.003050|  2.6436e-03|   -8.422962|   -4.305232|   -0.187394|    0.001070|
|        5110|    0.002785|  2.6436e-03|   -8.425244|   -4.474901|   -0.187394|    0.001070|
|        5111|    0.002112|  2.6435e-03|   -8.425482|   -4.286992|   -0.187394|    0.001070|
|        5112|    0.001904|  2.6433e-03|   -8.427874|   -4.479879|   -0.187394|    0.001070|
|        5113|    0.002007|  2.6432e-03|   -8.429296|   -4.485620|   -0.187394|    0.001070|
|        5114|    0.001838|  2.6431e-03|   -8.430155|   -4.509117|   -0.187394|    0.001070|
|        5115|    0.003055|  2.6431e-03|   -8.430817|   -4.518428|   -0.187394|    0.001070|
|        5116|    0.002238|  2.6431e-03|   -8.430193|   -4.304030|   -0.187394|    0.001070|
|        5117|    0.002446|  2.6430e-03|   -8.432472|   -4.465230|   -0.187394|    0.001070|
|        5118|    0.001925|  2.6429e-03|   -8.433996|   -4.467798|   -0.187394|    0.001070|
|        5119|    0.003401|  2.6430e-03|   -8.434982|   -4.498731|   -0.187394|    0.001070|
|        5120|    0.003187|  2.6431e-03|   -8.435702|   -4.519017|   -0.187394|    0.001070|
|        5121|    0.003204|  2.6432e-03|   -8.436359|   -4.519000|   -0.187394|    0.001070|
|        5122|    0.003028|  2.6433e-03|   -8.437065|   -4.510337|   -0.187394|    0.001070|
|        5123|    0.002963|  2.6434e-03|   -8.436567|   -4.299822|   -0.187394|    0.001070|
|        5124|    0.003166|  2.6435e-03|   -8.438919|   -4.471719|   -0.187394|    0.001070|
|        5125|    0.003282|  2.6436e-03|   -8.440450|   -4.479014|   -0.187394|    0.001070|
|        5126|    0.003268|  2.6437e-03|   -8.441412|   -4.511325|   -0.187394|    0.001070|
|        5127|    0.003236|  2.6438e-03|   -8.442108|   -4.530313|   -0.187394|    0.001070|
|        5128|    0.001981|  2.6437e-03|   -8.442757|   -4.528118|   -0.187394|    0.001070|
|        5129|    0.001959|  2.6436e-03|   -8.443468|   -4.518150|   -0.187394|    0.001070|
|        5130|    0.001893|  2.6434e-03|   -8.444255|   -4.511976|   -0.187394|    0.001070|
|        5131|    0.002790|  2.6435e-03|   -8.445083|   -4.512676|   -0.187394|    0.001070|
|        5132|    0.002939|  2.6435e-03|   -8.445910|   -4.517916|   -0.187394|    0.001070|
|        5133|    0.003117|  2.6436e-03|   -8.446716|   -4.523992|   -0.187394|    0.001070|
|        5134|    0.002974|  2.6437e-03|   -8.447505|   -4.528398|   -0.187394|    0.001070|
|        5135|    0.002855|  2.6437e-03|   -8.448285|   -4.530589|   -0.187394|    0.001070|
|        5136|    0.002622|  2.6437e-03|   -8.449069|   -4.531367|   -0.187394|    0.001070|
|        5137|    0.002877|  2.6438e-03|   -8.449859|   -4.531823|   -0.187394|    0.001070|
|        5138|    0.001865|  2.6436e-03|   -8.450655|   -4.532631|   -0.187394|    0.001070|
|        5139|    0.001866|  2.6435e-03|   -8.451452|   -4.533896|   -0.187394|    0.001070|
|        5140|    0.002971|  2.6435e-03|   -8.452248|   -4.535370|   -0.187394|    0.001070|
|        5141|    0.002489|  2.6435e-03|   -8.453042|   -4.536748|   -0.187394|    0.001070|
|        5142|    0.001883|  2.6433e-03|   -8.453835|   -4.537852|   -0.187394|    0.001070|
|        5143|    0.003132|  2.6434e-03|   -8.454628|   -4.538669|   -0.187394|    0.001070|
|        5144|    0.002749|  2.6435e-03|   -8.455421|   -4.539292|   -0.187394|    0.001070|
|        5145|    0.001867|  2.6433e-03|   -8.456215|   -4.539832|   -0.187394|    0.001070|
|        5146|    0.002255|  2.6432e-03|   -8.457010|   -4.540362|   -0.187394|    0.001070|
|        5147|    0.003449|  2.6434e-03|   -8.457805|   -4.540907|   -0.187394|    0.001070|
|        5148|    0.002925|  2.6434e-03|   -8.458600|   -4.541460|   -0.187394|    0.001070|
|        5149|    0.002853|  2.6435e-03|   -8.459395|   -4.542007|   -0.187394|    0.001070|
|        5150|    0.002360|  2.6434e-03|   -8.460190|   -4.542541|   -0.187394|    0.001070|
|        5151|    0.002821|  2.6435e-03|   -8.460986|   -4.543069|   -0.187394|    0.001070|
|        5152|    0.003327|  2.6436e-03|   -8.461781|   -4.543606|   -0.187394|    0.001070|
|        5153|    0.003427|  2.6438e-03|   -8.462577|   -4.544166|   -0.187394|    0.001070|
|        5154|    0.003656|  2.6439e-03|   -8.463374|   -4.544759|   -0.187394|    0.001070|
|        5155|    0.003051|  2.6440e-03|   -8.464170|   -4.545389|   -0.187394|    0.001070|
|        5156|    0.002322|  2.6440e-03|   -8.464967|   -4.546057|   -0.187394|    0.001070|
|        5157|    0.003921|  2.6442e-03|   -8.465763|   -4.546757|   -0.187394|    0.001070|
|        5158|    0.003319|  2.6443e-03|   -8.466560|   -4.547486|   -0.187394|    0.001070|
|        5159|    0.003292|  2.6445e-03|   -8.467358|   -4.548244|   -0.187394|    0.001070|
|        5160|    0.003236|  2.6446e-03|   -8.468155|   -4.549026|   -0.187394|    0.001070|
|        5161|    0.002121|  2.6445e-03|   -8.468953|   -4.549832|   -0.187394|    0.001070|
|        5162|    0.002275|  2.6444e-03|   -8.469750|   -4.550656|   -0.187394|    0.001070|
|        5163|    0.003047|  2.6445e-03|   -8.470548|   -4.551497|   -0.187394|    0.001070|
|        5164|    0.003134|  2.6446e-03|   -8.471347|   -4.552348|   -0.187394|    0.001070|
|        5165|    0.003395|  2.6447e-03|   -8.472145|   -4.553208|   -0.187394|    0.001070|
|        5166|    0.002301|  2.6447e-03|   -8.472944|   -4.554070|   -0.187394|    0.001070|
|        5167|    0.002489|  2.6446e-03|   -8.473742|   -4.554934|   -0.187394|    0.001070|
|        5168|    0.002387|  2.6446e-03|   -8.474541|   -4.555795|   -0.187394|    0.001070|
|        5169|    0.002741|  2.6446e-03|   -8.475341|   -4.556653|   -0.187394|    0.001070|
|        5170|    0.001913|  2.6445e-03|   -8.476140|   -4.557504|   -0.187394|    0.001070|
|        5171|    0.002075|  2.6443e-03|   -8.476939|   -4.558348|   -0.187394|    0.001070|
|        5172|    0.002907|  2.6444e-03|   -8.477739|   -4.559184|   -0.187394|    0.001070|
|        5173|    0.002637|  2.6444e-03|   -8.478539|   -4.560012|   -0.187394|    0.001070|
|        5174|    0.001924|  2.6443e-03|   -8.479339|   -4.560831|   -0.187394|    0.001070|
|        5175|    0.002049|  2.6441e-03|   -8.480139|   -4.561640|   -0.187394|    0.001070|
|        5176|    0.003404|  2.6443e-03|   -8.480939|   -4.562443|   -0.187394|    0.001070|
|        5177|    0.002951|  2.6443e-03|   -8.481740|   -4.563238|   -0.187394|    0.001070|
|        5178|    0.002943|  2.6444e-03|   -8.482541|   -4.564026|   -0.187394|    0.001070|
|        5179|    0.002931|  2.6445e-03|   -8.483342|   -4.564810|   -0.187394|    0.001070|
|        5180|    0.002971|  2.6445e-03|   -8.484143|   -4.565590|   -0.187394|    0.001070|
|        5181|    0.003008|  2.6446e-03|   -8.484944|   -4.566367|   -0.187394|    0.001070|
|        5182|    0.003640|  2.6448e-03|   -8.485745|   -4.567142|   -0.187394|    0.001070|
|        5183|    0.002889|  2.6448e-03|   -8.486547|   -4.567916|   -0.187394|    0.001070|
|        5184|    0.002061|  2.6447e-03|   -8.486078|   -4.363197|   -0.187394|    0.001070|
|        5185|    0.001875|  2.6446e-03|   -8.488393|   -4.532864|   -0.187394|    0.001070|
|        5186|    0.001909|  2.6444e-03|   -8.488644|   -4.346592|   -0.187394|    0.001070|
|        5187|    0.001851|  2.6443e-03|   -8.491057|   -4.538011|   -0.187394|    0.001070|
|        5188|    0.003053|  2.6444e-03|   -8.491187|   -4.355212|   -0.187394|    0.001070|
|        5189|    0.003302|  2.6445e-03|   -8.493513|   -4.535163|   -0.187394|    0.001070|
|        5190|    0.002842|  2.6445e-03|   -8.493618|   -4.346377|   -0.187394|    0.001070|
|        5191|    0.002059|  2.6444e-03|   -8.495985|   -4.527064|   -0.187394|    0.001070|
|        5192|    0.001972|  2.6443e-03|   -8.496098|   -4.343182|   -0.187394|    0.001070|
|        5193|    0.001856|  2.6441e-03|   -8.498476|   -4.525034|   -0.187394|    0.001070|
|        5194|    0.002001|  2.6440e-03|   -8.499907|   -4.528562|   -0.187394|    0.001070|
|        5195|    0.002543|  2.6440e-03|   -8.500797|   -4.552287|   -0.187394|    0.001070|
|        5196|    0.002003|  2.6439e-03|   -8.501487|   -4.564875|   -0.187394|    0.001070|
|        5197|    0.001840|  2.6437e-03|   -8.502171|   -4.562575|   -0.187394|    0.001070|
|        5198|    0.001893|  2.6436e-03|   -8.501615|   -4.355369|   -0.187394|    0.001070|
|        5199|    0.001939|  2.6434e-03|   -8.503991|   -4.524890|   -0.187394|    0.001070|
|        5200|    0.002067|  2.6433e-03|   -8.504239|   -4.347363|   -0.187394|    0.001070|
|        5201|    0.003070|  2.6434e-03|   -8.506690|   -4.541980|   -0.187394|    0.001070|
|        5202|    0.002673|  2.6434e-03|   -8.506791|   -4.364674|   -0.187394|    0.001070|
|        5203|    0.003272|  2.6435e-03|   -8.509131|   -4.545794|   -0.187394|    0.001070|
|        5204|    0.001998|  2.6434e-03|   -8.509215|   -4.358842|   -0.187394|    0.001070|
|        5205|    0.002976|  2.6435e-03|   -8.511599|   -4.541567|   -0.187394|    0.001070|
|        5206|    0.002820|  2.6435e-03|   -8.513038|   -4.544518|   -0.187394|    0.001070|
|        5207|    0.002609|  2.6435e-03|   -8.513933|   -4.569550|   -0.187394|    0.001070|
|        5208|    0.002896|  2.6435e-03|   -8.514625|   -4.583498|   -0.187394|    0.001070|
|        5209|    0.002966|  2.6436e-03|   -8.515307|   -4.581817|   -0.187394|    0.001070|
|        5210|    0.003337|  2.6437e-03|   -8.516053|   -4.576243|   -0.187394|    0.001070|
|        5211|    0.003206|  2.6438e-03|   -8.516861|   -4.574917|   -0.187394|    0.001070|
|        5212|    0.003272|  2.6440e-03|   -8.516380|   -4.377932|   -0.187394|    0.001070|
|        5213|    0.003627|  2.6442e-03|   -8.518753|   -4.553147|   -0.187394|    0.001070|
|        5214|    0.003399|  2.6443e-03|   -8.518971|   -4.371497|   -0.187394|    0.001070|
|        5215|    0.002555|  2.6443e-03|   -8.521402|   -4.564489|   -0.187394|    0.001070|
|        5216|    0.002188|  2.6442e-03|   -8.522836|   -4.569813|   -0.187394|    0.001070|
|        5217|    0.002444|  2.6442e-03|   -8.523703|   -4.593194|   -0.187394|    0.001070|
|        5218|    0.001962|  2.6440e-03|   -8.523017|   -4.400824|   -0.187394|    0.001070|
|        5219|    0.002265|  2.6440e-03|   -8.525258|   -4.557565|   -0.187394|    0.001070|
|        5220|    0.002807|  2.6440e-03|   -8.526762|   -4.554485|   -0.187394|    0.001070|
|        5221|    0.002200|  2.6439e-03|   -8.527759|   -4.582043|   -0.187394|    0.001070|
|        5222|    0.002097|  2.6438e-03|   -8.528505|   -4.602008|   -0.187394|    0.001070|
|        5223|    0.003260|  2.6439e-03|   -8.529187|   -4.604056|   -0.187394|    0.001070|
|        5224|    0.002509|  2.6439e-03|   -8.529908|   -4.597840|   -0.187394|    0.001070|
|        5225|    0.002949|  2.6439e-03|   -8.530692|   -4.593190|   -0.187394|    0.001070|
|        5226|    0.002168|  2.6439e-03|   -8.531515|   -4.593548|   -0.187394|    0.001070|
|        5227|    0.002741|  2.6439e-03|   -8.532344|   -4.597704|   -0.187394|    0.001070|
|        5228|    0.002928|  2.6439e-03|   -8.533158|   -4.602930|   -0.187394|    0.001070|
|        5229|    0.002655|  2.6439e-03|   -8.533957|   -4.607145|   -0.187394|    0.001070|
|        5230|    0.002333|  2.6439e-03|   -8.534750|   -4.609708|   -0.187394|    0.001070|
|        5231|    0.003474|  2.6440e-03|   -8.535543|   -4.611078|   -0.187394|    0.001070|
|        5232|    0.003245|  2.6441e-03|   -8.536341|   -4.612047|   -0.187394|    0.001070|
|        5233|    0.002766|  2.6442e-03|   -8.537143|   -4.613161|   -0.187394|    0.001070|
|        5234|    0.003153|  2.6443e-03|   -8.537947|   -4.614555|   -0.187394|    0.001070|
|        5235|    0.002436|  2.6442e-03|   -8.538750|   -4.616078|   -0.187394|    0.001070|
|        5236|    0.001871|  2.6441e-03|   -8.539552|   -4.617512|   -0.187394|    0.001070|
|        5237|    0.002744|  2.6441e-03|   -8.540354|   -4.618713|   -0.187394|    0.001070|
|        5238|    0.002790|  2.6441e-03|   -8.541155|   -4.619659|   -0.187394|    0.001070|
|        5239|    0.003037|  2.6442e-03|   -8.541956|   -4.620410|   -0.187394|    0.001070|
|        5240|    0.003119|  2.6443e-03|   -8.542758|   -4.621052|   -0.187394|    0.001070|
|        5241|    0.003199|  2.6444e-03|   -8.543560|   -4.621645|   -0.187394|    0.001070|
|        5242|    0.003713|  2.6446e-03|   -8.544363|   -4.622221|   -0.187394|    0.001070|
|        5243|    0.003216|  2.6447e-03|   -8.545166|   -4.622781|   -0.187394|    0.001070|
|        5244|    0.001982|  2.6446e-03|   -8.545969|   -4.623322|   -0.187394|    0.001070|
|        5245|    0.002326|  2.6445e-03|   -8.546772|   -4.623843|   -0.187394|    0.001070|
|        5246|    0.002856|  2.6446e-03|   -8.547575|   -4.624352|   -0.187394|    0.001070|
|        5247|    0.002252|  2.6445e-03|   -8.548378|   -4.624863|   -0.187394|    0.001070|
|        5248|    0.001940|  2.6443e-03|   -8.549182|   -4.625392|   -0.187394|    0.001070|
|        5249|    0.001964|  2.6442e-03|   -8.549986|   -4.625945|   -0.187394|    0.001070|
|        5250|    0.002087|  2.6441e-03|   -8.550790|   -4.626534|   -0.187394|    0.001070|
+-----------------------------------------------------------------------+
|        File Writing Summary       |              Filename             |
+-----------------------------------------------------------------------+
|SU2 binary restart                 |restart_flow.dat                   |
|Paraview                           |flow.vtu                           |
|Paraview surface                   |surface_flow.vtu                   |
+-----------------------------------------------------------------------+
+------------------------------------------------------------------------------------------+
|  Inner_Iter|   Time(sec)|   Time(sec)|    rms[Rho]|   rms[RhoE]|          CL|          CD|
+------------------------------------------------------------------------------------------+
|        5251|    0.009534|  2.6454e-03|   -8.551595|   -4.627156|   -0.187394|    0.001070|
|        5252|    0.002655|  2.6454e-03|   -8.552400|   -4.627814|   -0.187394|    0.001070|
|        5253|    0.002358|  2.6454e-03|   -8.553204|   -4.628504|   -0.187394|    0.001070|
|        5254|    0.002011|  2.6453e-03|   -8.554010|   -4.629226|   -0.187394|    0.001070|
|        5255|    0.001923|  2.6451e-03|   -8.554815|   -4.629979|   -0.187394|    0.001070|
|        5256|    0.002398|  2.6451e-03|   -8.555621|   -4.630759|   -0.187394|    0.001070|
|        5257|    0.003183|  2.6452e-03|   -8.556426|   -4.631566|   -0.187394|    0.001070|
|        5258|    0.002273|  2.6451e-03|   -8.557232|   -4.632393|   -0.187394|    0.001070|
|        5259|    0.002448|  2.6451e-03|   -8.558039|   -4.633241|   -0.187394|    0.001070|
|        5260|    0.002822|  2.6451e-03|   -8.558845|   -4.634100|   -0.187394|    0.001070|
|        5261|    0.002816|  2.6451e-03|   -8.559652|   -4.634970|   -0.187394|    0.001070|
|        5262|    0.003257|  2.6452e-03|   -8.560459|   -4.635847|   -0.187394|    0.001070|
|        5263|    0.002967|  2.6453e-03|   -8.561266|   -4.636727|   -0.187394|    0.001070|
|        5264|    0.002970|  2.6454e-03|   -8.562073|   -4.637607|   -0.187394|    0.001070|
|        5265|    0.002861|  2.6454e-03|   -8.562880|   -4.638484|   -0.187394|    0.001070|
|        5266|    0.003368|  2.6455e-03|   -8.563688|   -4.639357|   -0.187394|    0.001070|
|        5267|    0.003577|  2.6457e-03|   -8.564496|   -4.640223|   -0.187394|    0.001070|
|        5268|    0.003695|  2.6459e-03|   -8.565304|   -4.641082|   -0.187394|    0.001070|
|        5269|    0.002707|  2.6459e-03|   -8.566112|   -4.641931|   -0.187394|    0.001070|
|        5270|    0.001944|  2.6458e-03|   -8.566920|   -4.642773|   -0.187394|    0.001070|
|        5271|    0.003243|  2.6459e-03|   -8.567729|   -4.643605|   -0.187394|    0.001070|
|        5272|    0.003399|  2.6461e-03|   -8.568537|   -4.644428|   -0.187394|    0.001070|
|        5273|    0.002902|  2.6461e-03|   -8.569346|   -4.645244|   -0.187394|    0.001070|
|        5274|    0.003319|  2.6462e-03|   -8.570155|   -4.646051|   -0.187394|    0.001070|
|        5275|    0.002930|  2.6463e-03|   -8.570965|   -4.646853|   -0.187394|    0.001070|
|        5276|    0.002695|  2.6463e-03|   -8.571774|   -4.647649|   -0.187394|    0.001070|
|        5277|    0.003125|  2.6464e-03|   -8.572584|   -4.648441|   -0.187394|    0.001070|
|        5278|    0.002745|  2.6464e-03|   -8.573393|   -4.649230|   -0.187394|    0.001070|
|        5279|    0.001962|  2.6463e-03|   -8.574203|   -4.650015|   -0.187394|    0.001070|
|        5280|    0.001865|  2.6461e-03|   -8.575014|   -4.650801|   -0.187394|    0.001070|
|        5281|    0.001974|  2.6460e-03|   -8.575824|   -4.651585|   -0.187394|    0.001070|
|        5282|    0.001915|  2.6459e-03|   -8.576634|   -4.652371|   -0.187394|    0.001070|
|        5283|    0.003001|  2.6459e-03|   -8.577445|   -4.653156|   -0.187394|    0.001070|
|        5284|    0.002907|  2.6460e-03|   -8.578256|   -4.653944|   -0.187394|    0.001070|
|        5285|    0.001904|  2.6458e-03|   -8.579067|   -4.654734|   -0.187394|    0.001070|
|        5286|    0.002059|  2.6457e-03|   -8.578575|   -4.449652|   -0.187394|    0.001070|
|        5287|    0.002321|  2.6457e-03|   -8.580932|   -4.619795|   -0.187394|    0.001070|
|        5288|    0.002226|  2.6456e-03|   -8.581172|   -4.433154|   -0.187394|    0.001070|
|        5289|    0.002752|  2.6456e-03|   -8.583627|   -4.624914|   -0.187394|    0.001070|
|        5290|    0.002092|  2.6455e-03|   -8.583744|   -4.441663|   -0.187394|    0.001070|
|        5291|    0.001897|  2.6454e-03|   -8.586114|   -4.621983|   -0.187394|    0.001070|
|        5292|    0.002867|  2.6454e-03|   -8.586205|   -4.432842|   -0.187394|    0.001070|
|        5293|    0.002983|  2.6455e-03|   -8.588615|   -4.613886|   -0.187394|    0.001070|
|        5294|    0.003095|  2.6455e-03|   -8.588715|   -4.429663|   -0.187394|    0.001070|
|        5295|    0.003343|  2.6457e-03|   -8.591136|   -4.611859|   -0.187394|    0.001070|
|        5296|    0.003438|  2.6458e-03|   -8.592587|   -4.615406|   -0.187394|    0.001070|
|        5297|    0.004390|  2.6462e-03|   -8.593488|   -4.639067|   -0.187394|    0.001070|
|        5298|    0.002181|  2.6461e-03|   -8.594187|   -4.651612|   -0.187394|    0.001070|
|        5299|    0.002050|  2.6460e-03|   -8.594879|   -4.649354|   -0.187394|    0.001070|
|        5300|    0.003391|  2.6461e-03|   -8.594299|   -4.441968|   -0.187394|    0.001070|
|        5301|    0.003430|  2.6462e-03|   -8.596718|   -4.611988|   -0.187394|    0.001070|
|        5302|    0.003533|  2.6464e-03|   -8.598289|   -4.619348|   -0.187394|    0.001070|
|        5303|    0.003112|  2.6465e-03|   -8.599282|   -4.652880|   -0.187394|    0.001070|
|        5304|    0.002023|  2.6464e-03|   -8.598618|   -4.476867|   -0.187394|    0.001070|
|        5305|    0.002993|  2.6465e-03|   -8.600857|   -4.633888|   -0.187394|    0.001070|
|        5306|    0.002656|  2.6465e-03|   -8.601028|   -4.438163|   -0.187394|    0.001070|
|        5307|    0.001926|  2.6463e-03|   -8.603547|   -4.631288|   -0.187394|    0.001070|
|        5308|    0.002853|  2.6464e-03|   -8.605036|   -4.639873|   -0.187394|    0.001070|
|        5309|    0.003046|  2.6464e-03|   -8.605928|   -4.667396|   -0.187394|    0.001070|
|        5310|    0.001862|  2.6463e-03|   -8.606602|   -4.680203|   -0.187394|    0.001070|
|        5311|    0.001986|  2.6462e-03|   -8.607276|   -4.675301|   -0.187394|    0.001070|
|        5312|    0.001841|  2.6460e-03|   -8.608029|   -4.666820|   -0.187394|    0.001070|
|        5313|    0.001962|  2.6459e-03|   -8.608853|   -4.663932|   -0.187394|    0.001070|
|        5314|    0.002177|  2.6458e-03|   -8.609703|   -4.667438|   -0.187394|    0.001070|
|        5315|    0.002884|  2.6458e-03|   -8.609198|   -4.471894|   -0.187394|    0.001070|
|        5316|    0.002966|  2.6459e-03|   -8.611585|   -4.645856|   -0.187394|    0.001070|
|        5317|    0.001958|  2.6458e-03|   -8.613122|   -4.650590|   -0.187394|    0.001070|
|        5318|    0.002508|  2.6457e-03|   -8.614094|   -4.679745|   -0.187394|    0.001070|
|        5319|    0.001860|  2.6456e-03|   -8.614813|   -4.696349|   -0.187394|    0.001070|
|        5320|    0.002431|  2.6456e-03|   -8.614134|   -4.485100|   -0.187394|    0.001070|
|        5321|    0.002195|  2.6455e-03|   -8.616462|   -4.645386|   -0.187394|    0.001070|
|        5322|    0.002597|  2.6455e-03|   -8.616683|   -4.454868|   -0.187394|    0.001070|
|        5323|    0.002113|  2.6454e-03|   -8.619207|   -4.650437|   -0.187394|    0.001070|
|        5324|    0.002822|  2.6454e-03|   -8.620683|   -4.658959|   -0.187394|    0.001070|
|        5325|    0.002536|  2.6454e-03|   -8.621562|   -4.683925|   -0.187394|    0.001070|
|        5326|    0.001847|  2.6452e-03|   -8.622230|   -4.693638|   -0.187394|    0.001070|
|        5327|    0.001855|  2.6451e-03|   -8.621542|   -4.479569|   -0.187394|    0.001070|
|        5328|    0.002012|  2.6450e-03|   -8.623911|   -4.641200|   -0.187394|    0.001070|
|        5329|    0.002015|  2.6448e-03|   -8.625481|   -4.644066|   -0.187394|    0.001070|
|        5330|    0.001900|  2.6447e-03|   -8.626494|   -4.675413|   -0.187394|    0.001070|
|        5331|    0.002065|  2.6446e-03|   -8.627233|   -4.696312|   -0.187394|    0.001070|
|        5332|    0.002188|  2.6445e-03|   -8.627907|   -4.697087|   -0.187394|    0.001070|
|        5333|    0.001952|  2.6444e-03|   -8.628631|   -4.689220|   -0.187394|    0.001070|
|        5334|    0.001848|  2.6442e-03|   -8.629428|   -4.683795|   -0.187394|    0.001070|
|        5335|    0.002325|  2.6442e-03|   -8.630269|   -4.684405|   -0.187394|    0.001070|
|        5336|    0.002083|  2.6441e-03|   -8.631113|   -4.689411|   -0.187394|    0.001070|
|        5337|    0.001986|  2.6439e-03|   -8.631940|   -4.695548|   -0.187394|    0.001070|
|        5338|    0.001909|  2.6438e-03|   -8.632749|   -4.700404|   -0.187394|    0.001070|
|        5339|    0.002600|  2.6438e-03|   -8.633551|   -4.703273|   -0.187394|    0.001070|
|        5340|    0.001971|  2.6437e-03|   -8.634353|   -4.704736|   -0.187394|    0.001070|
|        5341|    0.001992|  2.6435e-03|   -8.635162|   -4.705732|   -0.187394|    0.001070|
|        5342|    0.002976|  2.6436e-03|   -8.635975|   -4.706903|   -0.187394|    0.001070|
|        5343|    0.002238|  2.6435e-03|   -8.636790|   -4.708396|   -0.187394|    0.001070|
|        5344|    0.002178|  2.6434e-03|   -8.637605|   -4.710028|   -0.187394|    0.001070|
|        5345|    0.001949|  2.6433e-03|   -8.638418|   -4.711536|   -0.187394|    0.001070|
|        5346|    0.002891|  2.6434e-03|   -8.639229|   -4.712758|   -0.187394|    0.001070|
|        5347|    0.002003|  2.6432e-03|   -8.640041|   -4.713668|   -0.187394|    0.001070|
|        5348|    0.002063|  2.6431e-03|   -8.640853|   -4.714348|   -0.187394|    0.001070|
|        5349|    0.002262|  2.6431e-03|   -8.641665|   -4.714898|   -0.187394|    0.001070|
|        5350|    0.002313|  2.6430e-03|   -8.642478|   -4.715396|   -0.187394|    0.001070|
|        5351|    0.002320|  2.6429e-03|   -8.643291|   -4.715877|   -0.187394|    0.001070|
|        5352|    0.003036|  2.6430e-03|   -8.644105|   -4.716347|   -0.187394|    0.001070|
|        5353|    0.001894|  2.6429e-03|   -8.644918|   -4.716800|   -0.187394|    0.001070|
|        5354|    0.002086|  2.6428e-03|   -8.645732|   -4.717240|   -0.187394|    0.001070|
|        5355|    0.001866|  2.6426e-03|   -8.646546|   -4.717674|   -0.187394|    0.001070|
|        5356|    0.001976|  2.6425e-03|   -8.647360|   -4.718119|   -0.187394|    0.001070|
|        5357|    0.001942|  2.6424e-03|   -8.648175|   -4.718594|   -0.187394|    0.001070|
|        5358|    0.003351|  2.6425e-03|   -8.648989|   -4.719108|   -0.187394|    0.001070|
|        5359|    0.003070|  2.6426e-03|   -8.649804|   -4.719668|   -0.187394|    0.001070|
|        5360|    0.002225|  2.6425e-03|   -8.650619|   -4.720279|   -0.187394|    0.001070|
|        5361|    0.002094|  2.6424e-03|   -8.651435|   -4.720934|   -0.187394|    0.001070|
|        5362|    0.001868|  2.6423e-03|   -8.652250|   -4.721634|   -0.187394|    0.001070|
|        5363|    0.002033|  2.6421e-03|   -8.653066|   -4.722374|   -0.187394|    0.001070|
|        5364|    0.001859|  2.6420e-03|   -8.653882|   -4.723153|   -0.187394|    0.001070|
|        5365|    0.002329|  2.6419e-03|   -8.654699|   -4.723965|   -0.187394|    0.001070|
|        5366|    0.002563|  2.6419e-03|   -8.655515|   -4.724808|   -0.187394|    0.001070|
|        5367|    0.002826|  2.6420e-03|   -8.656332|   -4.725675|   -0.187394|    0.001070|
|        5368|    0.002088|  2.6418e-03|   -8.657149|   -4.726561|   -0.187394|    0.001070|
|        5369|    0.002998|  2.6419e-03|   -8.657966|   -4.727462|   -0.187394|    0.001070|
|        5370|    0.002956|  2.6420e-03|   -8.658783|   -4.728372|   -0.187394|    0.001070|
|        5371|    0.003539|  2.6421e-03|   -8.659601|   -4.729284|   -0.187394|    0.001070|
|        5372|    0.003269|  2.6423e-03|   -8.660418|   -4.730198|   -0.187394|    0.001070|
|        5373|    0.003030|  2.6423e-03|   -8.661236|   -4.731106|   -0.187394|    0.001070|
|        5374|    0.002915|  2.6424e-03|   -8.662054|   -4.732010|   -0.187394|    0.001070|
|        5375|    0.003825|  2.6426e-03|   -8.662873|   -4.732903|   -0.187394|    0.001070|
|        5376|    0.003239|  2.6427e-03|   -8.663691|   -4.733786|   -0.187394|    0.001070|
|        5377|    0.002852|  2.6428e-03|   -8.664510|   -4.734657|   -0.187394|    0.001070|
|        5378|    0.003121|  2.6428e-03|   -8.665329|   -4.735517|   -0.187394|    0.001070|
|        5379|    0.003042|  2.6429e-03|   -8.666148|   -4.736364|   -0.187394|    0.001070|
|        5380|    0.002366|  2.6429e-03|   -8.666967|   -4.737199|   -0.187394|    0.001070|
|        5381|    0.003748|  2.6431e-03|   -8.667786|   -4.738024|   -0.187394|    0.001070|
|        5382|    0.003100|  2.6432e-03|   -8.668606|   -4.738839|   -0.187394|    0.001070|
|        5383|    0.002474|  2.6431e-03|   -8.669425|   -4.739645|   -0.187394|    0.001070|
|        5384|    0.002066|  2.6430e-03|   -8.670245|   -4.740445|   -0.187394|    0.001070|
|        5385|    0.001872|  2.6429e-03|   -8.671065|   -4.741239|   -0.187394|    0.001070|
|        5386|    0.002519|  2.6428e-03|   -8.671886|   -4.742029|   -0.187394|    0.001070|
|        5387|    0.003509|  2.6430e-03|   -8.672706|   -4.742818|   -0.187394|    0.001070|
|        5388|    0.003224|  2.6431e-03|   -8.673527|   -4.743604|   -0.187394|    0.001070|
|        5389|    0.002202|  2.6430e-03|   -8.674347|   -4.744390|   -0.187394|    0.001070|
|        5390|    0.002973|  2.6431e-03|   -8.673832|   -4.538886|   -0.187394|    0.001070|
|        5391|    0.002748|  2.6431e-03|   -8.676232|   -4.709512|   -0.187394|    0.001070|
|        5392|    0.003439|  2.6433e-03|   -8.676460|   -4.522460|   -0.187394|    0.001070|
|        5393|    0.002876|  2.6433e-03|   -8.678959|   -4.714550|   -0.187394|    0.001070|
|        5394|    0.003074|  2.6434e-03|   -8.679064|   -4.530819|   -0.187394|    0.001070|
|        5395|    0.002991|  2.6435e-03|   -8.681477|   -4.711492|   -0.187394|    0.001070|
|        5396|    0.003018|  2.6435e-03|   -8.681555|   -4.521988|   -0.187394|    0.001070|
|        5397|    0.003441|  2.6437e-03|   -8.684009|   -4.703371|   -0.187394|    0.001070|
|        5398|    0.003410|  2.6438e-03|   -8.685483|   -4.706201|   -0.187394|    0.001070|
|        5399|    0.003625|  2.6440e-03|   -8.686401|   -4.729472|   -0.187394|    0.001070|
|        5400|    0.002657|  2.6440e-03|   -8.687112|   -4.741701|   -0.187394|    0.001070|
|        5401|    0.001909|  2.6439e-03|   -8.686429|   -4.535787|   -0.187394|    0.001070|
|        5402|    0.003096|  2.6439e-03|   -8.688826|   -4.698175|   -0.187394|    0.001070|
|        5403|    0.002945|  2.6440e-03|   -8.690404|   -4.701752|   -0.187394|    0.001070|
|        5404|    0.001912|  2.6439e-03|   -8.691425|   -4.733275|   -0.187394|    0.001070|
|        5405|    0.002364|  2.6438e-03|   -8.692173|   -4.754602|   -0.187394|    0.001070|
|        5406|    0.002827|  2.6438e-03|   -8.691472|   -4.552598|   -0.187394|    0.001070|
|        5407|    0.002050|  2.6437e-03|   -8.693830|   -4.712808|   -0.187394|    0.001070|
|        5408|    0.001905|  2.6436e-03|   -8.694041|   -4.524479|   -0.187394|    0.001070|
|        5409|    0.002431|  2.6436e-03|   -8.696605|   -4.720333|   -0.187394|    0.001070|
|        5410|    0.002492|  2.6435e-03|   -8.698101|   -4.729375|   -0.187394|    0.001070|
|        5411|    0.002472|  2.6435e-03|   -8.698993|   -4.755777|   -0.187394|    0.001070|
|        5412|    0.003284|  2.6436e-03|   -8.699672|   -4.767222|   -0.187394|    0.001070|
|        5413|    0.002737|  2.6436e-03|   -8.700357|   -4.761660|   -0.187394|    0.001070|
|        5414|    0.002264|  2.6436e-03|   -8.701125|   -4.753343|   -0.187394|    0.001070|
|        5415|    0.002846|  2.6436e-03|   -8.701962|   -4.751027|   -0.187394|    0.001070|
|        5416|    0.002081|  2.6435e-03|   -8.701453|   -4.552940|   -0.187394|    0.001070|
|        5417|    0.001889|  2.6434e-03|   -8.703906|   -4.729484|   -0.187394|    0.001070|
|        5418|    0.001889|  2.6432e-03|   -8.704107|   -4.546825|   -0.187394|    0.001070|
|        5419|    0.003139|  2.6433e-03|   -8.706617|   -4.739870|   -0.187394|    0.001070|
|        5420|    0.003262|  2.6434e-03|   -8.708089|   -4.744941|   -0.187394|    0.001070|
|        5421|    0.002685|  2.6434e-03|   -8.708980|   -4.767604|   -0.187394|    0.001070|
|        5422|    0.003404|  2.6436e-03|   -8.708253|   -4.573702|   -0.187394|    0.001070|
|        5423|    0.002839|  2.6436e-03|   -8.710575|   -4.731177|   -0.187394|    0.001070|
|        5424|    0.003129|  2.6437e-03|   -8.710748|   -4.537479|   -0.187394|    0.001070|
|        5425|    0.003363|  2.6438e-03|   -8.713327|   -4.731858|   -0.187394|    0.001070|
|        5426|    0.003478|  2.6440e-03|   -8.714834|   -4.740965|   -0.187394|    0.001070|
|        5427|    0.003521|  2.6441e-03|   -8.715730|   -4.767181|   -0.187394|    0.001070|
|        5428|    0.002775|  2.6442e-03|   -8.716408|   -4.778334|   -0.187394|    0.001070|
|        5429|    0.001996|  2.6441e-03|   -8.715688|   -4.566272|   -0.187394|    0.001070|
|        5430|    0.001897|  2.6439e-03|   -8.718100|   -4.728408|   -0.187394|    0.001070|
|        5431|    0.001931|  2.6438e-03|   -8.719690|   -4.731294|   -0.187394|    0.001070|
|        5432|    0.002310|  2.6437e-03|   -8.720716|   -4.762884|   -0.187394|    0.001070|
|        5433|    0.003024|  2.6438e-03|   -8.721465|   -4.784215|   -0.187394|    0.001070|
|        5434|    0.003174|  2.6439e-03|   -8.722148|   -4.785554|   -0.187394|    0.001070|
|        5435|    0.001960|  2.6438e-03|   -8.722880|   -4.778240|   -0.187394|    0.001070|
|        5436|    0.002096|  2.6437e-03|   -8.722306|   -4.568299|   -0.187394|    0.001070|
|        5437|    0.001981|  2.6435e-03|   -8.724789|   -4.742243|   -0.187394|    0.001070|
|        5438|    0.003378|  2.6437e-03|   -8.726382|   -4.749492|   -0.187394|    0.001070|
|        5439|    0.002723|  2.6437e-03|   -8.727380|   -4.781883|   -0.187394|    0.001070|
|        5440|    0.002994|  2.6438e-03|   -8.728104|   -4.800904|   -0.187394|    0.001070|
|        5441|    0.002076|  2.6436e-03|   -8.728778|   -4.798807|   -0.187394|    0.001070|
|        5442|    0.001973|  2.6435e-03|   -8.729515|   -4.789027|   -0.187394|    0.001070|
|        5443|    0.002667|  2.6435e-03|   -8.730330|   -4.783008|   -0.187394|    0.001070|
|        5444|    0.002138|  2.6434e-03|   -8.731186|   -4.783717|   -0.187394|    0.001070|
|        5445|    0.002338|  2.6434e-03|   -8.732042|   -4.788792|   -0.187394|    0.001070|
|        5446|    0.002947|  2.6434e-03|   -8.732876|   -4.794582|   -0.187394|    0.001070|
|        5447|    0.002563|  2.6434e-03|   -8.733692|   -4.798664|   -0.187394|    0.001070|
|        5448|    0.001875|  2.6433e-03|   -8.734501|   -4.800556|   -0.187394|    0.001070|
|        5449|    0.002059|  2.6432e-03|   -8.735313|   -4.801078|   -0.187394|    0.001070|
|        5450|    0.001894|  2.6430e-03|   -8.736132|   -4.801306|   -0.187394|    0.001070|
|        5451|    0.002685|  2.6430e-03|   -8.736956|   -4.801894|   -0.187394|    0.001070|
|        5452|    0.002388|  2.6430e-03|   -8.737781|   -4.802940|   -0.187394|    0.001070|
|        5453|    0.002367|  2.6429e-03|   -8.738605|   -4.804210|   -0.187394|    0.001070|
|        5454|    0.002918|  2.6430e-03|   -8.739428|   -4.805413|   -0.187394|    0.001070|
|        5455|    0.002990|  2.6431e-03|   -8.740249|   -4.806384|   -0.187394|    0.001070|
|        5456|    0.003466|  2.6432e-03|   -8.741071|   -4.807111|   -0.187394|    0.001070|
|        5457|    0.003098|  2.6433e-03|   -8.741892|   -4.807689|   -0.187394|    0.001070|
|        5458|    0.003077|  2.6434e-03|   -8.742715|   -4.808217|   -0.187394|    0.001070|
|        5459|    0.003070|  2.6435e-03|   -8.743538|   -4.808766|   -0.187394|    0.001070|
|        5460|    0.002848|  2.6435e-03|   -8.744362|   -4.809352|   -0.187394|    0.001070|
|        5461|    0.003023|  2.6436e-03|   -8.745185|   -4.809968|   -0.187394|    0.001070|
|        5462|    0.002752|  2.6436e-03|   -8.746009|   -4.810594|   -0.187394|    0.001070|
|        5463|    0.002660|  2.6436e-03|   -8.746833|   -4.811224|   -0.187394|    0.001070|
|        5464|    0.002175|  2.6435e-03|   -8.747657|   -4.811857|   -0.187394|    0.001070|
|        5465|    0.002004|  2.6434e-03|   -8.748481|   -4.812506|   -0.187394|    0.001070|
|        5466|    0.002549|  2.6434e-03|   -8.749306|   -4.813180|   -0.187394|    0.001070|
|        5467|    0.003222|  2.6435e-03|   -8.750131|   -4.813884|   -0.187394|    0.001070|
|        5468|    0.002692|  2.6435e-03|   -8.750956|   -4.814623|   -0.187394|    0.001070|
|        5469|    0.002779|  2.6435e-03|   -8.751782|   -4.815391|   -0.187394|    0.001070|
|        5470|    0.002719|  2.6435e-03|   -8.752607|   -4.816183|   -0.187394|    0.001070|
|        5471|    0.002483|  2.6435e-03|   -8.753433|   -4.816997|   -0.187394|    0.001070|
|        5472|    0.003422|  2.6436e-03|   -8.754259|   -4.817828|   -0.187394|    0.001070|
|        5473|    0.003260|  2.6437e-03|   -8.755085|   -4.818676|   -0.187394|    0.001070|
|        5474|    0.001879|  2.6436e-03|   -8.755912|   -4.819533|   -0.187394|    0.001070|
|        5475|    0.001871|  2.6435e-03|   -8.756738|   -4.820403|   -0.187394|    0.001070|
|        5476|    0.001905|  2.6433e-03|   -8.757565|   -4.821279|   -0.187394|    0.001070|
|        5477|    0.001865|  2.6432e-03|   -8.758392|   -4.822159|   -0.187394|    0.001070|
|        5478|    0.003528|  2.6433e-03|   -8.759220|   -4.823041|   -0.187394|    0.001070|
|        5479|    0.002473|  2.6433e-03|   -8.760047|   -4.823921|   -0.187394|    0.001070|
|        5480|    0.001944|  2.6432e-03|   -8.760875|   -4.824797|   -0.187394|    0.001070|
|        5481|    0.002066|  2.6431e-03|   -8.761703|   -4.825671|   -0.187394|    0.001070|
|        5482|    0.002010|  2.6430e-03|   -8.762531|   -4.826537|   -0.187394|    0.001070|
|        5483|    0.001981|  2.6428e-03|   -8.763359|   -4.827398|   -0.187394|    0.001070|
|        5484|    0.002774|  2.6429e-03|   -8.764187|   -4.828252|   -0.187394|    0.001070|
|        5485|    0.002440|  2.6428e-03|   -8.765016|   -4.829100|   -0.187394|    0.001070|
|        5486|    0.002716|  2.6428e-03|   -8.765845|   -4.829942|   -0.187394|    0.001070|
|        5487|    0.001952|  2.6427e-03|   -8.766674|   -4.830777|   -0.187394|    0.001070|
|        5488|    0.002045|  2.6426e-03|   -8.767503|   -4.831608|   -0.187394|    0.001070|
|        5489|    0.001834|  2.6425e-03|   -8.768333|   -4.832432|   -0.187394|    0.001070|
|        5490|    0.002330|  2.6424e-03|   -8.769162|   -4.833254|   -0.187394|    0.001070|
|        5491|    0.003406|  2.6425e-03|   -8.769992|   -4.834072|   -0.187394|    0.001070|
|        5492|    0.003424|  2.6427e-03|   -8.770822|   -4.834889|   -0.187394|    0.001070|
|        5493|    0.002977|  2.6427e-03|   -8.771652|   -4.835703|   -0.187394|    0.001070|
|        5494|    0.003150|  2.6428e-03|   -8.771112|   -4.629854|   -0.187394|    0.001070|
|        5495|    0.003016|  2.6429e-03|   -8.773554|   -4.800974|   -0.187394|    0.001070|
|        5496|    0.003562|  2.6431e-03|   -8.773769|   -4.613541|   -0.187394|    0.001070|
|        5497|    0.003181|  2.6432e-03|   -8.776313|   -4.805969|   -0.187394|    0.001070|
|        5498|    0.002645|  2.6432e-03|   -8.776404|   -4.621775|   -0.187394|    0.001070|
|        5499|    0.002319|  2.6431e-03|   -8.778861|   -4.802812|   -0.187394|    0.001070|
|        5500|    0.003242|  2.6432e-03|   -8.780334|   -4.803219|   -0.187394|    0.001070|
+-----------------------------------------------------------------------+
|        File Writing Summary       |              Filename             |
+-----------------------------------------------------------------------+
|SU2 binary restart                 |restart_flow.dat                   |
|Paraview                           |flow.vtu                           |
|Paraview surface                   |surface_flow.vtu                   |
+-----------------------------------------------------------------------+
+------------------------------------------------------------------------------------------+
|  Inner_Iter|   Time(sec)|   Time(sec)|    rms[Rho]|   rms[RhoE]|          CL|          CD|
+------------------------------------------------------------------------------------------+
|        5501|    0.013651|  2.6452e-03|   -8.781259|   -4.823868|   -0.187394|    0.001070|
|        5502|    0.003766|  2.6454e-03|   -8.781985|   -4.834276|   -0.187394|    0.001070|
|        5503|    0.003049|  2.6455e-03|   -8.781289|   -4.626254|   -0.187394|    0.001070|
|        5504|    0.003007|  2.6456e-03|   -8.783728|   -4.789585|   -0.187394|    0.001070|
|        5505|    0.002910|  2.6456e-03|   -8.785327|   -4.793404|   -0.187394|    0.001070|
|        5506|    0.002589|  2.6456e-03|   -8.786357|   -4.824457|   -0.187394|    0.001070|
|        5507|    0.002829|  2.6456e-03|   -8.787113|   -4.844920|   -0.187394|    0.001070|
|        5508|    0.001920|  2.6455e-03|   -8.786389|   -4.641143|   -0.187394|    0.001070|
|        5509|    0.002327|  2.6454e-03|   -8.788788|   -4.801375|   -0.187394|    0.001070|
|        5510|    0.002884|  2.6455e-03|   -8.788988|   -4.612773|   -0.187394|    0.001070|
|        5511|    0.002758|  2.6455e-03|   -8.791597|   -4.808502|   -0.187394|    0.001070|
|        5512|    0.002239|  2.6454e-03|   -8.793113|   -4.817623|   -0.187394|    0.001070|
|        5513|    0.001896|  2.6453e-03|   -8.794016|   -4.843733|   -0.187394|    0.001070|
|        5514|    0.001986|  2.6452e-03|   -8.794704|   -4.854952|   -0.187394|    0.001070|
|        5515|    0.001912|  2.6451e-03|   -8.795399|   -4.849395|   -0.187394|    0.001070|
|        5516|    0.002413|  2.6450e-03|   -8.796176|   -4.841244|   -0.187394|    0.001070|
|        5517|    0.003276|  2.6451e-03|   -8.797024|   -4.839147|   -0.187394|    0.001070|
|        5518|    0.002913|  2.6452e-03|   -8.797895|   -4.843434|   -0.187394|    0.001070|
|        5519|    0.002439|  2.6451e-03|   -8.797349|   -4.648276|   -0.187394|    0.001070|
|        5520|    0.003086|  2.6452e-03|   -8.799817|   -4.822987|   -0.187394|    0.001070|
|        5521|    0.003380|  2.6453e-03|   -8.801395|   -4.827871|   -0.187394|    0.001070|
|        5522|    0.003900|  2.6456e-03|   -8.802392|   -4.856996|   -0.187394|    0.001070|
|        5523|    0.003335|  2.6457e-03|   -8.803131|   -4.873628|   -0.187394|    0.001070|
|        5524|    0.002793|  2.6457e-03|   -8.802410|   -4.662072|   -0.187394|    0.001070|
|        5525|    0.001903|  2.6456e-03|   -8.804819|   -4.823508|   -0.187394|    0.001070|
|        5526|    0.002627|  2.6456e-03|   -8.805022|   -4.632507|   -0.187394|    0.001070|
|        5527|    0.002209|  2.6455e-03|   -8.807630|   -4.828770|   -0.187394|    0.001070|
|        5528|    0.002021|  2.6454e-03|   -8.809147|   -4.837246|   -0.187394|    0.001070|
|        5529|    0.003159|  2.6455e-03|   -8.810048|   -4.862009|   -0.187394|    0.001070|
|        5530|    0.003331|  2.6456e-03|   -8.810736|   -4.871571|   -0.187394|    0.001070|
|        5531|    0.002294|  2.6455e-03|   -8.810004|   -4.656798|   -0.187394|    0.001070|
|        5532|    0.002581|  2.6455e-03|   -8.812455|   -4.819469|   -0.187394|    0.001070|
|        5533|    0.003832|  2.6458e-03|   -8.814066|   -4.822460|   -0.187394|    0.001070|
|        5534|    0.003426|  2.6459e-03|   -8.815104|   -4.853630|   -0.187394|    0.001070|
|        5535|    0.003040|  2.6460e-03|   -8.815862|   -4.874252|   -0.187394|    0.001070|
|        5536|    0.002494|  2.6459e-03|   -8.816554|   -4.874861|   -0.187394|    0.001070|
|        5537|    0.003431|  2.6461e-03|   -8.817297|   -4.867006|   -0.187394|    0.001070|
|        5538|    0.002291|  2.6460e-03|   -8.816704|   -4.656342|   -0.187394|    0.001070|
|        5539|    0.002966|  2.6461e-03|   -8.819228|   -4.830378|   -0.187394|    0.001070|
|        5540|    0.001984|  2.6460e-03|   -8.820843|   -4.837813|   -0.187394|    0.001070|
|        5541|    0.001899|  2.6458e-03|   -8.821854|   -4.869979|   -0.187394|    0.001070|
|        5542|    0.002641|  2.6458e-03|   -8.822588|   -4.888752|   -0.187394|    0.001070|
|        5543|    0.002635|  2.6458e-03|   -8.823272|   -4.886582|   -0.187394|    0.001070|
|        5544|    0.001922|  2.6457e-03|   -8.824019|   -4.876902|   -0.187394|    0.001070|
|        5545|    0.002021|  2.6456e-03|   -8.824845|   -4.871069|   -0.187394|    0.001070|
|        5546|    0.001900|  2.6454e-03|   -8.825713|   -4.871978|   -0.187394|    0.001070|
|        5547|    0.001877|  2.6453e-03|   -8.826579|   -4.877241|   -0.187394|    0.001070|
|        5548|    0.002144|  2.6452e-03|   -8.827424|   -4.883208|   -0.187394|    0.001070|
|        5549|    0.003172|  2.6453e-03|   -8.828251|   -4.887469|   -0.187394|    0.001070|
|        5550|    0.003426|  2.6454e-03|   -8.829071|   -4.889544|   -0.187394|    0.001070|
|        5551|    0.003328|  2.6456e-03|   -8.829894|   -4.890253|   -0.187394|    0.001070|
|        5552|    0.003309|  2.6457e-03|   -8.830723|   -4.890658|   -0.187394|    0.001070|
|        5553|    0.002801|  2.6457e-03|   -8.831558|   -4.891408|   -0.187394|    0.001070|
|        5554|    0.003112|  2.6458e-03|   -8.832394|   -4.892589|   -0.187394|    0.001070|
|        5555|    0.002806|  2.6458e-03|   -8.833229|   -4.893969|   -0.187394|    0.001070|
|        5556|    0.001931|  2.6457e-03|   -8.834062|   -4.895257|   -0.187394|    0.001070|
|        5557|    0.002019|  2.6456e-03|   -8.834894|   -4.896288|   -0.187394|    0.001070|
|        5558|    0.001851|  2.6454e-03|   -8.835726|   -4.897058|   -0.187394|    0.001070|
|        5559|    0.002665|  2.6454e-03|   -8.836559|   -4.897660|   -0.187394|    0.001070|
|        5560|    0.002946|  2.6455e-03|   -8.837392|   -4.898193|   -0.187394|    0.001070|
|        5561|    0.003121|  2.6456e-03|   -8.838226|   -4.898732|   -0.187394|    0.001070|
|        5562|    0.003125|  2.6457e-03|   -8.839060|   -4.899296|   -0.187394|    0.001070|
|        5563|    0.002778|  2.6457e-03|   -8.839894|   -4.899879|   -0.187394|    0.001070|
|        5564|    0.001878|  2.6456e-03|   -8.840729|   -4.900468|   -0.187394|    0.001070|
|        5565|    0.001937|  2.6454e-03|   -8.841563|   -4.901052|   -0.187394|    0.001070|
|        5566|    0.001866|  2.6453e-03|   -8.842398|   -4.901641|   -0.187394|    0.001070|
|        5567|    0.003394|  2.6454e-03|   -8.843233|   -4.902247|   -0.187394|    0.001070|
|        5568|    0.002616|  2.6454e-03|   -8.844068|   -4.902877|   -0.187394|    0.001070|
|        5569|    0.002454|  2.6454e-03|   -8.844903|   -4.903546|   -0.187394|    0.001070|
|        5570|    0.002285|  2.6453e-03|   -8.845739|   -4.904247|   -0.187394|    0.001070|
|        5571|    0.002775|  2.6453e-03|   -8.846575|   -4.904988|   -0.187394|    0.001070|
|        5572|    0.001865|  2.6452e-03|   -8.847411|   -4.905758|   -0.187394|    0.001070|
|        5573|    0.003496|  2.6454e-03|   -8.848247|   -4.906557|   -0.187394|    0.001070|
|        5574|    0.002028|  2.6452e-03|   -8.849084|   -4.907379|   -0.187394|    0.001070|
|        5575|    0.002091|  2.6451e-03|   -8.849921|   -4.908223|   -0.187394|    0.001070|
|        5576|    0.001967|  2.6450e-03|   -8.850758|   -4.909085|   -0.187394|    0.001070|
|        5577|    0.003541|  2.6452e-03|   -8.851595|   -4.909962|   -0.187394|    0.001070|
|        5578|    0.002579|  2.6452e-03|   -8.852433|   -4.910849|   -0.187394|    0.001070|
|        5579|    0.001890|  2.6450e-03|   -8.853270|   -4.911748|   -0.187394|    0.001070|
|        5580|    0.001943|  2.6449e-03|   -8.854108|   -4.912647|   -0.187394|    0.001070|
|        5581|    0.002994|  2.6450e-03|   -8.854946|   -4.913548|   -0.187394|    0.001070|
|        5582|    0.002929|  2.6450e-03|   -8.855784|   -4.914446|   -0.187394|    0.001070|
|        5583|    0.002947|  2.6451e-03|   -8.856623|   -4.915343|   -0.187394|    0.001070|
|        5584|    0.002969|  2.6451e-03|   -8.857461|   -4.916232|   -0.187394|    0.001070|
|        5585|    0.003142|  2.6452e-03|   -8.858300|   -4.917115|   -0.187394|    0.001070|
|        5586|    0.003179|  2.6453e-03|   -8.859139|   -4.917989|   -0.187394|    0.001070|
|        5587|    0.003548|  2.6455e-03|   -8.859978|   -4.918855|   -0.187394|    0.001070|
|        5588|    0.002279|  2.6454e-03|   -8.860818|   -4.919714|   -0.187394|    0.001070|
|        5589|    0.002915|  2.6455e-03|   -8.861657|   -4.920565|   -0.187394|    0.001070|
|        5590|    0.002478|  2.6454e-03|   -8.862497|   -4.921408|   -0.187394|    0.001070|
|        5591|    0.002584|  2.6454e-03|   -8.863337|   -4.922244|   -0.187394|    0.001070|
|        5592|    0.002594|  2.6454e-03|   -8.864177|   -4.923076|   -0.187394|    0.001070|
|        5593|    0.002010|  2.6453e-03|   -8.865017|   -4.923901|   -0.187394|    0.001070|
|        5594|    0.002134|  2.6452e-03|   -8.865858|   -4.924723|   -0.187394|    0.001070|
|        5595|    0.004161|  2.6455e-03|   -8.866699|   -4.925541|   -0.187394|    0.001070|
|        5596|    0.002843|  2.6455e-03|   -8.866140|   -4.719329|   -0.187394|    0.001070|
|        5597|    0.002596|  2.6455e-03|   -8.868623|   -4.890889|   -0.187394|    0.001070|
|        5598|    0.001885|  2.6454e-03|   -8.868829|   -4.703105|   -0.187394|    0.001070|
|        5599|    0.003072|  2.6455e-03|   -8.871416|   -4.895818|   -0.187394|    0.001070|
|        5600|    0.002575|  2.6454e-03|   -8.871497|   -4.711198|   -0.187394|    0.001070|
|        5601|    0.002064|  2.6453e-03|   -8.873996|   -4.892545|   -0.187394|    0.001070|
|        5602|    0.002004|  2.6452e-03|   -8.874049|   -4.702362|   -0.187394|    0.001070|
|        5603|    0.002995|  2.6453e-03|   -8.876590|   -4.884391|   -0.187394|    0.001070|
|        5604|    0.002733|  2.6453e-03|   -8.876652|   -4.699195|   -0.187394|    0.001070|
|        5605|    0.002793|  2.6453e-03|   -8.879205|   -4.882333|   -0.187394|    0.001070|
|        5606|    0.002546|  2.6453e-03|   -8.880716|   -4.885959|   -0.187394|    0.001070|
|        5607|    0.003304|  2.6454e-03|   -8.881653|   -4.909378|   -0.187394|    0.001070|
|        5608|    0.002021|  2.6453e-03|   -8.882379|   -4.921768|   -0.187394|    0.001070|
|        5609|    0.002415|  2.6453e-03|   -8.883098|   -4.919631|   -0.187394|    0.001070|
|        5610|    0.002946|  2.6453e-03|   -8.882446|   -4.711819|   -0.187394|    0.001070|
|        5611|    0.003544|  2.6455e-03|   -8.884994|   -4.883280|   -0.187394|    0.001070|
|        5612|    0.003188|  2.6456e-03|   -8.885195|   -4.704592|   -0.187394|    0.001070|
|        5613|    0.003278|  2.6457e-03|   -8.887824|   -4.900493|   -0.187394|    0.001070|
|        5614|    0.003774|  2.6459e-03|   -8.889340|   -4.908297|   -0.187394|    0.001070|
|        5615|    0.003732|  2.6461e-03|   -8.890248|   -4.932941|   -0.187394|    0.001070|
|        5616|    0.003393|  2.6462e-03|   -8.890949|   -4.943679|   -0.187394|    0.001070|
|        5617|    0.002684|  2.6462e-03|   -8.891660|   -4.938853|   -0.187394|    0.001070|
|        5618|    0.002333|  2.6462e-03|   -8.892452|   -4.931975|   -0.187394|    0.001070|
|        5619|    0.001873|  2.6460e-03|   -8.893310|   -4.931014|   -0.187394|    0.001070|
|        5620|    0.002087|  2.6459e-03|   -8.892754|   -4.733480|   -0.187394|    0.001070|
|        5621|    0.002305|  2.6459e-03|   -8.895290|   -4.911072|   -0.187394|    0.001070|
|        5622|    0.002777|  2.6459e-03|   -8.896897|   -4.917679|   -0.187394|    0.001070|
|        5623|    0.002218|  2.6458e-03|   -8.897904|   -4.948025|   -0.187394|    0.001070|
|        5624|    0.003224|  2.6459e-03|   -8.898645|   -4.964962|   -0.187394|    0.001070|
|        5625|    0.002178|  2.6458e-03|   -8.899343|   -4.961787|   -0.187394|    0.001070|
|        5626|    0.002597|  2.6458e-03|   -8.898675|   -4.742182|   -0.187394|    0.001070|
|        5627|    0.001878|  2.6457e-03|   -8.901202|   -4.912274|   -0.187394|    0.001070|
|        5628|    0.003170|  2.6458e-03|   -8.901409|   -4.727000|   -0.187394|    0.001070|
|        5629|    0.002193|  2.6457e-03|   -8.904040|   -4.923670|   -0.187394|    0.001070|
|        5630|    0.002726|  2.6457e-03|   -8.905561|   -4.930859|   -0.187394|    0.001070|
|        5631|    0.002449|  2.6457e-03|   -8.906468|   -4.953871|   -0.187394|    0.001070|
|        5632|    0.003440|  2.6458e-03|   -8.907167|   -4.962236|   -0.187394|    0.001070|
|        5633|    0.002845|  2.6459e-03|   -8.906415|   -4.746715|   -0.187394|    0.001070|
|        5634|    0.002258|  2.6458e-03|   -8.908912|   -4.910444|   -0.187394|    0.001070|
|        5635|    0.001891|  2.6457e-03|   -8.910544|   -4.913761|   -0.187394|    0.001070|
|        5636|    0.002541|  2.6456e-03|   -8.911593|   -4.944857|   -0.187394|    0.001070|
|        5637|    0.002725|  2.6457e-03|   -8.912359|   -4.965163|   -0.187394|    0.001070|
|        5638|    0.009429|  2.6469e-03|   -8.913059|   -4.965444|   -0.187394|    0.001070|
|        5639|    0.002935|  2.6469e-03|   -8.913810|   -4.957415|   -0.187394|    0.001070|
|        5640|    0.003380|  2.6470e-03|   -8.913193|   -4.746437|   -0.187394|    0.001070|
|        5641|    0.003005|  2.6471e-03|   -8.915761|   -4.920911|   -0.187394|    0.001070|
|        5642|    0.003000|  2.6472e-03|   -8.917397|   -4.928454|   -0.187394|    0.001070|
|        5643|    0.003432|  2.6473e-03|   -8.918420|   -4.960505|   -0.187394|    0.001070|
|        5644|    0.003503|  2.6475e-03|   -8.919163|   -4.979142|   -0.187394|    0.001070|
|        5645|    0.004007|  2.6477e-03|   -8.919855|   -4.976938|   -0.187394|    0.001070|
|        5646|    0.003042|  2.6478e-03|   -8.920612|   -4.967339|   -0.187394|    0.001070|
|        5647|    0.002510|  2.6477e-03|   -8.921448|   -4.961629|   -0.187394|    0.001070|
|        5648|    0.002689|  2.6478e-03|   -8.922325|   -4.962648|   -0.187394|    0.001070|
|        5649|    0.002457|  2.6477e-03|   -8.923201|   -4.967988|   -0.187394|    0.001070|
|        5650|    0.002863|  2.6478e-03|   -8.924056|   -4.974007|   -0.187394|    0.001070|
|        5651|    0.003262|  2.6479e-03|   -8.924892|   -4.978311|   -0.187394|    0.001070|
|        5652|    0.003144|  2.6480e-03|   -8.925722|   -4.980436|   -0.187394|    0.001070|
|        5653|    0.002949|  2.6480e-03|   -8.926554|   -4.981202|   -0.187394|    0.001070|
|        5654|    0.002074|  2.6479e-03|   -8.927393|   -4.981664|   -0.187394|    0.001070|
|        5655|    0.002084|  2.6478e-03|   -8.928238|   -4.982462|   -0.187394|    0.001070|
|        5656|    0.002109|  2.6477e-03|   -8.929083|   -4.983680|   -0.187394|    0.001070|
|        5657|    0.003125|  2.6478e-03|   -8.929928|   -4.985084|   -0.187394|    0.001070|
|        5658|    0.002236|  2.6477e-03|   -8.930771|   -4.986385|   -0.187394|    0.001070|
|        5659|    0.003349|  2.6478e-03|   -8.931613|   -4.987427|   -0.187394|    0.001070|
|        5660|    0.002405|  2.6478e-03|   -8.932454|   -4.988203|   -0.187394|    0.001070|
|        5661|    0.002087|  2.6477e-03|   -8.933297|   -4.988807|   -0.187394|    0.001070|
|        5662|    0.002675|  2.6477e-03|   -8.934140|   -4.989342|   -0.187394|    0.001070|
|        5663|    0.002105|  2.6476e-03|   -8.934983|   -4.989874|   -0.187394|    0.001070|
|        5664|    0.001900|  2.6475e-03|   -8.935827|   -4.990434|   -0.187394|    0.001070|
|        5665|    0.002375|  2.6474e-03|   -8.936671|   -4.991012|   -0.187394|    0.001070|
|        5666|    0.002928|  2.6475e-03|   -8.937515|   -4.991593|   -0.187394|    0.001070|
|        5667|    0.002026|  2.6474e-03|   -8.938359|   -4.992173|   -0.187394|    0.001070|
|        5668|    0.001876|  2.6472e-03|   -8.939204|   -4.992758|   -0.187394|    0.001070|
|        5669|    0.001969|  2.6471e-03|   -8.940048|   -4.993359|   -0.187394|    0.001070|
|        5670|    0.001890|  2.6470e-03|   -8.940893|   -4.993993|   -0.187394|    0.001070|
|        5671|    0.002547|  2.6470e-03|   -8.941738|   -4.994660|   -0.187394|    0.001070|
|        5672|    0.003134|  2.6471e-03|   -8.942584|   -4.995369|   -0.187394|    0.001070|
|        5673|    0.003159|  2.6471e-03|   -8.943430|   -4.996116|   -0.187394|    0.001070|
|        5674|    0.002899|  2.6472e-03|   -8.944276|   -4.996894|   -0.187394|    0.001070|
|        5675|    0.003887|  2.6474e-03|   -8.945122|   -4.997703|   -0.187394|    0.001070|
|        5676|    0.003132|  2.6475e-03|   -8.945968|   -4.998539|   -0.187394|    0.001070|
|        5677|    0.003177|  2.6476e-03|   -8.946815|   -4.999396|   -0.187394|    0.001070|
|        5678|    0.003296|  2.6477e-03|   -8.947662|   -5.000273|   -0.187394|    0.001070|
|        5679|    0.002410|  2.6477e-03|   -8.948509|   -5.001168|   -0.187394|    0.001070|
|        5680|    0.002873|  2.6477e-03|   -8.949356|   -5.002070|   -0.187394|    0.001070|
|        5681|    0.002247|  2.6476e-03|   -8.950204|   -5.002985|   -0.187394|    0.001070|
|        5682|    0.001889|  2.6475e-03|   -8.951052|   -5.003900|   -0.187394|    0.001070|
|        5683|    0.003253|  2.6476e-03|   -8.951899|   -5.004821|   -0.187394|    0.001070|
|        5684|    0.002488|  2.6476e-03|   -8.952748|   -5.005735|   -0.187394|    0.001070|
|        5685|    0.002663|  2.6476e-03|   -8.953596|   -5.006645|   -0.187394|    0.001070|
|        5686|    0.002890|  2.6476e-03|   -8.954444|   -5.007550|   -0.187394|    0.001070|
|        5687|    0.002872|  2.6477e-03|   -8.955293|   -5.008446|   -0.187394|    0.001070|
|        5688|    0.002446|  2.6476e-03|   -8.956142|   -5.009336|   -0.187394|    0.001070|
|        5689|    0.003297|  2.6477e-03|   -8.956991|   -5.010215|   -0.187394|    0.001070|
|        5690|    0.002249|  2.6477e-03|   -8.957841|   -5.011086|   -0.187394|    0.001070|
|        5691|    0.001853|  2.6475e-03|   -8.958690|   -5.011946|   -0.187394|    0.001070|
|        5692|    0.002693|  2.6475e-03|   -8.959540|   -5.012802|   -0.187394|    0.001070|
|        5693|    0.002659|  2.6475e-03|   -8.960390|   -5.013648|   -0.187394|    0.001070|
|        5694|    0.002093|  2.6474e-03|   -8.961240|   -5.014488|   -0.187394|    0.001070|
|        5695|    0.002702|  2.6474e-03|   -8.962090|   -5.015323|   -0.187394|    0.001070|
|        5696|    0.001879|  2.6473e-03|   -8.962940|   -5.016155|   -0.187394|    0.001070|
|        5697|    0.001875|  2.6472e-03|   -8.963791|   -5.016982|   -0.187394|    0.001070|
|        5698|    0.002975|  2.6472e-03|   -8.963210|   -4.810433|   -0.187394|    0.001070|
|        5699|    0.002925|  2.6473e-03|   -8.965735|   -4.982442|   -0.187394|    0.001070|
|        5700|    0.003336|  2.6474e-03|   -8.965931|   -4.794317|   -0.187394|    0.001070|
|        5701|    0.002970|  2.6475e-03|   -8.968561|   -4.987315|   -0.187394|    0.001070|
|        5702|    0.002934|  2.6475e-03|   -8.968631|   -4.802279|   -0.187394|    0.001070|
|        5703|    0.002946|  2.6476e-03|   -8.971173|   -4.983942|   -0.187394|    0.001070|
|        5704|    0.003377|  2.6477e-03|   -8.971214|   -4.793448|   -0.187394|    0.001070|
|        5705|    0.002659|  2.6477e-03|   -8.973799|   -4.975780|   -0.187394|    0.001070|
|        5706|    0.001873|  2.6476e-03|   -8.973848|   -4.790292|   -0.187394|    0.001070|
|        5707|    0.001958|  2.6474e-03|   -8.976445|   -4.973721|   -0.187394|    0.001070|
|        5708|    0.001916|  2.6473e-03|   -8.977976|   -4.977382|   -0.187394|    0.001070|
|        5709|    0.001924|  2.6472e-03|   -8.978925|   -5.000711|   -0.187394|    0.001070|
|        5710|    0.002511|  2.6472e-03|   -8.979661|   -5.013046|   -0.187394|    0.001070|
|        5711|    0.001971|  2.6470e-03|   -8.980389|   -5.010954|   -0.187394|    0.001070|
|        5712|    0.002190|  2.6470e-03|   -8.979712|   -4.803026|   -0.187394|    0.001070|
|        5713|    0.002712|  2.6470e-03|   -8.982304|   -4.974954|   -0.187394|    0.001070|
|        5714|    0.002136|  2.6469e-03|   -8.982494|   -4.796006|   -0.187394|    0.001070|
|        5715|    0.003338|  2.6470e-03|   -8.985167|   -4.992193|   -0.187394|    0.001070|
|        5716|    0.002724|  2.6470e-03|   -8.986704|   -5.000010|   -0.187394|    0.001070|
|        5717|    0.002584|  2.6470e-03|   -8.987623|   -5.024548|   -0.187394|    0.001070|
|        5718|    0.002590|  2.6470e-03|   -8.988334|   -5.035228|   -0.187394|    0.001070|
|        5719|    0.002138|  2.6469e-03|   -8.989054|   -5.030448|   -0.187394|    0.001070|
|        5720|    0.001854|  2.6468e-03|   -8.988389|   -4.817798|   -0.187394|    0.001070|
|        5721|    0.002930|  2.6468e-03|   -8.990984|   -4.991563|   -0.187394|    0.001070|
|        5722|    0.003438|  2.6470e-03|   -8.991177|   -4.810390|   -0.187394|    0.001070|
|        5723|    0.002474|  2.6469e-03|   -8.993843|   -5.007493|   -0.187394|    0.001070|
|        5724|    0.002962|  2.6470e-03|   -8.995378|   -5.014509|   -0.187394|    0.001070|
|        5725|    0.002786|  2.6470e-03|   -8.996296|   -5.037962|   -0.187394|    0.001070|
|        5726|    0.001898|  2.6469e-03|   -8.997006|   -5.047223|   -0.187394|    0.001070|
|        5727|    0.002929|  2.6469e-03|   -8.997726|   -5.040990|   -0.187394|    0.001070|
|        5728|    0.003253|  2.6470e-03|   -8.997052|   -4.825786|   -0.187394|    0.001070|
|        5729|    0.002725|  2.6470e-03|   -8.999651|   -4.999164|   -0.187394|    0.001070|
|        5730|    0.003022|  2.6471e-03|   -8.999837|   -4.817199|   -0.187394|    0.001070|
|        5731|    0.003086|  2.6472e-03|   -9.002510|   -5.013656|   -0.187394|    0.001070|
|        5732|    0.003127|  2.6473e-03|   -9.004046|   -5.020543|   -0.187394|    0.001070|
|        5733|    0.002803|  2.6473e-03|   -9.004965|   -5.043470|   -0.187394|    0.001070|
|        5734|    0.002805|  2.6473e-03|   -9.005674|   -5.052285|   -0.187394|    0.001070|
|        5735|    0.002790|  2.6473e-03|   -9.004895|   -4.838143|   -0.187394|    0.001070|
|        5736|    0.003191|  2.6474e-03|   -9.007440|   -5.003054|   -0.187394|    0.001070|
|        5737|    0.001928|  2.6473e-03|   -9.009093|   -5.006609|   -0.187394|    0.001070|
|        5738|    0.002529|  2.6473e-03|   -9.010153|   -5.037996|   -0.187394|    0.001070|
|        5739|    0.001838|  2.6472e-03|   -9.010927|   -5.058539|   -0.187394|    0.001070|
|        5740|    0.001928|  2.6470e-03|   -9.011635|   -5.059036|   -0.187394|    0.001070|
|        5741|    0.001881|  2.6469e-03|   -9.012396|   -5.051218|   -0.187394|    0.001070|
|        5742|    0.001995|  2.6468e-03|   -9.011752|   -4.839874|   -0.187394|    0.001070|
|        5743|    0.001834|  2.6466e-03|   -9.014364|   -5.015114|   -0.187394|    0.001070|
|        5744|    0.001934|  2.6465e-03|   -9.016021|   -5.022569|   -0.187394|    0.001070|
|        5745|    0.002827|  2.6465e-03|   -9.017055|   -5.054495|   -0.187394|    0.001070|
|        5746|    0.002285|  2.6465e-03|   -9.017807|   -5.072938|   -0.187394|    0.001070|
|        5747|    0.001833|  2.6463e-03|   -9.018508|   -5.070564|   -0.187394|    0.001070|
|        5748|    0.001917|  2.6462e-03|   -9.019273|   -5.060849|   -0.187394|    0.001070|
|        5749|    0.001867|  2.6461e-03|   -9.020118|   -5.055058|   -0.187394|    0.001070|
|        5750|    0.002660|  2.6461e-03|   -9.021004|   -5.055970|   -0.187394|    0.001070|
+-----------------------------------------------------------------------+
|        File Writing Summary       |              Filename             |
+-----------------------------------------------------------------------+
|SU2 binary restart                 |restart_flow.dat                   |
|Paraview                           |flow.vtu                           |
|Paraview surface                   |surface_flow.vtu                   |
+-----------------------------------------------------------------------+
+------------------------------------------------------------------------------------------+
|  Inner_Iter|   Time(sec)|   Time(sec)|    rms[Rho]|   rms[RhoE]|          CL|          CD|
+------------------------------------------------------------------------------------------+
|        5751|    0.012946|  2.6479e-03|   -9.021889|   -5.061165|   -0.187394|    0.001070|
|        5752|    0.003136|  2.6480e-03|   -9.022754|   -5.067017|   -0.187394|    0.001070|
|        5753|    0.003048|  2.6480e-03|   -9.023600|   -5.071162|   -0.187394|    0.001070|
|        5754|    0.002766|  2.6480e-03|   -9.024438|   -5.073157|   -0.187394|    0.001070|
|        5755|    0.002827|  2.6481e-03|   -9.025281|   -5.073826|   -0.187394|    0.001070|
|        5756|    0.002311|  2.6480e-03|   -9.026129|   -5.074221|   -0.187394|    0.001070|
|        5757|    0.002213|  2.6479e-03|   -9.026983|   -5.074966|   -0.187394|    0.001070|
|        5758|    0.002045|  2.6478e-03|   -9.027838|   -5.076147|   -0.187394|    0.001070|
|        5759|    0.001947|  2.6477e-03|   -9.028692|   -5.077523|   -0.187394|    0.001070|
|        5760|    0.001957|  2.6476e-03|   -9.029544|   -5.078814|   -0.187394|    0.001070|
|        5761|    0.003392|  2.6477e-03|   -9.030396|   -5.079863|   -0.187394|    0.001070|
|        5762|    0.003001|  2.6478e-03|   -9.031247|   -5.080659|   -0.187394|    0.001070|
|        5763|    0.002959|  2.6478e-03|   -9.032099|   -5.081297|   -0.187394|    0.001070|
|        5764|    0.003355|  2.6480e-03|   -9.032951|   -5.081876|   -0.187394|    0.001070|
|        5765|    0.003228|  2.6481e-03|   -9.033804|   -5.082463|   -0.187394|    0.001070|
|        5766|    0.003084|  2.6481e-03|   -9.034658|   -5.083073|   -0.187394|    0.001070|
|        5767|    0.002797|  2.6482e-03|   -9.035511|   -5.083705|   -0.187394|    0.001070|
|        5768|    0.003228|  2.6483e-03|   -9.036365|   -5.084342|   -0.187394|    0.001070|
|        5769|    0.002113|  2.6482e-03|   -9.037219|   -5.084972|   -0.187394|    0.001070|
|        5770|    0.002204|  2.6481e-03|   -9.038073|   -5.085609|   -0.187394|    0.001070|
|        5771|    0.003229|  2.6482e-03|   -9.038927|   -5.086257|   -0.187394|    0.001070|
|        5772|    0.003259|  2.6483e-03|   -9.039782|   -5.086931|   -0.187394|    0.001070|
|        5773|    0.003768|  2.6485e-03|   -9.040637|   -5.087640|   -0.187394|    0.001070|
|        5774|    0.002468|  2.6485e-03|   -9.041492|   -5.088378|   -0.187394|    0.001070|
|        5775|    0.002579|  2.6485e-03|   -9.042347|   -5.089152|   -0.187394|    0.001070|
|        5776|    0.002145|  2.6484e-03|   -9.043203|   -5.089952|   -0.187394|    0.001070|
|        5777|    0.003226|  2.6485e-03|   -9.044059|   -5.090778|   -0.187394|    0.001070|
|        5778|    0.003295|  2.6486e-03|   -9.044915|   -5.091626|   -0.187394|    0.001070|
|        5779|    0.003403|  2.6487e-03|   -9.045772|   -5.092493|   -0.187394|    0.001070|
|        5780|    0.003041|  2.6488e-03|   -9.046628|   -5.093377|   -0.187394|    0.001070|
|        5781|    0.002478|  2.6487e-03|   -9.047485|   -5.094272|   -0.187394|    0.001070|
|        5782|    0.001982|  2.6486e-03|   -9.048342|   -5.095181|   -0.187394|    0.001070|
|        5783|    0.002534|  2.6486e-03|   -9.049200|   -5.096095|   -0.187394|    0.001070|
|        5784|    0.002805|  2.6486e-03|   -9.050057|   -5.097012|   -0.187394|    0.001070|
|        5785|    0.002938|  2.6487e-03|   -9.050915|   -5.097932|   -0.187394|    0.001070|
|        5786|    0.002955|  2.6487e-03|   -9.051773|   -5.098847|   -0.187394|    0.001070|
|        5787|    0.001871|  2.6486e-03|   -9.052631|   -5.099761|   -0.187394|    0.001070|
|        5788|    0.003047|  2.6487e-03|   -9.053489|   -5.100668|   -0.187394|    0.001070|
|        5789|    0.003282|  2.6488e-03|   -9.054348|   -5.101571|   -0.187394|    0.001070|
|        5790|    0.003059|  2.6489e-03|   -9.055207|   -5.102465|   -0.187394|    0.001070|
|        5791|    0.003439|  2.6490e-03|   -9.056066|   -5.103354|   -0.187394|    0.001070|
|        5792|    0.003158|  2.6491e-03|   -9.056925|   -5.104233|   -0.187394|    0.001070|
|        5793|    0.004052|  2.6493e-03|   -9.057784|   -5.105105|   -0.187394|    0.001070|
|        5794|    0.003384|  2.6495e-03|   -9.058644|   -5.105972|   -0.187394|    0.001070|
|        5795|    0.002997|  2.6495e-03|   -9.059504|   -5.106834|   -0.187394|    0.001070|
|        5796|    0.002399|  2.6495e-03|   -9.060364|   -5.107688|   -0.187394|    0.001070|
|        5797|    0.003042|  2.6495e-03|   -9.061224|   -5.108540|   -0.187394|    0.001070|
|        5798|    0.003008|  2.6496e-03|   -9.062084|   -5.109385|   -0.187394|    0.001070|
|        5799|    0.003578|  2.6498e-03|   -9.062945|   -5.110231|   -0.187394|    0.001070|
|        5800|    0.003503|  2.6499e-03|   -9.062341|   -4.903368|   -0.187394|    0.001070|
|        5801|    0.002918|  2.6500e-03|   -9.064909|   -5.075831|   -0.187394|    0.001070|
|        5802|    0.002615|  2.6499e-03|   -9.065093|   -4.887379|   -0.187394|    0.001070|
|        5803|    0.002638|  2.6499e-03|   -9.067768|   -5.080658|   -0.187394|    0.001070|
|        5804|    0.001910|  2.6498e-03|   -9.067825|   -4.895213|   -0.187394|    0.001070|
|        5805|    0.002487|  2.6498e-03|   -9.070411|   -5.077191|   -0.187394|    0.001070|
|        5806|    0.002589|  2.6498e-03|   -9.070439|   -4.886395|   -0.187394|    0.001070|
|        5807|    0.002733|  2.6498e-03|   -9.073069|   -5.069030|   -0.187394|    0.001070|
|        5808|    0.001991|  2.6497e-03|   -9.073104|   -4.883255|   -0.187394|    0.001070|
|        5809|    0.002196|  2.6496e-03|   -9.075746|   -5.066971|   -0.187394|    0.001070|
|        5810|    0.002954|  2.6497e-03|   -9.077298|   -5.070669|   -0.187394|    0.001070|
|        5811|    0.003038|  2.6497e-03|   -9.078259|   -5.093903|   -0.187394|    0.001070|
|        5812|    0.002355|  2.6497e-03|   -9.079004|   -5.106179|   -0.187394|    0.001070|
|        5813|    0.002617|  2.6497e-03|   -9.079742|   -5.104133|   -0.187394|    0.001070|
|        5814|    0.003357|  2.6498e-03|   -9.079041|   -4.896096|   -0.187394|    0.001070|
|        5815|    0.003258|  2.6499e-03|   -9.081677|   -5.068493|   -0.187394|    0.001070|
|        5816|    0.002854|  2.6499e-03|   -9.081854|   -4.889293|   -0.187394|    0.001070|
|        5817|    0.003281|  2.6500e-03|   -9.084573|   -5.085758|   -0.187394|    0.001070|
|        5818|    0.002865|  2.6501e-03|   -9.086130|   -5.093590|   -0.187394|    0.001070|
|        5819|    0.003545|  2.6502e-03|   -9.087062|   -5.118010|   -0.187394|    0.001070|
|        5820|    0.004137|  2.6505e-03|   -9.087782|   -5.128628|   -0.187394|    0.001070|
|        5821|    0.002667|  2.6505e-03|   -9.088512|   -5.123898|   -0.187394|    0.001070|
|        5822|    0.002793|  2.6505e-03|   -9.087822|   -4.911101|   -0.187394|    0.001070|
|        5823|    0.002202|  2.6504e-03|   -9.090461|   -5.085337|   -0.187394|    0.001070|
|        5824|    0.002471|  2.6504e-03|   -9.090643|   -4.903858|   -0.187394|    0.001070|
|        5825|    0.002794|  2.6504e-03|   -9.093354|   -5.101245|   -0.187394|    0.001070|
|        5826|    0.002812|  2.6505e-03|   -9.094910|   -5.108256|   -0.187394|    0.001070|
|        5827|    0.003076|  2.6505e-03|   -9.095840|   -5.131581|   -0.187394|    0.001070|
|        5828|    0.003768|  2.6507e-03|   -9.096560|   -5.140760|   -0.187394|    0.001070|
|        5829|    0.002418|  2.6507e-03|   -9.097288|   -5.134559|   -0.187394|    0.001070|
|        5830|    0.001900|  2.6505e-03|   -9.096590|   -4.919192|   -0.187394|    0.001070|
|        5831|    0.002600|  2.6505e-03|   -9.099233|   -5.093024|   -0.187394|    0.001070|
|        5832|    0.002418|  2.6505e-03|   -9.099407|   -4.910754|   -0.187394|    0.001070|
|        5833|    0.002470|  2.6505e-03|   -9.102125|   -5.107474|   -0.187394|    0.001070|
|        5834|    0.002021|  2.6504e-03|   -9.103683|   -5.114355|   -0.187394|    0.001070|
|        5835|    0.002797|  2.6504e-03|   -9.104613|   -5.137146|   -0.187394|    0.001070|
|        5836|    0.002548|  2.6504e-03|   -9.105332|   -5.145878|   -0.187394|    0.001070|
|        5837|    0.003435|  2.6505e-03|   -9.104528|   -4.931521|   -0.187394|    0.001070|
|        5838|    0.003031|  2.6506e-03|   -9.107116|   -5.096925|   -0.187394|    0.001070|
|        5839|    0.002955|  2.6506e-03|   -9.108791|   -5.100582|   -0.187394|    0.001070|
|        5840|    0.002654|  2.6506e-03|   -9.109864|   -5.131868|   -0.187394|    0.001070|
|        5841|    0.002321|  2.6506e-03|   -9.110648|   -5.152285|   -0.187394|    0.001070|
|        5842|    0.002379|  2.6505e-03|   -9.111365|   -5.152745|   -0.187394|    0.001070|
|        5843|    0.001977|  2.6504e-03|   -9.112136|   -5.144989|   -0.187394|    0.001070|
|        5844|    0.001884|  2.6503e-03|   -9.111469|   -4.933485|   -0.187394|    0.001070|
|        5845|    0.001900|  2.6501e-03|   -9.114125|   -5.109176|   -0.187394|    0.001070|
|        5846|    0.001840|  2.6500e-03|   -9.115803|   -5.116700|   -0.187394|    0.001070|
|        5847|    0.002427|  2.6500e-03|   -9.116850|   -5.148500|   -0.187394|    0.001070|
|        5848|    0.002955|  2.6500e-03|   -9.117612|   -5.166812|   -0.187394|    0.001070|
|        5849|    0.002922|  2.6501e-03|   -9.118322|   -5.164407|   -0.187394|    0.001070|
|        5850|    0.002913|  2.6501e-03|   -9.119097|   -5.154765|   -0.187394|    0.001070|
|        5851|    0.003091|  2.6502e-03|   -9.119952|   -5.149069|   -0.187394|    0.001070|
|        5852|    0.002260|  2.6501e-03|   -9.120849|   -5.150052|   -0.187394|    0.001070|
|        5853|    0.002756|  2.6501e-03|   -9.121744|   -5.155273|   -0.187394|    0.001070|
|        5854|    0.003533|  2.6503e-03|   -9.122619|   -5.161122|   -0.187394|    0.001070|
|        5855|    0.001883|  2.6502e-03|   -9.123475|   -5.165262|   -0.187394|    0.001070|
|        5856|    0.001983|  2.6500e-03|   -9.124324|   -5.167264|   -0.187394|    0.001070|
|        5857|    0.001947|  2.6499e-03|   -9.125177|   -5.167952|   -0.187394|    0.001070|
|        5858|    0.002793|  2.6499e-03|   -9.126036|   -5.168370|   -0.187394|    0.001070|
|        5859|    0.002114|  2.6499e-03|   -9.126900|   -5.169138|   -0.187394|    0.001070|
|        5860|    0.002841|  2.6499e-03|   -9.127765|   -5.170329|   -0.187394|    0.001070|
|        5861|    0.002680|  2.6499e-03|   -9.128630|   -5.171710|   -0.187394|    0.001070|
|        5862|    0.001902|  2.6498e-03|   -9.129492|   -5.173003|   -0.187394|    0.001070|
|        5863|    0.002390|  2.6497e-03|   -9.130354|   -5.174051|   -0.187394|    0.001070|
|        5864|    0.002172|  2.6496e-03|   -9.131216|   -5.174855|   -0.187394|    0.001070|
|        5865|    0.002327|  2.6496e-03|   -9.132078|   -5.175501|   -0.187394|    0.001070|
|        5866|    0.003229|  2.6497e-03|   -9.132941|   -5.176083|   -0.187394|    0.001070|
|        5867|    0.001925|  2.6496e-03|   -9.133804|   -5.176675|   -0.187394|    0.001070|
|        5868|    0.002422|  2.6495e-03|   -9.134668|   -5.177291|   -0.187394|    0.001070|
|        5869|    0.003238|  2.6496e-03|   -9.135532|   -5.177928|   -0.187394|    0.001070|
|        5870|    0.002837|  2.6497e-03|   -9.136396|   -5.178570|   -0.187394|    0.001070|
|        5871|    0.002059|  2.6496e-03|   -9.137260|   -5.179211|   -0.187394|    0.001070|
|        5872|    0.003041|  2.6496e-03|   -9.138125|   -5.179853|   -0.187394|    0.001070|
|        5873|    0.002117|  2.6495e-03|   -9.138990|   -5.180510|   -0.187394|    0.001070|
|        5874|    0.001921|  2.6494e-03|   -9.139855|   -5.181194|   -0.187394|    0.001070|
|        5875|    0.003311|  2.6495e-03|   -9.140720|   -5.181911|   -0.187394|    0.001070|
|        5876|    0.002185|  2.6494e-03|   -9.141586|   -5.182662|   -0.187394|    0.001070|
|        5877|    0.002462|  2.6494e-03|   -9.142452|   -5.183445|   -0.187394|    0.001070|
|        5878|    0.002853|  2.6494e-03|   -9.143318|   -5.184259|   -0.187394|    0.001070|
|        5879|    0.002442|  2.6494e-03|   -9.144184|   -5.185097|   -0.187394|    0.001070|
|        5880|    0.002115|  2.6493e-03|   -9.145051|   -5.185957|   -0.187394|    0.001070|
|        5881|    0.002781|  2.6493e-03|   -9.145918|   -5.186838|   -0.187394|    0.001070|
|        5882|    0.003359|  2.6495e-03|   -9.146785|   -5.187734|   -0.187394|    0.001070|
|        5883|    0.003571|  2.6496e-03|   -9.147653|   -5.188643|   -0.187394|    0.001070|
|        5884|    0.003374|  2.6497e-03|   -9.148520|   -5.189563|   -0.187394|    0.001070|
|        5885|    0.003570|  2.6499e-03|   -9.149388|   -5.190491|   -0.187394|    0.001070|
|        5886|    0.003414|  2.6500e-03|   -9.150256|   -5.191419|   -0.187394|    0.001070|
|        5887|    0.003320|  2.6501e-03|   -9.151124|   -5.192352|   -0.187394|    0.001070|
|        5888|    0.003640|  2.6503e-03|   -9.151993|   -5.193282|   -0.187394|    0.001070|
|        5889|    0.003091|  2.6504e-03|   -9.152862|   -5.194208|   -0.187394|    0.001070|
|        5890|    0.002917|  2.6504e-03|   -9.153731|   -5.195123|   -0.187394|    0.001070|
|        5891|    0.002973|  2.6505e-03|   -9.154600|   -5.196040|   -0.187394|    0.001070|
|        5892|    0.001948|  2.6504e-03|   -9.155469|   -5.196947|   -0.187394|    0.001070|
|        5893|    0.002472|  2.6503e-03|   -9.156339|   -5.197844|   -0.187394|    0.001070|
|        5894|    0.003892|  2.6505e-03|   -9.157209|   -5.198736|   -0.187394|    0.001070|
|        5895|    0.003448|  2.6507e-03|   -9.158079|   -5.199621|   -0.187394|    0.001070|
|        5896|    0.002419|  2.6506e-03|   -9.158949|   -5.200496|   -0.187394|    0.001070|
|        5897|    0.002177|  2.6506e-03|   -9.159819|   -5.201367|   -0.187394|    0.001070|
|        5898|    0.001877|  2.6504e-03|   -9.160690|   -5.202233|   -0.187394|    0.001070|
|        5899|    0.002528|  2.6504e-03|   -9.161561|   -5.203095|   -0.187394|    0.001070|
|        5900|    0.003830|  2.6506e-03|   -9.162432|   -5.203952|   -0.187394|    0.001070|
|        5901|    0.004271|  2.6509e-03|   -9.163303|   -5.204809|   -0.187394|    0.001070|
|        5902|    0.002845|  2.6509e-03|   -9.164174|   -5.205660|   -0.187394|    0.001070|
|        5903|    0.002350|  2.6509e-03|   -9.165046|   -5.206515|   -0.187394|    0.001070|
|        5904|    0.001959|  2.6507e-03|   -9.164421|   -4.999331|   -0.187394|    0.001070|
|        5905|    0.002387|  2.6507e-03|   -9.167033|   -5.172239|   -0.187394|    0.001070|
|        5906|    0.002760|  2.6507e-03|   -9.167208|   -4.983474|   -0.187394|    0.001070|
|        5907|    0.001941|  2.6506e-03|   -9.169928|   -5.177015|   -0.187394|    0.001070|
|        5908|    0.002228|  2.6505e-03|   -9.169975|   -4.991173|   -0.187394|    0.001070|
|        5909|    0.002921|  2.6506e-03|   -9.172606|   -5.173451|   -0.187394|    0.001070|
|        5910|    0.003420|  2.6507e-03|   -9.172623|   -4.982367|   -0.187394|    0.001070|
|        5911|    0.003015|  2.6508e-03|   -9.175298|   -5.165292|   -0.187394|    0.001070|
|        5912|    0.003121|  2.6508e-03|   -9.176875|   -5.168282|   -0.187394|    0.001070|
|        5913|    0.003267|  2.6509e-03|   -9.177854|   -5.191059|   -0.187394|    0.001070|
|        5914|    0.003707|  2.6511e-03|   -9.178613|   -5.202935|   -0.187394|    0.001070|
|        5915|    0.002062|  2.6510e-03|   -9.179360|   -5.200394|   -0.187394|    0.001070|
|        5916|    0.001931|  2.6509e-03|   -9.178640|   -4.990735|   -0.187394|    0.001070|
|        5917|    0.001856|  2.6508e-03|   -9.181315|   -5.162943|   -0.187394|    0.001070|
|        5918|    0.003284|  2.6509e-03|   -9.181485|   -4.982941|   -0.187394|    0.001070|
|        5919|    0.002456|  2.6508e-03|   -9.184248|   -5.179142|   -0.187394|    0.001070|
|        5920|    0.003094|  2.6509e-03|   -9.185827|   -5.186987|   -0.187394|    0.001070|
|        5921|    0.001960|  2.6508e-03|   -9.186772|   -5.210991|   -0.187394|    0.001070|
|        5922|    0.002258|  2.6507e-03|   -9.187504|   -5.221261|   -0.187394|    0.001070|
|        5923|    0.002460|  2.6507e-03|   -9.188244|   -5.216418|   -0.187394|    0.001070|
|        5924|    0.002966|  2.6508e-03|   -9.187535|   -5.003783|   -0.187394|    0.001070|
|        5925|    0.002151|  2.6507e-03|   -9.190218|   -5.178200|   -0.187394|    0.001070|
|        5926|    0.002848|  2.6507e-03|   -9.190392|   -4.996975|   -0.187394|    0.001070|
|        5927|    0.002271|  2.6506e-03|   -9.193149|   -5.194401|   -0.187394|    0.001070|
|        5928|    0.001898|  2.6505e-03|   -9.194726|   -5.201585|   -0.187394|    0.001070|
|        5929|    0.002502|  2.6505e-03|   -9.195670|   -5.224890|   -0.187394|    0.001070|
|        5930|    0.002742|  2.6505e-03|   -9.196400|   -5.234162|   -0.187394|    0.001070|
|        5931|    0.001891|  2.6504e-03|   -9.197140|   -5.228207|   -0.187394|    0.001070|
|        5932|    0.003035|  2.6504e-03|   -9.196424|   -5.013164|   -0.187394|    0.001070|
|        5933|    0.003054|  2.6505e-03|   -9.199110|   -5.187473|   -0.187394|    0.001070|
|        5934|    0.001905|  2.6504e-03|   -9.199278|   -5.005121|   -0.187394|    0.001070|
|        5935|    0.002117|  2.6503e-03|   -9.202039|   -5.202166|   -0.187394|    0.001070|
|        5936|    0.001917|  2.6502e-03|   -9.203618|   -5.209099|   -0.187394|    0.001070|
|        5937|    0.002112|  2.6501e-03|   -9.204561|   -5.231849|   -0.187394|    0.001070|
|        5938|    0.001882|  2.6500e-03|   -9.205292|   -5.240585|   -0.187394|    0.001070|
|        5939|    0.002818|  2.6500e-03|   -9.204469|   -5.026014|   -0.187394|    0.001070|
|        5940|    0.003096|  2.6501e-03|   -9.207100|   -5.191956|   -0.187394|    0.001070|
|        5941|    0.001947|  2.6499e-03|   -9.208796|   -5.195693|   -0.187394|    0.001070|
|        5942|    0.002020|  2.6498e-03|   -9.209882|   -5.226880|   -0.187394|    0.001070|
|        5943|    0.002976|  2.6499e-03|   -9.210677|   -5.247151|   -0.187394|    0.001070|
|        5944|    0.002679|  2.6499e-03|   -9.211406|   -5.247535|   -0.187394|    0.001070|
|        5945|    0.001920|  2.6498e-03|   -9.212187|   -5.239787|   -0.187394|    0.001070|
|        5946|    0.003128|  2.6498e-03|   -9.211502|   -5.027966|   -0.187394|    0.001070|
|        5947|    0.002809|  2.6499e-03|   -9.214200|   -5.204094|   -0.187394|    0.001070|
|        5948|    0.003418|  2.6500e-03|   -9.215900|   -5.211668|   -0.187394|    0.001070|
|        5949|    0.003203|  2.6501e-03|   -9.216961|   -5.243299|   -0.187394|    0.001070|
|        5950|    0.002790|  2.6501e-03|   -9.217734|   -5.261417|   -0.187394|    0.001070|
|        5951|    0.002574|  2.6501e-03|   -9.218455|   -5.258931|   -0.187394|    0.001070|
|        5952|    0.003420|  2.6502e-03|   -9.219241|   -5.249311|   -0.187394|    0.001070|
|        5953|    0.003033|  2.6503e-03|   -9.220107|   -5.243680|   -0.187394|    0.001070|
|        5954|    0.002056|  2.6502e-03|   -9.221015|   -5.244705|   -0.187394|    0.001070|
|        5955|    0.002784|  2.6502e-03|   -9.221922|   -5.249931|   -0.187394|    0.001070|
|        5956|    0.002768|  2.6502e-03|   -9.222808|   -5.255767|   -0.187394|    0.001070|
|        5957|    0.002075|  2.6501e-03|   -9.223676|   -5.259894|   -0.187394|    0.001070|
|        5958|    0.001966|  2.6500e-03|   -9.224536|   -5.261902|   -0.187394|    0.001070|
|        5959|    0.002522|  2.6500e-03|   -9.225400|   -5.262617|   -0.187394|    0.001070|
|        5960|    0.002899|  2.6501e-03|   -9.226271|   -5.263064|   -0.187394|    0.001070|
|        5961|    0.003174|  2.6501e-03|   -9.227146|   -5.263867|   -0.187394|    0.001070|
|        5962|    0.002698|  2.6501e-03|   -9.228023|   -5.265082|   -0.187394|    0.001070|
|        5963|    0.002786|  2.6502e-03|   -9.228899|   -5.266484|   -0.187394|    0.001070|
|        5964|    0.002864|  2.6502e-03|   -9.229773|   -5.267794|   -0.187394|    0.001070|
|        5965|    0.002454|  2.6502e-03|   -9.230646|   -5.268860|   -0.187394|    0.001070|
|        5966|    0.002908|  2.6502e-03|   -9.231519|   -5.269678|   -0.187394|    0.001070|
|        5967|    0.002147|  2.6501e-03|   -9.232392|   -5.270341|   -0.187394|    0.001070|
|        5968|    0.002346|  2.6501e-03|   -9.233267|   -5.270943|   -0.187394|    0.001070|
|        5969|    0.003169|  2.6502e-03|   -9.234142|   -5.271546|   -0.187394|    0.001070|
|        5970|    0.001902|  2.6500e-03|   -9.235017|   -5.272177|   -0.187394|    0.001070|
|        5971|    0.002004|  2.6499e-03|   -9.235892|   -5.272821|   -0.187394|    0.001070|
|        5972|    0.002736|  2.6499e-03|   -9.236768|   -5.273464|   -0.187394|    0.001070|
|        5973|    0.002564|  2.6499e-03|   -9.237643|   -5.274112|   -0.187394|    0.001070|
|        5974|    0.002854|  2.6500e-03|   -9.238519|   -5.274759|   -0.187394|    0.001070|
|        5975|    0.003374|  2.6501e-03|   -9.239395|   -5.275421|   -0.187394|    0.001070|
|        5976|    0.003390|  2.6502e-03|   -9.240272|   -5.276109|   -0.187394|    0.001070|
|        5977|    0.003273|  2.6503e-03|   -9.241148|   -5.276828|   -0.187394|    0.001070|
|        5978|    0.002091|  2.6502e-03|   -9.242026|   -5.277581|   -0.187394|    0.001070|
|        5979|    0.002215|  2.6502e-03|   -9.242903|   -5.278368|   -0.187394|    0.001070|
|        5980|    0.002807|  2.6502e-03|   -9.243780|   -5.279186|   -0.187394|    0.001070|
|        5981|    0.003372|  2.6503e-03|   -9.244658|   -5.280023|   -0.187394|    0.001070|
|        5982|    0.003139|  2.6504e-03|   -9.245536|   -5.280892|   -0.187394|    0.001070|
|        5983|    0.002849|  2.6504e-03|   -9.246414|   -5.281776|   -0.187394|    0.001070|
|        5984|    0.002616|  2.6504e-03|   -9.247293|   -5.282680|   -0.187394|    0.001070|
|        5985|    0.002218|  2.6503e-03|   -9.248172|   -5.283598|   -0.187394|    0.001070|
|        5986|    0.001903|  2.6502e-03|   -9.249051|   -5.284524|   -0.187394|    0.001070|
|        5987|    0.002519|  2.6502e-03|   -9.249930|   -5.285461|   -0.187394|    0.001070|
|        5988|    0.002997|  2.6502e-03|   -9.250809|   -5.286401|   -0.187394|    0.001070|
|        5989|    0.002651|  2.6502e-03|   -9.251689|   -5.287342|   -0.187394|    0.001070|
|        5990|    0.002315|  2.6502e-03|   -9.252569|   -5.288282|   -0.187394|    0.001070|
|        5991|    0.002876|  2.6502e-03|   -9.253449|   -5.289219|   -0.187394|    0.001070|
|        5992|    0.001920|  2.6501e-03|   -9.254329|   -5.290148|   -0.187394|    0.001070|
|        5993|    0.002230|  2.6500e-03|   -9.255210|   -5.291074|   -0.187394|    0.001070|
|        5994|    0.002319|  2.6500e-03|   -9.256091|   -5.291993|   -0.187394|    0.001070|
|        5995|    0.002747|  2.6500e-03|   -9.256972|   -5.292903|   -0.187394|    0.001070|
|        5996|    0.002177|  2.6499e-03|   -9.257853|   -5.293808|   -0.187394|    0.001070|
|        5997|    0.002977|  2.6500e-03|   -9.258734|   -5.294701|   -0.187394|    0.001070|
|        5998|    0.003124|  2.6501e-03|   -9.259616|   -5.295590|   -0.187394|    0.001070|
|        5999|    0.003083|  2.6501e-03|   -9.260498|   -5.296469|   -0.187394|    0.001070|
|        6000|    0.002100|  2.6500e-03|   -9.261380|   -5.297348|   -0.187394|    0.001070|
+-----------------------------------------------------------------------+
|        File Writing Summary       |              Filename             |
+-----------------------------------------------------------------------+
|SU2 binary restart                 |restart_flow.dat                   |
|Paraview                           |flow.vtu                           |
|Paraview surface                   |surface_flow.vtu                   |
+-----------------------------------------------------------------------+
+------------------------------------------------------------------------------------------+
|  Inner_Iter|   Time(sec)|   Time(sec)|    rms[Rho]|   rms[RhoE]|          CL|          CD|
+------------------------------------------------------------------------------------------+
|        6001|    0.010068|  2.6513e-03|   -9.262262|   -5.298220|   -0.187394|    0.001070|
|        6002|    0.002117|  2.6512e-03|   -9.263144|   -5.299085|   -0.187394|    0.001070|
|        6003|    0.003111|  2.6513e-03|   -9.264027|   -5.299952|   -0.187394|    0.001070|
|        6004|    0.003496|  2.6514e-03|   -9.264910|   -5.300814|   -0.187394|    0.001070|
|        6005|    0.003251|  2.6515e-03|   -9.265793|   -5.301677|   -0.187394|    0.001070|
|        6006|    0.003372|  2.6516e-03|   -9.265150|   -5.094179|   -0.187394|    0.001070|
|        6007|    0.002973|  2.6517e-03|   -9.267804|   -5.267519|   -0.187394|    0.001070|
|        6008|    0.003103|  2.6517e-03|   -9.267972|   -5.078453|   -0.187394|    0.001070|
|        6009|    0.003378|  2.6519e-03|   -9.270735|   -5.272235|   -0.187394|    0.001070|
|        6010|    0.003380|  2.6520e-03|   -9.270774|   -5.086007|   -0.187394|    0.001070|
|        6011|    0.002652|  2.6520e-03|   -9.273449|   -5.268567|   -0.187394|    0.001070|
|        6012|    0.002038|  2.6519e-03|   -9.273457|   -5.077203|   -0.187394|    0.001070|
|        6013|    0.003258|  2.6520e-03|   -9.276176|   -5.260398|   -0.187394|    0.001070|
|        6014|    0.003411|  2.6521e-03|   -9.277775|   -5.263439|   -0.187394|    0.001070|
|        6015|    0.002159|  2.6520e-03|   -9.278767|   -5.286099|   -0.187394|    0.001070|
|        6016|    0.002634|  2.6520e-03|   -9.279537|   -5.297888|   -0.187394|    0.001070|
|        6017|    0.003077|  2.6521e-03|   -9.280295|   -5.295377|   -0.187394|    0.001070|
|        6018|    0.002126|  2.6520e-03|   -9.279555|   -5.085618|   -0.187394|    0.001070|
|        6019|    0.003342|  2.6521e-03|   -9.282274|   -5.258274|   -0.187394|    0.001070|
|        6020|    0.003015|  2.6522e-03|   -9.282436|   -5.078049|   -0.187394|    0.001070|
|        6021|    0.002089|  2.6521e-03|   -9.285243|   -5.274493|   -0.187394|    0.001070|
|        6022|    0.003920|  2.6523e-03|   -9.286844|   -5.282364|   -0.187394|    0.001070|
|        6023|    0.003565|  2.6525e-03|   -9.287802|   -5.306238|   -0.187394|    0.001070|
|        6024|    0.003056|  2.6525e-03|   -9.288545|   -5.316434|   -0.187394|    0.001070|
|        6025|    0.002052|  2.6524e-03|   -9.289296|   -5.311643|   -0.187394|    0.001070|
|        6026|    0.002688|  2.6524e-03|   -9.288567|   -5.098887|   -0.187394|    0.001070|
|        6027|    0.002309|  2.6524e-03|   -9.291293|   -5.273759|   -0.187394|    0.001070|
|        6028|    0.002646|  2.6524e-03|   -9.291459|   -5.092261|   -0.187394|    0.001070|
|        6029|    0.002203|  2.6523e-03|   -9.294261|   -5.289938|   -0.187394|    0.001070|
|        6030|    0.003727|  2.6525e-03|   -9.295859|   -5.297138|   -0.187394|    0.001070|
|        6031|    0.003055|  2.6525e-03|   -9.296816|   -5.320298|   -0.187394|    0.001070|
|        6032|    0.002912|  2.6526e-03|   -9.297558|   -5.329486|   -0.187394|    0.001070|
|        6033|    0.002864|  2.6526e-03|   -9.298309|   -5.323563|   -0.187394|    0.001070|
|        6034|    0.002934|  2.6527e-03|   -9.297573|   -5.108372|   -0.187394|    0.001070|
|        6035|    0.003101|  2.6527e-03|   -9.300301|   -5.283124|   -0.187394|    0.001070|
|        6036|    0.002729|  2.6527e-03|   -9.300461|   -5.100491|   -0.187394|    0.001070|
|        6037|    0.002151|  2.6527e-03|   -9.303267|   -5.297770|   -0.187394|    0.001070|
|        6038|    0.001946|  2.6525e-03|   -9.304867|   -5.304716|   -0.187394|    0.001070|
|        6039|    0.001939|  2.6524e-03|   -9.305824|   -5.327314|   -0.187394|    0.001070|
|        6040|    0.002205|  2.6524e-03|   -9.306566|   -5.335955|   -0.187394|    0.001070|
|        6041|    0.002841|  2.6524e-03|   -9.305723|   -5.121179|   -0.187394|    0.001070|
|        6042|    0.003064|  2.6525e-03|   -9.308396|   -5.287606|   -0.187394|    0.001070|
|        6043|    0.002479|  2.6524e-03|   -9.310114|   -5.291462|   -0.187394|    0.001070|
|        6044|    0.003042|  2.6525e-03|   -9.311215|   -5.322526|   -0.187394|    0.001070|
|        6045|    0.002300|  2.6524e-03|   -9.312021|   -5.342660|   -0.187394|    0.001070|
|        6046|    0.001853|  2.6523e-03|   -9.312760|   -5.343004|   -0.187394|    0.001070|
|        6047|    0.001935|  2.6522e-03|   -9.313552|   -5.335320|   -0.187394|    0.001070|
|        6048|    0.002146|  2.6521e-03|   -9.312847|   -5.123352|   -0.187394|    0.001070|
|        6049|    0.002878|  2.6521e-03|   -9.315589|   -5.299916|   -0.187394|    0.001070|
|        6050|    0.001914|  2.6520e-03|   -9.317311|   -5.307578|   -0.187394|    0.001070|
|        6051|    0.001927|  2.6519e-03|   -9.318386|   -5.339066|   -0.187394|    0.001070|
|        6052|    0.002402|  2.6519e-03|   -9.319169|   -5.357040|   -0.187394|    0.001070|
|        6053|    0.002060|  2.6518e-03|   -9.319901|   -5.354522|   -0.187394|    0.001070|
|        6054|    0.001892|  2.6516e-03|   -9.320699|   -5.344972|   -0.187394|    0.001070|
|        6055|    0.001876|  2.6515e-03|   -9.321576|   -5.339441|   -0.187394|    0.001070|
|        6056|    0.002535|  2.6515e-03|   -9.322496|   -5.340536|   -0.187394|    0.001070|
|        6057|    0.002856|  2.6515e-03|   -9.323414|   -5.345784|   -0.187394|    0.001070|
|        6058|    0.002866|  2.6516e-03|   -9.324311|   -5.351615|   -0.187394|    0.001070|
|        6059|    0.002460|  2.6515e-03|   -9.325190|   -5.355735|   -0.187394|    0.001070|
|        6060|    0.001875|  2.6514e-03|   -9.326062|   -5.357751|   -0.187394|    0.001070|
|        6061|    0.002368|  2.6513e-03|   -9.326937|   -5.358479|   -0.187394|    0.001070|
|        6062|    0.001983|  2.6512e-03|   -9.327819|   -5.358960|   -0.187394|    0.001070|
|        6063|    0.002341|  2.6512e-03|   -9.328706|   -5.359772|   -0.187394|    0.001070|
|        6064|    0.002330|  2.6511e-03|   -9.329594|   -5.361005|   -0.187394|    0.001070|
|        6065|    0.002583|  2.6511e-03|   -9.330481|   -5.362407|   -0.187394|    0.001070|
|        6066|    0.001956|  2.6510e-03|   -9.331367|   -5.363716|   -0.187394|    0.001070|
|        6067|    0.002923|  2.6511e-03|   -9.332251|   -5.364786|   -0.187394|    0.001070|
|        6068|    0.003032|  2.6511e-03|   -9.333136|   -5.365609|   -0.187394|    0.001070|
|        6069|    0.003265|  2.6512e-03|   -9.334021|   -5.366276|   -0.187394|    0.001070|
|        6070|    0.003131|  2.6513e-03|   -9.334906|   -5.366883|   -0.187394|    0.001070|
|        6071|    0.002856|  2.6513e-03|   -9.335793|   -5.367491|   -0.187394|    0.001070|
|        6072|    0.003206|  2.6514e-03|   -9.336679|   -5.368123|   -0.187394|    0.001070|
|        6073|    0.003469|  2.6516e-03|   -9.337566|   -5.368773|   -0.187394|    0.001070|
|        6074|    0.002836|  2.6516e-03|   -9.338453|   -5.369424|   -0.187394|    0.001070|
|        6075|    0.003342|  2.6517e-03|   -9.339340|   -5.370074|   -0.187394|    0.001070|
|        6076|    0.002516|  2.6517e-03|   -9.340227|   -5.370730|   -0.187394|    0.001070|
|        6077|    0.002041|  2.6516e-03|   -9.341115|   -5.371400|   -0.187394|    0.001070|
|        6078|    0.002620|  2.6516e-03|   -9.342003|   -5.372093|   -0.187394|    0.001070|
|        6079|    0.002036|  2.6515e-03|   -9.342891|   -5.372821|   -0.187394|    0.001070|
|        6080|    0.003006|  2.6515e-03|   -9.343779|   -5.373589|   -0.187394|    0.001070|
|        6081|    0.003492|  2.6517e-03|   -9.344668|   -5.374382|   -0.187394|    0.001070|
|        6082|    0.003087|  2.6517e-03|   -9.345557|   -5.375214|   -0.187394|    0.001070|
|        6083|    0.002485|  2.6517e-03|   -9.346446|   -5.376063|   -0.187394|    0.001070|
|        6084|    0.002876|  2.6517e-03|   -9.347336|   -5.376944|   -0.187394|    0.001070|
|        6085|    0.002028|  2.6516e-03|   -9.348226|   -5.377837|   -0.187394|    0.001070|
|        6086|    0.002702|  2.6517e-03|   -9.349116|   -5.378755|   -0.187394|    0.001070|
|        6087|    0.002706|  2.6517e-03|   -9.350006|   -5.379684|   -0.187394|    0.001070|
|        6088|    0.002082|  2.6516e-03|   -9.350896|   -5.380624|   -0.187394|    0.001070|
|        6089|    0.003234|  2.6517e-03|   -9.351787|   -5.381573|   -0.187394|    0.001070|
|        6090|    0.002258|  2.6516e-03|   -9.352678|   -5.382528|   -0.187394|    0.001070|
|        6091|    0.002386|  2.6516e-03|   -9.353569|   -5.383476|   -0.187394|    0.001070|
|        6092|    0.002876|  2.6516e-03|   -9.354461|   -5.384432|   -0.187394|    0.001070|
|        6093|    0.002218|  2.6515e-03|   -9.355352|   -5.385379|   -0.187394|    0.001070|
|        6094|    0.004350|  2.6518e-03|   -9.356244|   -5.386321|   -0.187394|    0.001070|
|        6095|    0.003348|  2.6519e-03|   -9.357136|   -5.387255|   -0.187394|    0.001070|
|        6096|    0.002889|  2.6520e-03|   -9.358028|   -5.388188|   -0.187394|    0.001070|
|        6097|    0.003142|  2.6520e-03|   -9.358921|   -5.389110|   -0.187394|    0.001070|
|        6098|    0.002967|  2.6521e-03|   -9.359814|   -5.390017|   -0.187394|    0.001070|
|        6099|    0.002922|  2.6521e-03|   -9.360707|   -5.390928|   -0.187394|    0.001070|
|        6100|    0.003479|  2.6523e-03|   -9.361600|   -5.391822|   -0.187394|    0.001070|
|        6101|    0.003074|  2.6523e-03|   -9.362493|   -5.392718|   -0.187394|    0.001070|
|        6102|    0.003109|  2.6524e-03|   -9.363387|   -5.393605|   -0.187394|    0.001070|
|        6103|    0.003141|  2.6525e-03|   -9.364280|   -5.394486|   -0.187394|    0.001070|
|        6104|    0.003392|  2.6526e-03|   -9.365174|   -5.395360|   -0.187394|    0.001070|
|        6105|    0.002618|  2.6526e-03|   -9.366068|   -5.396236|   -0.187394|    0.001070|
|        6106|    0.002063|  2.6525e-03|   -9.366963|   -5.397109|   -0.187394|    0.001070|
|        6107|    0.002905|  2.6525e-03|   -9.367857|   -5.397982|   -0.187394|    0.001070|
|        6108|    0.001997|  2.6524e-03|   -9.367196|   -5.190185|   -0.187394|    0.001070|
|        6109|    0.001885|  2.6523e-03|   -9.369893|   -5.363961|   -0.187394|    0.001070|
|        6110|    0.001858|  2.6522e-03|   -9.370053|   -5.174597|   -0.187394|    0.001070|
|        6111|    0.002123|  2.6521e-03|   -9.372862|   -5.368623|   -0.187394|    0.001070|
|        6112|    0.002820|  2.6521e-03|   -9.372892|   -5.182006|   -0.187394|    0.001070|
|        6113|    0.002958|  2.6522e-03|   -9.375611|   -5.364843|   -0.187394|    0.001070|
|        6114|    0.002758|  2.6522e-03|   -9.375611|   -5.173210|   -0.187394|    0.001070|
|        6115|    0.002396|  2.6522e-03|   -9.378375|   -5.356675|   -0.187394|    0.001070|
|        6116|    0.002265|  2.6521e-03|   -9.379995|   -5.359773|   -0.187394|    0.001070|
|        6117|    0.002706|  2.6521e-03|   -9.381000|   -5.382297|   -0.187394|    0.001070|
|        6118|    0.001912|  2.6520e-03|   -9.381781|   -5.393999|   -0.187394|    0.001070|
|        6119|    0.003332|  2.6521e-03|   -9.382551|   -5.391525|   -0.187394|    0.001070|
|        6120|    0.002797|  2.6521e-03|   -9.381791|   -5.181677|   -0.187394|    0.001070|
|        6121|    0.001853|  2.6520e-03|   -9.384554|   -5.354787|   -0.187394|    0.001070|
|        6122|    0.001885|  2.6519e-03|   -9.384707|   -5.174346|   -0.187394|    0.001070|
|        6123|    0.002558|  2.6518e-03|   -9.387560|   -5.371025|   -0.187394|    0.001070|
|        6124|    0.002495|  2.6518e-03|   -9.389182|   -5.378927|   -0.187394|    0.001070|
|        6125|    0.002396|  2.6518e-03|   -9.390155|   -5.402660|   -0.187394|    0.001070|
|        6126|    0.003023|  2.6518e-03|   -9.390909|   -5.412781|   -0.187394|    0.001070|
|        6127|    0.002691|  2.6518e-03|   -9.391671|   -5.408042|   -0.187394|    0.001070|
|        6128|    0.002036|  2.6517e-03|   -9.390922|   -5.195178|   -0.187394|    0.001070|
|        6129|    0.002887|  2.6518e-03|   -9.393693|   -5.370509|   -0.187394|    0.001070|
|        6130|    0.002089|  2.6517e-03|   -9.393850|   -5.188741|   -0.187394|    0.001070|
|        6131|    0.002358|  2.6516e-03|   -9.396697|   -5.386664|   -0.187394|    0.001070|
|        6132|    0.002751|  2.6517e-03|   -9.398317|   -5.393885|   -0.187394|    0.001070|
|        6133|    0.002945|  2.6517e-03|   -9.399288|   -5.416890|   -0.187394|    0.001070|
|        6134|    0.003334|  2.6518e-03|   -9.400041|   -5.425984|   -0.187394|    0.001070|
|        6135|    0.003338|  2.6519e-03|   -9.400803|   -5.420097|   -0.187394|    0.001070|
|        6136|    0.003917|  2.6521e-03|   -9.400047|   -5.204775|   -0.187394|    0.001070|
|        6137|    0.002572|  2.6521e-03|   -9.402820|   -5.379971|   -0.187394|    0.001070|
|        6138|    0.002647|  2.6521e-03|   -9.402971|   -5.197064|   -0.187394|    0.001070|
|        6139|    0.003003|  2.6522e-03|   -9.405822|   -5.394575|   -0.187394|    0.001070|
|        6140|    0.003586|  2.6523e-03|   -9.407444|   -5.401527|   -0.187394|    0.001070|
|        6141|    0.002224|  2.6523e-03|   -9.408415|   -5.423967|   -0.187394|    0.001070|
|        6142|    0.001928|  2.6521e-03|   -9.409168|   -5.432511|   -0.187394|    0.001070|
|        6143|    0.001884|  2.6520e-03|   -9.408305|   -5.217539|   -0.187394|    0.001070|
|        6144|    0.002004|  2.6519e-03|   -9.411022|   -5.384459|   -0.187394|    0.001070|
|        6145|    0.002024|  2.6518e-03|   -9.412762|   -5.388438|   -0.187394|    0.001070|
|        6146|    0.002774|  2.6518e-03|   -9.413876|   -5.419376|   -0.187394|    0.001070|
|        6147|    0.002362|  2.6518e-03|   -9.414694|   -5.439361|   -0.187394|    0.001070|
|        6148|    0.002079|  2.6517e-03|   -9.415444|   -5.439663|   -0.187394|    0.001070|
|        6149|    0.001878|  2.6516e-03|   -9.416248|   -5.432046|   -0.187394|    0.001070|
|        6150|    0.002329|  2.6515e-03|   -9.415523|   -5.219944|   -0.187394|    0.001070|
|        6151|    0.002723|  2.6515e-03|   -9.418310|   -5.396956|   -0.187394|    0.001070|
|        6152|    0.003210|  2.6516e-03|   -9.420053|   -5.404702|   -0.187394|    0.001070|
|        6153|    0.002851|  2.6516e-03|   -9.421142|   -5.436034|   -0.187394|    0.001070|
|        6154|    0.002508|  2.6516e-03|   -9.421938|   -5.453850|   -0.187394|    0.001070|
|        6155|    0.002894|  2.6517e-03|   -9.422681|   -5.451306|   -0.187394|    0.001070|
|        6156|    0.002086|  2.6516e-03|   -9.423489|   -5.441838|   -0.187394|    0.001070|
|        6157|    0.001955|  2.6515e-03|   -9.424379|   -5.436405|   -0.187394|    0.001070|
|        6158|    0.002710|  2.6515e-03|   -9.425310|   -5.437568|   -0.187394|    0.001070|
|        6159|    0.002685|  2.6515e-03|   -9.426239|   -5.442843|   -0.187394|    0.001070|
|        6160|    0.002538|  2.6514e-03|   -9.427148|   -5.448665|   -0.187394|    0.001070|
|        6161|    0.002595|  2.6514e-03|   -9.428039|   -5.452785|   -0.187394|    0.001070|
|        6162|    0.002297|  2.6514e-03|   -9.428923|   -5.454800|   -0.187394|    0.001070|
|        6163|    0.002420|  2.6513e-03|   -9.429810|   -5.455556|   -0.187394|    0.001070|
|        6164|    0.002769|  2.6514e-03|   -9.430703|   -5.456054|   -0.187394|    0.001070|
|        6165|    0.003230|  2.6515e-03|   -9.431602|   -5.456891|   -0.187394|    0.001070|
|        6166|    0.003034|  2.6515e-03|   -9.432502|   -5.458135|   -0.187394|    0.001070|
|        6167|    0.002862|  2.6516e-03|   -9.433400|   -5.459539|   -0.187394|    0.001070|
|        6168|    0.003000|  2.6516e-03|   -9.434298|   -5.460850|   -0.187394|    0.001070|
|        6169|    0.003971|  2.6518e-03|   -9.435194|   -5.461921|   -0.187394|    0.001070|
|        6170|    0.004090|  2.6521e-03|   -9.436090|   -5.462747|   -0.187394|    0.001070|
|        6171|    0.002765|  2.6521e-03|   -9.436987|   -5.463420|   -0.187394|    0.001070|
|        6172|    0.002017|  2.6520e-03|   -9.437884|   -5.464032|   -0.187394|    0.001070|
|        6173|    0.002198|  2.6519e-03|   -9.438782|   -5.464647|   -0.187394|    0.001070|
|        6174|    0.001960|  2.6518e-03|   -9.439680|   -5.465281|   -0.187394|    0.001070|
|        6175|    0.003110|  2.6519e-03|   -9.440579|   -5.465936|   -0.187394|    0.001070|
|        6176|    0.003750|  2.6520e-03|   -9.441477|   -5.466596|   -0.187394|    0.001070|
|        6177|    0.003019|  2.6521e-03|   -9.442376|   -5.467248|   -0.187394|    0.001070|
|        6178|    0.002519|  2.6521e-03|   -9.443275|   -5.467908|   -0.187394|    0.001070|
|        6179|    0.003626|  2.6522e-03|   -9.444175|   -5.468587|   -0.187394|    0.001070|
|        6180|    0.003074|  2.6523e-03|   -9.445074|   -5.469295|   -0.187394|    0.001070|
|        6181|    0.002632|  2.6523e-03|   -9.445974|   -5.470033|   -0.187394|    0.001070|
|        6182|    0.001936|  2.6522e-03|   -9.446875|   -5.470805|   -0.187394|    0.001070|
|        6183|    0.002423|  2.6521e-03|   -9.447775|   -5.471614|   -0.187394|    0.001070|
|        6184|    0.002784|  2.6522e-03|   -9.448676|   -5.472456|   -0.187394|    0.001070|
|        6185|    0.002648|  2.6522e-03|   -9.449577|   -5.473319|   -0.187394|    0.001070|
|        6186|    0.002292|  2.6521e-03|   -9.450478|   -5.474211|   -0.187394|    0.001070|
|        6187|    0.002710|  2.6521e-03|   -9.451380|   -5.475119|   -0.187394|    0.001070|
|        6188|    0.003009|  2.6522e-03|   -9.452282|   -5.476042|   -0.187394|    0.001070|
|        6189|    0.002010|  2.6521e-03|   -9.453184|   -5.476990|   -0.187394|    0.001070|
|        6190|    0.001980|  2.6520e-03|   -9.454086|   -5.477944|   -0.187394|    0.001070|
|        6191|    0.003149|  2.6520e-03|   -9.454989|   -5.478904|   -0.187394|    0.001070|
|        6192|    0.003457|  2.6522e-03|   -9.455892|   -5.479871|   -0.187394|    0.001070|
|        6193|    0.003559|  2.6523e-03|   -9.456795|   -5.480832|   -0.187394|    0.001070|
|        6194|    0.002992|  2.6524e-03|   -9.457698|   -5.481802|   -0.187394|    0.001070|
|        6195|    0.002994|  2.6524e-03|   -9.458601|   -5.482759|   -0.187394|    0.001070|
|        6196|    0.002925|  2.6525e-03|   -9.459505|   -5.483713|   -0.187394|    0.001070|
|        6197|    0.003354|  2.6526e-03|   -9.460409|   -5.484663|   -0.187394|    0.001070|
|        6198|    0.003421|  2.6527e-03|   -9.461313|   -5.485599|   -0.187394|    0.001070|
|        6199|    0.003664|  2.6529e-03|   -9.462218|   -5.486535|   -0.187394|    0.001070|
|        6200|    0.003011|  2.6529e-03|   -9.463122|   -5.487458|   -0.187394|    0.001070|
|        6201|    0.002917|  2.6530e-03|   -9.464027|   -5.488375|   -0.187394|    0.001070|
|        6202|    0.003282|  2.6531e-03|   -9.464932|   -5.489283|   -0.187394|    0.001070|
|        6203|    0.003030|  2.6531e-03|   -9.465837|   -5.490185|   -0.187394|    0.001070|
|        6204|    0.001878|  2.6530e-03|   -9.466743|   -5.491086|   -0.187394|    0.001070|
|        6205|    0.002728|  2.6530e-03|   -9.467649|   -5.491973|   -0.187394|    0.001070|
|        6206|    0.001875|  2.6529e-03|   -9.468554|   -5.492862|   -0.187394|    0.001070|
|        6207|    0.002702|  2.6529e-03|   -9.469461|   -5.493748|   -0.187394|    0.001070|
|        6208|    0.002055|  2.6528e-03|   -9.470367|   -5.494634|   -0.187394|    0.001070|
|        6209|    0.003641|  2.6530e-03|   -9.471273|   -5.495512|   -0.187394|    0.001070|
|        6210|    0.003111|  2.6530e-03|   -9.470594|   -5.287425|   -0.187394|    0.001070|
|        6211|    0.002338|  2.6530e-03|   -9.473335|   -5.461642|   -0.187394|    0.001070|
|        6212|    0.002366|  2.6529e-03|   -9.473488|   -5.271985|   -0.187394|    0.001070|
|        6213|    0.002609|  2.6529e-03|   -9.476341|   -5.466242|   -0.187394|    0.001070|
|        6214|    0.001871|  2.6528e-03|   -9.476364|   -5.279247|   -0.187394|    0.001070|
|        6215|    0.002965|  2.6529e-03|   -9.479128|   -5.462359|   -0.187394|    0.001070|
|        6216|    0.003688|  2.6530e-03|   -9.479119|   -5.270459|   -0.187394|    0.001070|
|        6217|    0.002545|  2.6530e-03|   -9.481929|   -5.454186|   -0.187394|    0.001070|
|        6218|    0.001923|  2.6529e-03|   -9.483570|   -5.457342|   -0.187394|    0.001070|
|        6219|    0.002871|  2.6529e-03|   -9.484590|   -5.479730|   -0.187394|    0.001070|
|        6220|    0.002815|  2.6530e-03|   -9.485383|   -5.491342|   -0.187394|    0.001070|
|        6221|    0.002567|  2.6529e-03|   -9.486164|   -5.488902|   -0.187394|    0.001070|
|        6222|    0.002500|  2.6529e-03|   -9.485384|   -5.278976|   -0.187394|    0.001070|
|        6223|    0.003595|  2.6531e-03|   -9.488192|   -5.452544|   -0.187394|    0.001070|
|        6224|    0.003448|  2.6532e-03|   -9.488338|   -5.271896|   -0.187394|    0.001070|
|        6225|    0.002807|  2.6532e-03|   -9.491237|   -5.468799|   -0.187394|    0.001070|
|        6226|    0.003528|  2.6534e-03|   -9.492881|   -5.476737|   -0.187394|    0.001070|
|        6227|    0.003576|  2.6535e-03|   -9.493868|   -5.500320|   -0.187394|    0.001070|
|        6228|    0.003335|  2.6536e-03|   -9.494634|   -5.510359|   -0.187394|    0.001070|
|        6229|    0.003366|  2.6537e-03|   -9.495407|   -5.505679|   -0.187394|    0.001070|
|        6230|    0.002999|  2.6538e-03|   -9.494639|   -5.292716|   -0.187394|    0.001070|
|        6231|    0.002739|  2.6538e-03|   -9.497454|   -5.468512|   -0.187394|    0.001070|
|        6232|    0.002558|  2.6538e-03|   -9.497604|   -5.286484|   -0.187394|    0.001070|
|        6233|    0.003118|  2.6539e-03|   -9.500497|   -5.484635|   -0.187394|    0.001070|
|        6234|    0.002830|  2.6539e-03|   -9.502139|   -5.491889|   -0.187394|    0.001070|
|        6235|    0.002872|  2.6539e-03|   -9.503124|   -5.514723|   -0.187394|    0.001070|
|        6236|    0.002844|  2.6540e-03|   -9.503889|   -5.523725|   -0.187394|    0.001070|
|        6237|    0.001884|  2.6538e-03|   -9.504662|   -5.517872|   -0.187394|    0.001070|
|        6238|    0.002823|  2.6539e-03|   -9.503887|   -5.302429|   -0.187394|    0.001070|
|        6239|    0.002458|  2.6538e-03|   -9.506704|   -5.478078|   -0.187394|    0.001070|
|        6240|    0.002627|  2.6538e-03|   -9.506848|   -5.294898|   -0.187394|    0.001070|
|        6241|    0.002469|  2.6538e-03|   -9.509745|   -5.492629|   -0.187394|    0.001070|
|        6242|    0.002013|  2.6537e-03|   -9.511389|   -5.499606|   -0.187394|    0.001070|
|        6243|    0.002764|  2.6537e-03|   -9.512374|   -5.521861|   -0.187394|    0.001070|
|        6244|    0.002091|  2.6536e-03|   -9.513139|   -5.530311|   -0.187394|    0.001070|
|        6245|    0.001834|  2.6535e-03|   -9.512256|   -5.315148|   -0.187394|    0.001070|
|        6246|    0.002329|  2.6534e-03|   -9.515018|   -5.482568|   -0.187394|    0.001070|
|        6247|    0.003788|  2.6536e-03|   -9.516780|   -5.486683|   -0.187394|    0.001070|
|        6248|    0.003035|  2.6537e-03|   -9.517909|   -5.517481|   -0.187394|    0.001070|
|        6249|    0.003136|  2.6538e-03|   -9.518738|   -5.537302|   -0.187394|    0.001070|
|        6250|    0.002555|  2.6537e-03|   -9.519500|   -5.537559|   -0.187394|    0.001070|
+-----------------------------------------------------------------------+
|        File Writing Summary       |              Filename             |
+-----------------------------------------------------------------------+
|SU2 binary restart                 |restart_flow.dat                   |
|Paraview                           |flow.vtu                           |
|Paraview surface                   |surface_flow.vtu                   |
+-----------------------------------------------------------------------+
+------------------------------------------------------------------------------------------+
|  Inner_Iter|   Time(sec)|   Time(sec)|    rms[Rho]|   rms[RhoE]|          CL|          CD|
+------------------------------------------------------------------------------------------+
|        6251|    0.013867|  2.6555e-03|   -9.520316|   -5.530018|   -0.187394|    0.001070|
|        6252|    0.003132|  2.6556e-03|   -9.519572|   -5.317795|   -0.187394|    0.001070|
|        6253|    0.003385|  2.6557e-03|   -9.522403|   -5.495254|   -0.187394|    0.001070|
|        6254|    0.003355|  2.6558e-03|   -9.524169|   -5.503095|   -0.187394|    0.001070|
|        6255|    0.003910|  2.6560e-03|   -9.525273|   -5.534263|   -0.187394|    0.001070|
|        6256|    0.003230|  2.6561e-03|   -9.526080|   -5.551913|   -0.187394|    0.001070|
|        6257|    0.003086|  2.6562e-03|   -9.526835|   -5.549339|   -0.187394|    0.001070|
|        6258|    0.003102|  2.6563e-03|   -9.527655|   -5.539949|   -0.187394|    0.001070|
|        6259|    0.002867|  2.6563e-03|   -9.528557|   -5.534626|   -0.187394|    0.001070|
|        6260|    0.002396|  2.6563e-03|   -9.529500|   -5.535863|   -0.187394|    0.001070|
|        6261|    0.002674|  2.6563e-03|   -9.530442|   -5.541158|   -0.187394|    0.001070|
|        6262|    0.003321|  2.6564e-03|   -9.531363|   -5.546983|   -0.187394|    0.001070|
|        6263|    0.004813|  2.6567e-03|   -9.532265|   -5.551083|   -0.187394|    0.001070|
|        6264|    0.003899|  2.6569e-03|   -9.533161|   -5.553117|   -0.187394|    0.001070|
|        6265|    0.003114|  2.6570e-03|   -9.534061|   -5.553882|   -0.187394|    0.001070|
|        6266|    0.002865|  2.6570e-03|   -9.534966|   -5.554411|   -0.187394|    0.001070|
|        6267|    0.003032|  2.6571e-03|   -9.535877|   -5.555269|   -0.187394|    0.001070|
|        6268|    0.003127|  2.6572e-03|   -9.536789|   -5.556518|   -0.187394|    0.001070|
|        6269|    0.002650|  2.6572e-03|   -9.537700|   -5.557933|   -0.187394|    0.001070|
|        6270|    0.001943|  2.6570e-03|   -9.538609|   -5.559242|   -0.187394|    0.001070|
|        6271|    0.002054|  2.6569e-03|   -9.539518|   -5.560318|   -0.187394|    0.001070|
|        6272|    0.002566|  2.6569e-03|   -9.540426|   -5.561144|   -0.187394|    0.001070|
|        6273|    0.003003|  2.6570e-03|   -9.541335|   -5.561823|   -0.187394|    0.001070|
|        6274|    0.002663|  2.6570e-03|   -9.542244|   -5.562438|   -0.187394|    0.001070|
|        6275|    0.001914|  2.6569e-03|   -9.543154|   -5.563059|   -0.187394|    0.001070|
|        6276|    0.002297|  2.6568e-03|   -9.544065|   -5.563703|   -0.187394|    0.001070|
|        6277|    0.002563|  2.6568e-03|   -9.544976|   -5.564355|   -0.187394|    0.001070|
|        6278|    0.002176|  2.6567e-03|   -9.545886|   -5.565022|   -0.187394|    0.001070|
|        6279|    0.001951|  2.6566e-03|   -9.546797|   -5.565684|   -0.187394|    0.001070|
|        6280|    0.001937|  2.6565e-03|   -9.547709|   -5.566356|   -0.187394|    0.001070|
|        6281|    0.001869|  2.6564e-03|   -9.548620|   -5.567039|   -0.187394|    0.001070|
|        6282|    0.001963|  2.6563e-03|   -9.549532|   -5.567752|   -0.187394|    0.001070|
|        6283|    0.002701|  2.6563e-03|   -9.550444|   -5.568504|   -0.187394|    0.001070|
|        6284|    0.003238|  2.6564e-03|   -9.551357|   -5.569287|   -0.187394|    0.001070|
|        6285|    0.003219|  2.6564e-03|   -9.552270|   -5.570108|   -0.187394|    0.001070|
|        6286|    0.003068|  2.6565e-03|   -9.553183|   -5.570961|   -0.187394|    0.001070|
|        6287|    0.002831|  2.6565e-03|   -9.554096|   -5.571834|   -0.187394|    0.001070|
|        6288|    0.002809|  2.6566e-03|   -9.555010|   -5.572740|   -0.187394|    0.001070|
|        6289|    0.003103|  2.6566e-03|   -9.555924|   -5.573662|   -0.187394|    0.001070|
|        6290|    0.003305|  2.6567e-03|   -9.556838|   -5.574603|   -0.187394|    0.001070|
|        6291|    0.002221|  2.6567e-03|   -9.557752|   -5.575561|   -0.187394|    0.001070|
|        6292|    0.002516|  2.6566e-03|   -9.558667|   -5.576523|   -0.187394|    0.001070|
|        6293|    0.002613|  2.6566e-03|   -9.559582|   -5.577502|   -0.187394|    0.001070|
|        6294|    0.003191|  2.6567e-03|   -9.560497|   -5.578481|   -0.187394|    0.001070|
|        6295|    0.002389|  2.6567e-03|   -9.561412|   -5.579459|   -0.187394|    0.001070|
|        6296|    0.002829|  2.6567e-03|   -9.562328|   -5.580434|   -0.187394|    0.001070|
|        6297|    0.003151|  2.6568e-03|   -9.563243|   -5.581407|   -0.187394|    0.001070|
|        6298|    0.001911|  2.6567e-03|   -9.564159|   -5.582375|   -0.187394|    0.001070|
|        6299|    0.001963|  2.6566e-03|   -9.565076|   -5.583332|   -0.187394|    0.001070|
|        6300|    0.001878|  2.6564e-03|   -9.565992|   -5.584284|   -0.187394|    0.001070|
|        6301|    0.002226|  2.6564e-03|   -9.566909|   -5.585234|   -0.187394|    0.001070|
|        6302|    0.002684|  2.6564e-03|   -9.567826|   -5.586164|   -0.187394|    0.001070|
|        6303|    0.003115|  2.6564e-03|   -9.568743|   -5.587091|   -0.187394|    0.001070|
|        6304|    0.002689|  2.6564e-03|   -9.569660|   -5.588013|   -0.187394|    0.001070|
|        6305|    0.001918|  2.6563e-03|   -9.570578|   -5.588928|   -0.187394|    0.001070|
|        6306|    0.003136|  2.6564e-03|   -9.571496|   -5.589835|   -0.187394|    0.001070|
|        6307|    0.002603|  2.6564e-03|   -9.572414|   -5.590736|   -0.187394|    0.001070|
|        6308|    0.003418|  2.6565e-03|   -9.573332|   -5.591635|   -0.187394|    0.001070|
|        6309|    0.002525|  2.6565e-03|   -9.574251|   -5.592527|   -0.187394|    0.001070|
|        6310|    0.002583|  2.6565e-03|   -9.575169|   -5.593430|   -0.187394|    0.001070|
|        6311|    0.002713|  2.6565e-03|   -9.576088|   -5.594318|   -0.187394|    0.001070|
|        6312|    0.003151|  2.6566e-03|   -9.575393|   -5.385941|   -0.187394|    0.001070|
|        6313|    0.002296|  2.6565e-03|   -9.578177|   -5.560606|   -0.187394|    0.001070|
|        6314|    0.002304|  2.6565e-03|   -9.578324|   -5.370669|   -0.187394|    0.001070|
|        6315|    0.002505|  2.6564e-03|   -9.581222|   -5.565139|   -0.187394|    0.001070|
|        6316|    0.002792|  2.6565e-03|   -9.581238|   -5.377770|   -0.187394|    0.001070|
|        6317|    0.002882|  2.6565e-03|   -9.584048|   -5.561148|   -0.187394|    0.001070|
|        6318|    0.002876|  2.6565e-03|   -9.584031|   -5.368997|   -0.187394|    0.001070|
|        6319|    0.002937|  2.6566e-03|   -9.586887|   -5.552974|   -0.187394|    0.001070|
|        6320|    0.002930|  2.6566e-03|   -9.588550|   -5.556208|   -0.187394|    0.001070|
|        6321|    0.002823|  2.6566e-03|   -9.589585|   -5.578438|   -0.187394|    0.001070|
|        6322|    0.002783|  2.6567e-03|   -9.590390|   -5.589951|   -0.187394|    0.001070|
|        6323|    0.002713|  2.6567e-03|   -9.591183|   -5.587545|   -0.187394|    0.001070|
|        6324|    0.002084|  2.6566e-03|   -9.590385|   -5.377559|   -0.187394|    0.001070|
|        6325|    0.002605|  2.6566e-03|   -9.593238|   -5.551587|   -0.187394|    0.001070|
|        6326|    0.001978|  2.6565e-03|   -9.593376|   -5.370739|   -0.187394|    0.001070|
|        6327|    0.002456|  2.6564e-03|   -9.596322|   -5.567864|   -0.187394|    0.001070|
|        6328|    0.003264|  2.6565e-03|   -9.597989|   -5.575843|   -0.187394|    0.001070|
|        6329|    0.002050|  2.6564e-03|   -9.598991|   -5.599263|   -0.187394|    0.001070|
|        6330|    0.001909|  2.6563e-03|   -9.599769|   -5.609214|   -0.187394|    0.001070|
|        6331|    0.001861|  2.6562e-03|   -9.600555|   -5.604597|   -0.187394|    0.001070|
|        6332|    0.002771|  2.6562e-03|   -9.599768|   -5.391543|   -0.187394|    0.001070|
|        6333|    0.003070|  2.6563e-03|   -9.602628|   -5.567811|   -0.187394|    0.001070|
|        6334|    0.001941|  2.6562e-03|   -9.602771|   -5.385532|   -0.187394|    0.001070|
|        6335|    0.002109|  2.6561e-03|   -9.605710|   -5.583914|   -0.187394|    0.001070|
|        6336|    0.002264|  2.6560e-03|   -9.607374|   -5.591186|   -0.187394|    0.001070|
|        6337|    0.003102|  2.6561e-03|   -9.608374|   -5.613852|   -0.187394|    0.001070|
|        6338|    0.003349|  2.6562e-03|   -9.609152|   -5.622736|   -0.187394|    0.001070|
|        6339|    0.001994|  2.6561e-03|   -9.609937|   -5.616937|   -0.187394|    0.001070|
|        6340|    0.002717|  2.6561e-03|   -9.609144|   -5.401380|   -0.187394|    0.001070|
|        6341|    0.002086|  2.6560e-03|   -9.612006|   -5.577488|   -0.187394|    0.001070|
|        6342|    0.002524|  2.6560e-03|   -9.612142|   -5.394041|   -0.187394|    0.001070|
|        6343|    0.002060|  2.6559e-03|   -9.615086|   -5.591980|   -0.187394|    0.001070|
|        6344|    0.002975|  2.6559e-03|   -9.616752|   -5.598978|   -0.187394|    0.001070|
|        6345|    0.002147|  2.6559e-03|   -9.617752|   -5.621060|   -0.187394|    0.001070|
|        6346|    0.002225|  2.6558e-03|   -9.618530|   -5.629389|   -0.187394|    0.001070|
|        6347|    0.002652|  2.6558e-03|   -9.617628|   -5.414052|   -0.187394|    0.001070|
|        6348|    0.002836|  2.6558e-03|   -9.620435|   -5.581975|   -0.187394|    0.001070|
|        6349|    0.002066|  2.6557e-03|   -9.622219|   -5.586241|   -0.187394|    0.001070|
|        6350|    0.002998|  2.6558e-03|   -9.623363|   -5.616884|   -0.187394|    0.001070|
|        6351|    0.002783|  2.6558e-03|   -9.624205|   -5.636531|   -0.187394|    0.001070|
|        6352|    0.002749|  2.6558e-03|   -9.624979|   -5.636749|   -0.187394|    0.001070|
|        6353|    0.001901|  2.6557e-03|   -9.625807|   -5.629282|   -0.187394|    0.001070|
|        6354|    0.001968|  2.6556e-03|   -9.625046|   -5.416950|   -0.187394|    0.001070|
|        6355|    0.001849|  2.6555e-03|   -9.627922|   -5.594858|   -0.187394|    0.001070|
|        6356|    0.002253|  2.6554e-03|   -9.629710|   -5.602804|   -0.187394|    0.001070|
|        6357|    0.002649|  2.6554e-03|   -9.630829|   -5.633791|   -0.187394|    0.001070|
|        6358|    0.003090|  2.6555e-03|   -9.631649|   -5.651265|   -0.187394|    0.001070|
|        6359|    0.003095|  2.6555e-03|   -9.632416|   -5.648662|   -0.187394|    0.001070|
|        6360|    0.002888|  2.6556e-03|   -9.633249|   -5.639362|   -0.187394|    0.001070|
|        6361|    0.003204|  2.6557e-03|   -9.634163|   -5.634145|   -0.187394|    0.001070|
|        6362|    0.003258|  2.6558e-03|   -9.635119|   -5.635463|   -0.187394|    0.001070|
|        6363|    0.002681|  2.6558e-03|   -9.636073|   -5.640778|   -0.187394|    0.001070|
|        6364|    0.001928|  2.6556e-03|   -9.637006|   -5.646595|   -0.187394|    0.001070|
|        6365|    0.002877|  2.6557e-03|   -9.637922|   -5.650683|   -0.187394|    0.001070|
|        6366|    0.003250|  2.6558e-03|   -9.638830|   -5.652726|   -0.187394|    0.001070|
|        6367|    0.002159|  2.6557e-03|   -9.639742|   -5.653513|   -0.187394|    0.001070|
|        6368|    0.002356|  2.6556e-03|   -9.640661|   -5.654070|   -0.187394|    0.001070|
|        6369|    0.002062|  2.6556e-03|   -9.641584|   -5.654948|   -0.187394|    0.001070|
|        6370|    0.001913|  2.6554e-03|   -9.642509|   -5.656210|   -0.187394|    0.001070|
|        6371|    0.001932|  2.6553e-03|   -9.643432|   -5.657631|   -0.187394|    0.001070|
|        6372|    0.002567|  2.6553e-03|   -9.644354|   -5.658941|   -0.187394|    0.001070|
|        6373|    0.003346|  2.6554e-03|   -9.645275|   -5.660010|   -0.187394|    0.001070|
|        6374|    0.002972|  2.6555e-03|   -9.646196|   -5.660848|   -0.187394|    0.001070|
|        6375|    0.002863|  2.6555e-03|   -9.647118|   -5.661525|   -0.187394|    0.001070|
|        6376|    0.002050|  2.6554e-03|   -9.648040|   -5.662155|   -0.187394|    0.001070|
|        6377|    0.001884|  2.6553e-03|   -9.648963|   -5.662777|   -0.187394|    0.001070|
|        6378|    0.001936|  2.6552e-03|   -9.649886|   -5.663424|   -0.187394|    0.001070|
|        6379|    0.001856|  2.6550e-03|   -9.650809|   -5.664084|   -0.187394|    0.001070|
|        6380|    0.001908|  2.6549e-03|   -9.651733|   -5.664750|   -0.187394|    0.001070|
|        6381|    0.001862|  2.6548e-03|   -9.652656|   -5.665426|   -0.187394|    0.001070|
|        6382|    0.001887|  2.6547e-03|   -9.653580|   -5.666103|   -0.187394|    0.001070|
|        6383|    0.001855|  2.6546e-03|   -9.654505|   -5.666793|   -0.187394|    0.001070|
|        6384|    0.002331|  2.6545e-03|   -9.655429|   -5.667513|   -0.187394|    0.001070|
|        6385|    0.002953|  2.6546e-03|   -9.656354|   -5.668284|   -0.187394|    0.001070|
|        6386|    0.002789|  2.6546e-03|   -9.657279|   -5.669070|   -0.187394|    0.001070|
|        6387|    0.002813|  2.6546e-03|   -9.658205|   -5.669907|   -0.187394|    0.001070|
|        6388|    0.002801|  2.6546e-03|   -9.659131|   -5.670770|   -0.187394|    0.001070|
|        6389|    0.002727|  2.6546e-03|   -9.660057|   -5.671661|   -0.187394|    0.001070|
|        6390|    0.002803|  2.6547e-03|   -9.660983|   -5.672579|   -0.187394|    0.001070|
|        6391|    0.002877|  2.6547e-03|   -9.661910|   -5.673512|   -0.187394|    0.001070|
|        6392|    0.002999|  2.6548e-03|   -9.662837|   -5.674471|   -0.187394|    0.001070|
|        6393|    0.003109|  2.6548e-03|   -9.663764|   -5.675435|   -0.187394|    0.001070|
|        6394|    0.002778|  2.6548e-03|   -9.664691|   -5.676419|   -0.187394|    0.001070|
|        6395|    0.002851|  2.6549e-03|   -9.665619|   -5.677412|   -0.187394|    0.001070|
|        6396|    0.002772|  2.6549e-03|   -9.666547|   -5.678397|   -0.187394|    0.001070|
|        6397|    0.003129|  2.6550e-03|   -9.667475|   -5.679391|   -0.187394|    0.001070|
|        6398|    0.002792|  2.6550e-03|   -9.668404|   -5.680380|   -0.187394|    0.001070|
|        6399|    0.002764|  2.6550e-03|   -9.669332|   -5.681366|   -0.187394|    0.001070|
|        6400|    0.002762|  2.6550e-03|   -9.670261|   -5.682345|   -0.187394|    0.001070|
|        6401|    0.002729|  2.6550e-03|   -9.671190|   -5.683314|   -0.187394|    0.001070|
|        6402|    0.002744|  2.6550e-03|   -9.672120|   -5.684285|   -0.187394|    0.001070|
|        6403|    0.002742|  2.6551e-03|   -9.673049|   -5.685240|   -0.187394|    0.001070|
|        6404|    0.002741|  2.6551e-03|   -9.673979|   -5.686191|   -0.187394|    0.001070|
|        6405|    0.002806|  2.6551e-03|   -9.674909|   -5.687124|   -0.187394|    0.001070|
|        6406|    0.002738|  2.6551e-03|   -9.675839|   -5.688048|   -0.187394|    0.001070|
|        6407|    0.002781|  2.6551e-03|   -9.676770|   -5.688987|   -0.187394|    0.001070|
|        6408|    0.002810|  2.6552e-03|   -9.677700|   -5.689897|   -0.187394|    0.001070|
|        6409|    0.002941|  2.6552e-03|   -9.678631|   -5.690819|   -0.187394|    0.001070|
|        6410|    0.002601|  2.6552e-03|   -9.679562|   -5.691716|   -0.187394|    0.001070|
|        6411|    0.002867|  2.6552e-03|   -9.680494|   -5.692638|   -0.187394|    0.001070|
|        6412|    0.002749|  2.6552e-03|   -9.681425|   -5.693535|   -0.187394|    0.001070|
|        6413|    0.002665|  2.6552e-03|   -9.682357|   -5.694439|   -0.187394|    0.001070|
|        6414|    0.003189|  2.6553e-03|   -9.681646|   -5.485779|   -0.187394|    0.001070|
|        6415|    0.003248|  2.6554e-03|   -9.684474|   -5.660891|   -0.187394|    0.001070|
|        6416|    0.003240|  2.6555e-03|   -9.684616|   -5.470685|   -0.187394|    0.001070|
|        6417|    0.002143|  2.6554e-03|   -9.687560|   -5.665368|   -0.187394|    0.001070|
|        6418|    0.003108|  2.6555e-03|   -9.687570|   -5.477629|   -0.187394|    0.001070|
|        6419|    0.003261|  2.6556e-03|   -9.690426|   -5.661266|   -0.187394|    0.001070|
|        6420|    0.003286|  2.6557e-03|   -9.690403|   -5.468862|   -0.187394|    0.001070|
|        6421|    0.003002|  2.6557e-03|   -9.693305|   -5.653087|   -0.187394|    0.001070|
|        6422|    0.002078|  2.6557e-03|   -9.694991|   -5.656397|   -0.187394|    0.001070|
|        6423|    0.001904|  2.6555e-03|   -9.696040|   -5.678472|   -0.187394|    0.001070|
|        6424|    0.002580|  2.6555e-03|   -9.696859|   -5.689880|   -0.187394|    0.001070|
|        6425|    0.002135|  2.6554e-03|   -9.697664|   -5.687500|   -0.187394|    0.001070|
|        6426|    0.002972|  2.6555e-03|   -9.696848|   -5.477464|   -0.187394|    0.001070|
|        6427|    0.003058|  2.6556e-03|   -9.699747|   -5.651974|   -0.187394|    0.001070|
|        6428|    0.001998|  2.6555e-03|   -9.699880|   -5.470926|   -0.187394|    0.001070|
|        6429|    0.001891|  2.6553e-03|   -9.702872|   -5.668261|   -0.187394|    0.001070|
|        6430|    0.002922|  2.6554e-03|   -9.704561|   -5.676297|   -0.187394|    0.001070|
|        6431|    0.001894|  2.6553e-03|   -9.705579|   -5.699536|   -0.187394|    0.001070|
|        6432|    0.002919|  2.6553e-03|   -9.706370|   -5.709392|   -0.187394|    0.001070|
|        6433|    0.002509|  2.6553e-03|   -9.707169|   -5.704838|   -0.187394|    0.001070|
|        6434|    0.002482|  2.6552e-03|   -9.706365|   -5.491711|   -0.187394|    0.001070|
|        6435|    0.002694|  2.6553e-03|   -9.709270|   -5.668451|   -0.187394|    0.001070|
|        6436|    0.001897|  2.6551e-03|   -9.709408|   -5.485928|   -0.187394|    0.001070|
|        6437|    0.002563|  2.6551e-03|   -9.712393|   -5.684526|   -0.187394|    0.001070|
|        6438|    0.003023|  2.6552e-03|   -9.714080|   -5.691846|   -0.187394|    0.001070|
|        6439|    0.001914|  2.6551e-03|   -9.715096|   -5.714312|   -0.187394|    0.001070|
|        6440|    0.002825|  2.6551e-03|   -9.715887|   -5.723087|   -0.187394|    0.001070|
|        6441|    0.002981|  2.6551e-03|   -9.716685|   -5.717336|   -0.187394|    0.001070|
|        6442|    0.002307|  2.6551e-03|   -9.715874|   -5.501667|   -0.187394|    0.001070|
|        6443|    0.002044|  2.6550e-03|   -9.718781|   -5.678242|   -0.187394|    0.001070|
|        6444|    0.002752|  2.6550e-03|   -9.718911|   -5.494539|   -0.187394|    0.001070|
|        6445|    0.002653|  2.6550e-03|   -9.721902|   -5.692675|   -0.187394|    0.001070|
|        6446|    0.002611|  2.6550e-03|   -9.723590|   -5.699713|   -0.187394|    0.001070|
|        6447|    0.003184|  2.6551e-03|   -9.724606|   -5.721582|   -0.187394|    0.001070|
|        6448|    0.002851|  2.6551e-03|   -9.725397|   -5.729796|   -0.187394|    0.001070|
|        6449|    0.003280|  2.6552e-03|   -9.724478|   -5.514296|   -0.187394|    0.001070|
|        6450|    0.002391|  2.6552e-03|   -9.727330|   -5.682744|   -0.187394|    0.001070|
|        6451|    0.002048|  2.6551e-03|   -9.729137|   -5.687154|   -0.187394|    0.001070|
|        6452|    0.003878|  2.6553e-03|   -9.730296|   -5.717632|   -0.187394|    0.001070|
|        6453|    0.002991|  2.6553e-03|   -9.731152|   -5.737099|   -0.187394|    0.001070|
|        6454|    0.003622|  2.6555e-03|   -9.731939|   -5.737271|   -0.187394|    0.001070|
|        6455|    0.003196|  2.6555e-03|   -9.732780|   -5.729883|   -0.187394|    0.001070|
|        6456|    0.001993|  2.6554e-03|   -9.732002|   -5.517451|   -0.187394|    0.001070|
|        6457|    0.002147|  2.6554e-03|   -9.734923|   -5.695816|   -0.187394|    0.001070|
|        6458|    0.001864|  2.6552e-03|   -9.736734|   -5.703888|   -0.187394|    0.001070|
|        6459|    0.001883|  2.6551e-03|   -9.737869|   -5.734662|   -0.187394|    0.001070|
|        6460|    0.002709|  2.6551e-03|   -9.738702|   -5.751956|   -0.187394|    0.001070|
|        6461|    0.002992|  2.6552e-03|   -9.739482|   -5.749322|   -0.187394|    0.001070|
|        6462|    0.003359|  2.6553e-03|   -9.740328|   -5.740114|   -0.187394|    0.001070|
|        6463|    0.003068|  2.6554e-03|   -9.741255|   -5.735023|   -0.187394|    0.001070|
|        6464|    0.002600|  2.6553e-03|   -9.742224|   -5.736403|   -0.187394|    0.001070|
|        6465|    0.003106|  2.6554e-03|   -9.743191|   -5.741745|   -0.187394|    0.001070|
|        6466|    0.003221|  2.6555e-03|   -9.744138|   -5.747556|   -0.187394|    0.001070|
|        6467|    0.002922|  2.6555e-03|   -9.745066|   -5.751639|   -0.187394|    0.001070|
|        6468|    0.003000|  2.6556e-03|   -9.745988|   -5.753683|   -0.187394|    0.001070|
|        6469|    0.002743|  2.6556e-03|   -9.746913|   -5.754495|   -0.187394|    0.001070|
|        6470|    0.003313|  2.6557e-03|   -9.747845|   -5.755084|   -0.187394|    0.001070|
|        6471|    0.003300|  2.6558e-03|   -9.748781|   -5.755973|   -0.187394|    0.001070|
|        6472|    0.003399|  2.6559e-03|   -9.749719|   -5.757259|   -0.187394|    0.001070|
|        6473|    0.002515|  2.6559e-03|   -9.750656|   -5.758676|   -0.187394|    0.001070|
|        6474|    0.002100|  2.6558e-03|   -9.751591|   -5.759984|   -0.187394|    0.001070|
|        6475|    0.001869|  2.6557e-03|   -9.752525|   -5.761066|   -0.187394|    0.001070|
|        6476|    0.002270|  2.6556e-03|   -9.753459|   -5.761898|   -0.187394|    0.001070|
|        6477|    0.003022|  2.6557e-03|   -9.754394|   -5.762583|   -0.187394|    0.001070|
|        6478|    0.002901|  2.6557e-03|   -9.755329|   -5.763216|   -0.187394|    0.001070|
|        6479|    0.003107|  2.6558e-03|   -9.756265|   -5.763844|   -0.187394|    0.001070|
|        6480|    0.003027|  2.6559e-03|   -9.757202|   -5.764497|   -0.187394|    0.001070|
|        6481|    0.002779|  2.6559e-03|   -9.758138|   -5.765165|   -0.187394|    0.001070|
|        6482|    0.002905|  2.6559e-03|   -9.759075|   -5.765840|   -0.187394|    0.001070|
|        6483|    0.002062|  2.6558e-03|   -9.760012|   -5.766512|   -0.187394|    0.001070|
|        6484|    0.002904|  2.6559e-03|   -9.760949|   -5.767200|   -0.187394|    0.001070|
|        6485|    0.002423|  2.6558e-03|   -9.761887|   -5.767901|   -0.187394|    0.001070|
|        6486|    0.002850|  2.6559e-03|   -9.762825|   -5.768640|   -0.187394|    0.001070|
|        6487|    0.002154|  2.6558e-03|   -9.763763|   -5.769402|   -0.187394|    0.001070|
|        6488|    0.002634|  2.6558e-03|   -9.764701|   -5.770220|   -0.187394|    0.001070|
|        6489|    0.001912|  2.6557e-03|   -9.765640|   -5.771056|   -0.187394|    0.001070|
|        6490|    0.002273|  2.6556e-03|   -9.766579|   -5.771936|   -0.187394|    0.001070|
|        6491|    0.003187|  2.6557e-03|   -9.767519|   -5.772838|   -0.187394|    0.001070|
|        6492|    0.002096|  2.6556e-03|   -9.768458|   -5.773773|   -0.187394|    0.001070|
|        6493|    0.002203|  2.6555e-03|   -9.769398|   -5.774713|   -0.187394|    0.001070|
|        6494|    0.001958|  2.6554e-03|   -9.770339|   -5.775695|   -0.187394|    0.001070|
|        6495|    0.003341|  2.6555e-03|   -9.771279|   -5.776675|   -0.187394|    0.001070|
|        6496|    0.002545|  2.6555e-03|   -9.772220|   -5.777671|   -0.187394|    0.001070|
|        6497|    0.003487|  2.6556e-03|   -9.773161|   -5.778675|   -0.187394|    0.001070|
|        6498|    0.002731|  2.6557e-03|   -9.774102|   -5.779675|   -0.187394|    0.001070|
|        6499|    0.002976|  2.6557e-03|   -9.775044|   -5.780679|   -0.187394|    0.001070|
|        6500|    0.002749|  2.6557e-03|   -9.775985|   -5.781687|   -0.187394|    0.001070|
+-----------------------------------------------------------------------+
|        File Writing Summary       |              Filename             |
+-----------------------------------------------------------------------+
|SU2 binary restart                 |restart_flow.dat                   |
|Paraview                           |flow.vtu                           |
|Paraview surface                   |surface_flow.vtu                   |
+-----------------------------------------------------------------------+
+------------------------------------------------------------------------------------------+
|  Inner_Iter|   Time(sec)|   Time(sec)|    rms[Rho]|   rms[RhoE]|          CL|          CD|
+------------------------------------------------------------------------------------------+
|        6501|    0.012605|  2.6572e-03|   -9.776927|   -5.782689|   -0.187394|    0.001070|
|        6502|    0.002933|  2.6573e-03|   -9.777870|   -5.783678|   -0.187394|    0.001070|
|        6503|    0.002658|  2.6573e-03|   -9.778812|   -5.784666|   -0.187394|    0.001070|
|        6504|    0.002322|  2.6572e-03|   -9.779755|   -5.785645|   -0.187394|    0.001070|
|        6505|    0.003187|  2.6573e-03|   -9.780698|   -5.786611|   -0.187394|    0.001070|
|        6506|    0.003116|  2.6574e-03|   -9.781641|   -5.787567|   -0.187394|    0.001070|
|        6507|    0.002299|  2.6573e-03|   -9.782584|   -5.788521|   -0.187394|    0.001070|
|        6508|    0.002348|  2.6573e-03|   -9.783528|   -5.789462|   -0.187394|    0.001070|
|        6509|    0.002468|  2.6573e-03|   -9.784472|   -5.790405|   -0.187394|    0.001070|
|        6510|    0.003019|  2.6573e-03|   -9.785416|   -5.791332|   -0.187394|    0.001070|
|        6511|    0.003157|  2.6574e-03|   -9.786360|   -5.792255|   -0.187394|    0.001070|
|        6512|    0.003534|  2.6575e-03|   -9.787305|   -5.793177|   -0.187394|    0.001070|
|        6513|    0.003464|  2.6576e-03|   -9.788250|   -5.794102|   -0.187394|    0.001070|
|        6514|    0.003167|  2.6577e-03|   -9.789195|   -5.795012|   -0.187394|    0.001070|
|        6515|    0.002294|  2.6577e-03|   -9.790140|   -5.795929|   -0.187394|    0.001070|
|        6516|    0.001899|  2.6576e-03|   -9.789415|   -5.586995|   -0.187394|    0.001070|
|        6517|    0.002340|  2.6575e-03|   -9.792287|   -5.762561|   -0.187394|    0.001070|
|        6518|    0.002518|  2.6575e-03|   -9.792425|   -5.572091|   -0.187394|    0.001070|
|        6519|    0.002188|  2.6574e-03|   -9.795415|   -5.766973|   -0.187394|    0.001070|
|        6520|    0.002984|  2.6575e-03|   -9.795421|   -5.578863|   -0.187394|    0.001070|
|        6521|    0.002541|  2.6574e-03|   -9.798322|   -5.762748|   -0.187394|    0.001070|
|        6522|    0.002040|  2.6573e-03|   -9.798294|   -5.570107|   -0.187394|    0.001070|
|        6523|    0.002210|  2.6573e-03|   -9.801243|   -5.754586|   -0.187394|    0.001070|
|        6524|    0.003154|  2.6574e-03|   -9.802951|   -5.757978|   -0.187394|    0.001070|
|        6525|    0.002824|  2.6574e-03|   -9.804016|   -5.779873|   -0.187394|    0.001070|
|        6526|    0.002489|  2.6574e-03|   -9.804849|   -5.791158|   -0.187394|    0.001070|
|        6527|    0.002258|  2.6573e-03|   -9.805668|   -5.788829|   -0.187394|    0.001070|
|        6528|    0.002324|  2.6572e-03|   -9.804836|   -5.578750|   -0.187394|    0.001070|
|        6529|    0.001892|  2.6571e-03|   -9.807781|   -5.753735|   -0.187394|    0.001070|
|        6530|    0.001993|  2.6570e-03|   -9.807908|   -5.572517|   -0.187394|    0.001070|
|        6531|    0.001931|  2.6569e-03|   -9.810948|   -5.770046|   -0.187394|    0.001070|
|        6532|    0.003340|  2.6570e-03|   -9.812660|   -5.778142|   -0.187394|    0.001070|
|        6533|    0.003386|  2.6571e-03|   -9.813693|   -5.801191|   -0.187394|    0.001070|
|        6534|    0.001957|  2.6570e-03|   -9.814499|   -5.810938|   -0.187394|    0.001070|
|        6535|    0.002573|  2.6570e-03|   -9.815311|   -5.806452|   -0.187394|    0.001070|
|        6536|    0.002455|  2.6570e-03|   -9.814492|   -5.593269|   -0.187394|    0.001070|
|        6537|    0.002280|  2.6569e-03|   -9.817442|   -5.770489|   -0.187394|    0.001070|
|        6538|    0.003125|  2.6570e-03|   -9.817575|   -5.587739|   -0.187394|    0.001070|
|        6539|    0.002332|  2.6569e-03|   -9.820607|   -5.786530|   -0.187394|    0.001070|
|        6540|    0.001952|  2.6568e-03|   -9.822317|   -5.793905|   -0.187394|    0.001070|
|        6541|    0.002335|  2.6568e-03|   -9.823348|   -5.816159|   -0.187394|    0.001070|
|        6542|    0.003207|  2.6569e-03|   -9.824154|   -5.824810|   -0.187394|    0.001070|
|        6543|    0.003961|  2.6571e-03|   -9.824965|   -5.819102|   -0.187394|    0.001070|
|        6544|    0.002978|  2.6571e-03|   -9.824139|   -5.603356|   -0.187394|    0.001070|
|        6545|    0.003353|  2.6572e-03|   -9.827091|   -5.780406|   -0.187394|    0.001070|
|        6546|    0.003350|  2.6573e-03|   -9.827217|   -5.596448|   -0.187394|    0.001070|
|        6547|    0.002655|  2.6573e-03|   -9.830254|   -5.794777|   -0.187394|    0.001070|
|        6548|    0.002245|  2.6573e-03|   -9.831965|   -5.801848|   -0.187394|    0.001070|
|        6549|    0.003401|  2.6574e-03|   -9.832997|   -5.823508|   -0.187394|    0.001070|
|        6550|    0.003125|  2.6575e-03|   -9.833802|   -5.831585|   -0.187394|    0.001070|
|        6551|    0.002077|  2.6574e-03|   -9.832868|   -5.615928|   -0.187394|    0.001070|
|        6552|    0.001951|  2.6573e-03|   -9.835765|   -5.784898|   -0.187394|    0.001070|
|        6553|    0.002293|  2.6572e-03|   -9.837594|   -5.789497|   -0.187394|    0.001070|
|        6554|    0.002274|  2.6571e-03|   -9.838770|   -5.819784|   -0.187394|    0.001070|
|        6555|    0.001952|  2.6570e-03|   -9.839640|   -5.839041|   -0.187394|    0.001070|
|        6556|    0.002708|  2.6570e-03|   -9.840440|   -5.839179|   -0.187394|    0.001070|
|        6557|    0.003084|  2.6571e-03|   -9.841295|   -5.831870|   -0.187394|    0.001070|
|        6558|    0.002169|  2.6570e-03|   -9.840503|   -5.619360|   -0.187394|    0.001070|
|        6559|    0.002791|  2.6571e-03|   -9.843469|   -5.798180|   -0.187394|    0.001070|
|        6560|    0.003047|  2.6571e-03|   -9.845302|   -5.806393|   -0.187394|    0.001070|
|        6561|    0.001914|  2.6570e-03|   -9.846453|   -5.836944|   -0.187394|    0.001070|
|        6562|    0.002111|  2.6569e-03|   -9.847301|   -5.854043|   -0.187394|    0.001070|
|        6563|    0.002750|  2.6569e-03|   -9.848095|   -5.851361|   -0.187394|    0.001070|
|        6564|    0.002512|  2.6569e-03|   -9.848954|   -5.842273|   -0.187394|    0.001070|
|        6565|    0.001990|  2.6568e-03|   -9.849895|   -5.837293|   -0.187394|    0.001070|
|        6566|    0.003548|  2.6569e-03|   -9.850877|   -5.838754|   -0.187394|    0.001070|
|        6567|    0.002774|  2.6570e-03|   -9.851858|   -5.844130|   -0.187394|    0.001070|
|        6568|    0.002599|  2.6570e-03|   -9.852818|   -5.849922|   -0.187394|    0.001070|
|        6569|    0.002039|  2.6569e-03|   -9.853760|   -5.853983|   -0.187394|    0.001070|
|        6570|    0.002025|  2.6568e-03|   -9.854696|   -5.856044|   -0.187394|    0.001070|
|        6571|    0.002058|  2.6567e-03|   -9.855635|   -5.856880|   -0.187394|    0.001070|
|        6572|    0.002959|  2.6567e-03|   -9.856581|   -5.857500|   -0.187394|    0.001070|
|        6573|    0.003040|  2.6568e-03|   -9.857531|   -5.858419|   -0.187394|    0.001070|
|        6574|    0.002248|  2.6567e-03|   -9.858482|   -5.859703|   -0.187394|    0.001070|
|        6575|    0.001897|  2.6566e-03|   -9.859433|   -5.861130|   -0.187394|    0.001070|
|        6576|    0.001976|  2.6565e-03|   -9.860382|   -5.862437|   -0.187394|    0.001070|
|        6577|    0.002544|  2.6565e-03|   -9.861329|   -5.863518|   -0.187394|    0.001070|
|        6578|    0.003799|  2.6567e-03|   -9.862277|   -5.864355|   -0.187394|    0.001070|
|        6579|    0.003463|  2.6568e-03|   -9.863226|   -5.865048|   -0.187394|    0.001070|
|        6580|    0.003499|  2.6569e-03|   -9.864175|   -5.865682|   -0.187394|    0.001070|
|        6581|    0.003812|  2.6571e-03|   -9.865125|   -5.866329|   -0.187394|    0.001070|
|        6582|    0.003553|  2.6572e-03|   -9.866075|   -5.866976|   -0.187394|    0.001070|
|        6583|    0.001984|  2.6571e-03|   -9.867025|   -5.867646|   -0.187394|    0.001070|
|        6584|    0.003118|  2.6572e-03|   -9.867976|   -5.868328|   -0.187394|    0.001070|
|        6585|    0.002686|  2.6572e-03|   -9.868927|   -5.869013|   -0.187394|    0.001070|
|        6586|    0.001898|  2.6571e-03|   -9.869878|   -5.869708|   -0.187394|    0.001070|
|        6587|    0.002133|  2.6570e-03|   -9.870829|   -5.870412|   -0.187394|    0.001070|
|        6588|    0.001885|  2.6569e-03|   -9.871781|   -5.871173|   -0.187394|    0.001070|
|        6589|    0.002884|  2.6569e-03|   -9.872733|   -5.871929|   -0.187394|    0.001070|
|        6590|    0.003610|  2.6571e-03|   -9.873685|   -5.872783|   -0.187394|    0.001070|
|        6591|    0.003336|  2.6572e-03|   -9.874638|   -5.873613|   -0.187394|    0.001070|
|        6592|    0.002004|  2.6571e-03|   -9.875591|   -5.874515|   -0.187394|    0.001070|
|        6593|    0.002096|  2.6570e-03|   -9.876544|   -5.875428|   -0.187394|    0.001070|
|        6594|    0.001908|  2.6569e-03|   -9.877498|   -5.876368|   -0.187394|    0.001070|
|        6595|    0.002725|  2.6569e-03|   -9.878451|   -5.877350|   -0.187394|    0.001070|
|        6596|    0.003421|  2.6570e-03|   -9.879406|   -5.878314|   -0.187394|    0.001070|
|        6597|    0.002676|  2.6570e-03|   -9.880360|   -5.879330|   -0.187394|    0.001070|
|        6598|    0.002655|  2.6570e-03|   -9.881315|   -5.880337|   -0.187394|    0.001070|
|        6599|    0.001926|  2.6569e-03|   -9.882270|   -5.881351|   -0.187394|    0.001070|
|        6600|    0.003379|  2.6570e-03|   -9.883225|   -5.882375|   -0.187394|    0.001070|
|        6601|    0.002387|  2.6569e-03|   -9.884180|   -5.883391|   -0.187394|    0.001070|
|        6602|    0.001856|  2.6568e-03|   -9.885136|   -5.884411|   -0.187394|    0.001070|
|        6603|    0.002698|  2.6568e-03|   -9.886092|   -5.885424|   -0.187394|    0.001070|
|        6604|    0.002815|  2.6569e-03|   -9.887048|   -5.886439|   -0.187394|    0.001070|
|        6605|    0.001877|  2.6567e-03|   -9.888005|   -5.887422|   -0.187394|    0.001070|
|        6606|    0.002392|  2.6567e-03|   -9.888961|   -5.888417|   -0.187394|    0.001070|
|        6607|    0.003262|  2.6568e-03|   -9.889918|   -5.889399|   -0.187394|    0.001070|
|        6608|    0.003025|  2.6568e-03|   -9.890875|   -5.890382|   -0.187394|    0.001070|
|        6609|    0.003575|  2.6570e-03|   -9.891833|   -5.891328|   -0.187394|    0.001070|
|        6610|    0.003284|  2.6571e-03|   -9.892790|   -5.892303|   -0.187394|    0.001070|
|        6611|    0.003489|  2.6572e-03|   -9.893748|   -5.893233|   -0.187394|    0.001070|
|        6612|    0.003283|  2.6573e-03|   -9.894706|   -5.894185|   -0.187394|    0.001070|
|        6613|    0.003298|  2.6574e-03|   -9.895665|   -5.895121|   -0.187394|    0.001070|
|        6614|    0.002001|  2.6573e-03|   -9.896623|   -5.896060|   -0.187394|    0.001070|
|        6615|    0.002219|  2.6572e-03|   -9.897582|   -5.896973|   -0.187394|    0.001070|
|        6616|    0.001908|  2.6571e-03|   -9.898541|   -5.897919|   -0.187394|    0.001070|
|        6617|    0.002552|  2.6571e-03|   -9.899500|   -5.898839|   -0.187394|    0.001070|
|        6618|    0.002593|  2.6571e-03|   -9.898764|   -5.689644|   -0.187394|    0.001070|
|        6619|    0.003641|  2.6572e-03|   -9.901680|   -5.865667|   -0.187394|    0.001070|
|        6620|    0.003053|  2.6573e-03|   -9.901815|   -5.674950|   -0.187394|    0.001070|
|        6621|    0.002484|  2.6573e-03|   -9.904850|   -5.870010|   -0.187394|    0.001070|
|        6622|    0.001914|  2.6572e-03|   -9.904854|   -5.681527|   -0.187394|    0.001070|
|        6623|    0.002646|  2.6572e-03|   -9.907801|   -5.865683|   -0.187394|    0.001070|
|        6624|    0.001876|  2.6570e-03|   -9.907770|   -5.672796|   -0.187394|    0.001070|
|        6625|    0.002391|  2.6570e-03|   -9.910765|   -5.857503|   -0.187394|    0.001070|
|        6626|    0.002896|  2.6570e-03|   -9.912495|   -5.861009|   -0.187394|    0.001070|
|        6627|    0.002245|  2.6570e-03|   -9.913577|   -5.882701|   -0.187394|    0.001070|
|        6628|    0.002480|  2.6569e-03|   -9.914424|   -5.893863|   -0.187394|    0.001070|
|        6629|    0.002668|  2.6569e-03|   -9.915257|   -5.891568|   -0.187394|    0.001070|
|        6630|    0.002769|  2.6570e-03|   -9.914412|   -5.681467|   -0.187394|    0.001070|
|        6631|    0.002567|  2.6569e-03|   -9.917402|   -5.856947|   -0.187394|    0.001070|
|        6632|    0.001942|  2.6568e-03|   -9.917527|   -5.675566|   -0.187394|    0.001070|
|        6633|    0.001973|  2.6567e-03|   -9.920613|   -5.873274|   -0.187394|    0.001070|
|        6634|    0.001870|  2.6566e-03|   -9.922347|   -5.881446|   -0.187394|    0.001070|
|        6635|    0.002015|  2.6565e-03|   -9.923398|   -5.904283|   -0.187394|    0.001070|
|        6636|    0.003212|  2.6566e-03|   -9.924219|   -5.913924|   -0.187394|    0.001070|
|        6637|    0.003088|  2.6567e-03|   -9.925045|   -5.909508|   -0.187394|    0.001070|
|        6638|    0.003267|  2.6568e-03|   -9.924213|   -5.696270|   -0.187394|    0.001070|
|        6639|    0.004766|  2.6571e-03|   -9.927208|   -5.873995|   -0.187394|    0.001070|
|        6640|    0.003448|  2.6572e-03|   -9.927338|   -5.691016|   -0.187394|    0.001070|
|        6641|    0.003294|  2.6573e-03|   -9.930415|   -5.890005|   -0.187394|    0.001070|
|        6642|    0.003220|  2.6574e-03|   -9.932148|   -5.897437|   -0.187394|    0.001070|
|        6643|    0.003105|  2.6574e-03|   -9.933197|   -5.919443|   -0.187394|    0.001070|
|        6644|    0.002775|  2.6575e-03|   -9.934017|   -5.927972|   -0.187394|    0.001070|
|        6645|    0.002765|  2.6575e-03|   -9.934843|   -5.922317|   -0.187394|    0.001070|
|        6646|    0.002279|  2.6574e-03|   -9.934004|   -5.706505|   -0.187394|    0.001070|
|        6647|    0.003068|  2.6575e-03|   -9.937000|   -5.884027|   -0.187394|    0.001070|
|        6648|    0.003282|  2.6576e-03|   -9.937124|   -5.699825|   -0.187394|    0.001070|
|        6649|    0.002896|  2.6576e-03|   -9.940206|   -5.898334|   -0.187394|    0.001070|
|        6650|    0.002438|  2.6576e-03|   -9.941941|   -5.905464|   -0.187394|    0.001070|
|        6651|    0.002225|  2.6575e-03|   -9.942990|   -5.926869|   -0.187394|    0.001070|
|        6652|    0.002411|  2.6575e-03|   -9.943810|   -5.934812|   -0.187394|    0.001070|
|        6653|    0.003019|  2.6575e-03|   -9.942863|   -5.719008|   -0.187394|    0.001070|
|        6654|    0.002265|  2.6575e-03|   -9.945805|   -5.888539|   -0.187394|    0.001070|
|        6655|    0.001836|  2.6574e-03|   -9.947656|   -5.893319|   -0.187394|    0.001070|
|        6656|    0.002561|  2.6573e-03|   -9.948848|   -5.923386|   -0.187394|    0.001070|
|        6657|    0.002849|  2.6574e-03|   -9.949733|   -5.942445|   -0.187394|    0.001070|
|        6658|    0.002515|  2.6573e-03|   -9.950548|   -5.942523|   -0.187394|    0.001070|
|        6659|    0.002667|  2.6573e-03|   -9.951417|   -5.935325|   -0.187394|    0.001070|
|        6660|    0.001985|  2.6572e-03|   -9.950613|   -5.722729|   -0.187394|    0.001070|
|        6661|    0.001889|  2.6571e-03|   -9.953623|   -5.902030|   -0.187394|    0.001070|
|        6662|    0.001887|  2.6570e-03|   -9.955479|   -5.910386|   -0.187394|    0.001070|
|        6663|    0.002927|  2.6571e-03|   -9.956647|   -5.940703|   -0.187394|    0.001070|
|        6664|    0.002034|  2.6570e-03|   -9.957509|   -5.957569|   -0.187394|    0.001070|
|        6665|    0.002629|  2.6570e-03|   -9.958318|   -5.954863|   -0.187394|    0.001070|
|        6666|    0.002986|  2.6570e-03|   -9.959192|   -5.945876|   -0.187394|    0.001070|
|        6667|    0.001956|  2.6569e-03|   -9.960147|   -5.941033|   -0.187394|    0.001070|
|        6668|    0.001848|  2.6568e-03|   -9.961143|   -5.942574|   -0.187394|    0.001070|
|        6669|    0.001944|  2.6567e-03|   -9.962138|   -5.947966|   -0.187394|    0.001070|
|        6670|    0.002358|  2.6566e-03|   -9.963112|   -5.953749|   -0.187394|    0.001070|
|        6671|    0.002801|  2.6567e-03|   -9.964069|   -5.957818|   -0.187394|    0.001070|
|        6672|    0.003198|  2.6567e-03|   -9.965019|   -5.959864|   -0.187394|    0.001070|
|        6673|    0.002924|  2.6568e-03|   -9.965973|   -5.960734|   -0.187394|    0.001070|
|        6674|    0.003000|  2.6568e-03|   -9.966933|   -5.961373|   -0.187394|    0.001070|
|        6675|    0.003707|  2.6570e-03|   -9.967897|   -5.962329|   -0.187394|    0.001070|
|        6676|    0.002885|  2.6570e-03|   -9.968863|   -5.963622|   -0.187394|    0.001070|
|        6677|    0.003810|  2.6572e-03|   -9.969828|   -5.965046|   -0.187394|    0.001070|
|        6678|    0.003238|  2.6573e-03|   -9.970791|   -5.966360|   -0.187394|    0.001070|
|        6679|    0.003134|  2.6573e-03|   -9.971753|   -5.967443|   -0.187394|    0.001070|
|        6680|    0.002872|  2.6574e-03|   -9.972715|   -5.968296|   -0.187394|    0.001070|
|        6681|    0.002528|  2.6574e-03|   -9.973678|   -5.968977|   -0.187394|    0.001070|
|        6682|    0.002360|  2.6573e-03|   -9.974642|   -5.969621|   -0.187394|    0.001070|
|        6683|    0.003052|  2.6574e-03|   -9.975606|   -5.970272|   -0.187394|    0.001070|
|        6684|    0.002420|  2.6573e-03|   -9.976570|   -5.970925|   -0.187394|    0.001070|
|        6685|    0.002249|  2.6573e-03|   -9.977535|   -5.971601|   -0.187394|    0.001070|
|        6686|    0.002522|  2.6573e-03|   -9.978500|   -5.972281|   -0.187394|    0.001070|
|        6687|    0.001970|  2.6572e-03|   -9.979465|   -5.972986|   -0.187394|    0.001070|
|        6688|    0.001907|  2.6570e-03|   -9.980431|   -5.973685|   -0.187394|    0.001070|
|        6689|    0.001903|  2.6569e-03|   -9.981396|   -5.974402|   -0.187394|    0.001070|
|        6690|    0.001937|  2.6568e-03|   -9.982362|   -5.975162|   -0.187394|    0.001070|
|        6691|    0.001853|  2.6567e-03|   -9.983329|   -5.975952|   -0.187394|    0.001070|
|        6692|    0.002419|  2.6567e-03|   -9.984296|   -5.976792|   -0.187394|    0.001070|
|        6693|    0.003033|  2.6567e-03|   -9.985263|   -5.977667|   -0.187394|    0.001070|
|        6694|    0.001944|  2.6566e-03|   -9.986230|   -5.978563|   -0.187394|    0.001070|
|        6695|    0.002122|  2.6565e-03|   -9.987198|   -5.979490|   -0.187394|    0.001070|
|        6696|    0.002493|  2.6565e-03|   -9.988166|   -5.980457|   -0.187394|    0.001070|
|        6697|    0.002367|  2.6565e-03|   -9.989134|   -5.981437|   -0.187394|    0.001070|
|        6698|    0.002891|  2.6565e-03|   -9.990103|   -5.982436|   -0.187394|    0.001070|
|        6699|    0.001880|  2.6564e-03|   -9.991072|   -5.983448|   -0.187394|    0.001070|
|        6700|    0.003480|  2.6565e-03|   -9.992041|   -5.984470|   -0.187394|    0.001070|
|        6701|    0.003346|  2.6566e-03|   -9.993011|   -5.985516|   -0.187394|    0.001070|
|        6702|    0.003320|  2.6567e-03|   -9.993980|   -5.986545|   -0.187394|    0.001070|
|        6703|    0.002935|  2.6568e-03|   -9.994950|   -5.987584|   -0.187394|    0.001070|
|        6704|    0.002926|  2.6568e-03|   -9.995920|   -5.988619|   -0.187394|    0.001070|
|        6705|    0.003204|  2.6569e-03|   -9.996891|   -5.989635|   -0.187394|    0.001070|
|        6706|    0.002998|  2.6569e-03|   -9.997862|   -5.990659|   -0.187394|    0.001070|
|        6707|    0.002638|  2.6569e-03|   -9.998833|   -5.991684|   -0.187394|    0.001070|
|        6708|    0.002638|  2.6569e-03|   -9.999804|   -5.992681|   -0.187394|    0.001070|
|        6709|    0.003187|  2.6570e-03|  -10.000775|   -5.993670|   -0.187394|    0.001070|
|        6710|    0.002376|  2.6570e-03|  -10.001747|   -5.994665|   -0.187394|    0.001070|
|        6711|    0.002748|  2.6570e-03|  -10.002719|   -5.995639|   -0.187394|    0.001070|
|        6712|    0.001886|  2.6569e-03|  -10.003691|   -5.996600|   -0.187394|    0.001070|
|        6713|    0.001922|  2.6567e-03|  -10.004663|   -5.997570|   -0.187394|    0.001070|
|        6714|    0.002334|  2.6567e-03|  -10.005636|   -5.998520|   -0.187394|    0.001070|
|        6715|    0.002369|  2.6567e-03|  -10.006609|   -5.999471|   -0.187394|    0.001070|
|        6716|    0.003215|  2.6567e-03|  -10.007582|   -6.000417|   -0.187394|    0.001070|
|        6717|    0.002411|  2.6567e-03|  -10.008556|   -6.001361|   -0.187394|    0.001070|
|        6718|    0.002955|  2.6567e-03|  -10.009529|   -6.002309|   -0.187394|    0.001070|
|        6719|    0.002080|  2.6567e-03|  -10.010503|   -6.003245|   -0.187394|    0.001070|
|        6720|    0.001880|  2.6565e-03|  -10.009758|   -5.793777|   -0.187394|    0.001070|
|        6721|    0.002322|  2.6565e-03|  -10.012716|   -5.970301|   -0.187394|    0.001070|
|        6722|    0.002837|  2.6565e-03|  -10.012851|   -5.779314|   -0.187394|    0.001070|
|        6723|    0.001992|  2.6564e-03|  -10.015931|   -5.974553|   -0.187394|    0.001070|
|        6724|    0.002082|  2.6563e-03|  -10.015935|   -5.785723|   -0.187394|    0.001070|
|        6725|    0.001986|  2.6562e-03|  -10.018927|   -5.970096|   -0.187394|    0.001070|
|        6726|    0.002135|  2.6562e-03|  -10.018895|   -5.776994|   -0.187394|    0.001070|
|        6727|    0.002082|  2.6561e-03|  -10.021935|   -5.961931|   -0.187394|    0.001070|
|        6728|    0.002226|  2.6560e-03|  -10.023688|   -5.965551|   -0.187394|    0.001070|
|        6729|    0.002042|  2.6559e-03|  -10.024787|   -5.987020|   -0.187394|    0.001070|
|        6730|    0.002507|  2.6559e-03|  -10.025650|   -5.998053|   -0.187394|    0.001070|
|        6731|    0.002452|  2.6559e-03|  -10.026498|   -5.995790|   -0.187394|    0.001070|
|        6732|    0.002095|  2.6558e-03|  -10.025643|   -5.785690|   -0.187394|    0.001070|
|        6733|    0.001846|  2.6557e-03|  -10.028676|   -5.961676|   -0.187394|    0.001070|
|        6734|    0.001947|  2.6556e-03|  -10.028800|   -5.780140|   -0.187394|    0.001070|
|        6735|    0.001982|  2.6555e-03|  -10.031931|   -5.978025|   -0.187394|    0.001070|
|        6736|    0.002826|  2.6555e-03|  -10.033689|   -5.986276|   -0.187394|    0.001070|
|        6737|    0.002009|  2.6554e-03|  -10.034757|   -6.008871|   -0.187394|    0.001070|
|        6738|    0.002770|  2.6554e-03|  -10.035594|   -6.018403|   -0.187394|    0.001070|
|        6739|    0.002266|  2.6554e-03|  -10.036435|   -6.014062|   -0.187394|    0.001070|
|        6740|    0.002946|  2.6554e-03|  -10.035594|   -5.800798|   -0.187394|    0.001070|
|        6741|    0.002104|  2.6553e-03|  -10.038632|   -5.979041|   -0.187394|    0.001070|
|        6742|    0.003413|  2.6554e-03|  -10.038762|   -5.795833|   -0.187394|    0.001070|
|        6743|    0.002849|  2.6555e-03|  -10.041884|   -5.995005|   -0.187394|    0.001070|
|        6744|    0.003297|  2.6555e-03|  -10.043639|   -6.002504|   -0.187394|    0.001070|
|        6745|    0.003646|  2.6557e-03|  -10.044706|   -6.024264|   -0.187394|    0.001070|
|        6746|    0.002235|  2.6556e-03|  -10.045542|   -6.032640|   -0.187394|    0.001070|
|        6747|    0.002738|  2.6556e-03|  -10.046383|   -6.027041|   -0.187394|    0.001070|
|        6748|    0.003094|  2.6557e-03|  -10.045534|   -5.811166|   -0.187394|    0.001070|
|        6749|    0.002116|  2.6556e-03|  -10.048574|   -5.989193|   -0.187394|    0.001070|
|        6750|    0.002308|  2.6556e-03|  -10.048697|   -5.804766|   -0.187394|    0.001070|
+-----------------------------------------------------------------------+
|        File Writing Summary       |              Filename             |
+-----------------------------------------------------------------------+
|SU2 binary restart                 |restart_flow.dat                   |
|Paraview                           |flow.vtu                           |
|Paraview surface                   |surface_flow.vtu                   |
+-----------------------------------------------------------------------+
+------------------------------------------------------------------------------------------+
|  Inner_Iter|   Time(sec)|   Time(sec)|    rms[Rho]|   rms[RhoE]|          CL|          CD|
+------------------------------------------------------------------------------------------+
|        6751|    0.012928|  2.6571e-03|  -10.051824|   -6.003430|   -0.187394|    0.001070|
|        6752|    0.003106|  2.6572e-03|  -10.053581|   -6.010608|   -0.187394|    0.001070|
|        6753|    0.001937|  2.6571e-03|  -10.054648|   -6.031764|   -0.187394|    0.001070|
|        6754|    0.002859|  2.6571e-03|  -10.055484|   -6.039555|   -0.187394|    0.001070|
|        6755|    0.002917|  2.6571e-03|  -10.054529|   -5.823612|   -0.187394|    0.001070|
|        6756|    0.002158|  2.6571e-03|  -10.057513|   -5.993702|   -0.187394|    0.001070|
|        6757|    0.001994|  2.6570e-03|  -10.059387|   -5.998701|   -0.187394|    0.001070|
|        6758|    0.002063|  2.6569e-03|  -10.060595|   -6.028537|   -0.187394|    0.001070|
|        6759|    0.001864|  2.6568e-03|  -10.061496|   -6.047365|   -0.187394|    0.001070|
|        6760|    0.001953|  2.6566e-03|  -10.062326|   -6.047379|   -0.187394|    0.001070|
|        6761|    0.001942|  2.6565e-03|  -10.063210|   -6.040265|   -0.187394|    0.001070|
|        6762|    0.002969|  2.6566e-03|  -10.062398|   -5.827639|   -0.187394|    0.001070|
|        6763|    0.003147|  2.6567e-03|  -10.065451|   -6.007436|   -0.187394|    0.001070|
|        6764|    0.003239|  2.6567e-03|  -10.067329|   -6.015949|   -0.187394|    0.001070|
|        6765|    0.003321|  2.6568e-03|  -10.068513|   -6.045980|   -0.187394|    0.001070|
|        6766|    0.004468|  2.6571e-03|  -10.069392|   -6.062617|   -0.187394|    0.001070|
|        6767|    0.003150|  2.6572e-03|  -10.070217|   -6.059891|   -0.187394|    0.001070|
|        6768|    0.002785|  2.6572e-03|  -10.071106|   -6.051000|   -0.187394|    0.001070|
|        6769|    0.001989|  2.6571e-03|  -10.072075|   -6.046320|   -0.187394|    0.001070|
|        6770|    0.001856|  2.6570e-03|  -10.073086|   -6.047944|   -0.187394|    0.001070|
|        6771|    0.001914|  2.6569e-03|  -10.074095|   -6.053348|   -0.187394|    0.001070|
|        6772|    0.002422|  2.6568e-03|  -10.075084|   -6.059119|   -0.187394|    0.001070|
|        6773|    0.003402|  2.6570e-03|  -10.076056|   -6.063176|   -0.187394|    0.001070|
|        6774|    0.002396|  2.6569e-03|  -10.077021|   -6.065232|   -0.187394|    0.001070|
|        6775|    0.003354|  2.6570e-03|  -10.077990|   -6.066130|   -0.187394|    0.001070|
|        6776|    0.002588|  2.6570e-03|  -10.078965|   -6.066813|   -0.187394|    0.001070|
|        6777|    0.002470|  2.6570e-03|  -10.079944|   -6.067773|   -0.187394|    0.001070|
|        6778|    0.002960|  2.6570e-03|  -10.080925|   -6.069083|   -0.187394|    0.001070|
|        6779|    0.001912|  2.6569e-03|  -10.081904|   -6.070523|   -0.187394|    0.001070|
|        6780|    0.001979|  2.6568e-03|  -10.082882|   -6.071829|   -0.187394|    0.001070|
|        6781|    0.001823|  2.6567e-03|  -10.083860|   -6.072906|   -0.187394|    0.001070|
|        6782|    0.001945|  2.6566e-03|  -10.084837|   -6.073755|   -0.187394|    0.001070|
|        6783|    0.001898|  2.6565e-03|  -10.085815|   -6.074467|   -0.187394|    0.001070|
|        6784|    0.001895|  2.6564e-03|  -10.086793|   -6.075106|   -0.187394|    0.001070|
|        6785|    0.001922|  2.6563e-03|  -10.087772|   -6.075756|   -0.187394|    0.001070|
|        6786|    0.001868|  2.6561e-03|  -10.088752|   -6.076405|   -0.187394|    0.001070|
|        6787|    0.001866|  2.6560e-03|  -10.089731|   -6.077106|   -0.187394|    0.001070|
|        6788|    0.001814|  2.6559e-03|  -10.090711|   -6.077791|   -0.187394|    0.001070|
|        6789|    0.001911|  2.6558e-03|  -10.091691|   -6.078491|   -0.187394|    0.001070|
|        6790|    0.001830|  2.6557e-03|  -10.092672|   -6.079201|   -0.187394|    0.001070|
|        6791|    0.002158|  2.6556e-03|  -10.093652|   -6.079929|   -0.187394|    0.001070|
|        6792|    0.001855|  2.6555e-03|  -10.094633|   -6.080709|   -0.187394|    0.001070|
|        6793|    0.001905|  2.6554e-03|  -10.095615|   -6.081510|   -0.187394|    0.001070|
|        6794|    0.001845|  2.6552e-03|  -10.096597|   -6.082351|   -0.187394|    0.001070|
|        6795|    0.002154|  2.6552e-03|  -10.097579|   -6.083250|   -0.187394|    0.001070|
|        6796|    0.002279|  2.6551e-03|  -10.098561|   -6.084163|   -0.187394|    0.001070|
|        6797|    0.001919|  2.6550e-03|  -10.099544|   -6.085082|   -0.187394|    0.001070|
|        6798|    0.001867|  2.6549e-03|  -10.100527|   -6.086105|   -0.187394|    0.001070|
|        6799|    0.002855|  2.6549e-03|  -10.101510|   -6.087080|   -0.187394|    0.001070|
|        6800|    0.002439|  2.6549e-03|  -10.102494|   -6.088091|   -0.187394|    0.001070|
|        6801|    0.001941|  2.6548e-03|  -10.103478|   -6.089135|   -0.187394|    0.001070|
|        6802|    0.001936|  2.6547e-03|  -10.104462|   -6.090178|   -0.187394|    0.001070|
|        6803|    0.001859|  2.6546e-03|  -10.105447|   -6.091227|   -0.187394|    0.001070|
|        6804|    0.001814|  2.6544e-03|  -10.106431|   -6.092267|   -0.187394|    0.001070|
|        6805|    0.002156|  2.6544e-03|  -10.107416|   -6.093333|   -0.187394|    0.001070|
|        6806|    0.002843|  2.6544e-03|  -10.108402|   -6.094362|   -0.187394|    0.001070|
|        6807|    0.003342|  2.6545e-03|  -10.109387|   -6.095434|   -0.187394|    0.001070|
|        6808|    0.002460|  2.6545e-03|  -10.110373|   -6.096444|   -0.187394|    0.001070|
|        6809|    0.002501|  2.6544e-03|  -10.111359|   -6.097488|   -0.187394|    0.001070|
|        6810|    0.002793|  2.6545e-03|  -10.112345|   -6.098495|   -0.187394|    0.001070|
|        6811|    0.002510|  2.6544e-03|  -10.113332|   -6.099520|   -0.187394|    0.001070|
|        6812|    0.002273|  2.6544e-03|  -10.114319|   -6.100498|   -0.187394|    0.001070|
|        6813|    0.002271|  2.6543e-03|  -10.115306|   -6.101506|   -0.187394|    0.001070|
|        6814|    0.002542|  2.6543e-03|  -10.116293|   -6.102477|   -0.187394|    0.001070|
|        6815|    0.002008|  2.6542e-03|  -10.117280|   -6.103444|   -0.187394|    0.001070|
|        6816|    0.001985|  2.6541e-03|  -10.118268|   -6.104428|   -0.187394|    0.001070|
|        6817|    0.001941|  2.6540e-03|  -10.119256|   -6.105389|   -0.187394|    0.001070|
|        6818|    0.002707|  2.6540e-03|  -10.120245|   -6.106344|   -0.187394|    0.001070|
|        6819|    0.001972|  2.6539e-03|  -10.121233|   -6.107301|   -0.187394|    0.001070|
|        6820|    0.002499|  2.6539e-03|  -10.122222|   -6.108247|   -0.187394|    0.001070|
|        6821|    0.002389|  2.6539e-03|  -10.123211|   -6.109215|   -0.187394|    0.001070|
|        6822|    0.002573|  2.6538e-03|  -10.122461|   -5.899492|   -0.187394|    0.001070|
|        6823|    0.002747|  2.6539e-03|  -10.125460|   -6.076499|   -0.187394|    0.001070|
|        6824|    0.002104|  2.6538e-03|  -10.125598|   -5.885288|   -0.187394|    0.001070|
|        6825|    0.001862|  2.6537e-03|  -10.128720|   -6.080693|   -0.187394|    0.001070|
|        6826|    0.002036|  2.6536e-03|  -10.128727|   -5.891488|   -0.187394|    0.001070|
|        6827|    0.001970|  2.6535e-03|  -10.131762|   -6.076077|   -0.187394|    0.001070|
|        6828|    0.002627|  2.6535e-03|  -10.131733|   -5.882785|   -0.187394|    0.001070|
|        6829|    0.001812|  2.6533e-03|  -10.134816|   -6.067937|   -0.187394|    0.001070|
|        6830|    0.003156|  2.6534e-03|  -10.136591|   -6.071699|   -0.187394|    0.001070|
|        6831|    0.001871|  2.6533e-03|  -10.137708|   -6.092921|   -0.187394|    0.001070|
|        6832|    0.002021|  2.6532e-03|  -10.138587|   -6.103784|   -0.187394|    0.001070|
|        6833|    0.001867|  2.6531e-03|  -10.139451|   -6.101583|   -0.187394|    0.001070|
|        6834|    0.004676|  2.6534e-03|  -10.138590|   -5.891495|   -0.187394|    0.001070|
|        6835|    0.004475|  2.6537e-03|  -10.141665|   -6.068011|   -0.187394|    0.001070|
|        6836|    0.004491|  2.6539e-03|  -10.141791|   -5.886322|   -0.187394|    0.001070|
|        6837|    0.004754|  2.6542e-03|  -10.144966|   -6.084376|   -0.187394|    0.001070|
|        6838|    0.002713|  2.6542e-03|  -10.146746|   -6.092732|   -0.187394|    0.001070|
|        6839|    0.001905|  2.6541e-03|  -10.147832|   -6.115042|   -0.187394|    0.001070|
|        6840|    0.002027|  2.6540e-03|  -10.148685|   -6.124460|   -0.187394|    0.001070|
|        6841|    0.001872|  2.6539e-03|  -10.149543|   -6.120189|   -0.187394|    0.001070|
|        6842|    0.002351|  2.6539e-03|  -10.148697|   -5.906932|   -0.187394|    0.001070|
|        6843|    0.002223|  2.6538e-03|  -10.151775|   -6.085693|   -0.187394|    0.001070|
|        6844|    0.002700|  2.6538e-03|  -10.151908|   -5.902278|   -0.187394|    0.001070|
|        6845|    0.002703|  2.6538e-03|  -10.155072|   -6.101611|   -0.187394|    0.001070|
|        6846|    0.003363|  2.6539e-03|  -10.156850|   -6.109195|   -0.187394|    0.001070|
|        6847|    0.003362|  2.6540e-03|  -10.157935|   -6.130669|   -0.187394|    0.001070|
|        6848|    0.002890|  2.6541e-03|  -10.158788|   -6.138899|   -0.187394|    0.001070|
|        6849|    0.003176|  2.6542e-03|  -10.159645|   -6.133359|   -0.187394|    0.001070|
|        6850|    0.003444|  2.6543e-03|  -10.158792|   -5.917445|   -0.187394|    0.001070|
|        6851|    0.003163|  2.6543e-03|  -10.161871|   -6.095988|   -0.187394|    0.001070|
|        6852|    0.002472|  2.6543e-03|  -10.161998|   -5.911334|   -0.187394|    0.001070|
|        6853|    0.003291|  2.6544e-03|  -10.165166|   -6.110135|   -0.187394|    0.001070|
|        6854|    0.003409|  2.6545e-03|  -10.166946|   -6.117401|   -0.187394|    0.001070|
|        6855|    0.002509|  2.6545e-03|  -10.168031|   -6.138242|   -0.187394|    0.001070|
|        6856|    0.003104|  2.6546e-03|  -10.168884|   -6.145887|   -0.187394|    0.001070|
|        6857|    0.002585|  2.6546e-03|  -10.167925|   -5.929823|   -0.187394|    0.001070|
|        6858|    0.002351|  2.6545e-03|  -10.170951|   -6.100495|   -0.187394|    0.001070|
|        6859|    0.003287|  2.6546e-03|  -10.172845|   -6.105745|   -0.187394|    0.001070|
|        6860|    0.002714|  2.6546e-03|  -10.174070|   -6.135282|   -0.187394|    0.001070|
|        6861|    0.002367|  2.6546e-03|  -10.174987|   -6.153856|   -0.187394|    0.001070|
|        6862|    0.002197|  2.6545e-03|  -10.175834|   -6.153842|   -0.187394|    0.001070|
|        6863|    0.001935|  2.6544e-03|  -10.176734|   -6.146848|   -0.187394|    0.001070|
|        6864|    0.001981|  2.6543e-03|  -10.175918|   -5.934160|   -0.187394|    0.001070|
|        6865|    0.003871|  2.6545e-03|  -10.179012|   -6.114458|   -0.187394|    0.001070|
|        6866|    0.003716|  2.6546e-03|  -10.180910|   -6.123185|   -0.187394|    0.001070|
|        6867|    0.003063|  2.6547e-03|  -10.182112|   -6.152898|   -0.187394|    0.001070|
|        6868|    0.002848|  2.6547e-03|  -10.183008|   -6.169264|   -0.187394|    0.001070|
|        6869|    0.002809|  2.6547e-03|  -10.183849|   -6.166495|   -0.187394|    0.001070|
|        6870|    0.002835|  2.6548e-03|  -10.184754|   -6.157763|   -0.187394|    0.001070|
|        6871|    0.001840|  2.6547e-03|  -10.185739|   -6.153215|   -0.187394|    0.001070|
|        6872|    0.002433|  2.6546e-03|  -10.186764|   -6.154930|   -0.187394|    0.001070|
|        6873|    0.001964|  2.6545e-03|  -10.187789|   -6.160364|   -0.187394|    0.001070|
|        6874|    0.001947|  2.6544e-03|  -10.188793|   -6.166122|   -0.187394|    0.001070|
|        6875|    0.002368|  2.6544e-03|  -10.189779|   -6.170156|   -0.187394|    0.001070|
|        6876|    0.003311|  2.6545e-03|  -10.190760|   -6.172228|   -0.187394|    0.001070|
|        6877|    0.002229|  2.6544e-03|  -10.191745|   -6.173121|   -0.187394|    0.001070|
|        6878|    0.002699|  2.6544e-03|  -10.192735|   -6.173871|   -0.187394|    0.001070|
|        6879|    0.001949|  2.6543e-03|  -10.193730|   -6.174848|   -0.187394|    0.001070|
|        6880|    0.002184|  2.6542e-03|  -10.194726|   -6.176182|   -0.187394|    0.001070|
|        6881|    0.001842|  2.6541e-03|  -10.195721|   -6.177600|   -0.187394|    0.001070|
|        6882|    0.001907|  2.6540e-03|  -10.196715|   -6.178916|   -0.187394|    0.001070|
|        6883|    0.002643|  2.6540e-03|  -10.197707|   -6.179992|   -0.187394|    0.001070|
|        6884|    0.002549|  2.6540e-03|  -10.198700|   -6.180869|   -0.187394|    0.001070|
|        6885|    0.001876|  2.6539e-03|  -10.199693|   -6.181562|   -0.187394|    0.001070|
|        6886|    0.002350|  2.6538e-03|  -10.200687|   -6.182210|   -0.187394|    0.001070|
|        6887|    0.002001|  2.6537e-03|  -10.201681|   -6.182846|   -0.187394|    0.001070|
|        6888|    0.002560|  2.6537e-03|  -10.202676|   -6.183544|   -0.187394|    0.001070|
|        6889|    0.002637|  2.6537e-03|  -10.203671|   -6.184242|   -0.187394|    0.001070|
|        6890|    0.002651|  2.6537e-03|  -10.204666|   -6.184910|   -0.187394|    0.001070|
|        6891|    0.002031|  2.6536e-03|  -10.205662|   -6.185626|   -0.187394|    0.001070|
|        6892|    0.003026|  2.6537e-03|  -10.206658|   -6.186349|   -0.187394|    0.001070|
|        6893|    0.001929|  2.6536e-03|  -10.207654|   -6.187093|   -0.187394|    0.001070|
|        6894|    0.003466|  2.6537e-03|  -10.208651|   -6.187876|   -0.187394|    0.001070|
|        6895|    0.002610|  2.6537e-03|  -10.209648|   -6.188693|   -0.187394|    0.001070|
|        6896|    0.002552|  2.6537e-03|  -10.210645|   -6.189555|   -0.187394|    0.001070|
|        6897|    0.002699|  2.6537e-03|  -10.211642|   -6.190458|   -0.187394|    0.001070|
|        6898|    0.001861|  2.6536e-03|  -10.212640|   -6.191385|   -0.187394|    0.001070|
|        6899|    0.002156|  2.6535e-03|  -10.213638|   -6.192358|   -0.187394|    0.001070|
|        6900|    0.001987|  2.6534e-03|  -10.214637|   -6.193357|   -0.187394|    0.001070|
|        6901|    0.002160|  2.6533e-03|  -10.215636|   -6.194353|   -0.187394|    0.001070|
|        6902|    0.001875|  2.6532e-03|  -10.216635|   -6.195391|   -0.187394|    0.001070|
|        6903|    0.001925|  2.6531e-03|  -10.217634|   -6.196447|   -0.187394|    0.001070|
|        6904|    0.002576|  2.6531e-03|  -10.218634|   -6.197521|   -0.187394|    0.001070|
|        6905|    0.001970|  2.6530e-03|  -10.219634|   -6.198569|   -0.187394|    0.001070|
|        6906|    0.001907|  2.6529e-03|  -10.220634|   -6.199635|   -0.187394|    0.001070|
|        6907|    0.001892|  2.6528e-03|  -10.221635|   -6.200702|   -0.187394|    0.001070|
|        6908|    0.003321|  2.6529e-03|  -10.222636|   -6.201802|   -0.187394|    0.001070|
|        6909|    0.002279|  2.6528e-03|  -10.223637|   -6.202839|   -0.187394|    0.001070|
|        6910|    0.002255|  2.6528e-03|  -10.224638|   -6.203880|   -0.187394|    0.001070|
|        6911|    0.001900|  2.6527e-03|  -10.225640|   -6.204933|   -0.187394|    0.001070|
|        6912|    0.002079|  2.6526e-03|  -10.226641|   -6.205970|   -0.187394|    0.001070|
|        6913|    0.003103|  2.6526e-03|  -10.227644|   -6.206977|   -0.187394|    0.001070|
|        6914|    0.003085|  2.6527e-03|  -10.228646|   -6.208002|   -0.187394|    0.001070|
|        6915|    0.002020|  2.6526e-03|  -10.229648|   -6.209030|   -0.187394|    0.001070|
|        6916|    0.001912|  2.6525e-03|  -10.230651|   -6.210005|   -0.187394|    0.001070|
|        6917|    0.002548|  2.6525e-03|  -10.231654|   -6.210985|   -0.187394|    0.001070|
|        6918|    0.002481|  2.6525e-03|  -10.232658|   -6.211972|   -0.187394|    0.001070|
|        6919|    0.002271|  2.6524e-03|  -10.233661|   -6.212956|   -0.187394|    0.001070|
|        6920|    0.002378|  2.6524e-03|  -10.234665|   -6.213924|   -0.187394|    0.001070|
|        6921|    0.001890|  2.6523e-03|  -10.235669|   -6.214888|   -0.187394|    0.001070|
|        6922|    0.002663|  2.6523e-03|  -10.236673|   -6.215871|   -0.187394|    0.001070|
|        6923|    0.003047|  2.6523e-03|  -10.237678|   -6.216819|   -0.187394|    0.001070|
|        6924|    0.002032|  2.6522e-03|  -10.236929|   -6.006878|   -0.187394|    0.001070|
|        6925|    0.003077|  2.6523e-03|  -10.239966|   -6.184376|   -0.187394|    0.001070|
|        6926|    0.002569|  2.6523e-03|  -10.240111|   -5.992960|   -0.187394|    0.001070|
|        6927|    0.002632|  2.6523e-03|  -10.243271|   -6.188493|   -0.187394|    0.001070|
|        6928|    0.002115|  2.6522e-03|  -10.243286|   -5.998934|   -0.187394|    0.001070|
|        6929|    0.002534|  2.6522e-03|  -10.246360|   -6.183749|   -0.187394|    0.001070|
|        6930|    0.001957|  2.6521e-03|  -10.246338|   -5.990243|   -0.187394|    0.001070|
|        6931|    0.001857|  2.6520e-03|  -10.249461|   -6.175626|   -0.187394|    0.001070|
|        6932|    0.002450|  2.6519e-03|  -10.251257|   -6.179523|   -0.187394|    0.001070|
|        6933|    0.003421|  2.6521e-03|  -10.252391|   -6.200468|   -0.187394|    0.001070|
|        6934|    0.003147|  2.6521e-03|  -10.253287|   -6.211171|   -0.187394|    0.001070|
|        6935|    0.003415|  2.6522e-03|  -10.254168|   -6.209013|   -0.187394|    0.001070|
|        6936|    0.003825|  2.6524e-03|  -10.253308|   -5.998961|   -0.187394|    0.001070|
|        6937|    0.002946|  2.6524e-03|  -10.256421|   -6.176030|   -0.187394|    0.001070|
|        6938|    0.002945|  2.6525e-03|  -10.256554|   -5.994231|   -0.187394|    0.001070|
|        6939|    0.003081|  2.6526e-03|  -10.259767|   -6.192408|   -0.187394|    0.001070|
|        6940|    0.004529|  2.6528e-03|  -10.261568|   -6.200884|   -0.187394|    0.001070|
|        6941|    0.003183|  2.6529e-03|  -10.262673|   -6.222915|   -0.187394|    0.001070|
|        6942|    0.003801|  2.6531e-03|  -10.263544|   -6.232157|   -0.187394|    0.001070|
|        6943|    0.003694|  2.6532e-03|  -10.264419|   -6.227993|   -0.187394|    0.001070|
|        6944|    0.003891|  2.6534e-03|  -10.263574|   -6.014741|   -0.187394|    0.001070|
|        6945|    0.003053|  2.6535e-03|  -10.266689|   -6.194058|   -0.187394|    0.001070|
|        6946|    0.003172|  2.6535e-03|  -10.266829|   -6.010465|   -0.187394|    0.001070|
|        6947|    0.002845|  2.6536e-03|  -10.270031|   -6.209938|   -0.187394|    0.001070|
|        6948|    0.003162|  2.6536e-03|  -10.271830|   -6.217622|   -0.187394|    0.001070|
|        6949|    0.002565|  2.6536e-03|  -10.272933|   -6.238774|   -0.187394|    0.001070|
|        6950|    0.003294|  2.6537e-03|  -10.273804|   -6.246820|   -0.187394|    0.001070|
|        6951|    0.003269|  2.6538e-03|  -10.274678|   -6.241359|   -0.187394|    0.001070|
|        6952|    0.002101|  2.6537e-03|  -10.273827|   -6.025439|   -0.187394|    0.001070|
|        6953|    0.002419|  2.6537e-03|  -10.276943|   -6.204480|   -0.187394|    0.001070|
|        6954|    0.002894|  2.6537e-03|  -10.277076|   -6.019640|   -0.187394|    0.001070|
|        6955|    0.002097|  2.6536e-03|  -10.280283|   -6.218569|   -0.187394|    0.001070|
|        6956|    0.003785|  2.6538e-03|  -10.282082|   -6.225903|   -0.187394|    0.001070|
|        6957|    0.002609|  2.6538e-03|  -10.283186|   -6.246432|   -0.187394|    0.001070|
|        6958|    0.002047|  2.6537e-03|  -10.284057|   -6.253890|   -0.187394|    0.001070|
|        6959|    0.002964|  2.6537e-03|  -10.283102|   -6.037733|   -0.187394|    0.001070|
|        6960|    0.002668|  2.6538e-03|  -10.286164|   -6.209015|   -0.187394|    0.001070|
|        6961|    0.002052|  2.6537e-03|  -10.288077|   -6.214520|   -0.187394|    0.001070|
|        6962|    0.002684|  2.6537e-03|  -10.289320|   -6.243778|   -0.187394|    0.001070|
|        6963|    0.002508|  2.6536e-03|  -10.290254|   -6.262067|   -0.187394|    0.001070|
|        6964|    0.004293|  2.6539e-03|  -10.291118|   -6.261933|   -0.187394|    0.001070|
|        6965|    0.002703|  2.6539e-03|  -10.292035|   -6.255095|   -0.187394|    0.001070|
|        6966|    0.002719|  2.6539e-03|  -10.291222|   -6.042429|   -0.187394|    0.001070|
|        6967|    0.002389|  2.6539e-03|  -10.294351|   -6.223236|   -0.187394|    0.001070|
|        6968|    0.003182|  2.6539e-03|  -10.296268|   -6.232142|   -0.187394|    0.001070|
|        6969|    0.003589|  2.6541e-03|  -10.297487|   -6.261547|   -0.187394|    0.001070|
|        6970|    0.003486|  2.6542e-03|  -10.298401|   -6.277585|   -0.187394|    0.001070|
|        6971|    0.003375|  2.6543e-03|  -10.299260|   -6.274821|   -0.187394|    0.001070|
|        6972|    0.002348|  2.6543e-03|  -10.300181|   -6.266216|   -0.187394|    0.001070|
|        6973|    0.001969|  2.6542e-03|  -10.301182|   -6.261822|   -0.187394|    0.001070|
|        6974|    0.002121|  2.6541e-03|  -10.302223|   -6.263647|   -0.187394|    0.001070|
|        6975|    0.002012|  2.6540e-03|  -10.303262|   -6.269082|   -0.187394|    0.001070|
|        6976|    0.002754|  2.6540e-03|  -10.304282|   -6.274834|   -0.187394|    0.001070|
|        6977|    0.002176|  2.6539e-03|  -10.305284|   -6.278859|   -0.187394|    0.001070|
|        6978|    0.003186|  2.6540e-03|  -10.306281|   -6.280906|   -0.187394|    0.001070|
|        6979|    0.002661|  2.6540e-03|  -10.307282|   -6.281885|   -0.187394|    0.001070|
|        6980|    0.002074|  2.6539e-03|  -10.308288|   -6.282628|   -0.187394|    0.001070|
|        6981|    0.002364|  2.6539e-03|  -10.309299|   -6.283641|   -0.187394|    0.001070|
|        6982|    0.002978|  2.6539e-03|  -10.310311|   -6.284993|   -0.187394|    0.001070|
|        6983|    0.001931|  2.6538e-03|  -10.311321|   -6.286437|   -0.187394|    0.001070|
|        6984|    0.002607|  2.6538e-03|  -10.312330|   -6.287738|   -0.187394|    0.001070|
|        6985|    0.003154|  2.6539e-03|  -10.313338|   -6.288791|   -0.187394|    0.001070|
|        6986|    0.001946|  2.6538e-03|  -10.314347|   -6.289673|   -0.187394|    0.001070|
|        6987|    0.002026|  2.6537e-03|  -10.315356|   -6.290409|   -0.187394|    0.001070|
|        6988|    0.003024|  2.6538e-03|  -10.316365|   -6.291024|   -0.187394|    0.001070|
|        6989|    0.002945|  2.6538e-03|  -10.317376|   -6.291720|   -0.187394|    0.001070|
|        6990|    0.002521|  2.6538e-03|  -10.318386|   -6.292380|   -0.187394|    0.001070|
|        6991|    0.001992|  2.6537e-03|  -10.319397|   -6.293076|   -0.187394|    0.001070|
|        6992|    0.002602|  2.6537e-03|  -10.320408|   -6.293774|   -0.187394|    0.001070|
|        6993|    0.003191|  2.6537e-03|  -10.321419|   -6.294495|   -0.187394|    0.001070|
|        6994|    0.003090|  2.6538e-03|  -10.322431|   -6.295217|   -0.187394|    0.001070|
|        6995|    0.003191|  2.6539e-03|  -10.323443|   -6.295973|   -0.187394|    0.001070|
|        6996|    0.003360|  2.6540e-03|  -10.324455|   -6.296786|   -0.187394|    0.001070|
|        6997|    0.003488|  2.6541e-03|  -10.325468|   -6.297604|   -0.187394|    0.001070|
|        6998|    0.003704|  2.6543e-03|  -10.326481|   -6.298483|   -0.187394|    0.001070|
|        6999|    0.003367|  2.6544e-03|  -10.327494|   -6.299400|   -0.187394|    0.001070|
|        7000|    0.003137|  2.6544e-03|  -10.328508|   -6.300323|   -0.187394|    0.001070|
+-----------------------------------------------------------------------+
|        File Writing Summary       |              Filename             |
+-----------------------------------------------------------------------+
|SU2 binary restart                 |restart_flow.dat                   |
|Paraview                           |flow.vtu                           |
|Paraview surface                   |surface_flow.vtu                   |
+-----------------------------------------------------------------------+
+------------------------------------------------------------------------------------------+
|  Inner_Iter|   Time(sec)|   Time(sec)|    rms[Rho]|   rms[RhoE]|          CL|          CD|
+------------------------------------------------------------------------------------------+
|        7001|    0.014622|  2.6561e-03|  -10.329522|   -6.301336|   -0.187394|    0.001070|
|        7002|    0.003418|  2.6562e-03|  -10.330536|   -6.302348|   -0.187394|    0.001070|
|        7003|    0.002298|  2.6562e-03|  -10.331551|   -6.303373|   -0.187394|    0.001070|
|        7004|    0.003238|  2.6563e-03|  -10.332565|   -6.304404|   -0.187394|    0.001070|
|        7005|    0.002307|  2.6562e-03|  -10.333581|   -6.305510|   -0.187394|    0.001070|
|        7006|    0.002944|  2.6563e-03|  -10.334596|   -6.306572|   -0.187394|    0.001070|
|        7007|    0.003586|  2.6564e-03|  -10.335612|   -6.307665|   -0.187394|    0.001070|
|        7008|    0.002922|  2.6564e-03|  -10.336628|   -6.308739|   -0.187394|    0.001070|
|        7009|    0.003541|  2.6566e-03|  -10.337644|   -6.309832|   -0.187394|    0.001070|
|        7010|    0.003018|  2.6566e-03|  -10.338661|   -6.310925|   -0.187394|    0.001070|
|        7011|    0.002067|  2.6565e-03|  -10.339678|   -6.311998|   -0.187394|    0.001070|
|        7012|    0.003973|  2.6567e-03|  -10.340695|   -6.313041|   -0.187394|    0.001070|
|        7013|    0.004275|  2.6570e-03|  -10.341712|   -6.314150|   -0.187394|    0.001070|
|        7014|    0.004230|  2.6572e-03|  -10.342730|   -6.315172|   -0.187394|    0.001070|
|        7015|    0.002656|  2.6572e-03|  -10.343747|   -6.316203|   -0.187394|    0.001070|
|        7016|    0.002058|  2.6571e-03|  -10.344766|   -6.317246|   -0.187394|    0.001070|
|        7017|    0.002023|  2.6570e-03|  -10.345784|   -6.318279|   -0.187394|    0.001070|
|        7018|    0.003725|  2.6572e-03|  -10.346802|   -6.319259|   -0.187394|    0.001070|
|        7019|    0.003635|  2.6573e-03|  -10.347821|   -6.320296|   -0.187394|    0.001070|
|        7020|    0.003357|  2.6574e-03|  -10.348840|   -6.321267|   -0.187394|    0.001070|
|        7021|    0.003101|  2.6575e-03|  -10.349860|   -6.322253|   -0.187394|    0.001070|
|        7022|    0.002269|  2.6574e-03|  -10.350879|   -6.323254|   -0.187394|    0.001070|
|        7023|    0.002003|  2.6573e-03|  -10.351899|   -6.324252|   -0.187394|    0.001070|
|        7024|    0.002071|  2.6572e-03|  -10.352919|   -6.325200|   -0.187394|    0.001070|
|        7025|    0.003335|  2.6573e-03|  -10.353940|   -6.326219|   -0.187394|    0.001070|
|        7026|    0.002711|  2.6573e-03|  -10.353200|   -6.116025|   -0.187394|    0.001070|
|        7027|    0.002951|  2.6574e-03|  -10.356268|   -6.294057|   -0.187394|    0.001070|
|        7028|    0.001877|  2.6573e-03|  -10.356425|   -6.102432|   -0.187394|    0.001070|
|        7029|    0.002543|  2.6572e-03|  -10.359617|   -6.298071|   -0.187394|    0.001070|
|        7030|    0.003222|  2.6573e-03|  -10.359646|   -6.108163|   -0.187394|    0.001070|
|        7031|    0.003368|  2.6574e-03|  -10.362754|   -6.293179|   -0.187394|    0.001070|
|        7032|    0.003212|  2.6575e-03|  -10.362745|   -6.099514|   -0.187394|    0.001070|
|        7033|    0.003048|  2.6576e-03|  -10.365902|   -6.285075|   -0.187394|    0.001070|
|        7034|    0.002802|  2.6576e-03|  -10.367716|   -6.289163|   -0.187394|    0.001070|
|        7035|    0.002212|  2.6575e-03|  -10.368869|   -6.309754|   -0.187394|    0.001070|
|        7036|    0.003196|  2.6576e-03|  -10.369783|   -6.320300|   -0.187394|    0.001070|
|        7037|    0.003041|  2.6576e-03|  -10.370681|   -6.318201|   -0.187394|    0.001070|
|        7038|    0.003196|  2.6577e-03|  -10.369829|   -6.108207|   -0.187394|    0.001070|
|        7039|    0.003120|  2.6578e-03|  -10.372975|   -6.285853|   -0.187394|    0.001070|
|        7040|    0.003029|  2.6578e-03|  -10.373119|   -6.103951|   -0.187394|    0.001070|
|        7041|    0.002564|  2.6578e-03|  -10.376365|   -6.302228|   -0.187394|    0.001070|
|        7042|    0.002036|  2.6577e-03|  -10.378185|   -6.310871|   -0.187394|    0.001070|
|        7043|    0.002250|  2.6577e-03|  -10.379309|   -6.332579|   -0.187394|    0.001070|
|        7044|    0.003151|  2.6578e-03|  -10.380199|   -6.341635|   -0.187394|    0.001070|
|        7045|    0.002497|  2.6577e-03|  -10.381092|   -6.337553|   -0.187394|    0.001070|
|        7046|    0.002128|  2.6577e-03|  -10.380256|   -6.124373|   -0.187394|    0.001070|
|        7047|    0.003101|  2.6577e-03|  -10.383402|   -6.304263|   -0.187394|    0.001070|
|        7048|    0.003337|  2.6578e-03|  -10.383555|   -6.120490|   -0.187394|    0.001070|
|        7049|    0.003319|  2.6579e-03|  -10.386788|   -6.320086|   -0.187394|    0.001070|
|        7050|    0.002767|  2.6579e-03|  -10.388605|   -6.327880|   -0.187394|    0.001070|
|        7051|    0.001916|  2.6578e-03|  -10.389727|   -6.348668|   -0.187394|    0.001070|
|        7052|    0.002750|  2.6578e-03|  -10.390617|   -6.356540|   -0.187394|    0.001070|
|        7053|    0.001974|  2.6577e-03|  -10.391509|   -6.351105|   -0.187394|    0.001070|
|        7054|    0.002679|  2.6577e-03|  -10.390668|   -6.135213|   -0.187394|    0.001070|
|        7055|    0.001918|  2.6576e-03|  -10.393814|   -6.314839|   -0.187394|    0.001070|
|        7056|    0.002588|  2.6576e-03|  -10.393960|   -6.129804|   -0.187394|    0.001070|
|        7057|    0.002354|  2.6576e-03|  -10.397197|   -6.328820|   -0.187394|    0.001070|
|        7058|    0.002006|  2.6575e-03|  -10.399015|   -6.336271|   -0.187394|    0.001070|
|        7059|    0.003024|  2.6575e-03|  -10.400138|   -6.356406|   -0.187394|    0.001070|
|        7060|    0.002012|  2.6574e-03|  -10.401028|   -6.363664|   -0.187394|    0.001070|
|        7061|    0.001867|  2.6573e-03|  -10.400086|   -6.147438|   -0.187394|    0.001070|
|        7062|    0.002345|  2.6573e-03|  -10.403178|   -6.319352|   -0.187394|    0.001070|
|        7063|    0.001969|  2.6572e-03|  -10.405106|   -6.325178|   -0.187394|    0.001070|
|        7064|    0.002922|  2.6572e-03|  -10.406365|   -6.354075|   -0.187394|    0.001070|
|        7065|    0.002091|  2.6572e-03|  -10.407317|   -6.372041|   -0.187394|    0.001070|
|        7066|    0.002171|  2.6571e-03|  -10.408200|   -6.371893|   -0.187394|    0.001070|
|        7067|    0.002186|  2.6570e-03|  -10.409134|   -6.365131|   -0.187394|    0.001070|
|        7068|    0.002031|  2.6569e-03|  -10.408333|   -6.152505|   -0.187394|    0.001070|
|        7069|    0.002068|  2.6568e-03|  -10.411490|   -6.333843|   -0.187394|    0.001070|
|        7070|    0.001833|  2.6567e-03|  -10.413423|   -6.343008|   -0.187394|    0.001070|
|        7071|    0.002604|  2.6567e-03|  -10.414659|   -6.372010|   -0.187394|    0.001070|
|        7072|    0.001890|  2.6566e-03|  -10.415591|   -6.387781|   -0.187394|    0.001070|
|        7073|    0.001870|  2.6565e-03|  -10.416468|   -6.384916|   -0.187394|    0.001070|
|        7074|    0.001851|  2.6564e-03|  -10.417407|   -6.376470|   -0.187394|    0.001070|
|        7075|    0.001907|  2.6563e-03|  -10.418423|   -6.372263|   -0.187394|    0.001070|
|        7076|    0.001819|  2.6562e-03|  -10.419479|   -6.374192|   -0.187394|    0.001070|
|        7077|    0.002835|  2.6562e-03|  -10.420533|   -6.379680|   -0.187394|    0.001070|
|        7078|    0.001926|  2.6561e-03|  -10.421568|   -6.385374|   -0.187394|    0.001070|
|        7079|    0.001899|  2.6560e-03|  -10.422587|   -6.389333|   -0.187394|    0.001070|
|        7080|    0.001900|  2.6559e-03|  -10.423600|   -6.391470|   -0.187394|    0.001070|
|        7081|    0.002677|  2.6559e-03|  -10.424617|   -6.392425|   -0.187394|    0.001070|
|        7082|    0.002046|  2.6558e-03|  -10.425639|   -6.393248|   -0.187394|    0.001070|
|        7083|    0.001940|  2.6557e-03|  -10.426665|   -6.394271|   -0.187394|    0.001070|
|        7084|    0.001875|  2.6556e-03|  -10.427693|   -6.395643|   -0.187394|    0.001070|
|        7085|    0.002092|  2.6555e-03|  -10.428719|   -6.397066|   -0.187394|    0.001070|
|        7086|    0.001868|  2.6554e-03|  -10.429744|   -6.398400|   -0.187394|    0.001070|
|        7087|    0.002038|  2.6553e-03|  -10.430768|   -6.399475|   -0.187394|    0.001070|
|        7088|    0.001891|  2.6552e-03|  -10.431792|   -6.400275|   -0.187394|    0.001070|
|        7089|    0.001870|  2.6551e-03|  -10.432817|   -6.401048|   -0.187394|    0.001070|
|        7090|    0.001860|  2.6550e-03|  -10.433842|   -6.401727|   -0.187394|    0.001070|
|        7091|    0.001943|  2.6549e-03|  -10.434868|   -6.402372|   -0.187394|    0.001070|
|        7092|    0.002560|  2.6549e-03|  -10.435894|   -6.403071|   -0.187394|    0.001070|
|        7093|    0.002930|  2.6549e-03|  -10.436921|   -6.403731|   -0.187394|    0.001070|
|        7094|    0.002188|  2.6548e-03|  -10.437947|   -6.404462|   -0.187394|    0.001070|
|        7095|    0.002738|  2.6548e-03|  -10.438974|   -6.405188|   -0.187394|    0.001070|
|        7096|    0.003487|  2.6550e-03|  -10.440002|   -6.405917|   -0.187394|    0.001070|
|        7097|    0.003441|  2.6551e-03|  -10.441029|   -6.406711|   -0.187394|    0.001070|
|        7098|    0.002129|  2.6550e-03|  -10.442057|   -6.407497|   -0.187394|    0.001070|
|        7099|    0.001948|  2.6549e-03|  -10.443086|   -6.408373|   -0.187394|    0.001070|
|        7100|    0.001980|  2.6548e-03|  -10.444114|   -6.409231|   -0.187394|    0.001070|
|        7101|    0.001836|  2.6547e-03|  -10.445143|   -6.410178|   -0.187394|    0.001070|
|        7102|    0.002683|  2.6547e-03|  -10.446173|   -6.411150|   -0.187394|    0.001070|
|        7103|    0.002782|  2.6547e-03|  -10.447203|   -6.412137|   -0.187394|    0.001070|
|        7104|    0.002883|  2.6547e-03|  -10.448233|   -6.413191|   -0.187394|    0.001070|
|        7105|    0.003452|  2.6548e-03|  -10.449263|   -6.414221|   -0.187394|    0.001070|
|        7106|    0.003244|  2.6549e-03|  -10.450293|   -6.415298|   -0.187394|    0.001070|
|        7107|    0.002273|  2.6549e-03|  -10.451324|   -6.416397|   -0.187394|    0.001070|
|        7108|    0.003120|  2.6549e-03|  -10.452355|   -6.417455|   -0.187394|    0.001070|
|        7109|    0.003101|  2.6550e-03|  -10.453387|   -6.418639|   -0.187394|    0.001070|
|        7110|    0.003013|  2.6551e-03|  -10.454419|   -6.419712|   -0.187394|    0.001070|
|        7111|    0.003085|  2.6551e-03|  -10.455451|   -6.420791|   -0.187394|    0.001070|
|        7112|    0.003485|  2.6552e-03|  -10.456483|   -6.421906|   -0.187394|    0.001070|
|        7113|    0.003046|  2.6553e-03|  -10.457515|   -6.422996|   -0.187394|    0.001070|
|        7114|    0.003191|  2.6554e-03|  -10.458548|   -6.424113|   -0.187394|    0.001070|
|        7115|    0.003637|  2.6555e-03|  -10.459581|   -6.425178|   -0.187394|    0.001070|
|        7116|    0.003420|  2.6556e-03|  -10.460614|   -6.426232|   -0.187394|    0.001070|
|        7117|    0.002036|  2.6555e-03|  -10.461648|   -6.427302|   -0.187394|    0.001070|
|        7118|    0.002106|  2.6554e-03|  -10.462681|   -6.428345|   -0.187394|    0.001070|
|        7119|    0.002357|  2.6554e-03|  -10.463715|   -6.429377|   -0.187394|    0.001070|
|        7120|    0.002083|  2.6553e-03|  -10.464750|   -6.430364|   -0.187394|    0.001070|
|        7121|    0.001858|  2.6552e-03|  -10.465784|   -6.431424|   -0.187394|    0.001070|
|        7122|    0.002346|  2.6552e-03|  -10.466819|   -6.432429|   -0.187394|    0.001070|
|        7123|    0.001926|  2.6551e-03|  -10.467854|   -6.433467|   -0.187394|    0.001070|
|        7124|    0.001887|  2.6550e-03|  -10.468889|   -6.434446|   -0.187394|    0.001070|
|        7125|    0.001929|  2.6549e-03|  -10.469924|   -6.435442|   -0.187394|    0.001070|
|        7126|    0.001885|  2.6547e-03|  -10.470960|   -6.436448|   -0.187394|    0.001070|
|        7127|    0.001995|  2.6547e-03|  -10.471996|   -6.437464|   -0.187394|    0.001070|
|        7128|    0.002535|  2.6546e-03|  -10.471276|   -6.227027|   -0.187394|    0.001070|
|        7129|    0.003130|  2.6547e-03|  -10.474366|   -6.405634|   -0.187394|    0.001070|
|        7130|    0.003112|  2.6548e-03|  -10.474542|   -6.213846|   -0.187394|    0.001070|
|        7131|    0.002188|  2.6547e-03|  -10.477757|   -6.409563|   -0.187394|    0.001070|
|        7132|    0.001909|  2.6546e-03|  -10.477808|   -6.219292|   -0.187394|    0.001070|
|        7133|    0.002624|  2.6546e-03|  -10.480941|   -6.404517|   -0.187394|    0.001070|
|        7134|    0.002097|  2.6545e-03|  -10.480953|   -6.210695|   -0.187394|    0.001070|
|        7135|    0.002724|  2.6545e-03|  -10.484134|   -6.396394|   -0.187394|    0.001070|
|        7136|    0.002065|  2.6544e-03|  -10.485963|   -6.400706|   -0.187394|    0.001070|
|        7137|    0.001867|  2.6543e-03|  -10.487133|   -6.420999|   -0.187394|    0.001070|
|        7138|    0.002836|  2.6544e-03|  -10.488067|   -6.431292|   -0.187394|    0.001070|
|        7139|    0.002157|  2.6543e-03|  -10.488983|   -6.429205|   -0.187394|    0.001070|
|        7140|    0.002791|  2.6543e-03|  -10.488151|   -6.219370|   -0.187394|    0.001070|
|        7141|    0.001966|  2.6542e-03|  -10.491319|   -6.397557|   -0.187394|    0.001070|
|        7142|    0.001860|  2.6541e-03|  -10.491482|   -6.215623|   -0.187394|    0.001070|
|        7143|    0.002109|  2.6540e-03|  -10.494750|   -6.413993|   -0.187394|    0.001070|
|        7144|    0.002457|  2.6540e-03|  -10.496585|   -6.422792|   -0.187394|    0.001070|
|        7145|    0.002715|  2.6540e-03|  -10.497728|   -6.444110|   -0.187394|    0.001070|
|        7146|    0.002742|  2.6540e-03|  -10.498638|   -6.452995|   -0.187394|    0.001070|
|        7147|    0.001929|  2.6539e-03|  -10.499549|   -6.449052|   -0.187394|    0.001070|
|        7148|    0.002241|  2.6539e-03|  -10.498734|   -6.235929|   -0.187394|    0.001070|
|        7149|    0.002315|  2.6538e-03|  -10.501901|   -6.416366|   -0.187394|    0.001070|
|        7150|    0.001953|  2.6537e-03|  -10.502074|   -6.232503|   -0.187394|    0.001070|
|        7151|    0.001833|  2.6536e-03|  -10.505328|   -6.432146|   -0.187394|    0.001070|
|        7152|    0.001943|  2.6535e-03|  -10.507159|   -6.440108|   -0.187394|    0.001070|
|        7153|    0.002755|  2.6535e-03|  -10.508300|   -6.460506|   -0.187394|    0.001070|
|        7154|    0.002203|  2.6534e-03|  -10.509209|   -6.468099|   -0.187394|    0.001070|
|        7155|    0.002063|  2.6534e-03|  -10.510119|   -6.462842|   -0.187394|    0.001070|
|        7156|    0.002822|  2.6534e-03|  -10.509301|   -6.246959|   -0.187394|    0.001070|
|        7157|    0.001977|  2.6533e-03|  -10.512466|   -6.427114|   -0.187394|    0.001070|
|        7158|    0.001833|  2.6532e-03|  -10.512633|   -6.241976|   -0.187394|    0.001070|
|        7159|    0.001983|  2.6531e-03|  -10.515889|   -6.440984|   -0.187394|    0.001070|
|        7160|    0.001882|  2.6530e-03|  -10.517721|   -6.448607|   -0.187394|    0.001070|
|        7161|    0.001882|  2.6529e-03|  -10.518863|   -6.468313|   -0.187394|    0.001070|
|        7162|    0.001835|  2.6528e-03|  -10.519773|   -6.475337|   -0.187394|    0.001070|
|        7163|    0.001934|  2.6527e-03|  -10.518857|   -6.259092|   -0.187394|    0.001070|
|        7164|    0.002551|  2.6526e-03|  -10.521968|   -6.431673|   -0.187394|    0.001070|
|        7165|    0.001983|  2.6526e-03|  -10.523907|   -6.437850|   -0.187394|    0.001070|
|        7166|    0.001814|  2.6524e-03|  -10.525181|   -6.466337|   -0.187394|    0.001070|
|        7167|    0.001908|  2.6523e-03|  -10.526151|   -6.483924|   -0.187394|    0.001070|
|        7168|    0.001826|  2.6522e-03|  -10.527052|   -6.483686|   -0.187394|    0.001070|
|        7169|    0.001952|  2.6521e-03|  -10.528004|   -6.477134|   -0.187394|    0.001070|
|        7170|    0.002029|  2.6520e-03|  -10.527228|   -6.264551|   -0.187394|    0.001070|
|        7171|    0.002013|  2.6519e-03|  -10.530402|   -6.446432|   -0.187394|    0.001070|
|        7172|    0.001805|  2.6518e-03|  -10.532345|   -6.455900|   -0.187394|    0.001070|
|        7173|    0.001937|  2.6517e-03|  -10.533597|   -6.484414|   -0.187394|    0.001070|
|        7174|    0.002878|  2.6518e-03|  -10.534548|   -6.499848|   -0.187394|    0.001070|
|        7175|    0.002017|  2.6517e-03|  -10.535444|   -6.496936|   -0.187394|    0.001070|
|        7176|    0.001843|  2.6516e-03|  -10.536400|   -6.488689|   -0.187394|    0.001070|
|        7177|    0.002116|  2.6515e-03|  -10.537431|   -6.484629|   -0.187394|    0.001070|
|        7178|    0.001878|  2.6514e-03|  -10.538501|   -6.486734|   -0.187394|    0.001070|
|        7179|    0.003042|  2.6514e-03|  -10.539570|   -6.492133|   -0.187394|    0.001070|
|        7180|    0.002039|  2.6513e-03|  -10.540620|   -6.497847|   -0.187394|    0.001070|
|        7181|    0.002753|  2.6514e-03|  -10.541654|   -6.501856|   -0.187394|    0.001070|
|        7182|    0.002021|  2.6513e-03|  -10.542683|   -6.503939|   -0.187394|    0.001070|
|        7183|    0.002394|  2.6512e-03|  -10.543715|   -6.504976|   -0.187394|    0.001070|
|        7184|    0.002516|  2.6512e-03|  -10.544753|   -6.505775|   -0.187394|    0.001070|
|        7185|    0.002693|  2.6512e-03|  -10.545795|   -6.506892|   -0.187394|    0.001070|
|        7186|    0.002609|  2.6512e-03|  -10.546838|   -6.508256|   -0.187394|    0.001070|
|        7187|    0.002434|  2.6512e-03|  -10.547879|   -6.509681|   -0.187394|    0.001070|
|        7188|    0.002193|  2.6511e-03|  -10.548919|   -6.510973|   -0.187394|    0.001070|
|        7189|    0.002492|  2.6511e-03|  -10.549958|   -6.512051|   -0.187394|    0.001070|
|        7190|    0.002938|  2.6511e-03|  -10.550998|   -6.512970|   -0.187394|    0.001070|
|        7191|    0.002361|  2.6511e-03|  -10.552037|   -6.513607|   -0.187394|    0.001070|
|        7192|    0.001987|  2.6510e-03|  -10.553078|   -6.514363|   -0.187394|    0.001070|
|        7193|    0.001967|  2.6509e-03|  -10.554119|   -6.515012|   -0.187394|    0.001070|
|        7194|    0.002634|  2.6509e-03|  -10.555160|   -6.515671|   -0.187394|    0.001070|
|        7195|    0.001982|  2.6508e-03|  -10.556202|   -6.516365|   -0.187394|    0.001070|
|        7196|    0.002591|  2.6508e-03|  -10.557244|   -6.517141|   -0.187394|    0.001070|
|        7197|    0.002060|  2.6507e-03|  -10.558286|   -6.517875|   -0.187394|    0.001070|
|        7198|    0.001957|  2.6506e-03|  -10.559328|   -6.518583|   -0.187394|    0.001070|
|        7199|    0.002066|  2.6505e-03|  -10.560371|   -6.519365|   -0.187394|    0.001070|
|        7200|    0.001840|  2.6504e-03|  -10.561414|   -6.520212|   -0.187394|    0.001070|
|        7201|    0.002086|  2.6504e-03|  -10.562457|   -6.521031|   -0.187394|    0.001070|
|        7202|    0.002584|  2.6503e-03|  -10.563501|   -6.521957|   -0.187394|    0.001070|
|        7203|    0.002262|  2.6503e-03|  -10.564545|   -6.522939|   -0.187394|    0.001070|
|        7204|    0.001919|  2.6502e-03|  -10.565590|   -6.523913|   -0.187394|    0.001070|
|        7205|    0.002243|  2.6501e-03|  -10.566635|   -6.524903|   -0.187394|    0.001070|
|        7206|    0.001912|  2.6500e-03|  -10.567680|   -6.525990|   -0.187394|    0.001070|
|        7207|    0.002374|  2.6500e-03|  -10.568725|   -6.527093|   -0.187394|    0.001070|
|        7208|    0.002756|  2.6500e-03|  -10.569770|   -6.528119|   -0.187394|    0.001070|
|        7209|    0.002936|  2.6500e-03|  -10.570816|   -6.529225|   -0.187394|    0.001070|
|        7210|    0.003433|  2.6502e-03|  -10.571863|   -6.530373|   -0.187394|    0.001070|
|        7211|    0.002628|  2.6502e-03|  -10.572909|   -6.531549|   -0.187394|    0.001070|
|        7212|    0.001975|  2.6501e-03|  -10.573955|   -6.532590|   -0.187394|    0.001070|
|        7213|    0.002616|  2.6501e-03|  -10.575003|   -6.533788|   -0.187394|    0.001070|
|        7214|    0.001924|  2.6500e-03|  -10.576050|   -6.534881|   -0.187394|    0.001070|
|        7215|    0.002656|  2.6500e-03|  -10.577097|   -6.535996|   -0.187394|    0.001070|
|        7216|    0.002601|  2.6499e-03|  -10.578145|   -6.537156|   -0.187394|    0.001070|
|        7217|    0.002324|  2.6499e-03|  -10.579192|   -6.538200|   -0.187394|    0.001070|
|        7218|    0.003310|  2.6500e-03|  -10.580240|   -6.539254|   -0.187394|    0.001070|
|        7219|    0.003158|  2.6501e-03|  -10.581289|   -6.540372|   -0.187394|    0.001070|
|        7220|    0.003305|  2.6502e-03|  -10.582337|   -6.541428|   -0.187394|    0.001070|
|        7221|    0.003140|  2.6502e-03|  -10.583386|   -6.542514|   -0.187394|    0.001070|
|        7222|    0.003196|  2.6503e-03|  -10.584435|   -6.543472|   -0.187394|    0.001070|
|        7223|    0.003751|  2.6505e-03|  -10.585484|   -6.544589|   -0.187394|    0.001070|
|        7224|    0.003532|  2.6506e-03|  -10.586534|   -6.545587|   -0.187394|    0.001070|
|        7225|    0.002285|  2.6505e-03|  -10.587583|   -6.546597|   -0.187394|    0.001070|
|        7226|    0.001931|  2.6504e-03|  -10.588633|   -6.547621|   -0.187394|    0.001070|
|        7227|    0.002514|  2.6504e-03|  -10.589684|   -6.548654|   -0.187394|    0.001070|
|        7228|    0.003063|  2.6505e-03|  -10.590734|   -6.549671|   -0.187394|    0.001070|
|        7229|    0.004147|  2.6507e-03|  -10.591785|   -6.550667|   -0.187394|    0.001070|
|        7230|    0.002840|  2.6507e-03|  -10.591099|   -6.340120|   -0.187394|    0.001070|
|        7231|    0.002307|  2.6506e-03|  -10.594198|   -6.519231|   -0.187394|    0.001070|
|        7232|    0.001953|  2.6505e-03|  -10.594402|   -6.327340|   -0.187394|    0.001070|
|        7233|    0.002344|  2.6505e-03|  -10.597626|   -6.523045|   -0.187394|    0.001070|
|        7234|    0.002461|  2.6505e-03|  -10.597709|   -6.332514|   -0.187394|    0.001070|
|        7235|    0.002447|  2.6505e-03|  -10.600853|   -6.517875|   -0.187394|    0.001070|
|        7236|    0.001960|  2.6504e-03|  -10.600896|   -6.323911|   -0.187394|    0.001070|
|        7237|    0.001858|  2.6502e-03|  -10.604088|   -6.509768|   -0.187394|    0.001070|
|        7238|    0.001892|  2.6501e-03|  -10.605925|   -6.514327|   -0.187394|    0.001070|
|        7239|    0.001815|  2.6500e-03|  -10.607112|   -6.534199|   -0.187394|    0.001070|
|        7240|    0.002714|  2.6500e-03|  -10.608064|   -6.544222|   -0.187394|    0.001070|
|        7241|    0.001983|  2.6499e-03|  -10.608998|   -6.542256|   -0.187394|    0.001070|
|        7242|    0.002632|  2.6499e-03|  -10.608201|   -6.332543|   -0.187394|    0.001070|
|        7243|    0.001845|  2.6498e-03|  -10.611378|   -6.511368|   -0.187394|    0.001070|
|        7244|    0.001838|  2.6497e-03|  -10.611569|   -6.329394|   -0.187394|    0.001070|
|        7245|    0.001850|  2.6496e-03|  -10.614845|   -6.527832|   -0.187394|    0.001070|
|        7246|    0.001853|  2.6495e-03|  -10.616688|   -6.536807|   -0.187394|    0.001070|
|        7247|    0.001867|  2.6494e-03|  -10.617849|   -6.557687|   -0.187394|    0.001070|
|        7248|    0.002687|  2.6494e-03|  -10.618779|   -6.566350|   -0.187394|    0.001070|
|        7249|    0.002519|  2.6494e-03|  -10.619708|   -6.562504|   -0.187394|    0.001070|
|        7250|    0.001944|  2.6493e-03|  -10.618931|   -6.349571|   -0.187394|    0.001070|
+-----------------------------------------------------------------------+
|        File Writing Summary       |              Filename             |
+-----------------------------------------------------------------------+
|SU2 binary restart                 |restart_flow.dat                   |
|Paraview                           |flow.vtu                           |
|Paraview surface                   |surface_flow.vtu                   |
+-----------------------------------------------------------------------+
+------------------------------------------------------------------------------------------+
|  Inner_Iter|   Time(sec)|   Time(sec)|    rms[Rho]|   rms[RhoE]|          CL|          CD|
+------------------------------------------------------------------------------------------+
|        7251|    0.014667|  2.6509e-03|  -10.622103|   -6.530608|   -0.187394|    0.001070|
|        7252|    0.002456|  2.6509e-03|  -10.622305|   -6.346647|   -0.187394|    0.001070|
|        7253|    0.002060|  2.6508e-03|  -10.625564|   -6.546278|   -0.187394|    0.001070|
|        7254|    0.002743|  2.6508e-03|  -10.627404|   -6.554484|   -0.187394|    0.001070|
|        7255|    0.001908|  2.6507e-03|  -10.628562|   -6.574386|   -0.187394|    0.001070|
|        7256|    0.001899|  2.6506e-03|  -10.629491|   -6.581776|   -0.187394|    0.001070|
|        7257|    0.002017|  2.6505e-03|  -10.630419|   -6.576500|   -0.187394|    0.001070|
|        7258|    0.001971|  2.6505e-03|  -10.629640|   -6.360804|   -0.187394|    0.001070|
|        7259|    0.001945|  2.6504e-03|  -10.632808|   -6.541524|   -0.187394|    0.001070|
|        7260|    0.001892|  2.6503e-03|  -10.633006|   -6.356284|   -0.187394|    0.001070|
|        7261|    0.002007|  2.6502e-03|  -10.636266|   -6.555269|   -0.187394|    0.001070|
|        7262|    0.001914|  2.6501e-03|  -10.638105|   -6.563048|   -0.187394|    0.001070|
|        7263|    0.002975|  2.6501e-03|  -10.639264|   -6.582327|   -0.187394|    0.001070|
|        7264|    0.002718|  2.6501e-03|  -10.640193|   -6.589071|   -0.187394|    0.001070|
|        7265|    0.001952|  2.6500e-03|  -10.639322|   -6.372826|   -0.187394|    0.001070|
|        7266|    0.002632|  2.6500e-03|  -10.642436|   -6.546042|   -0.187394|    0.001070|
|        7267|    0.002733|  2.6500e-03|  -10.644378|   -6.552648|   -0.187394|    0.001070|
|        7268|    0.001914|  2.6499e-03|  -10.645664|   -6.580708|   -0.187394|    0.001070|
|        7269|    0.003001|  2.6500e-03|  -10.646653|   -6.597822|   -0.187394|    0.001070|
|        7270|    0.001958|  2.6499e-03|  -10.647573|   -6.597584|   -0.187394|    0.001070|
|        7271|    0.001910|  2.6498e-03|  -10.648541|   -6.591173|   -0.187394|    0.001070|
|        7272|    0.001887|  2.6497e-03|  -10.647806|   -6.378709|   -0.187394|    0.001070|
|        7273|    0.002257|  2.6496e-03|  -10.650981|   -6.561136|   -0.187394|    0.001070|
|        7274|    0.002031|  2.6495e-03|  -10.652926|   -6.570919|   -0.187394|    0.001070|
|        7275|    0.002109|  2.6495e-03|  -10.654192|   -6.598996|   -0.187394|    0.001070|
|        7276|    0.002064|  2.6494e-03|  -10.655161|   -6.613926|   -0.187394|    0.001070|
|        7277|    0.002661|  2.6494e-03|  -10.656076|   -6.611036|   -0.187394|    0.001070|
|        7278|    0.002142|  2.6493e-03|  -10.657048|   -6.602942|   -0.187394|    0.001070|
|        7279|    0.002394|  2.6493e-03|  -10.658094|   -6.599127|   -0.187394|    0.001070|
|        7280|    0.002026|  2.6492e-03|  -10.659177|   -6.601328|   -0.187394|    0.001070|
|        7281|    0.002557|  2.6492e-03|  -10.660258|   -6.606817|   -0.187394|    0.001070|
|        7282|    0.002986|  2.6492e-03|  -10.661322|   -6.612434|   -0.187394|    0.001070|
|        7283|    0.002442|  2.6492e-03|  -10.662370|   -6.616399|   -0.187394|    0.001070|
|        7284|    0.001819|  2.6491e-03|  -10.663413|   -6.618519|   -0.187394|    0.001070|
|        7285|    0.001837|  2.6490e-03|  -10.664460|   -6.619610|   -0.187394|    0.001070|
|        7286|    0.001873|  2.6489e-03|  -10.665512|   -6.620427|   -0.187394|    0.001070|
|        7287|    0.002077|  2.6488e-03|  -10.666568|   -6.621538|   -0.187394|    0.001070|
|        7288|    0.002095|  2.6487e-03|  -10.667624|   -6.622973|   -0.187394|    0.001070|
|        7289|    0.002541|  2.6487e-03|  -10.668679|   -6.624415|   -0.187394|    0.001070|
|        7290|    0.001988|  2.6486e-03|  -10.669732|   -6.625683|   -0.187394|    0.001070|
|        7291|    0.002269|  2.6486e-03|  -10.670785|   -6.626757|   -0.187394|    0.001070|
|        7292|    0.002722|  2.6486e-03|  -10.671839|   -6.627616|   -0.187394|    0.001070|
|        7293|    0.002233|  2.6485e-03|  -10.672892|   -6.628361|   -0.187394|    0.001070|
|        7294|    0.002850|  2.6485e-03|  -10.673947|   -6.629063|   -0.187394|    0.001070|
|        7295|    0.003690|  2.6487e-03|  -10.675001|   -6.629726|   -0.187394|    0.001070|
|        7296|    0.002135|  2.6486e-03|  -10.676056|   -6.630419|   -0.187394|    0.001070|
|        7297|    0.002697|  2.6486e-03|  -10.677111|   -6.631136|   -0.187394|    0.001070|
|        7298|    0.002475|  2.6486e-03|  -10.678166|   -6.631831|   -0.187394|    0.001070|
|        7299|    0.002430|  2.6486e-03|  -10.679222|   -6.632595|   -0.187394|    0.001070|
|        7300|    0.003087|  2.6486e-03|  -10.680278|   -6.633392|   -0.187394|    0.001070|
|        7301|    0.002984|  2.6487e-03|  -10.681334|   -6.634149|   -0.187394|    0.001070|
|        7302|    0.002144|  2.6486e-03|  -10.682391|   -6.635000|   -0.187394|    0.001070|
|        7303|    0.002083|  2.6485e-03|  -10.683448|   -6.635911|   -0.187394|    0.001070|
|        7304|    0.002943|  2.6486e-03|  -10.684505|   -6.636783|   -0.187394|    0.001070|
|        7305|    0.002880|  2.6486e-03|  -10.685563|   -6.637733|   -0.187394|    0.001070|
|        7306|    0.003005|  2.6486e-03|  -10.686620|   -6.638788|   -0.187394|    0.001070|
|        7307|    0.003470|  2.6488e-03|  -10.687678|   -6.639771|   -0.187394|    0.001070|
|        7308|    0.003112|  2.6488e-03|  -10.688737|   -6.640920|   -0.187394|    0.001070|
|        7309|    0.003088|  2.6489e-03|  -10.689796|   -6.641979|   -0.187394|    0.001070|
|        7310|    0.004005|  2.6491e-03|  -10.690854|   -6.643123|   -0.187394|    0.001070|
|        7311|    0.004156|  2.6493e-03|  -10.691913|   -6.644228|   -0.187394|    0.001070|
|        7312|    0.002322|  2.6492e-03|  -10.692973|   -6.645376|   -0.187394|    0.001070|
|        7313|    0.002224|  2.6492e-03|  -10.694033|   -6.646571|   -0.187394|    0.001070|
|        7314|    0.001868|  2.6491e-03|  -10.695092|   -6.647680|   -0.187394|    0.001070|
|        7315|    0.003314|  2.6491e-03|  -10.696153|   -6.648808|   -0.187394|    0.001070|
|        7316|    0.002294|  2.6491e-03|  -10.697213|   -6.649971|   -0.187394|    0.001070|
|        7317|    0.003208|  2.6492e-03|  -10.698273|   -6.651144|   -0.187394|    0.001070|
|        7318|    0.003267|  2.6493e-03|  -10.699334|   -6.652211|   -0.187394|    0.001070|
|        7319|    0.002788|  2.6493e-03|  -10.700395|   -6.653361|   -0.187394|    0.001070|
|        7320|    0.002231|  2.6492e-03|  -10.701456|   -6.654521|   -0.187394|    0.001070|
|        7321|    0.002096|  2.6491e-03|  -10.702517|   -6.655504|   -0.187394|    0.001070|
|        7322|    0.001934|  2.6490e-03|  -10.703579|   -6.656647|   -0.187394|    0.001070|
|        7323|    0.002919|  2.6491e-03|  -10.704640|   -6.657701|   -0.187394|    0.001070|
|        7324|    0.002607|  2.6491e-03|  -10.705702|   -6.658793|   -0.187394|    0.001070|
|        7325|    0.004044|  2.6493e-03|  -10.706764|   -6.659789|   -0.187394|    0.001070|
|        7326|    0.002054|  2.6492e-03|  -10.707827|   -6.660917|   -0.187394|    0.001070|
|        7327|    0.002560|  2.6492e-03|  -10.708889|   -6.661900|   -0.187394|    0.001070|
|        7328|    0.003205|  2.6493e-03|  -10.709952|   -6.662971|   -0.187394|    0.001070|
|        7329|    0.001909|  2.6492e-03|  -10.711015|   -6.663947|   -0.187394|    0.001070|
|        7330|    0.002381|  2.6491e-03|  -10.712078|   -6.665053|   -0.187394|    0.001070|
|        7331|    0.002710|  2.6491e-03|  -10.713141|   -6.666033|   -0.187394|    0.001070|
|        7332|    0.002829|  2.6491e-03|  -10.712509|   -6.455362|   -0.187394|    0.001070|
|        7333|    0.002260|  2.6491e-03|  -10.715597|   -6.635054|   -0.187394|    0.001070|
|        7334|    0.002399|  2.6491e-03|  -10.715841|   -6.443051|   -0.187394|    0.001070|
|        7335|    0.002845|  2.6491e-03|  -10.719052|   -6.638728|   -0.187394|    0.001070|
|        7336|    0.001913|  2.6490e-03|  -10.719181|   -6.447949|   -0.187394|    0.001070|
|        7337|    0.002064|  2.6489e-03|  -10.722315|   -6.633393|   -0.187394|    0.001070|
|        7338|    0.001934|  2.6488e-03|  -10.722403|   -6.439368|   -0.187394|    0.001070|
|        7339|    0.002028|  2.6487e-03|  -10.725584|   -6.625292|   -0.187394|    0.001070|
|        7340|    0.002168|  2.6487e-03|  -10.727421|   -6.630210|   -0.187394|    0.001070|
|        7341|    0.002570|  2.6487e-03|  -10.728621|   -6.649554|   -0.187394|    0.001070|
|        7342|    0.003094|  2.6487e-03|  -10.729591|   -6.659352|   -0.187394|    0.001070|
|        7343|    0.001861|  2.6486e-03|  -10.730543|   -6.657430|   -0.187394|    0.001070|
|        7344|    0.003450|  2.6487e-03|  -10.729803|   -6.447894|   -0.187394|    0.001070|
|        7345|    0.002840|  2.6487e-03|  -10.732965|   -6.627374|   -0.187394|    0.001070|
|        7346|    0.001975|  2.6486e-03|  -10.733198|   -6.445474|   -0.187394|    0.001070|
|        7347|    0.002045|  2.6486e-03|  -10.736458|   -6.643814|   -0.187394|    0.001070|
|        7348|    0.002839|  2.6486e-03|  -10.738301|   -6.653091|   -0.187394|    0.001070|
|        7349|    0.002827|  2.6486e-03|  -10.739476|   -6.673496|   -0.187394|    0.001070|
|        7350|    0.002269|  2.6486e-03|  -10.740425|   -6.681931|   -0.187394|    0.001070|
|        7351|    0.002004|  2.6485e-03|  -10.741372|   -6.678110|   -0.187394|    0.001070|
|        7352|    0.002024|  2.6484e-03|  -10.740654|   -6.465417|   -0.187394|    0.001070|
|        7353|    0.001916|  2.6483e-03|  -10.743808|   -6.647088|   -0.187394|    0.001070|
|        7354|    0.002729|  2.6483e-03|  -10.744054|   -6.463149|   -0.187394|    0.001070|
|        7355|    0.002216|  2.6482e-03|  -10.747294|   -6.662679|   -0.187394|    0.001070|
|        7356|    0.002797|  2.6483e-03|  -10.749132|   -6.671058|   -0.187394|    0.001070|
|        7357|    0.002941|  2.6483e-03|  -10.750305|   -6.690508|   -0.187394|    0.001070|
|        7358|    0.001976|  2.6482e-03|  -10.751254|   -6.697607|   -0.187394|    0.001070|
|        7359|    0.001850|  2.6481e-03|  -10.752198|   -6.692434|   -0.187394|    0.001070|
|        7360|    0.002222|  2.6480e-03|  -10.751481|   -6.476847|   -0.187394|    0.001070|
|        7361|    0.002650|  2.6480e-03|  -10.754628|   -6.658236|   -0.187394|    0.001070|
|        7362|    0.002842|  2.6481e-03|  -10.754871|   -6.472897|   -0.187394|    0.001070|
|        7363|    0.001839|  2.6480e-03|  -10.758109|   -6.671818|   -0.187394|    0.001070|
|        7364|    0.001944|  2.6479e-03|  -10.759945|   -6.679842|   -0.187394|    0.001070|
|        7365|    0.001987|  2.6478e-03|  -10.761118|   -6.698480|   -0.187394|    0.001070|
|        7366|    0.001922|  2.6477e-03|  -10.762067|   -6.704940|   -0.187394|    0.001070|
|        7367|    0.001856|  2.6476e-03|  -10.761263|   -6.488768|   -0.187394|    0.001070|
|        7368|    0.002746|  2.6476e-03|  -10.764358|   -6.662784|   -0.187394|    0.001070|
|        7369|    0.002077|  2.6475e-03|  -10.766290|   -6.669729|   -0.187394|    0.001070|
|        7370|    0.001963|  2.6474e-03|  -10.767585|   -6.697289|   -0.187394|    0.001070|
|        7371|    0.002023|  2.6473e-03|  -10.768589|   -6.713968|   -0.187394|    0.001070|
|        7372|    0.001834|  2.6472e-03|  -10.769528|   -6.713683|   -0.187394|    0.001070|
|        7373|    0.001993|  2.6471e-03|  -10.770511|   -6.707393|   -0.187394|    0.001070|
|        7374|    0.001880|  2.6470e-03|  -10.769841|   -6.495151|   -0.187394|    0.001070|
|        7375|    0.002808|  2.6470e-03|  -10.772991|   -6.678213|   -0.187394|    0.001070|
|        7376|    0.002228|  2.6470e-03|  -10.774926|   -6.688310|   -0.187394|    0.001070|
|        7377|    0.002300|  2.6469e-03|  -10.776201|   -6.715788|   -0.187394|    0.001070|
|        7378|    0.002870|  2.6470e-03|  -10.777188|   -6.730253|   -0.187394|    0.001070|
|        7379|    0.002010|  2.6469e-03|  -10.778120|   -6.727326|   -0.187394|    0.001070|
|        7380|    0.002679|  2.6469e-03|  -10.779107|   -6.719462|   -0.187394|    0.001070|
|        7381|    0.003157|  2.6470e-03|  -10.780164|   -6.715887|   -0.187394|    0.001070|
|        7382|    0.002634|  2.6470e-03|  -10.781256|   -6.718220|   -0.187394|    0.001070|
|        7383|    0.002433|  2.6469e-03|  -10.782348|   -6.723607|   -0.187394|    0.001070|
|        7384|    0.003069|  2.6470e-03|  -10.783422|   -6.729301|   -0.187394|    0.001070|
|        7385|    0.003096|  2.6470e-03|  -10.784482|   -6.733207|   -0.187394|    0.001070|
|        7386|    0.002569|  2.6470e-03|  -10.785537|   -6.735354|   -0.187394|    0.001070|
|        7387|    0.002614|  2.6470e-03|  -10.786595|   -6.736452|   -0.187394|    0.001070|
|        7388|    0.002036|  2.6470e-03|  -10.787658|   -6.737327|   -0.187394|    0.001070|
|        7389|    0.002802|  2.6470e-03|  -10.788725|   -6.738560|   -0.187394|    0.001070|
|        7390|    0.003073|  2.6470e-03|  -10.789792|   -6.739908|   -0.187394|    0.001070|
|        7391|    0.004205|  2.6472e-03|  -10.790857|   -6.741337|   -0.187394|    0.001070|
|        7392|    0.003525|  2.6474e-03|  -10.791922|   -6.742664|   -0.187394|    0.001070|
|        7393|    0.002986|  2.6474e-03|  -10.792986|   -6.743706|   -0.187394|    0.001070|
|        7394|    0.003245|  2.6475e-03|  -10.794050|   -6.744635|   -0.187394|    0.001070|
|        7395|    0.002583|  2.6475e-03|  -10.795114|   -6.745242|   -0.187394|    0.001070|
|        7396|    0.003097|  2.6475e-03|  -10.796179|   -6.746076|   -0.187394|    0.001070|
|        7397|    0.003026|  2.6476e-03|  -10.797244|   -6.746679|   -0.187394|    0.001070|
|        7398|    0.002868|  2.6476e-03|  -10.798309|   -6.747370|   -0.187394|    0.001070|
|        7399|    0.002101|  2.6475e-03|  -10.799375|   -6.748133|   -0.187394|    0.001070|
|        7400|    0.002812|  2.6476e-03|  -10.800441|   -6.748853|   -0.187394|    0.001070|
|        7401|    0.002945|  2.6476e-03|  -10.801507|   -6.749636|   -0.187394|    0.001070|
|        7402|    0.002539|  2.6476e-03|  -10.802573|   -6.750325|   -0.187394|    0.001070|
|        7403|    0.002071|  2.6475e-03|  -10.803640|   -6.751164|   -0.187394|    0.001070|
|        7404|    0.002282|  2.6475e-03|  -10.804707|   -6.751995|   -0.187394|    0.001070|
|        7405|    0.002395|  2.6474e-03|  -10.805774|   -6.753000|   -0.187394|    0.001070|
|        7406|    0.001972|  2.6473e-03|  -10.806841|   -6.753887|   -0.187394|    0.001070|
|        7407|    0.002093|  2.6473e-03|  -10.807909|   -6.754811|   -0.187394|    0.001070|
|        7408|    0.003273|  2.6474e-03|  -10.808977|   -6.755943|   -0.187394|    0.001070|
|        7409|    0.003291|  2.6474e-03|  -10.810045|   -6.756965|   -0.187394|    0.001070|
|        7410|    0.002940|  2.6475e-03|  -10.811114|   -6.758056|   -0.187394|    0.001070|
|        7411|    0.001911|  2.6474e-03|  -10.812183|   -6.759281|   -0.187394|    0.001070|
|        7412|    0.002352|  2.6473e-03|  -10.813251|   -6.760246|   -0.187394|    0.001070|
|        7413|    0.002878|  2.6474e-03|  -10.814321|   -6.761523|   -0.187394|    0.001070|
|        7414|    0.002970|  2.6474e-03|  -10.815390|   -6.762641|   -0.187394|    0.001070|
|        7415|    0.003466|  2.6475e-03|  -10.816460|   -6.763904|   -0.187394|    0.001070|
|        7416|    0.002750|  2.6475e-03|  -10.817529|   -6.764959|   -0.187394|    0.001070|
|        7417|    0.002192|  2.6475e-03|  -10.818599|   -6.766243|   -0.187394|    0.001070|
|        7418|    0.003901|  2.6476e-03|  -10.819669|   -6.767332|   -0.187394|    0.001070|
|        7419|    0.003191|  2.6477e-03|  -10.820739|   -6.768515|   -0.187394|    0.001070|
|        7420|    0.002804|  2.6477e-03|  -10.821809|   -6.769635|   -0.187394|    0.001070|
|        7421|    0.002919|  2.6478e-03|  -10.822880|   -6.770829|   -0.187394|    0.001070|
|        7422|    0.003284|  2.6479e-03|  -10.823951|   -6.771946|   -0.187394|    0.001070|
|        7423|    0.002960|  2.6479e-03|  -10.825021|   -6.773029|   -0.187394|    0.001070|
|        7424|    0.003429|  2.6480e-03|  -10.826092|   -6.774122|   -0.187394|    0.001070|
|        7425|    0.003150|  2.6481e-03|  -10.827163|   -6.775244|   -0.187394|    0.001070|
|        7426|    0.002049|  2.6480e-03|  -10.828235|   -6.776284|   -0.187394|    0.001070|
|        7427|    0.002042|  2.6479e-03|  -10.829306|   -6.777406|   -0.187394|    0.001070|
|        7428|    0.003165|  2.6480e-03|  -10.830377|   -6.778441|   -0.187394|    0.001070|
|        7429|    0.002417|  2.6480e-03|  -10.831449|   -6.779468|   -0.187394|    0.001070|
|        7430|    0.002499|  2.6479e-03|  -10.832521|   -6.780579|   -0.187394|    0.001070|
|        7431|    0.001939|  2.6478e-03|  -10.833593|   -6.781601|   -0.187394|    0.001070|
|        7432|    0.002466|  2.6478e-03|  -10.834665|   -6.782661|   -0.187394|    0.001070|
|        7433|    0.002815|  2.6478e-03|  -10.835738|   -6.783764|   -0.187394|    0.001070|
|        7434|    0.002110|  2.6478e-03|  -10.835186|   -6.572971|   -0.187394|    0.001070|
|        7435|    0.002030|  2.6477e-03|  -10.838232|   -6.753218|   -0.187394|    0.001070|
|        7436|    0.001854|  2.6476e-03|  -10.838532|   -6.561211|   -0.187394|    0.001070|
|        7437|    0.002792|  2.6476e-03|  -10.841699|   -6.756845|   -0.187394|    0.001070|
|        7438|    0.002192|  2.6475e-03|  -10.841890|   -6.565783|   -0.187394|    0.001070|
|        7439|    0.002730|  2.6475e-03|  -10.844983|   -6.751235|   -0.187394|    0.001070|
|        7440|    0.002184|  2.6475e-03|  -10.845136|   -6.557236|   -0.187394|    0.001070|
|        7441|    0.001902|  2.6474e-03|  -10.848274|   -6.743223|   -0.187394|    0.001070|
|        7442|    0.001935|  2.6473e-03|  -10.850097|   -6.748412|   -0.187394|    0.001070|
|        7443|    0.002025|  2.6472e-03|  -10.851305|   -6.767278|   -0.187394|    0.001070|
|        7444|    0.002482|  2.6472e-03|  -10.852291|   -6.776711|   -0.187394|    0.001070|
|        7445|    0.001843|  2.6471e-03|  -10.853257|   -6.774851|   -0.187394|    0.001070|
|        7446|    0.001952|  2.6470e-03|  -10.852603|   -6.565702|   -0.187394|    0.001070|
|        7447|    0.002796|  2.6470e-03|  -10.855719|   -6.745782|   -0.187394|    0.001070|
|        7448|    0.002636|  2.6470e-03|  -10.856009|   -6.563981|   -0.187394|    0.001070|
|        7449|    0.001838|  2.6469e-03|  -10.859220|   -6.762288|   -0.187394|    0.001070|
|        7450|    0.002103|  2.6468e-03|  -10.861048|   -6.771832|   -0.187394|    0.001070|
|        7451|    0.001893|  2.6467e-03|  -10.862234|   -6.791612|   -0.187394|    0.001070|
|        7452|    0.002017|  2.6466e-03|  -10.863200|   -6.799754|   -0.187394|    0.001070|
|        7453|    0.001964|  2.6465e-03|  -10.864161|   -6.796102|   -0.187394|    0.001070|
|        7454|    0.001982|  2.6464e-03|  -10.863533|   -6.583801|   -0.187394|    0.001070|
|        7455|    0.001936|  2.6464e-03|  -10.866635|   -6.766000|   -0.187394|    0.001070|
|        7456|    0.002601|  2.6463e-03|  -10.866942|   -6.582072|   -0.187394|    0.001070|
|        7457|    0.002013|  2.6463e-03|  -10.870128|   -6.781562|   -0.187394|    0.001070|
|        7458|    0.002225|  2.6462e-03|  -10.871949|   -6.790173|   -0.187394|    0.001070|
|        7459|    0.002246|  2.6461e-03|  -10.873132|   -6.808980|   -0.187394|    0.001070|
|        7460|    0.002912|  2.6462e-03|  -10.874097|   -6.815734|   -0.187394|    0.001070|
|        7461|    0.002982|  2.6462e-03|  -10.875057|   -6.810619|   -0.187394|    0.001070|
|        7462|    0.003285|  2.6463e-03|  -10.874432|   -6.595453|   -0.187394|    0.001070|
|        7463|    0.003006|  2.6464e-03|  -10.877523|   -6.777320|   -0.187394|    0.001070|
|        7464|    0.002190|  2.6463e-03|  -10.877828|   -6.592045|   -0.187394|    0.001070|
|        7465|    0.002039|  2.6462e-03|  -10.881008|   -6.790836|   -0.187394|    0.001070|
|        7466|    0.001944|  2.6461e-03|  -10.882827|   -6.799049|   -0.187394|    0.001070|
|        7467|    0.002502|  2.6461e-03|  -10.884009|   -6.817154|   -0.187394|    0.001070|
|        7468|    0.002980|  2.6462e-03|  -10.884974|   -6.823199|   -0.187394|    0.001070|
|        7469|    0.002753|  2.6462e-03|  -10.884271|   -6.607112|   -0.187394|    0.001070|
|        7470|    0.002307|  2.6461e-03|  -10.887310|   -6.781957|   -0.187394|    0.001070|
|        7471|    0.002046|  2.6460e-03|  -10.889216|   -6.789488|   -0.187394|    0.001070|
|        7472|    0.002083|  2.6460e-03|  -10.890512|   -6.816374|   -0.187394|    0.001070|
|        7473|    0.001935|  2.6459e-03|  -10.891530|   -6.832467|   -0.187394|    0.001070|
|        7474|    0.002047|  2.6458e-03|  -10.892482|   -6.832060|   -0.187394|    0.001070|
|        7475|    0.001882|  2.6457e-03|  -10.893478|   -6.825952|   -0.187394|    0.001070|
|        7476|    0.002089|  2.6456e-03|  -10.892904|   -6.614050|   -0.187394|    0.001070|
|        7477|    0.001999|  2.6455e-03|  -10.895992|   -6.797719|   -0.187394|    0.001070|
|        7478|    0.002117|  2.6455e-03|  -10.897900|   -6.808264|   -0.187394|    0.001070|
|        7479|    0.001859|  2.6454e-03|  -10.899176|   -6.834999|   -0.187394|    0.001070|
|        7480|    0.002005|  2.6453e-03|  -10.900177|   -6.848945|   -0.187394|    0.001070|
|        7481|    0.001851|  2.6452e-03|  -10.901125|   -6.845939|   -0.187394|    0.001070|
|        7482|    0.002141|  2.6451e-03|  -10.902123|   -6.838416|   -0.187394|    0.001070|
|        7483|    0.001969|  2.6450e-03|  -10.903186|   -6.835045|   -0.187394|    0.001070|
|        7484|    0.002125|  2.6449e-03|  -10.904283|   -6.837461|   -0.187394|    0.001070|
|        7485|    0.002207|  2.6449e-03|  -10.905379|   -6.843016|   -0.187394|    0.001070|
|        7486|    0.001970|  2.6448e-03|  -10.906458|   -6.848564|   -0.187394|    0.001070|
|        7487|    0.002573|  2.6448e-03|  -10.907525|   -6.852360|   -0.187394|    0.001070|
|        7488|    0.001846|  2.6447e-03|  -10.908586|   -6.854562|   -0.187394|    0.001070|
|        7489|    0.002001|  2.6446e-03|  -10.909651|   -6.855700|   -0.187394|    0.001070|
|        7490|    0.001848|  2.6445e-03|  -10.910721|   -6.856762|   -0.187394|    0.001070|
|        7491|    0.001897|  2.6444e-03|  -10.911793|   -6.857881|   -0.187394|    0.001070|
|        7492|    0.003138|  2.6444e-03|  -10.912866|   -6.859324|   -0.187394|    0.001070|
|        7493|    0.002423|  2.6444e-03|  -10.913937|   -6.860735|   -0.187394|    0.001070|
|        7494|    0.002220|  2.6444e-03|  -10.915007|   -6.862074|   -0.187394|    0.001070|
|        7495|    0.002014|  2.6443e-03|  -10.916076|   -6.863066|   -0.187394|    0.001070|
|        7496|    0.002191|  2.6442e-03|  -10.917146|   -6.863998|   -0.187394|    0.001070|
|        7497|    0.002359|  2.6442e-03|  -10.918216|   -6.864727|   -0.187394|    0.001070|
|        7498|    0.002147|  2.6441e-03|  -10.919286|   -6.865435|   -0.187394|    0.001070|
|        7499|    0.002807|  2.6441e-03|  -10.920357|   -6.866021|   -0.187394|    0.001070|
|        7500|    0.002330|  2.6441e-03|  -10.921428|   -6.866805|   -0.187394|    0.001070|
+-----------------------------------------------------------------------+
|        File Writing Summary       |              Filename             |
+-----------------------------------------------------------------------+
|SU2 binary restart                 |restart_flow.dat                   |
|Paraview                           |flow.vtu                           |
|Paraview surface                   |surface_flow.vtu                   |
+-----------------------------------------------------------------------+
+------------------------------------------------------------------------------------------+
|  Inner_Iter|   Time(sec)|   Time(sec)|    rms[Rho]|   rms[RhoE]|          CL|          CD|
+------------------------------------------------------------------------------------------+
|        7501|    0.011469|  2.6453e-03|  -10.922498|   -6.867558|   -0.187394|    0.001070|
|        7502|    0.003313|  2.6454e-03|  -10.923569|   -6.868251|   -0.187394|    0.001070|
|        7503|    0.002174|  2.6453e-03|  -10.924640|   -6.868992|   -0.187394|    0.001070|
|        7504|    0.002189|  2.6452e-03|  -10.925711|   -6.869824|   -0.187394|    0.001070|
|        7505|    0.002112|  2.6452e-03|  -10.926783|   -6.870628|   -0.187394|    0.001070|
|        7506|    0.002193|  2.6451e-03|  -10.927855|   -6.871507|   -0.187394|    0.001070|
|        7507|    0.002064|  2.6450e-03|  -10.928927|   -6.872426|   -0.187394|    0.001070|
|        7508|    0.002494|  2.6450e-03|  -10.929999|   -6.873363|   -0.187394|    0.001070|
|        7509|    0.004051|  2.6452e-03|  -10.931071|   -6.874442|   -0.187394|    0.001070|
|        7510|    0.002373|  2.6452e-03|  -10.932144|   -6.875473|   -0.187394|    0.001070|
|        7511|    0.002300|  2.6451e-03|  -10.933216|   -6.876539|   -0.187394|    0.001070|
|        7512|    0.002179|  2.6450e-03|  -10.934289|   -6.877632|   -0.187394|    0.001070|
|        7513|    0.002135|  2.6450e-03|  -10.935362|   -6.878845|   -0.187394|    0.001070|
|        7514|    0.002221|  2.6449e-03|  -10.936435|   -6.879980|   -0.187394|    0.001070|
|        7515|    0.002198|  2.6449e-03|  -10.937509|   -6.881128|   -0.187394|    0.001070|
|        7516|    0.002581|  2.6449e-03|  -10.938582|   -6.882428|   -0.187394|    0.001070|
|        7517|    0.003212|  2.6449e-03|  -10.939656|   -6.883493|   -0.187394|    0.001070|
|        7518|    0.003258|  2.6450e-03|  -10.940729|   -6.884863|   -0.187394|    0.001070|
|        7519|    0.002062|  2.6449e-03|  -10.941803|   -6.885977|   -0.187394|    0.001070|
|        7520|    0.002070|  2.6449e-03|  -10.942877|   -6.887227|   -0.187394|    0.001070|
|        7521|    0.002476|  2.6448e-03|  -10.943951|   -6.888362|   -0.187394|    0.001070|
|        7522|    0.002515|  2.6448e-03|  -10.945025|   -6.889495|   -0.187394|    0.001070|
|        7523|    0.002349|  2.6448e-03|  -10.946099|   -6.890719|   -0.187394|    0.001070|
|        7524|    0.003433|  2.6449e-03|  -10.947173|   -6.891878|   -0.187394|    0.001070|
|        7525|    0.003173|  2.6449e-03|  -10.948247|   -6.892950|   -0.187394|    0.001070|
|        7526|    0.002184|  2.6449e-03|  -10.949321|   -6.894148|   -0.187394|    0.001070|
|        7527|    0.003050|  2.6449e-03|  -10.950396|   -6.895121|   -0.187394|    0.001070|
|        7528|    0.003003|  2.6450e-03|  -10.951470|   -6.896371|   -0.187394|    0.001070|
|        7529|    0.003736|  2.6451e-03|  -10.952545|   -6.897425|   -0.187394|    0.001070|
|        7530|    0.009959|  2.6461e-03|  -10.953619|   -6.898466|   -0.187394|    0.001070|
|        7531|    0.002792|  2.6461e-03|  -10.954694|   -6.899635|   -0.187394|    0.001070|
|        7532|    0.002142|  2.6461e-03|  -10.955768|   -6.900620|   -0.187394|    0.001070|
|        7533|    0.002028|  2.6460e-03|  -10.956843|   -6.901768|   -0.187394|    0.001070|
|        7534|    0.002081|  2.6459e-03|  -10.957918|   -6.902774|   -0.187394|    0.001070|
|        7535|    0.002871|  2.6459e-03|  -10.958993|   -6.903726|   -0.187394|    0.001070|
|        7536|    0.002121|  2.6459e-03|  -10.958557|   -6.693189|   -0.187394|    0.001070|
|        7537|    0.002240|  2.6458e-03|  -10.961517|   -6.873860|   -0.187394|    0.001070|
|        7538|    0.002049|  2.6457e-03|  -10.961895|   -6.682131|   -0.187394|    0.001070|
|        7539|    0.003458|  2.6458e-03|  -10.964971|   -6.877340|   -0.187394|    0.001070|
|        7540|    0.003395|  2.6459e-03|  -10.965249|   -6.686199|   -0.187394|    0.001070|
|        7541|    0.002035|  2.6459e-03|  -10.968257|   -6.871681|   -0.187394|    0.001070|
|        7542|    0.002453|  2.6458e-03|  -10.968496|   -6.677717|   -0.187394|    0.001070|
|        7543|    0.002622|  2.6458e-03|  -10.971546|   -6.863534|   -0.187394|    0.001070|
|        7544|    0.002028|  2.6457e-03|  -10.973335|   -6.869372|   -0.187394|    0.001070|
|        7545|    0.002131|  2.6457e-03|  -10.974544|   -6.887616|   -0.187394|    0.001070|
|        7546|    0.002031|  2.6456e-03|  -10.975540|   -6.896445|   -0.187394|    0.001070|
|        7547|    0.002915|  2.6456e-03|  -10.976516|   -6.894746|   -0.187394|    0.001070|
|        7548|    0.002019|  2.6455e-03|  -10.975986|   -6.686051|   -0.187394|    0.001070|
|        7549|    0.002291|  2.6455e-03|  -10.979008|   -6.866720|   -0.187394|    0.001070|
|        7550|    0.002149|  2.6454e-03|  -10.979379|   -6.685274|   -0.187394|    0.001070|
|        7551|    0.002130|  2.6454e-03|  -10.982492|   -6.883246|   -0.187394|    0.001070|
|        7552|    0.002245|  2.6453e-03|  -10.984285|   -6.893247|   -0.187394|    0.001070|
|        7553|    0.002717|  2.6453e-03|  -10.985472|   -6.912269|   -0.187394|    0.001070|
|        7554|    0.002542|  2.6453e-03|  -10.986451|   -6.920148|   -0.187394|    0.001070|
|        7555|    0.002252|  2.6453e-03|  -10.987422|   -6.916679|   -0.187394|    0.001070|
|        7556|    0.002528|  2.6452e-03|  -10.986921|   -6.704619|   -0.187394|    0.001070|
|        7557|    0.002289|  2.6452e-03|  -10.989924|   -6.887645|   -0.187394|    0.001070|
|        7558|    0.002015|  2.6451e-03|  -10.990313|   -6.703812|   -0.187394|    0.001070|
|        7559|    0.002143|  2.6450e-03|  -10.993396|   -6.903050|   -0.187394|    0.001070|
|        7560|    0.002096|  2.6450e-03|  -10.995180|   -6.911955|   -0.187394|    0.001070|
|        7561|    0.002585|  2.6450e-03|  -10.996364|   -6.930116|   -0.187394|    0.001070|
|        7562|    0.003320|  2.6451e-03|  -10.997341|   -6.936368|   -0.187394|    0.001070|
|        7563|    0.002093|  2.6450e-03|  -10.998310|   -6.931498|   -0.187394|    0.001070|
|        7564|    0.002130|  2.6449e-03|  -10.997817|   -6.716634|   -0.187394|    0.001070|
|        7565|    0.002005|  2.6448e-03|  -11.000803|   -6.899142|   -0.187394|    0.001070|
|        7566|    0.002506|  2.6448e-03|  -11.001192|   -6.713917|   -0.187394|    0.001070|
|        7567|    0.002021|  2.6447e-03|  -11.004265|   -6.912458|   -0.187394|    0.001070|
|        7568|    0.002115|  2.6447e-03|  -11.006043|   -6.920972|   -0.187394|    0.001070|
|        7569|    0.002058|  2.6446e-03|  -11.007226|   -6.938352|   -0.187394|    0.001070|
|        7570|    0.002891|  2.6446e-03|  -11.008203|   -6.943962|   -0.187394|    0.001070|
|        7571|    0.002115|  2.6445e-03|  -11.007642|   -6.728132|   -0.187394|    0.001070|
|        7572|    0.002056|  2.6445e-03|  -11.010576|   -6.903651|   -0.187394|    0.001070|
|        7573|    0.002104|  2.6444e-03|  -11.012431|   -6.912012|   -0.187394|    0.001070|
|        7574|    0.003022|  2.6444e-03|  -11.013717|   -6.937997|   -0.187394|    0.001070|
|        7575|    0.003022|  2.6445e-03|  -11.014742|   -6.953469|   -0.187394|    0.001070|
|        7576|    0.003888|  2.6447e-03|  -11.015705|   -6.952957|   -0.187394|    0.001070|
|        7577|    0.002660|  2.6447e-03|  -11.016704|   -6.947213|   -0.187394|    0.001070|
|        7578|    0.002059|  2.6446e-03|  -11.016267|   -6.735643|   -0.187394|    0.001070|
|        7579|    0.002267|  2.6445e-03|  -11.019242|   -6.919764|   -0.187394|    0.001070|
|        7580|    0.002980|  2.6446e-03|  -11.021098|   -6.931044|   -0.187394|    0.001070|
|        7581|    0.002071|  2.6445e-03|  -11.022365|   -6.956965|   -0.187394|    0.001070|
|        7582|    0.002335|  2.6445e-03|  -11.023374|   -6.970099|   -0.187394|    0.001070|
|        7583|    0.002039|  2.6444e-03|  -11.024331|   -6.967221|   -0.187394|    0.001070|
|        7584|    0.002150|  2.6443e-03|  -11.025334|   -6.959861|   -0.187394|    0.001070|
|        7585|    0.002099|  2.6442e-03|  -11.026395|   -6.956846|   -0.187394|    0.001070|
|        7586|    0.002855|  2.6443e-03|  -11.027487|   -6.959387|   -0.187394|    0.001070|
|        7587|    0.002246|  2.6442e-03|  -11.028579|   -6.964860|   -0.187394|    0.001070|
|        7588|    0.002050|  2.6441e-03|  -11.029656|   -6.970492|   -0.187394|    0.001070|
|        7589|    0.002230|  2.6441e-03|  -11.030721|   -6.974248|   -0.187394|    0.001070|
|        7590|    0.002090|  2.6440e-03|  -11.031781|   -6.976398|   -0.187394|    0.001070|
|        7591|    0.002097|  2.6439e-03|  -11.032845|   -6.977638|   -0.187394|    0.001070|
|        7592|    0.002028|  2.6439e-03|  -11.033913|   -6.978644|   -0.187394|    0.001070|
|        7593|    0.002067|  2.6438e-03|  -11.034982|   -6.979875|   -0.187394|    0.001070|
|        7594|    0.003137|  2.6438e-03|  -11.036052|   -6.981318|   -0.187394|    0.001070|
|        7595|    0.003258|  2.6439e-03|  -11.037121|   -6.982719|   -0.187394|    0.001070|
|        7596|    0.002963|  2.6440e-03|  -11.038188|   -6.983896|   -0.187394|    0.001070|
|        7597|    0.002137|  2.6439e-03|  -11.039255|   -6.985209|   -0.187394|    0.001070|
|        7598|    0.002004|  2.6438e-03|  -11.040321|   -6.986039|   -0.187394|    0.001070|
|        7599|    0.002143|  2.6438e-03|  -11.041388|   -6.986590|   -0.187394|    0.001070|
|        7600|    0.002165|  2.6437e-03|  -11.042455|   -6.987519|   -0.187394|    0.001070|
|        7601|    0.002439|  2.6437e-03|  -11.043522|   -6.988091|   -0.187394|    0.001070|
|        7602|    0.002012|  2.6436e-03|  -11.044590|   -6.988692|   -0.187394|    0.001070|
|        7603|    0.002220|  2.6435e-03|  -11.045657|   -6.989517|   -0.187394|    0.001070|
|        7604|    0.002018|  2.6434e-03|  -11.046724|   -6.990305|   -0.187394|    0.001070|
|        7605|    0.002019|  2.6434e-03|  -11.047791|   -6.991053|   -0.187394|    0.001070|
|        7606|    0.002016|  2.6433e-03|  -11.048859|   -6.991876|   -0.187394|    0.001070|
|        7607|    0.002091|  2.6432e-03|  -11.049926|   -6.992706|   -0.187394|    0.001070|
|        7608|    0.002006|  2.6431e-03|  -11.050994|   -6.993527|   -0.187394|    0.001070|
|        7609|    0.002159|  2.6431e-03|  -11.052062|   -6.994461|   -0.187394|    0.001070|
|        7610|    0.002066|  2.6430e-03|  -11.053130|   -6.995471|   -0.187394|    0.001070|
|        7611|    0.002136|  2.6429e-03|  -11.054198|   -6.996530|   -0.187394|    0.001070|
|        7612|    0.002489|  2.6429e-03|  -11.055266|   -6.997788|   -0.187394|    0.001070|
|        7613|    0.002075|  2.6428e-03|  -11.056334|   -6.998592|   -0.187394|    0.001070|
|        7614|    0.002101|  2.6427e-03|  -11.057402|   -6.999921|   -0.187394|    0.001070|
|        7615|    0.002009|  2.6427e-03|  -11.058470|   -7.001136|   -0.187394|    0.001070|
|        7616|    0.002034|  2.6426e-03|  -11.059538|   -7.002199|   -0.187394|    0.001070|
|        7617|    0.002204|  2.6425e-03|  -11.060607|   -7.003594|   -0.187394|    0.001070|
|        7618|    0.002055|  2.6425e-03|  -11.061675|   -7.004614|   -0.187394|    0.001070|
|        7619|    0.001995|  2.6424e-03|  -11.062743|   -7.005969|   -0.187394|    0.001070|
|        7620|    0.002137|  2.6423e-03|  -11.063812|   -7.007187|   -0.187394|    0.001070|
|        7621|    0.002049|  2.6422e-03|  -11.064880|   -7.008318|   -0.187394|    0.001070|
|        7622|    0.002024|  2.6421e-03|  -11.065948|   -7.009569|   -0.187394|    0.001070|
|        7623|    0.001998|  2.6421e-03|  -11.067016|   -7.010905|   -0.187394|    0.001070|
|        7624|    0.002073|  2.6420e-03|  -11.068084|   -7.012020|   -0.187394|    0.001070|
|        7625|    0.002962|  2.6420e-03|  -11.069152|   -7.013219|   -0.187394|    0.001070|
|        7626|    0.002782|  2.6420e-03|  -11.070220|   -7.014432|   -0.187394|    0.001070|
|        7627|    0.002867|  2.6421e-03|  -11.071288|   -7.015484|   -0.187394|    0.001070|
|        7628|    0.002207|  2.6420e-03|  -11.072356|   -7.016753|   -0.187394|    0.001070|
|        7629|    0.001979|  2.6419e-03|  -11.073424|   -7.017825|   -0.187394|    0.001070|
|        7630|    0.002146|  2.6419e-03|  -11.074492|   -7.018926|   -0.187394|    0.001070|
|        7631|    0.003902|  2.6420e-03|  -11.075560|   -7.019970|   -0.187394|    0.001070|
|        7632|    0.003942|  2.6422e-03|  -11.076627|   -7.021163|   -0.187394|    0.001070|
|        7633|    0.003586|  2.6423e-03|  -11.077696|   -7.022358|   -0.187394|    0.001070|
|        7634|    0.003179|  2.6424e-03|  -11.078763|   -7.023349|   -0.187394|    0.001070|
|        7635|    0.003315|  2.6425e-03|  -11.079830|   -7.024431|   -0.187394|    0.001070|
|        7636|    0.003882|  2.6426e-03|  -11.080899|   -7.025525|   -0.187394|    0.001070|
|        7637|    0.003681|  2.6428e-03|  -11.081966|   -7.026638|   -0.187394|    0.001070|
|        7638|    0.003607|  2.6429e-03|  -11.081688|   -6.816110|   -0.187394|    0.001070|
|        7639|    0.002321|  2.6429e-03|  -11.084504|   -6.997230|   -0.187394|    0.001070|
|        7640|    0.002161|  2.6428e-03|  -11.084984|   -6.805946|   -0.187394|    0.001070|
|        7641|    0.002223|  2.6427e-03|  -11.087908|   -7.000718|   -0.187394|    0.001070|
|        7642|    0.003083|  2.6428e-03|  -11.088299|   -6.809469|   -0.187394|    0.001070|
|        7643|    0.002495|  2.6428e-03|  -11.091161|   -6.994731|   -0.187394|    0.001070|
|        7644|    0.002671|  2.6428e-03|  -11.091516|   -6.801134|   -0.187394|    0.001070|
|        7645|    0.002072|  2.6427e-03|  -11.094415|   -6.986827|   -0.187394|    0.001070|
|        7646|    0.002006|  2.6426e-03|  -11.096142|   -6.993006|   -0.187394|    0.001070|
|        7647|    0.002601|  2.6426e-03|  -11.097338|   -7.010373|   -0.187394|    0.001070|
|        7648|    0.003325|  2.6427e-03|  -11.098338|   -7.018988|   -0.187394|    0.001070|
|        7649|    0.002521|  2.6427e-03|  -11.099316|   -7.017356|   -0.187394|    0.001070|
|        7650|    0.002000|  2.6426e-03|  -11.098955|   -6.809164|   -0.187394|    0.001070|
|        7651|    0.002086|  2.6425e-03|  -11.101822|   -6.990465|   -0.187394|    0.001070|
|        7652|    0.002000|  2.6425e-03|  -11.102298|   -6.809450|   -0.187394|    0.001070|
|        7653|    0.002014|  2.6424e-03|  -11.105249|   -7.007037|   -0.187394|    0.001070|
|        7654|    0.003116|  2.6424e-03|  -11.106978|   -7.017539|   -0.187394|    0.001070|
|        7655|    0.002022|  2.6424e-03|  -11.108155|   -7.035818|   -0.187394|    0.001070|
|        7656|    0.002043|  2.6423e-03|  -11.109137|   -7.042993|   -0.187394|    0.001070|
|        7657|    0.001967|  2.6422e-03|  -11.110111|   -7.039840|   -0.187394|    0.001070|
|        7658|    0.002039|  2.6421e-03|  -11.109784|   -6.828554|   -0.187394|    0.001070|
|        7659|    0.002006|  2.6420e-03|  -11.112624|   -7.011937|   -0.187394|    0.001070|
|        7660|    0.002015|  2.6419e-03|  -11.113121|   -6.828527|   -0.187394|    0.001070|
|        7661|    0.002032|  2.6419e-03|  -11.116035|   -7.027329|   -0.187394|    0.001070|
|        7662|    0.002016|  2.6418e-03|  -11.117752|   -7.036774|   -0.187394|    0.001070|
|        7663|    0.002015|  2.6417e-03|  -11.118924|   -7.053783|   -0.187394|    0.001070|
|        7664|    0.002977|  2.6417e-03|  -11.119904|   -7.059741|   -0.187394|    0.001070|
|        7665|    0.002116|  2.6417e-03|  -11.120874|   -7.055064|   -0.187394|    0.001070|
|        7666|    0.002061|  2.6416e-03|  -11.120560|   -6.840688|   -0.187394|    0.001070|
|        7667|    0.002021|  2.6415e-03|  -11.123377|   -7.023833|   -0.187394|    0.001070|
|        7668|    0.002872|  2.6415e-03|  -11.123877|   -6.838910|   -0.187394|    0.001070|
|        7669|    0.002057|  2.6415e-03|  -11.126773|   -7.036826|   -0.187394|    0.001070|
|        7670|    0.002010|  2.6414e-03|  -11.128482|   -7.045968|   -0.187394|    0.001070|
|        7671|    0.002815|  2.6414e-03|  -11.129652|   -7.062166|   -0.187394|    0.001070|
|        7672|    0.002126|  2.6413e-03|  -11.130630|   -7.067328|   -0.187394|    0.001070|
|        7673|    0.002088|  2.6413e-03|  -11.130264|   -6.852066|   -0.187394|    0.001070|
|        7674|    0.002033|  2.6412e-03|  -11.133027|   -7.028340|   -0.187394|    0.001070|
|        7675|    0.002218|  2.6411e-03|  -11.134799|   -7.037338|   -0.187394|    0.001070|
|        7676|    0.002147|  2.6411e-03|  -11.136058|   -7.062462|   -0.187394|    0.001070|
|        7677|    0.003031|  2.6411e-03|  -11.137079|   -7.077252|   -0.187394|    0.001070|
|        7678|    0.002869|  2.6412e-03|  -11.138043|   -7.076521|   -0.187394|    0.001070|
|        7679|    0.002928|  2.6412e-03|  -11.139038|   -7.071209|   -0.187394|    0.001070|
|        7680|    0.002015|  2.6411e-03|  -11.138786|   -6.860206|   -0.187394|    0.001070|
|        7681|    0.002446|  2.6411e-03|  -11.141579|   -7.044795|   -0.187394|    0.001070|
|        7682|    0.002246|  2.6410e-03|  -11.143350|   -7.056767|   -0.187394|    0.001070|
|        7683|    0.002957|  2.6411e-03|  -11.144591|   -7.081480|   -0.187394|    0.001070|
|        7684|    0.003335|  2.6412e-03|  -11.145598|   -7.094167|   -0.187394|    0.001070|
|        7685|    0.003143|  2.6412e-03|  -11.146556|   -7.091067|   -0.187394|    0.001070|
|        7686|    0.002924|  2.6413e-03|  -11.147552|   -7.084031|   -0.187394|    0.001070|
|        7687|    0.002378|  2.6412e-03|  -11.148599|   -7.081384|   -0.187394|    0.001070|
|        7688|    0.002149|  2.6412e-03|  -11.149674|   -7.084239|   -0.187394|    0.001070|
|        7689|    0.002160|  2.6411e-03|  -11.150750|   -7.089636|   -0.187394|    0.001070|
|        7690|    0.002207|  2.6411e-03|  -11.151812|   -7.095008|   -0.187394|    0.001070|
|        7691|    0.002753|  2.6411e-03|  -11.152863|   -7.098762|   -0.187394|    0.001070|
|        7692|    0.002149|  2.6410e-03|  -11.153910|   -7.101014|   -0.187394|    0.001070|
|        7693|    0.002075|  2.6409e-03|  -11.154960|   -7.102335|   -0.187394|    0.001070|
|        7694|    0.002233|  2.6409e-03|  -11.156012|   -7.103338|   -0.187394|    0.001070|
|        7695|    0.002045|  2.6408e-03|  -11.157068|   -7.104692|   -0.187394|    0.001070|
|        7696|    0.002851|  2.6408e-03|  -11.158122|   -7.106127|   -0.187394|    0.001070|
|        7697|    0.002189|  2.6408e-03|  -11.159175|   -7.107433|   -0.187394|    0.001070|
|        7698|    0.003394|  2.6409e-03|  -11.160227|   -7.108807|   -0.187394|    0.001070|
|        7699|    0.002886|  2.6409e-03|  -11.161278|   -7.109736|   -0.187394|    0.001070|
|        7700|    0.002716|  2.6409e-03|  -11.162329|   -7.110694|   -0.187394|    0.001070|
|        7701|    0.002132|  2.6408e-03|  -11.163380|   -7.111493|   -0.187394|    0.001070|
|        7702|    0.002284|  2.6408e-03|  -11.164431|   -7.112136|   -0.187394|    0.001070|
|        7703|    0.002089|  2.6407e-03|  -11.165482|   -7.112940|   -0.187394|    0.001070|
|        7704|    0.002055|  2.6406e-03|  -11.166532|   -7.113507|   -0.187394|    0.001070|
|        7705|    0.003187|  2.6407e-03|  -11.167584|   -7.114188|   -0.187394|    0.001070|
|        7706|    0.002188|  2.6407e-03|  -11.168635|   -7.115106|   -0.187394|    0.001070|
|        7707|    0.002276|  2.6406e-03|  -11.169685|   -7.115914|   -0.187394|    0.001070|
|        7708|    0.002182|  2.6406e-03|  -11.170736|   -7.116620|   -0.187394|    0.001070|
|        7709|    0.002247|  2.6405e-03|  -11.171786|   -7.117412|   -0.187394|    0.001070|
|        7710|    0.002154|  2.6404e-03|  -11.172836|   -7.118239|   -0.187394|    0.001070|
|        7711|    0.003542|  2.6406e-03|  -11.173887|   -7.119431|   -0.187394|    0.001070|
|        7712|    0.003354|  2.6406e-03|  -11.174937|   -7.120451|   -0.187394|    0.001070|
|        7713|    0.003098|  2.6407e-03|  -11.175987|   -7.121523|   -0.187394|    0.001070|
|        7714|    0.002584|  2.6407e-03|  -11.177037|   -7.122385|   -0.187394|    0.001070|
|        7715|    0.003393|  2.6408e-03|  -11.178088|   -7.123754|   -0.187394|    0.001070|
|        7716|    0.002931|  2.6408e-03|  -11.179138|   -7.124821|   -0.187394|    0.001070|
|        7717|    0.002796|  2.6409e-03|  -11.180187|   -7.126027|   -0.187394|    0.001070|
|        7718|    0.003040|  2.6409e-03|  -11.181237|   -7.127394|   -0.187394|    0.001070|
|        7719|    0.002079|  2.6408e-03|  -11.182287|   -7.128576|   -0.187394|    0.001070|
|        7720|    0.002085|  2.6408e-03|  -11.183336|   -7.129829|   -0.187394|    0.001070|
|        7721|    0.001975|  2.6407e-03|  -11.184386|   -7.131073|   -0.187394|    0.001070|
|        7722|    0.002090|  2.6406e-03|  -11.185435|   -7.132225|   -0.187394|    0.001070|
|        7723|    0.003336|  2.6407e-03|  -11.186483|   -7.133667|   -0.187394|    0.001070|
|        7724|    0.003165|  2.6408e-03|  -11.187532|   -7.134814|   -0.187394|    0.001070|
|        7725|    0.003154|  2.6408e-03|  -11.188581|   -7.136146|   -0.187394|    0.001070|
|        7726|    0.002605|  2.6408e-03|  -11.189630|   -7.137300|   -0.187394|    0.001070|
|        7727|    0.002017|  2.6407e-03|  -11.190677|   -7.138539|   -0.187394|    0.001070|
|        7728|    0.002105|  2.6407e-03|  -11.191725|   -7.139642|   -0.187394|    0.001070|
|        7729|    0.002047|  2.6406e-03|  -11.192773|   -7.140832|   -0.187394|    0.001070|
|        7730|    0.003216|  2.6407e-03|  -11.193821|   -7.142059|   -0.187394|    0.001070|
|        7731|    0.003427|  2.6408e-03|  -11.194868|   -7.143260|   -0.187394|    0.001070|
|        7732|    0.002149|  2.6407e-03|  -11.195915|   -7.144298|   -0.187394|    0.001070|
|        7733|    0.002047|  2.6406e-03|  -11.196962|   -7.145427|   -0.187394|    0.001070|
|        7734|    0.002299|  2.6406e-03|  -11.198009|   -7.146885|   -0.187394|    0.001070|
|        7735|    0.003702|  2.6407e-03|  -11.199055|   -7.147528|   -0.187394|    0.001070|
|        7736|    0.003528|  2.6408e-03|  -11.200102|   -7.148906|   -0.187394|    0.001070|
|        7737|    0.002926|  2.6409e-03|  -11.201148|   -7.149953|   -0.187394|    0.001070|
|        7738|    0.003355|  2.6410e-03|  -11.202193|   -7.151011|   -0.187394|    0.001070|
|        7739|    0.002533|  2.6410e-03|  -11.203240|   -7.152184|   -0.187394|    0.001070|
|        7740|    0.004029|  2.6411e-03|  -11.203169|   -6.941998|   -0.187394|    0.001070|
|        7741|    0.003710|  2.6413e-03|  -11.205766|   -7.123809|   -0.187394|    0.001070|
|        7742|    0.003553|  2.6414e-03|  -11.206374|   -6.932845|   -0.187394|    0.001070|
|        7743|    0.002277|  2.6413e-03|  -11.209068|   -7.126876|   -0.187394|    0.001070|
|        7744|    0.002256|  2.6413e-03|  -11.209602|   -6.935850|   -0.187394|    0.001070|
|        7745|    0.002924|  2.6413e-03|  -11.212241|   -7.120888|   -0.187394|    0.001070|
|        7746|    0.002455|  2.6413e-03|  -11.212741|   -6.927555|   -0.187394|    0.001070|
|        7747|    0.003340|  2.6414e-03|  -11.215412|   -7.112999|   -0.187394|    0.001070|
|        7748|    0.002668|  2.6414e-03|  -11.217042|   -7.119644|   -0.187394|    0.001070|
|        7749|    0.002966|  2.6414e-03|  -11.218207|   -7.136215|   -0.187394|    0.001070|
|        7750|    0.002187|  2.6414e-03|  -11.219197|   -7.144285|   -0.187394|    0.001070|
+-----------------------------------------------------------------------+
|        File Writing Summary       |              Filename             |
+-----------------------------------------------------------------------+
|SU2 binary restart                 |restart_flow.dat                   |
|Paraview                           |flow.vtu                           |
|Paraview surface                   |surface_flow.vtu                   |
+-----------------------------------------------------------------------+
+------------------------------------------------------------------------------------------+
|  Inner_Iter|   Time(sec)|   Time(sec)|    rms[Rho]|   rms[RhoE]|          CL|          CD|
+------------------------------------------------------------------------------------------+
|        7751|    0.013310|  2.6428e-03|  -11.220165|   -7.142667|   -0.187394|    0.001070|
|        7752|    0.002434|  2.6427e-03|  -11.220026|   -6.935308|   -0.187394|    0.001070|
|        7753|    0.002047|  2.6427e-03|  -11.222660|   -7.117294|   -0.187394|    0.001070|
|        7754|    0.002941|  2.6427e-03|  -11.223268|   -6.936823|   -0.187394|    0.001070|
|        7755|    0.002519|  2.6427e-03|  -11.225975|   -7.133766|   -0.187394|    0.001070|
|        7756|    0.002752|  2.6427e-03|  -11.227605|   -7.144861|   -0.187394|    0.001070|
|        7757|    0.002224|  2.6426e-03|  -11.228752|   -7.162016|   -0.187394|    0.001070|
|        7758|    0.002028|  2.6426e-03|  -11.229726|   -7.169019|   -0.187394|    0.001070|
|        7759|    0.002243|  2.6425e-03|  -11.230688|   -7.165948|   -0.187394|    0.001070|
|        7760|    0.002281|  2.6425e-03|  -11.230589|   -6.955379|   -0.187394|    0.001070|
|        7761|    0.002599|  2.6425e-03|  -11.233185|   -7.139378|   -0.187394|    0.001070|
|        7762|    0.002245|  2.6424e-03|  -11.233819|   -6.956597|   -0.187394|    0.001070|
|        7763|    0.002035|  2.6423e-03|  -11.236480|   -7.154603|   -0.187394|    0.001070|
|        7764|    0.002128|  2.6423e-03|  -11.238095|   -7.164580|   -0.187394|    0.001070|
|        7765|    0.002146|  2.6422e-03|  -11.239236|   -7.180606|   -0.187394|    0.001070|
|        7766|    0.002078|  2.6421e-03|  -11.240206|   -7.185899|   -0.187394|    0.001070|
|        7767|    0.002022|  2.6420e-03|  -11.241163|   -7.181554|   -0.187394|    0.001070|
|        7768|    0.002221|  2.6420e-03|  -11.241083|   -6.967863|   -0.187394|    0.001070|
|        7769|    0.002008|  2.6419e-03|  -11.243648|   -7.151365|   -0.187394|    0.001070|
|        7770|    0.002101|  2.6418e-03|  -11.244288|   -6.967297|   -0.187394|    0.001070|
|        7771|    0.002957|  2.6419e-03|  -11.246923|   -7.164129|   -0.187394|    0.001070|
|        7772|    0.002980|  2.6419e-03|  -11.248525|   -7.173934|   -0.187394|    0.001070|
|        7773|    0.002257|  2.6419e-03|  -11.249663|   -7.189102|   -0.187394|    0.001070|
|        7774|    0.002164|  2.6418e-03|  -11.250631|   -7.193597|   -0.187394|    0.001070|
|        7775|    0.002042|  2.6417e-03|  -11.250513|   -6.979082|   -0.187394|    0.001070|
|        7776|    0.002482|  2.6417e-03|  -11.253023|   -7.155787|   -0.187394|    0.001070|
|        7777|    0.003114|  2.6418e-03|  -11.254673|   -7.166084|   -0.187394|    0.001070|
|        7778|    0.002210|  2.6417e-03|  -11.255884|   -7.189990|   -0.187394|    0.001070|
|        7779|    0.002885|  2.6417e-03|  -11.256889|   -7.203864|   -0.187394|    0.001070|
|        7780|    0.002087|  2.6417e-03|  -11.257839|   -7.203025|   -0.187394|    0.001070|
|        7781|    0.002091|  2.6416e-03|  -11.258814|   -7.197997|   -0.187394|    0.001070|
|        7782|    0.003037|  2.6417e-03|  -11.258798|   -6.987799|   -0.187394|    0.001070|
|        7783|    0.002103|  2.6416e-03|  -11.261328|   -7.172772|   -0.187394|    0.001070|
|        7784|    0.002926|  2.6416e-03|  -11.262973|   -7.185681|   -0.187394|    0.001070|
|        7785|    0.002065|  2.6416e-03|  -11.264167|   -7.209343|   -0.187394|    0.001070|
|        7786|    0.002801|  2.6416e-03|  -11.265157|   -7.220791|   -0.187394|    0.001070|
|        7787|    0.003017|  2.6416e-03|  -11.266102|   -7.217917|   -0.187394|    0.001070|
|        7788|    0.002342|  2.6416e-03|  -11.267076|   -7.211319|   -0.187394|    0.001070|
|        7789|    0.002840|  2.6416e-03|  -11.268092|   -7.208847|   -0.187394|    0.001070|
|        7790|    0.002521|  2.6416e-03|  -11.269133|   -7.211633|   -0.187394|    0.001070|
|        7791|    0.002486|  2.6416e-03|  -11.270175|   -7.217265|   -0.187394|    0.001070|
|        7792|    0.002319|  2.6415e-03|  -11.271205|   -7.222624|   -0.187394|    0.001070|
|        7793|    0.003077|  2.6416e-03|  -11.272226|   -7.226474|   -0.187394|    0.001070|
|        7794|    0.002202|  2.6415e-03|  -11.273242|   -7.228422|   -0.187394|    0.001070|
|        7795|    0.002118|  2.6415e-03|  -11.274261|   -7.229650|   -0.187394|    0.001070|
|        7796|    0.002059|  2.6414e-03|  -11.275283|   -7.231121|   -0.187394|    0.001070|
|        7797|    0.002123|  2.6413e-03|  -11.276305|   -7.232295|   -0.187394|    0.001070|
|        7798|    0.002026|  2.6412e-03|  -11.277327|   -7.233737|   -0.187394|    0.001070|
|        7799|    0.002333|  2.6412e-03|  -11.278347|   -7.234969|   -0.187394|    0.001070|
|        7800|    0.002147|  2.6411e-03|  -11.279368|   -7.236689|   -0.187394|    0.001070|
|        7801|    0.002183|  2.6411e-03|  -11.280385|   -7.237412|   -0.187394|    0.001070|
|        7802|    0.002112|  2.6410e-03|  -11.281404|   -7.238331|   -0.187394|    0.001070|
|        7803|    0.002958|  2.6411e-03|  -11.282422|   -7.239089|   -0.187394|    0.001070|
|        7804|    0.003873|  2.6412e-03|  -11.283439|   -7.239776|   -0.187394|    0.001070|
|        7805|    0.003312|  2.6413e-03|  -11.284456|   -7.240460|   -0.187394|    0.001070|
|        7806|    0.002300|  2.6413e-03|  -11.285473|   -7.241190|   -0.187394|    0.001070|
|        7807|    0.002158|  2.6412e-03|  -11.286490|   -7.241805|   -0.187394|    0.001070|
|        7808|    0.002137|  2.6411e-03|  -11.287507|   -7.242720|   -0.187394|    0.001070|
|        7809|    0.002031|  2.6410e-03|  -11.288522|   -7.243452|   -0.187394|    0.001070|
|        7810|    0.002513|  2.6410e-03|  -11.289539|   -7.244280|   -0.187394|    0.001070|
|        7811|    0.002340|  2.6410e-03|  -11.290554|   -7.245062|   -0.187394|    0.001070|
|        7812|    0.003405|  2.6411e-03|  -11.291570|   -7.246297|   -0.187394|    0.001070|
|        7813|    0.003117|  2.6412e-03|  -11.292585|   -7.247030|   -0.187394|    0.001070|
|        7814|    0.004018|  2.6413e-03|  -11.293600|   -7.248246|   -0.187394|    0.001070|
|        7815|    0.002497|  2.6413e-03|  -11.294614|   -7.249136|   -0.187394|    0.001070|
|        7816|    0.003708|  2.6414e-03|  -11.295629|   -7.250333|   -0.187394|    0.001070|
|        7817|    0.002687|  2.6415e-03|  -11.296643|   -7.251443|   -0.187394|    0.001070|
|        7818|    0.002676|  2.6415e-03|  -11.297657|   -7.252825|   -0.187394|    0.001070|
|        7819|    0.004686|  2.6417e-03|  -11.298670|   -7.253937|   -0.187394|    0.001070|
|        7820|    0.003607|  2.6418e-03|  -11.299684|   -7.255269|   -0.187394|    0.001070|
|        7821|    0.003458|  2.6419e-03|  -11.300696|   -7.256475|   -0.187394|    0.001070|
|        7822|    0.002182|  2.6419e-03|  -11.301709|   -7.257773|   -0.187394|    0.001070|
|        7823|    0.002097|  2.6418e-03|  -11.302720|   -7.259036|   -0.187394|    0.001070|
|        7824|    0.002083|  2.6417e-03|  -11.303733|   -7.260555|   -0.187394|    0.001070|
|        7825|    0.002264|  2.6417e-03|  -11.304744|   -7.261610|   -0.187394|    0.001070|
|        7826|    0.002066|  2.6416e-03|  -11.305755|   -7.262937|   -0.187394|    0.001070|
|        7827|    0.002689|  2.6416e-03|  -11.306765|   -7.264115|   -0.187394|    0.001070|
|        7828|    0.003372|  2.6417e-03|  -11.307776|   -7.265479|   -0.187394|    0.001070|
|        7829|    0.003182|  2.6418e-03|  -11.308785|   -7.266756|   -0.187394|    0.001070|
|        7830|    0.003394|  2.6419e-03|  -11.309794|   -7.267776|   -0.187394|    0.001070|
|        7831|    0.003755|  2.6420e-03|  -11.310804|   -7.269177|   -0.187394|    0.001070|
|        7832|    0.003796|  2.6422e-03|  -11.311812|   -7.270261|   -0.187394|    0.001070|
|        7833|    0.003362|  2.6423e-03|  -11.312820|   -7.271446|   -0.187394|    0.001070|
|        7834|    0.002250|  2.6422e-03|  -11.313827|   -7.272743|   -0.187394|    0.001070|
|        7835|    0.002777|  2.6422e-03|  -11.314836|   -7.273906|   -0.187394|    0.001070|
|        7836|    0.002443|  2.6422e-03|  -11.315842|   -7.274924|   -0.187394|    0.001070|
|        7837|    0.002079|  2.6421e-03|  -11.316849|   -7.275898|   -0.187394|    0.001070|
|        7838|    0.002021|  2.6421e-03|  -11.317855|   -7.277355|   -0.187394|    0.001070|
|        7839|    0.002141|  2.6420e-03|  -11.318861|   -7.278417|   -0.187394|    0.001070|
|        7840|    0.002088|  2.6419e-03|  -11.319866|   -7.279730|   -0.187394|    0.001070|
|        7841|    0.002874|  2.6420e-03|  -11.320871|   -7.280703|   -0.187394|    0.001070|
|        7842|    0.003047|  2.6420e-03|  -11.321056|   -7.070951|   -0.187394|    0.001070|
|        7843|    0.002307|  2.6420e-03|  -11.323349|   -7.253139|   -0.187394|    0.001070|
|        7844|    0.002074|  2.6419e-03|  -11.324110|   -7.063186|   -0.187394|    0.001070|
|        7845|    0.002799|  2.6419e-03|  -11.326485|   -7.256066|   -0.187394|    0.001070|
|        7846|    0.002096|  2.6418e-03|  -11.327189|   -7.065653|   -0.187394|    0.001070|
|        7847|    0.002508|  2.6418e-03|  -11.329518|   -7.249733|   -0.187394|    0.001070|
|        7848|    0.002328|  2.6418e-03|  -11.330191|   -7.057431|   -0.187394|    0.001070|
|        7849|    0.002130|  2.6417e-03|  -11.332546|   -7.242068|   -0.187394|    0.001070|
|        7850|    0.001988|  2.6416e-03|  -11.334037|   -7.249743|   -0.187394|    0.001070|
|        7851|    0.002020|  2.6416e-03|  -11.335149|   -7.264941|   -0.187394|    0.001070|
|        7852|    0.002293|  2.6415e-03|  -11.336112|   -7.272570|   -0.187394|    0.001070|
|        7853|    0.002229|  2.6415e-03|  -11.337051|   -7.271012|   -0.187394|    0.001070|
|        7854|    0.002107|  2.6414e-03|  -11.337185|   -7.064562|   -0.187394|    0.001070|
|        7855|    0.002689|  2.6414e-03|  -11.339498|   -7.247031|   -0.187394|    0.001070|
|        7856|    0.002141|  2.6413e-03|  -11.340265|   -7.067820|   -0.187394|    0.001070|
|        7857|    0.003048|  2.6414e-03|  -11.342638|   -7.263629|   -0.187394|    0.001070|
|        7858|    0.002739|  2.6414e-03|  -11.344125|   -7.275303|   -0.187394|    0.001070|
|        7859|    0.002584|  2.6414e-03|  -11.345222|   -7.291556|   -0.187394|    0.001070|
|        7860|    0.002075|  2.6413e-03|  -11.346169|   -7.297632|   -0.187394|    0.001070|
|        7861|    0.003169|  2.6414e-03|  -11.347102|   -7.294903|   -0.187394|    0.001070|
|        7862|    0.002525|  2.6414e-03|  -11.347280|   -7.085709|   -0.187394|    0.001070|
|        7863|    0.002021|  2.6413e-03|  -11.349546|   -7.269910|   -0.187394|    0.001070|
|        7864|    0.003222|  2.6414e-03|  -11.350339|   -7.088204|   -0.187394|    0.001070|
|        7865|    0.002703|  2.6414e-03|  -11.352660|   -7.284896|   -0.187394|    0.001070|
|        7866|    0.002084|  2.6413e-03|  -11.354129|   -7.295758|   -0.187394|    0.001070|
|        7867|    0.002376|  2.6413e-03|  -11.355217|   -7.310521|   -0.187394|    0.001070|
|        7868|    0.002407|  2.6412e-03|  -11.356159|   -7.315064|   -0.187394|    0.001070|
|        7869|    0.002086|  2.6412e-03|  -11.357086|   -7.310831|   -0.187394|    0.001070|
|        7870|    0.003244|  2.6412e-03|  -11.357285|   -7.098370|   -0.187394|    0.001070|
|        7871|    0.003014|  2.6413e-03|  -11.359514|   -7.282250|   -0.187394|    0.001070|
|        7872|    0.002024|  2.6412e-03|  -11.360316|   -7.098998|   -0.187394|    0.001070|
|        7873|    0.002175|  2.6412e-03|  -11.362602|   -7.294781|   -0.187394|    0.001070|
|        7874|    0.002839|  2.6412e-03|  -11.364058|   -7.305325|   -0.187394|    0.001070|
|        7875|    0.002167|  2.6411e-03|  -11.365138|   -7.318789|   -0.187394|    0.001070|
|        7876|    0.002015|  2.6410e-03|  -11.366077|   -7.323034|   -0.187394|    0.001070|
|        7877|    0.002084|  2.6410e-03|  -11.366255|   -7.109064|   -0.187394|    0.001070|
|        7878|    0.002190|  2.6409e-03|  -11.368430|   -7.286929|   -0.187394|    0.001070|
|        7879|    0.002224|  2.6409e-03|  -11.369914|   -7.297804|   -0.187394|    0.001070|
|        7880|    0.002190|  2.6408e-03|  -11.371053|   -7.320852|   -0.187394|    0.001070|
|        7881|    0.003479|  2.6409e-03|  -11.372019|   -7.333050|   -0.187394|    0.001070|
|        7882|    0.002894|  2.6409e-03|  -11.372939|   -7.332402|   -0.187394|    0.001070|
|        7883|    0.002137|  2.6409e-03|  -11.373875|   -7.327679|   -0.187394|    0.001070|
|        7884|    0.003076|  2.6409e-03|  -11.374142|   -7.118796|   -0.187394|    0.001070|
|        7885|    0.002146|  2.6409e-03|  -11.376321|   -7.304131|   -0.187394|    0.001070|
|        7886|    0.002894|  2.6409e-03|  -11.377799|   -7.317906|   -0.187394|    0.001070|
|        7887|    0.002404|  2.6409e-03|  -11.378921|   -7.340113|   -0.187394|    0.001070|
|        7888|    0.002165|  2.6408e-03|  -11.379875|   -7.350789|   -0.187394|    0.001070|
|        7889|    0.002110|  2.6407e-03|  -11.380787|   -7.347526|   -0.187394|    0.001070|
|        7890|    0.003145|  2.6408e-03|  -11.381718|   -7.341136|   -0.187394|    0.001070|
|        7891|    0.002597|  2.6408e-03|  -11.382686|   -7.339299|   -0.187394|    0.001070|
|        7892|    0.002231|  2.6408e-03|  -11.383673|   -7.342535|   -0.187394|    0.001070|
|        7893|    0.003312|  2.6408e-03|  -11.384660|   -7.347990|   -0.187394|    0.001070|
|        7894|    0.002315|  2.6408e-03|  -11.385637|   -7.353022|   -0.187394|    0.001070|
|        7895|    0.003118|  2.6409e-03|  -11.386607|   -7.356358|   -0.187394|    0.001070|
|        7896|    0.002690|  2.6409e-03|  -11.387574|   -7.359014|   -0.187394|    0.001070|
|        7897|    0.002884|  2.6409e-03|  -11.388540|   -7.360412|   -0.187394|    0.001070|
|        7898|    0.002859|  2.6409e-03|  -11.389509|   -7.361593|   -0.187394|    0.001070|
|        7899|    0.002299|  2.6409e-03|  -11.390480|   -7.363027|   -0.187394|    0.001070|
|        7900|    0.002941|  2.6409e-03|  -11.391449|   -7.364115|   -0.187394|    0.001070|
|        7901|    0.002934|  2.6410e-03|  -11.392417|   -7.365665|   -0.187394|    0.001070|
|        7902|    0.002849|  2.6410e-03|  -11.393382|   -7.367114|   -0.187394|    0.001070|
|        7903|    0.002468|  2.6410e-03|  -11.394348|   -7.368176|   -0.187394|    0.001070|
|        7904|    0.002482|  2.6409e-03|  -11.395313|   -7.368790|   -0.187394|    0.001070|
|        7905|    0.004129|  2.6411e-03|  -11.396275|   -7.369456|   -0.187394|    0.001070|
|        7906|    0.004090|  2.6413e-03|  -11.397239|   -7.370269|   -0.187394|    0.001070|
|        7907|    0.002299|  2.6413e-03|  -11.398203|   -7.371137|   -0.187394|    0.001070|
|        7908|    0.003090|  2.6413e-03|  -11.399166|   -7.371698|   -0.187394|    0.001070|
|        7909|    0.002773|  2.6413e-03|  -11.400127|   -7.372470|   -0.187394|    0.001070|
|        7910|    0.003413|  2.6414e-03|  -11.401089|   -7.373337|   -0.187394|    0.001070|
|        7911|    0.002681|  2.6414e-03|  -11.402050|   -7.373842|   -0.187394|    0.001070|
|        7912|    0.003847|  2.6416e-03|  -11.403011|   -7.374761|   -0.187394|    0.001070|
|        7913|    0.003495|  2.6417e-03|  -11.403971|   -7.375685|   -0.187394|    0.001070|
|        7914|    0.003296|  2.6418e-03|  -11.404931|   -7.376710|   -0.187394|    0.001070|
|        7915|    0.003524|  2.6419e-03|  -11.405889|   -7.377411|   -0.187394|    0.001070|
|        7916|    0.003549|  2.6420e-03|  -11.406849|   -7.378939|   -0.187394|    0.001070|
|        7917|    0.002898|  2.6420e-03|  -11.407807|   -7.379932|   -0.187394|    0.001070|
|        7918|    0.003633|  2.6422e-03|  -11.408764|   -7.380883|   -0.187394|    0.001070|
|        7919|    0.003077|  2.6422e-03|  -11.409722|   -7.382428|   -0.187394|    0.001070|
|        7920|    0.002355|  2.6422e-03|  -11.410680|   -7.383231|   -0.187394|    0.001070|
|        7921|    0.003261|  2.6423e-03|  -11.411635|   -7.384769|   -0.187394|    0.001070|
|        7922|    0.002648|  2.6423e-03|  -11.412591|   -7.385934|   -0.187394|    0.001070|
|        7923|    0.003116|  2.6423e-03|  -11.413546|   -7.387234|   -0.187394|    0.001070|
|        7924|    0.002588|  2.6423e-03|  -11.414501|   -7.388661|   -0.187394|    0.001070|
|        7925|    0.002114|  2.6423e-03|  -11.415455|   -7.389898|   -0.187394|    0.001070|
|        7926|    0.002117|  2.6422e-03|  -11.416408|   -7.391301|   -0.187394|    0.001070|
|        7927|    0.002276|  2.6421e-03|  -11.417360|   -7.392580|   -0.187394|    0.001070|
|        7928|    0.003465|  2.6422e-03|  -11.418313|   -7.393894|   -0.187394|    0.001070|
|        7929|    0.002832|  2.6423e-03|  -11.419264|   -7.395200|   -0.187394|    0.001070|
|        7930|    0.003771|  2.6424e-03|  -11.420216|   -7.396475|   -0.187394|    0.001070|
|        7931|    0.002467|  2.6424e-03|  -11.421166|   -7.398076|   -0.187394|    0.001070|
|        7932|    0.002979|  2.6424e-03|  -11.422115|   -7.398537|   -0.187394|    0.001070|
|        7933|    0.002492|  2.6424e-03|  -11.423065|   -7.400432|   -0.187394|    0.001070|
|        7934|    0.003231|  2.6425e-03|  -11.424014|   -7.401403|   -0.187394|    0.001070|
|        7935|    0.002356|  2.6424e-03|  -11.424961|   -7.402711|   -0.187394|    0.001070|
|        7936|    0.002696|  2.6425e-03|  -11.425909|   -7.403640|   -0.187394|    0.001070|
|        7937|    0.003456|  2.6426e-03|  -11.426856|   -7.405352|   -0.187394|    0.001070|
|        7938|    0.002987|  2.6426e-03|  -11.427801|   -7.406055|   -0.187394|    0.001070|
|        7939|    0.002337|  2.6426e-03|  -11.428748|   -7.407514|   -0.187394|    0.001070|
|        7940|    0.003040|  2.6426e-03|  -11.429692|   -7.408426|   -0.187394|    0.001070|
|        7941|    0.002683|  2.6426e-03|  -11.430637|   -7.409524|   -0.187394|    0.001070|
|        7942|    0.003049|  2.6427e-03|  -11.431580|   -7.410793|   -0.187394|    0.001070|
|        7943|    0.002124|  2.6426e-03|  -11.432523|   -7.411997|   -0.187394|    0.001070|
|        7944|    0.003061|  2.6427e-03|  -11.432996|   -7.203561|   -0.187394|    0.001070|
|        7945|    0.002869|  2.6427e-03|  -11.434908|   -7.385460|   -0.187394|    0.001070|
|        7946|    0.002568|  2.6427e-03|  -11.435833|   -7.197102|   -0.187394|    0.001070|
|        7947|    0.002039|  2.6426e-03|  -11.437812|   -7.388504|   -0.187394|    0.001070|
|        7948|    0.002912|  2.6426e-03|  -11.438697|   -7.198796|   -0.187394|    0.001070|
|        7949|    0.002758|  2.6426e-03|  -11.440638|   -7.382107|   -0.187394|    0.001070|
|        7950|    0.002320|  2.6426e-03|  -11.441498|   -7.190633|   -0.187394|    0.001070|
|        7951|    0.002124|  2.6425e-03|  -11.443458|   -7.374325|   -0.187394|    0.001070|
|        7952|    0.002044|  2.6425e-03|  -11.444775|   -7.383061|   -0.187394|    0.001070|
|        7953|    0.002083|  2.6424e-03|  -11.445808|   -7.396952|   -0.187394|    0.001070|
|        7954|    0.002009|  2.6423e-03|  -11.446722|   -7.403453|   -0.187394|    0.001070|
|        7955|    0.002061|  2.6422e-03|  -11.447613|   -7.402026|   -0.187394|    0.001070|
|        7956|    0.002092|  2.6422e-03|  -11.448051|   -7.197203|   -0.187394|    0.001070|
|        7957|    0.003796|  2.6423e-03|  -11.449967|   -7.380104|   -0.187394|    0.001070|
|        7958|    0.002183|  2.6423e-03|  -11.450902|   -7.202187|   -0.187394|    0.001070|
|        7959|    0.002343|  2.6422e-03|  -11.452864|   -7.396523|   -0.187394|    0.001070|
|        7960|    0.002139|  2.6422e-03|  -11.454176|   -7.409591|   -0.187394|    0.001070|
|        7961|    0.002585|  2.6422e-03|  -11.455194|   -7.423836|   -0.187394|    0.001070|
|        7962|    0.002391|  2.6421e-03|  -11.456093|   -7.429327|   -0.187394|    0.001070|
|        7963|    0.002211|  2.6421e-03|  -11.456977|   -7.426833|   -0.187394|    0.001070|
|        7964|    0.002221|  2.6420e-03|  -11.457460|   -7.219237|   -0.187394|    0.001070|
|        7965|    0.002280|  2.6420e-03|  -11.459323|   -7.403824|   -0.187394|    0.001070|
|        7966|    0.002374|  2.6419e-03|  -11.460286|   -7.223361|   -0.187394|    0.001070|
|        7967|    0.002180|  2.6419e-03|  -11.462189|   -7.418338|   -0.187394|    0.001070|
|        7968|    0.002408|  2.6418e-03|  -11.463481|   -7.430575|   -0.187394|    0.001070|
|        7969|    0.002086|  2.6418e-03|  -11.464489|   -7.443242|   -0.187394|    0.001070|
|        7970|    0.002360|  2.6417e-03|  -11.465382|   -7.447271|   -0.187394|    0.001070|
|        7971|    0.002080|  2.6417e-03|  -11.466256|   -7.442854|   -0.187394|    0.001070|
|        7972|    0.002295|  2.6416e-03|  -11.466765|   -7.232354|   -0.187394|    0.001070|
|        7973|    0.002938|  2.6417e-03|  -11.468586|   -7.416324|   -0.187394|    0.001070|
|        7974|    0.002075|  2.6416e-03|  -11.469558|   -7.234541|   -0.187394|    0.001070|
|        7975|    0.002121|  2.6415e-03|  -11.471424|   -7.428282|   -0.187394|    0.001070|
|        7976|    0.002024|  2.6415e-03|  -11.472696|   -7.439463|   -0.187394|    0.001070|
|        7977|    0.002179|  2.6414e-03|  -11.473696|   -7.451743|   -0.187394|    0.001070|
|        7978|    0.002044|  2.6413e-03|  -11.474584|   -7.455325|   -0.187394|    0.001070|
|        7979|    0.002102|  2.6413e-03|  -11.475084|   -7.242655|   -0.187394|    0.001070|
|        7980|    0.003298|  2.6413e-03|  -11.476851|   -7.420621|   -0.187394|    0.001070|
|        7981|    0.003081|  2.6414e-03|  -11.478139|   -7.433431|   -0.187394|    0.001070|
|        7982|    0.002103|  2.6413e-03|  -11.479180|   -7.453992|   -0.187394|    0.001070|
|        7983|    0.001997|  2.6412e-03|  -11.480089|   -7.465452|   -0.187394|    0.001070|
|        7984|    0.003014|  2.6413e-03|  -11.480956|   -7.464600|   -0.187394|    0.001070|
|        7985|    0.002064|  2.6412e-03|  -11.481834|   -7.460348|   -0.187394|    0.001070|
|        7986|    0.002056|  2.6411e-03|  -11.482402|   -7.253128|   -0.187394|    0.001070|
|        7987|    0.002565|  2.6411e-03|  -11.484167|   -7.438346|   -0.187394|    0.001070|
|        7988|    0.003033|  2.6412e-03|  -11.485444|   -7.453519|   -0.187394|    0.001070|
|        7989|    0.002021|  2.6411e-03|  -11.486471|   -7.473685|   -0.187394|    0.001070|
|        7990|    0.002600|  2.6411e-03|  -11.487366|   -7.482902|   -0.187394|    0.001070|
|        7991|    0.003237|  2.6412e-03|  -11.488225|   -7.480031|   -0.187394|    0.001070|
|        7992|    0.002236|  2.6411e-03|  -11.489096|   -7.474530|   -0.187394|    0.001070|
|        7993|    0.002124|  2.6411e-03|  -11.489993|   -7.472850|   -0.187394|    0.001070|
|        7994|    0.002979|  2.6411e-03|  -11.490905|   -7.476024|   -0.187394|    0.001070|
|        7995|    0.002611|  2.6411e-03|  -11.491819|   -7.481033|   -0.187394|    0.001070|
|        7996|    0.002222|  2.6410e-03|  -11.492725|   -7.486454|   -0.187394|    0.001070|
|        7997|    0.002019|  2.6410e-03|  -11.493622|   -7.489761|   -0.187394|    0.001070|
|        7998|    0.002092|  2.6409e-03|  -11.494519|   -7.492043|   -0.187394|    0.001070|
|        7999|    0.002085|  2.6408e-03|  -11.495414|   -7.493633|   -0.187394|    0.001070|
|        8000|    0.002119|  2.6408e-03|  -11.496310|   -7.494973|   -0.187394|    0.001070|
+-----------------------------------------------------------------------+
|        File Writing Summary       |              Filename             |
+-----------------------------------------------------------------------+
|SU2 binary restart                 |restart_flow.dat                   |
|Paraview                           |flow.vtu                           |
|Paraview surface                   |surface_flow.vtu                   |
+-----------------------------------------------------------------------+
+------------------------------------------------------------------------------------------+
|  Inner_Iter|   Time(sec)|   Time(sec)|    rms[Rho]|   rms[RhoE]|          CL|          CD|
+------------------------------------------------------------------------------------------+
|        8001|    0.009731|  2.6416e-03|  -11.497208|   -7.496504|   -0.187394|    0.001070|
|        8002|    0.002489|  2.6416e-03|  -11.498105|   -7.497600|   -0.187394|    0.001070|
|        8003|    0.002306|  2.6416e-03|  -11.499000|   -7.498840|   -0.187394|    0.001070|
|        8004|    0.003086|  2.6416e-03|  -11.499894|   -7.500388|   -0.187394|    0.001070|
|        8005|    0.002640|  2.6416e-03|  -11.500785|   -7.501210|   -0.187394|    0.001070|
|        8006|    0.002530|  2.6416e-03|  -11.501675|   -7.501837|   -0.187394|    0.001070|
|        8007|    0.002124|  2.6416e-03|  -11.502568|   -7.503324|   -0.187394|    0.001070|
|        8008|    0.002078|  2.6415e-03|  -11.503457|   -7.503483|   -0.187394|    0.001070|
|        8009|    0.002882|  2.6415e-03|  -11.504345|   -7.503915|   -0.187394|    0.001070|
|        8010|    0.002174|  2.6415e-03|  -11.505234|   -7.504991|   -0.187394|    0.001070|
|        8011|    0.003339|  2.6416e-03|  -11.506123|   -7.505668|   -0.187394|    0.001070|
|        8012|    0.002993|  2.6416e-03|  -11.507010|   -7.506059|   -0.187394|    0.001070|
|        8013|    0.002707|  2.6416e-03|  -11.507896|   -7.507298|   -0.187394|    0.001070|
|        8014|    0.002323|  2.6416e-03|  -11.508783|   -7.508033|   -0.187394|    0.001070|
|        8015|    0.002170|  2.6415e-03|  -11.509667|   -7.509145|   -0.187394|    0.001070|
|        8016|    0.002275|  2.6415e-03|  -11.510551|   -7.509646|   -0.187394|    0.001070|
|        8017|    0.002120|  2.6414e-03|  -11.511437|   -7.511160|   -0.187394|    0.001070|
|        8018|    0.002166|  2.6413e-03|  -11.512320|   -7.512274|   -0.187394|    0.001070|
|        8019|    0.002192|  2.6413e-03|  -11.513202|   -7.513045|   -0.187394|    0.001070|
|        8020|    0.002167|  2.6412e-03|  -11.514084|   -7.514391|   -0.187394|    0.001070|
|        8021|    0.002751|  2.6412e-03|  -11.514965|   -7.515411|   -0.187394|    0.001070|
|        8022|    0.003622|  2.6414e-03|  -11.515846|   -7.516894|   -0.187394|    0.001070|
|        8023|    0.003191|  2.6414e-03|  -11.516726|   -7.518028|   -0.187394|    0.001070|
|        8024|    0.003082|  2.6415e-03|  -11.517604|   -7.519326|   -0.187394|    0.001070|
|        8025|    0.003131|  2.6415e-03|  -11.518483|   -7.520878|   -0.187394|    0.001070|
|        8026|    0.003518|  2.6417e-03|  -11.519361|   -7.522142|   -0.187394|    0.001070|
|        8027|    0.003034|  2.6417e-03|  -11.520238|   -7.523579|   -0.187394|    0.001070|
|        8028|    0.002686|  2.6417e-03|  -11.521115|   -7.525047|   -0.187394|    0.001070|
|        8029|    0.003420|  2.6418e-03|  -11.521988|   -7.525740|   -0.187394|    0.001070|
|        8030|    0.002290|  2.6418e-03|  -11.522864|   -7.527472|   -0.187394|    0.001070|
|        8031|    0.002428|  2.6417e-03|  -11.523739|   -7.528871|   -0.187394|    0.001070|
|        8032|    0.002530|  2.6417e-03|  -11.524610|   -7.530174|   -0.187394|    0.001070|
|        8033|    0.002992|  2.6418e-03|  -11.525484|   -7.531231|   -0.187394|    0.001070|
|        8034|    0.003127|  2.6418e-03|  -11.526356|   -7.532765|   -0.187394|    0.001070|
|        8035|    0.002864|  2.6418e-03|  -11.527226|   -7.533961|   -0.187394|    0.001070|
|        8036|    0.003721|  2.6420e-03|  -11.528095|   -7.534950|   -0.187394|    0.001070|
|        8037|    0.001981|  2.6419e-03|  -11.528965|   -7.536167|   -0.187394|    0.001070|
|        8038|    0.002010|  2.6418e-03|  -11.529834|   -7.537652|   -0.187394|    0.001070|
|        8039|    0.002918|  2.6419e-03|  -11.530702|   -7.538800|   -0.187394|    0.001070|
|        8040|    0.002070|  2.6418e-03|  -11.531569|   -7.539724|   -0.187394|    0.001070|
|        8041|    0.002404|  2.6418e-03|  -11.532435|   -7.541125|   -0.187394|    0.001070|
|        8042|    0.002012|  2.6417e-03|  -11.533300|   -7.541976|   -0.187394|    0.001070|
|        8043|    0.002627|  2.6417e-03|  -11.534166|   -7.543746|   -0.187394|    0.001070|
|        8044|    0.001875|  2.6416e-03|  -11.535028|   -7.544983|   -0.187394|    0.001070|
|        8045|    0.001844|  2.6415e-03|  -11.535892|   -7.545733|   -0.187394|    0.001070|
|        8046|    0.001955|  2.6414e-03|  -11.536651|   -7.339034|   -0.187394|    0.001070|
|        8047|    0.001905|  2.6413e-03|  -11.538139|   -7.520691|   -0.187394|    0.001070|
|        8048|    0.001838|  2.6412e-03|  -11.539220|   -7.334765|   -0.187394|    0.001070|
|        8049|    0.001892|  2.6411e-03|  -11.540759|   -7.523478|   -0.187394|    0.001070|
|        8050|    0.001922|  2.6410e-03|  -11.541815|   -7.335455|   -0.187394|    0.001070|
|        8051|    0.001915|  2.6409e-03|  -11.543326|   -7.517195|   -0.187394|    0.001070|
|        8052|    0.001831|  2.6408e-03|  -11.544361|   -7.327283|   -0.187394|    0.001070|
|        8053|    0.002376|  2.6408e-03|  -11.545884|   -7.509786|   -0.187394|    0.001070|
|        8054|    0.002896|  2.6408e-03|  -11.547003|   -7.519488|   -0.187394|    0.001070|
|        8055|    0.002311|  2.6408e-03|  -11.547940|   -7.531475|   -0.187394|    0.001070|
|        8056|    0.002015|  2.6407e-03|  -11.548786|   -7.537153|   -0.187394|    0.001070|
|        8057|    0.001891|  2.6406e-03|  -11.549611|   -7.536314|   -0.187394|    0.001070|
|        8058|    0.001881|  2.6405e-03|  -11.550345|   -7.332918|   -0.187394|    0.001070|
|        8059|    0.001867|  2.6404e-03|  -11.551827|   -7.515745|   -0.187394|    0.001070|
|        8060|    0.002055|  2.6404e-03|  -11.552919|   -7.340363|   -0.187394|    0.001070|
|        8061|    0.001946|  2.6403e-03|  -11.554436|   -7.532217|   -0.187394|    0.001070|
|        8062|    0.002151|  2.6402e-03|  -11.555548|   -7.546332|   -0.187394|    0.001070|
|        8063|    0.001926|  2.6401e-03|  -11.556470|   -7.559022|   -0.187394|    0.001070|
|        8064|    0.002755|  2.6401e-03|  -11.557302|   -7.563850|   -0.187394|    0.001070|
|        8065|    0.001896|  2.6400e-03|  -11.558117|   -7.561308|   -0.187394|    0.001070|
|        8066|    0.002077|  2.6400e-03|  -11.558894|   -7.356053|   -0.187394|    0.001070|
|        8067|    0.002181|  2.6399e-03|  -11.560324|   -7.539871|   -0.187394|    0.001070|
|        8068|    0.002320|  2.6399e-03|  -11.561442|   -7.362358|   -0.187394|    0.001070|
|        8069|    0.002213|  2.6398e-03|  -11.562901|   -7.554946|   -0.187394|    0.001070|
|        8070|    0.001994|  2.6397e-03|  -11.563992|   -7.567711|   -0.187394|    0.001070|
|        8071|    0.001867|  2.6396e-03|  -11.564903|   -7.578718|   -0.187394|    0.001070|
|        8072|    0.002076|  2.6396e-03|  -11.565727|   -7.581832|   -0.187394|    0.001070|
|        8073|    0.001847|  2.6395e-03|  -11.566535|   -7.577814|   -0.187394|    0.001070|
|        8074|    0.002022|  2.6394e-03|  -11.567335|   -7.369497|   -0.187394|    0.001070|
|        8075|    0.002005|  2.6393e-03|  -11.568720|   -7.552526|   -0.187394|    0.001070|
|        8076|    0.002283|  2.6393e-03|  -11.569848|   -7.373773|   -0.187394|    0.001070|
|        8077|    0.001935|  2.6392e-03|  -11.571268|   -7.564902|   -0.187394|    0.001070|
|        8078|    0.001955|  2.6391e-03|  -11.572341|   -7.577117|   -0.187394|    0.001070|
|        8079|    0.001837|  2.6390e-03|  -11.573243|   -7.587220|   -0.187394|    0.001070|
|        8080|    0.002776|  2.6390e-03|  -11.574062|   -7.589621|   -0.187394|    0.001070|
|        8081|    0.002441|  2.6390e-03|  -11.574861|   -7.379441|   -0.187394|    0.001070|
|        8082|    0.003152|  2.6391e-03|  -11.576201|   -7.557261|   -0.187394|    0.001070|
|        8083|    0.002818|  2.6391e-03|  -11.577277|   -7.571602|   -0.187394|    0.001070|
|        8084|    0.002559|  2.6391e-03|  -11.578208|   -7.590375|   -0.187394|    0.001070|
|        8085|    0.003284|  2.6392e-03|  -11.579042|   -7.600349|   -0.187394|    0.001070|
|        8086|    0.003626|  2.6393e-03|  -11.579840|   -7.599192|   -0.187394|    0.001070|
|        8087|    0.002665|  2.6393e-03|  -11.580641|   -7.595046|   -0.187394|    0.001070|
|        8088|    0.002274|  2.6392e-03|  -11.581491|   -7.390814|   -0.187394|    0.001070|
|        8089|    0.002350|  2.6392e-03|  -11.582822|   -7.574887|   -0.187394|    0.001070|
|        8090|    0.002152|  2.6391e-03|  -11.583890|   -7.592253|   -0.187394|    0.001070|
|        8091|    0.001902|  2.6391e-03|  -11.584806|   -7.609503|   -0.187394|    0.001070|
|        8092|    0.002196|  2.6390e-03|  -11.585628|   -7.617772|   -0.187394|    0.001070|
|        8093|    0.001894|  2.6389e-03|  -11.586418|   -7.614291|   -0.187394|    0.001070|
|        8094|    0.002724|  2.6389e-03|  -11.587210|   -7.610050|   -0.187394|    0.001070|
|        8095|    0.002915|  2.6389e-03|  -11.588022|   -7.608666|   -0.187394|    0.001070|
|        8096|    0.002299|  2.6389e-03|  -11.588847|   -7.611836|   -0.187394|    0.001070|
|        8097|    0.002832|  2.6389e-03|  -11.589675|   -7.616987|   -0.187394|    0.001070|
|        8098|    0.002236|  2.6389e-03|  -11.590496|   -7.621843|   -0.187394|    0.001070|
|        8099|    0.001920|  2.6388e-03|  -11.591309|   -7.625634|   -0.187394|    0.001070|
|        8100|    0.002020|  2.6387e-03|  -11.592120|   -7.626848|   -0.187394|    0.001070|
|        8101|    0.001926|  2.6386e-03|  -11.592929|   -7.629145|   -0.187394|    0.001070|
|        8102|    0.002057|  2.6386e-03|  -11.593742|   -7.630429|   -0.187394|    0.001070|
|        8103|    0.001859|  2.6385e-03|  -11.594552|   -7.631580|   -0.187394|    0.001070|
|        8104|    0.002011|  2.6384e-03|  -11.595364|   -7.633292|   -0.187394|    0.001070|
|        8105|    0.001866|  2.6383e-03|  -11.596174|   -7.634283|   -0.187394|    0.001070|
|        8106|    0.002326|  2.6382e-03|  -11.596981|   -7.635754|   -0.187394|    0.001070|
|        8107|    0.001912|  2.6382e-03|  -11.597787|   -7.636795|   -0.187394|    0.001070|
|        8108|    0.002064|  2.6381e-03|  -11.598594|   -7.637738|   -0.187394|    0.001070|
|        8109|    0.001909|  2.6380e-03|  -11.599397|   -7.638170|   -0.187394|    0.001070|
|        8110|    0.002424|  2.6380e-03|  -11.600201|   -7.638693|   -0.187394|    0.001070|
|        8111|    0.002662|  2.6380e-03|  -11.601004|   -7.639441|   -0.187394|    0.001070|
|        8112|    0.002901|  2.6380e-03|  -11.601807|   -7.640266|   -0.187394|    0.001070|
|        8113|    0.003200|  2.6381e-03|  -11.602608|   -7.641018|   -0.187394|    0.001070|
|        8114|    0.003212|  2.6381e-03|  -11.603409|   -7.641633|   -0.187394|    0.001070|
|        8115|    0.002733|  2.6382e-03|  -11.604209|   -7.642009|   -0.187394|    0.001070|
|        8116|    0.003131|  2.6382e-03|  -11.605009|   -7.643486|   -0.187394|    0.001070|
|        8117|    0.003207|  2.6383e-03|  -11.605807|   -7.644036|   -0.187394|    0.001070|
|        8118|    0.002980|  2.6383e-03|  -11.606605|   -7.645318|   -0.187394|    0.001070|
|        8119|    0.003225|  2.6384e-03|  -11.607402|   -7.646153|   -0.187394|    0.001070|
|        8120|    0.002538|  2.6384e-03|  -11.608196|   -7.647248|   -0.187394|    0.001070|
|        8121|    0.003790|  2.6385e-03|  -11.608994|   -7.648454|   -0.187394|    0.001070|
|        8122|    0.003217|  2.6386e-03|  -11.609790|   -7.649601|   -0.187394|    0.001070|
|        8123|    0.001958|  2.6385e-03|  -11.610581|   -7.650811|   -0.187394|    0.001070|
|        8124|    0.001998|  2.6384e-03|  -11.611375|   -7.652061|   -0.187394|    0.001070|
|        8125|    0.001936|  2.6384e-03|  -11.612167|   -7.653370|   -0.187394|    0.001070|
|        8126|    0.003009|  2.6384e-03|  -11.612959|   -7.654692|   -0.187394|    0.001070|
|        8127|    0.002160|  2.6383e-03|  -11.613750|   -7.656433|   -0.187394|    0.001070|
|        8128|    0.002799|  2.6384e-03|  -11.614540|   -7.657298|   -0.187394|    0.001070|
|        8129|    0.002100|  2.6383e-03|  -11.615330|   -7.659242|   -0.187394|    0.001070|
|        8130|    0.001848|  2.6382e-03|  -11.616118|   -7.660077|   -0.187394|    0.001070|
|        8131|    0.002007|  2.6381e-03|  -11.616907|   -7.661553|   -0.187394|    0.001070|
|        8132|    0.001902|  2.6380e-03|  -11.617692|   -7.662785|   -0.187394|    0.001070|
|        8133|    0.002930|  2.6381e-03|  -11.618478|   -7.664730|   -0.187394|    0.001070|
|        8134|    0.002199|  2.6380e-03|  -11.619264|   -7.665532|   -0.187394|    0.001070|
|        8135|    0.002422|  2.6380e-03|  -11.620046|   -7.666773|   -0.187394|    0.001070|
|        8136|    0.002106|  2.6379e-03|  -11.620831|   -7.668258|   -0.187394|    0.001070|
|        8137|    0.001947|  2.6378e-03|  -11.621612|   -7.669028|   -0.187394|    0.001070|
|        8138|    0.002198|  2.6378e-03|  -11.622395|   -7.670959|   -0.187394|    0.001070|
|        8139|    0.002969|  2.6378e-03|  -11.623176|   -7.672111|   -0.187394|    0.001070|
|        8140|    0.001934|  2.6377e-03|  -11.623956|   -7.672810|   -0.187394|    0.001070|
|        8141|    0.002121|  2.6377e-03|  -11.624736|   -7.674175|   -0.187394|    0.001070|
|        8142|    0.001969|  2.6376e-03|  -11.625514|   -7.675179|   -0.187394|    0.001070|
|        8143|    0.002161|  2.6375e-03|  -11.626292|   -7.676917|   -0.187394|    0.001070|
|        8144|    0.002119|  2.6375e-03|  -11.627068|   -7.677612|   -0.187394|    0.001070|
|        8145|    0.002398|  2.6374e-03|  -11.627845|   -7.678932|   -0.187394|    0.001070|
|        8146|    0.003711|  2.6376e-03|  -11.628621|   -7.679887|   -0.187394|    0.001070|
|        8147|    0.003301|  2.6377e-03|  -11.629394|   -7.681312|   -0.187394|    0.001070|
|        8148|    0.002719|  2.6377e-03|  -11.630392|   -7.477296|   -0.187394|    0.001070|
|        8149|    0.002483|  2.6376e-03|  -11.631473|   -7.658131|   -0.187394|    0.001070|
|        8150|    0.002603|  2.6376e-03|  -11.632675|   -7.475014|   -0.187394|    0.001070|
|        8151|    0.002358|  2.6376e-03|  -11.633792|   -7.660739|   -0.187394|    0.001070|
|        8152|    0.002122|  2.6375e-03|  -11.634983|   -7.475418|   -0.187394|    0.001070|
|        8153|    0.002498|  2.6375e-03|  -11.636076|   -7.653779|   -0.187394|    0.001070|
|        8154|    0.002480|  2.6375e-03|  -11.637251|   -7.467743|   -0.187394|    0.001070|
|        8155|    0.002237|  2.6375e-03|  -11.638354|   -7.646744|   -0.187394|    0.001070|
|        8156|    0.002074|  2.6374e-03|  -11.639283|   -7.658744|   -0.187394|    0.001070|
|        8157|    0.003456|  2.6375e-03|  -11.640114|   -7.668358|   -0.187394|    0.001070|
|        8158|    0.002481|  2.6375e-03|  -11.640879|   -7.672436|   -0.187394|    0.001070|
|        8159|    0.002140|  2.6374e-03|  -11.641626|   -7.672043|   -0.187394|    0.001070|
|        8160|    0.001942|  2.6373e-03|  -11.642607|   -7.471508|   -0.187394|    0.001070|
|        8161|    0.001935|  2.6372e-03|  -11.643677|   -7.653560|   -0.187394|    0.001070|
|        8162|    0.001835|  2.6371e-03|  -11.644893|   -7.481670|   -0.187394|    0.001070|
|        8163|    0.001925|  2.6371e-03|  -11.645984|   -7.669417|   -0.187394|    0.001070|
|        8164|    0.002316|  2.6370e-03|  -11.646908|   -7.685454|   -0.187394|    0.001070|
|        8165|    0.002210|  2.6370e-03|  -11.647726|   -7.696262|   -0.187394|    0.001070|
|        8166|    0.001849|  2.6369e-03|  -11.648478|   -7.699677|   -0.187394|    0.001070|
|        8167|    0.001919|  2.6368e-03|  -11.649214|   -7.698227|   -0.187394|    0.001070|
|        8168|    0.001844|  2.6367e-03|  -11.650229|   -7.495464|   -0.187394|    0.001070|
|        8169|    0.001958|  2.6366e-03|  -11.651256|   -7.678162|   -0.187394|    0.001070|
|        8170|    0.001899|  2.6365e-03|  -11.652490|   -7.504222|   -0.187394|    0.001070|
|        8171|    0.001968|  2.6364e-03|  -11.653535|   -7.692271|   -0.187394|    0.001070|
|        8172|    0.002052|  2.6364e-03|  -11.654440|   -7.707556|   -0.187394|    0.001070|
|        8173|    0.002421|  2.6363e-03|  -11.655247|   -7.716017|   -0.187394|    0.001070|
|        8174|    0.002058|  2.6363e-03|  -11.655991|   -7.718230|   -0.187394|    0.001070|
|        8175|    0.002792|  2.6363e-03|  -11.656719|   -7.714630|   -0.187394|    0.001070|
|        8176|    0.002472|  2.6363e-03|  -11.657752|   -7.509136|   -0.187394|    0.001070|
|        8177|    0.002228|  2.6362e-03|  -11.658740|   -7.691523|   -0.187394|    0.001070|
|        8178|    0.002659|  2.6362e-03|  -11.659979|   -7.515521|   -0.187394|    0.001070|
|        8179|    0.002787|  2.6362e-03|  -11.660993|   -7.702257|   -0.187394|    0.001070|
|        8180|    0.001931|  2.6361e-03|  -11.661883|   -7.717027|   -0.187394|    0.001070|
|        8181|    0.002307|  2.6361e-03|  -11.662680|   -7.724432|   -0.187394|    0.001070|
|        8182|    0.002307|  2.6361e-03|  -11.663419|   -7.725255|   -0.187394|    0.001070|
|        8183|    0.002018|  2.6360e-03|  -11.664450|   -7.518808|   -0.187394|    0.001070|
|        8184|    0.001895|  2.6359e-03|  -11.665401|   -7.695110|   -0.187394|    0.001070|
|        8185|    0.002147|  2.6358e-03|  -11.666288|   -7.712176|   -0.187394|    0.001070|
|        8186|    0.002039|  2.6358e-03|  -11.667107|   -7.727839|   -0.187394|    0.001070|
|        8187|    0.001975|  2.6357e-03|  -11.667859|   -7.736284|   -0.187394|    0.001070|
|        8188|    0.001850|  2.6356e-03|  -11.668580|   -7.735146|   -0.187394|    0.001070|
|        8189|    0.002394|  2.6356e-03|  -11.669298|   -7.731411|   -0.187394|    0.001070|
|        8190|    0.002976|  2.6356e-03|  -11.670367|   -7.530814|   -0.187394|    0.001070|
|        8191|    0.002428|  2.6356e-03|  -11.671307|   -7.712774|   -0.187394|    0.001070|
|        8192|    0.002076|  2.6355e-03|  -11.672187|   -7.732715|   -0.187394|    0.001070|
|        8193|    0.001925|  2.6354e-03|  -11.672994|   -7.746444|   -0.187394|    0.001070|
|        8194|    0.002403|  2.6354e-03|  -11.673733|   -7.753501|   -0.187394|    0.001070|
|        8195|    0.002950|  2.6354e-03|  -11.674445|   -7.750857|   -0.187394|    0.001070|
|        8196|    0.002925|  2.6355e-03|  -11.675156|   -7.746157|   -0.187394|    0.001070|
|        8197|    0.002296|  2.6354e-03|  -11.675879|   -7.746024|   -0.187394|    0.001070|
|        8198|    0.002011|  2.6353e-03|  -11.676619|   -7.749159|   -0.187394|    0.001070|
|        8199|    0.002186|  2.6353e-03|  -11.677357|   -7.753258|   -0.187394|    0.001070|
|        8200|    0.001986|  2.6352e-03|  -11.678093|   -7.758474|   -0.187394|    0.001070|
|        8201|    0.001964|  2.6351e-03|  -11.678820|   -7.761193|   -0.187394|    0.001070|
|        8202|    0.002515|  2.6351e-03|  -11.679544|   -7.763688|   -0.187394|    0.001070|
|        8203|    0.002812|  2.6351e-03|  -11.680267|   -7.765518|   -0.187394|    0.001070|
|        8204|    0.002145|  2.6351e-03|  -11.680991|   -7.767065|   -0.187394|    0.001070|
|        8205|    0.002058|  2.6350e-03|  -11.681715|   -7.767654|   -0.187394|    0.001070|
|        8206|    0.001932|  2.6349e-03|  -11.682440|   -7.769347|   -0.187394|    0.001070|
|        8207|    0.001842|  2.6348e-03|  -11.683163|   -7.770511|   -0.187394|    0.001070|
|        8208|    0.001930|  2.6347e-03|  -11.683885|   -7.771742|   -0.187394|    0.001070|
|        8209|    0.001845|  2.6346e-03|  -11.684606|   -7.773368|   -0.187394|    0.001070|
|        8210|    0.001934|  2.6346e-03|  -11.685321|   -7.772633|   -0.187394|    0.001070|
|        8211|    0.001948|  2.6345e-03|  -11.686042|   -7.774327|   -0.187394|    0.001070|
|        8212|    0.002311|  2.6344e-03|  -11.686758|   -7.774435|   -0.187394|    0.001070|
|        8213|    0.003650|  2.6346e-03|  -11.687476|   -7.775345|   -0.187394|    0.001070|
|        8214|    0.003379|  2.6346e-03|  -11.688193|   -7.776672|   -0.187394|    0.001070|
|        8215|    0.003135|  2.6347e-03|  -11.688906|   -7.776750|   -0.187394|    0.001070|
|        8216|    0.002761|  2.6347e-03|  -11.689621|   -7.777045|   -0.187394|    0.001070|
|        8217|    0.002425|  2.6347e-03|  -11.690334|   -7.778674|   -0.187394|    0.001070|
|        8218|    0.001949|  2.6346e-03|  -11.691048|   -7.779264|   -0.187394|    0.001070|
|        8219|    0.002038|  2.6345e-03|  -11.691762|   -7.779946|   -0.187394|    0.001070|
|        8220|    0.002852|  2.6346e-03|  -11.692472|   -7.781025|   -0.187394|    0.001070|
|        8221|    0.003016|  2.6346e-03|  -11.693183|   -7.781784|   -0.187394|    0.001070|
|        8222|    0.002752|  2.6346e-03|  -11.693893|   -7.783439|   -0.187394|    0.001070|
|        8223|    0.002884|  2.6347e-03|  -11.694602|   -7.783825|   -0.187394|    0.001070|
|        8224|    0.003426|  2.6348e-03|  -11.695310|   -7.785496|   -0.187394|    0.001070|
|        8225|    0.002960|  2.6348e-03|  -11.696017|   -7.786786|   -0.187394|    0.001070|
|        8226|    0.003337|  2.6349e-03|  -11.696726|   -7.787897|   -0.187394|    0.001070|
|        8227|    0.004041|  2.6350e-03|  -11.697434|   -7.789367|   -0.187394|    0.001070|
|        8228|    0.002636|  2.6350e-03|  -11.698138|   -7.790627|   -0.187394|    0.001070|
|        8229|    0.003028|  2.6351e-03|  -11.698844|   -7.792069|   -0.187394|    0.001070|
|        8230|    0.002606|  2.6351e-03|  -11.699547|   -7.793394|   -0.187394|    0.001070|
|        8231|    0.002487|  2.6351e-03|  -11.700249|   -7.794313|   -0.187394|    0.001070|
|        8232|    0.002661|  2.6351e-03|  -11.700953|   -7.795499|   -0.187394|    0.001070|
|        8233|    0.002608|  2.6351e-03|  -11.701654|   -7.797407|   -0.187394|    0.001070|
|        8234|    0.001924|  2.6350e-03|  -11.702358|   -7.799295|   -0.187394|    0.001070|
|        8235|    0.002641|  2.6350e-03|  -11.703057|   -7.799916|   -0.187394|    0.001070|
|        8236|    0.002990|  2.6350e-03|  -11.703757|   -7.800955|   -0.187394|    0.001070|
|        8237|    0.002650|  2.6350e-03|  -11.704455|   -7.802860|   -0.187394|    0.001070|
|        8238|    0.001991|  2.6350e-03|  -11.705153|   -7.803356|   -0.187394|    0.001070|
|        8239|    0.001827|  2.6349e-03|  -11.705851|   -7.805154|   -0.187394|    0.001070|
|        8240|    0.001999|  2.6348e-03|  -11.706548|   -7.805991|   -0.187394|    0.001070|
|        8241|    0.001883|  2.6347e-03|  -11.707240|   -7.807374|   -0.187394|    0.001070|
|        8242|    0.002460|  2.6347e-03|  -11.707938|   -7.808803|   -0.187394|    0.001070|
|        8243|    0.002839|  2.6347e-03|  -11.708633|   -7.810193|   -0.187394|    0.001070|
|        8244|    0.003110|  2.6347e-03|  -11.709326|   -7.810792|   -0.187394|    0.001070|
|        8245|    0.002042|  2.6347e-03|  -11.710017|   -7.812157|   -0.187394|    0.001070|
|        8246|    0.003213|  2.6347e-03|  -11.710712|   -7.813456|   -0.187394|    0.001070|
|        8247|    0.002552|  2.6347e-03|  -11.711402|   -7.814389|   -0.187394|    0.001070|
|        8248|    0.002300|  2.6347e-03|  -11.712094|   -7.815741|   -0.187394|    0.001070|
|        8249|    0.002193|  2.6346e-03|  -11.712783|   -7.816727|   -0.187394|    0.001070|
|        8250|    0.001874|  2.6346e-03|  -11.713938|   -7.617113|   -0.187394|    0.001070|
+-----------------------------------------------------------------------+
|        File Writing Summary       |              Filename             |
+-----------------------------------------------------------------------+
|SU2 binary restart                 |restart_flow.dat                   |
|Paraview                           |flow.vtu                           |
|Paraview surface                   |surface_flow.vtu                   |
+-----------------------------------------------------------------------+
+------------------------------------------------------------------------------------------+
|  Inner_Iter|   Time(sec)|   Time(sec)|    rms[Rho]|   rms[RhoE]|          CL|          CD|
+------------------------------------------------------------------------------------------+
|        8251|    0.009703|  2.6354e-03|  -11.714686|   -7.794913|   -0.187394|    0.001070|
|        8252|    0.002688|  2.6354e-03|  -11.715956|   -7.617518|   -0.187394|    0.001070|
|        8253|    0.002894|  2.6354e-03|  -11.716733|   -7.797794|   -0.187394|    0.001070|
|        8254|    0.003139|  2.6355e-03|  -11.717995|   -7.616760|   -0.187394|    0.001070|
|        8255|    0.002362|  2.6355e-03|  -11.718755|   -7.791391|   -0.187394|    0.001070|
|        8256|    0.002337|  2.6354e-03|  -11.720007|   -7.609514|   -0.187394|    0.001070|
|        8257|    0.002817|  2.6355e-03|  -11.720774|   -7.783859|   -0.187394|    0.001070|
|        8258|    0.002750|  2.6355e-03|  -11.721544|   -7.798402|   -0.187394|    0.001070|
|        8259|    0.002483|  2.6355e-03|  -11.722274|   -7.805339|   -0.187394|    0.001070|
|        8260|    0.002288|  2.6354e-03|  -11.722962|   -7.809473|   -0.187394|    0.001070|
|        8261|    0.002160|  2.6354e-03|  -11.723629|   -7.807851|   -0.187394|    0.001070|
|        8262|    0.003078|  2.6354e-03|  -11.724768|   -7.611487|   -0.187394|    0.001070|
|        8263|    0.002772|  2.6354e-03|  -11.725514|   -7.790618|   -0.187394|    0.001070|
|        8264|    0.002746|  2.6354e-03|  -11.726795|   -7.624535|   -0.187394|    0.001070|
|        8265|    0.002812|  2.6355e-03|  -11.727556|   -7.808067|   -0.187394|    0.001070|
|        8266|    0.001900|  2.6354e-03|  -11.728323|   -7.824305|   -0.187394|    0.001070|
|        8267|    0.002171|  2.6353e-03|  -11.729043|   -7.833483|   -0.187394|    0.001070|
|        8268|    0.001979|  2.6352e-03|  -11.729717|   -7.835813|   -0.187394|    0.001070|
|        8269|    0.002789|  2.6353e-03|  -11.730375|   -7.834761|   -0.187394|    0.001070|
|        8270|    0.001950|  2.6352e-03|  -11.731536|   -7.635984|   -0.187394|    0.001070|
|        8271|    0.001919|  2.6351e-03|  -11.732248|   -7.815597|   -0.187394|    0.001070|
|        8272|    0.001993|  2.6350e-03|  -11.733545|   -7.647830|   -0.187394|    0.001070|
|        8273|    0.002032|  2.6349e-03|  -11.734269|   -7.830229|   -0.187394|    0.001070|
|        8274|    0.002032|  2.6349e-03|  -11.735022|   -7.846987|   -0.187394|    0.001070|
|        8275|    0.001988|  2.6348e-03|  -11.735734|   -7.852722|   -0.187394|    0.001070|
|        8276|    0.003115|  2.6348e-03|  -11.736399|   -7.854500|   -0.187394|    0.001070|
|        8277|    0.002278|  2.6348e-03|  -11.737051|   -7.850396|   -0.187394|    0.001070|
|        8278|    0.002024|  2.6347e-03|  -11.738224|   -7.649645|   -0.187394|    0.001070|
|        8279|    0.001913|  2.6346e-03|  -11.738908|   -7.828107|   -0.187394|    0.001070|
|        8280|    0.001906|  2.6345e-03|  -11.740206|   -7.659219|   -0.187394|    0.001070|
|        8281|    0.002566|  2.6345e-03|  -11.740907|   -7.839199|   -0.187394|    0.001070|
|        8282|    0.002062|  2.6345e-03|  -11.741650|   -7.856587|   -0.187394|    0.001070|
|        8283|    0.001914|  2.6344e-03|  -11.742355|   -7.861232|   -0.187394|    0.001070|
|        8284|    0.002402|  2.6344e-03|  -11.743013|   -7.861022|   -0.187394|    0.001070|
|        8285|    0.003116|  2.6344e-03|  -11.744181|   -7.658637|   -0.187394|    0.001070|
|        8286|    0.002015|  2.6343e-03|  -11.744837|   -7.832528|   -0.187394|    0.001070|
|        8287|    0.002033|  2.6343e-03|  -11.745579|   -7.851819|   -0.187394|    0.001070|
|        8288|    0.001930|  2.6342e-03|  -11.746303|   -7.864451|   -0.187394|    0.001070|
|        8289|    0.002173|  2.6341e-03|  -11.746979|   -7.871623|   -0.187394|    0.001070|
|        8290|    0.001905|  2.6340e-03|  -11.747624|   -7.869538|   -0.187394|    0.001070|
|        8291|    0.001973|  2.6340e-03|  -11.748264|   -7.867423|   -0.187394|    0.001070|
|        8292|    0.001932|  2.6339e-03|  -11.748919|   -7.868149|   -0.187394|    0.001070|
|        8293|    0.002000|  2.6338e-03|  -11.749584|   -7.871234|   -0.187394|    0.001070|
|        8294|    0.001874|  2.6337e-03|  -11.750252|   -7.875706|   -0.187394|    0.001070|
|        8295|    0.002058|  2.6336e-03|  -11.750920|   -7.881914|   -0.187394|    0.001070|
|        8296|    0.002679|  2.6336e-03|  -11.751576|   -7.885950|   -0.187394|    0.001070|
|        8297|    0.002005|  2.6336e-03|  -11.752230|   -7.888849|   -0.187394|    0.001070|
|        8298|    0.001889|  2.6335e-03|  -11.753434|   -7.693210|   -0.187394|    0.001070|
|        8299|    0.001953|  2.6334e-03|  -11.754055|   -7.870369|   -0.187394|    0.001070|
|        8300|    0.001833|  2.6333e-03|  -11.754778|   -7.888003|   -0.187394|    0.001070|
|        8301|    0.001874|  2.6332e-03|  -11.755482|   -7.897677|   -0.187394|    0.001070|
|        8302|    0.001911|  2.6331e-03|  -11.756140|   -7.899459|   -0.187394|    0.001070|
|        8303|    0.001895|  2.6330e-03|  -11.756777|   -7.895056|   -0.187394|    0.001070|
|        8304|    0.002272|  2.6330e-03|  -11.757406|   -7.889993|   -0.187394|    0.001070|
|        8305|    0.002962|  2.6330e-03|  -11.758052|   -7.889024|   -0.187394|    0.001070|
|        8306|    0.003097|  2.6331e-03|  -11.758706|   -7.890424|   -0.187394|    0.001070|
|        8307|    0.003148|  2.6331e-03|  -11.759366|   -7.894032|   -0.187394|    0.001070|
|        8308|    0.003158|  2.6332e-03|  -11.760016|   -7.896533|   -0.187394|    0.001070|
|        8309|    0.003523|  2.6333e-03|  -11.760663|   -7.899858|   -0.187394|    0.001070|
|        8310|    0.003449|  2.6334e-03|  -11.761306|   -7.900429|   -0.187394|    0.001070|
|        8311|    0.003365|  2.6335e-03|  -11.761951|   -7.902715|   -0.187394|    0.001070|
|        8312|    0.002989|  2.6335e-03|  -11.762594|   -7.903763|   -0.187394|    0.001070|
|        8313|    0.002760|  2.6336e-03|  -11.763238|   -7.904698|   -0.187394|    0.001070|
|        8314|    0.002583|  2.6336e-03|  -11.763884|   -7.906607|   -0.187394|    0.001070|
|        8315|    0.002159|  2.6335e-03|  -11.764530|   -7.908313|   -0.187394|    0.001070|
|        8316|    0.002675|  2.6335e-03|  -11.765172|   -7.909052|   -0.187394|    0.001070|
|        8317|    0.002057|  2.6334e-03|  -11.765814|   -7.911072|   -0.187394|    0.001070|
|        8318|    0.002027|  2.6334e-03|  -11.766453|   -7.911859|   -0.187394|    0.001070|
|        8319|    0.003005|  2.6334e-03|  -11.767093|   -7.912980|   -0.187394|    0.001070|
|        8320|    0.001972|  2.6333e-03|  -11.767733|   -7.914427|   -0.187394|    0.001070|
|        8321|    0.001953|  2.6332e-03|  -11.768373|   -7.915893|   -0.187394|    0.001070|
|        8322|    0.002355|  2.6332e-03|  -11.769010|   -7.916440|   -0.187394|    0.001070|
|        8323|    0.002693|  2.6332e-03|  -11.769648|   -7.918555|   -0.187394|    0.001070|
|        8324|    0.002709|  2.6332e-03|  -11.770284|   -7.917831|   -0.187394|    0.001070|
|        8325|    0.003315|  2.6333e-03|  -11.770922|   -7.920223|   -0.187394|    0.001070|
|        8326|    0.002045|  2.6332e-03|  -11.771555|   -7.921327|   -0.187394|    0.001070|
|        8327|    0.002563|  2.6332e-03|  -11.772193|   -7.921626|   -0.187394|    0.001070|
|        8328|    0.002838|  2.6333e-03|  -11.772825|   -7.922970|   -0.187394|    0.001070|
|        8329|    0.001917|  2.6332e-03|  -11.773459|   -7.924232|   -0.187394|    0.001070|
|        8330|    0.002006|  2.6331e-03|  -11.774092|   -7.924835|   -0.187394|    0.001070|
|        8331|    0.001896|  2.6330e-03|  -11.774725|   -7.925526|   -0.187394|    0.001070|
|        8332|    0.001926|  2.6329e-03|  -11.775356|   -7.926834|   -0.187394|    0.001070|
|        8333|    0.002720|  2.6329e-03|  -11.775990|   -7.928950|   -0.187394|    0.001070|
|        8334|    0.002403|  2.6329e-03|  -11.776617|   -7.929466|   -0.187394|    0.001070|
|        8335|    0.003178|  2.6330e-03|  -11.777250|   -7.929926|   -0.187394|    0.001070|
|        8336|    0.003840|  2.6331e-03|  -11.777879|   -7.930721|   -0.187394|    0.001070|
|        8337|    0.002504|  2.6331e-03|  -11.778504|   -7.933465|   -0.187394|    0.001070|
|        8338|    0.002569|  2.6331e-03|  -11.779136|   -7.933855|   -0.187394|    0.001070|
|        8339|    0.003127|  2.6331e-03|  -11.779763|   -7.934958|   -0.187394|    0.001070|
|        8340|    0.003053|  2.6332e-03|  -11.780389|   -7.936016|   -0.187394|    0.001070|
|        8341|    0.002985|  2.6332e-03|  -11.781017|   -7.937407|   -0.187394|    0.001070|
|        8342|    0.003219|  2.6333e-03|  -11.781643|   -7.937676|   -0.187394|    0.001070|
|        8343|    0.003391|  2.6334e-03|  -11.782270|   -7.939913|   -0.187394|    0.001070|
|        8344|    0.003385|  2.6335e-03|  -11.782893|   -7.940213|   -0.187394|    0.001070|
|        8345|    0.002099|  2.6334e-03|  -11.783517|   -7.942964|   -0.187394|    0.001070|
|        8346|    0.003456|  2.6335e-03|  -11.784139|   -7.942996|   -0.187394|    0.001070|
|        8347|    0.003320|  2.6336e-03|  -11.784765|   -7.944343|   -0.187394|    0.001070|
|        8348|    0.002003|  2.6335e-03|  -11.785388|   -7.945575|   -0.187394|    0.001070|
|        8349|    0.003630|  2.6337e-03|  -11.786009|   -7.946411|   -0.187394|    0.001070|
|        8350|    0.002232|  2.6336e-03|  -11.786629|   -7.948390|   -0.187394|    0.001070|
|        8351|    0.002658|  2.6336e-03|  -11.787250|   -7.948535|   -0.187394|    0.001070|
|        8352|    0.001831|  2.6335e-03|  -11.787872|   -7.950793|   -0.187394|    0.001070|
|        8353|    0.001910|  2.6334e-03|  -11.788492|   -7.951752|   -0.187394|    0.001070|
|        8354|    0.001869|  2.6333e-03|  -11.789706|   -7.756988|   -0.187394|    0.001070|
|        8355|    0.001842|  2.6332e-03|  -11.790234|   -7.931870|   -0.187394|    0.001070|
|        8356|    0.001920|  2.6332e-03|  -11.791518|   -7.761032|   -0.187394|    0.001070|
|        8357|    0.001892|  2.6331e-03|  -11.792068|   -7.933360|   -0.187394|    0.001070|
|        8358|    0.003276|  2.6331e-03|  -11.793344|   -7.760925|   -0.187394|    0.001070|
|        8359|    0.003006|  2.6332e-03|  -11.793877|   -7.928494|   -0.187394|    0.001070|
|        8360|    0.001895|  2.6331e-03|  -11.794536|   -7.941536|   -0.187394|    0.001070|
|        8361|    0.001981|  2.6330e-03|  -11.795184|   -7.945386|   -0.187394|    0.001070|
|        8362|    0.001861|  2.6329e-03|  -11.795801|   -7.945544|   -0.187394|    0.001070|
|        8363|    0.001988|  2.6328e-03|  -11.796405|   -7.943419|   -0.187394|    0.001070|
|        8364|    0.001877|  2.6328e-03|  -11.797602|   -7.750270|   -0.187394|    0.001070|
|        8365|    0.001934|  2.6327e-03|  -11.798136|   -7.925284|   -0.187394|    0.001070|
|        8366|    0.002064|  2.6326e-03|  -11.799422|   -7.763265|   -0.187394|    0.001070|
|        8367|    0.002602|  2.6326e-03|  -11.799973|   -7.939122|   -0.187394|    0.001070|
|        8368|    0.001861|  2.6325e-03|  -11.800637|   -7.958695|   -0.187394|    0.001070|
|        8369|    0.002592|  2.6325e-03|  -11.801280|   -7.963425|   -0.187394|    0.001070|
|        8370|    0.001934|  2.6324e-03|  -11.801883|   -7.964777|   -0.187394|    0.001070|
|        8371|    0.001930|  2.6323e-03|  -11.802477|   -7.963796|   -0.187394|    0.001070|
|        8372|    0.002093|  2.6323e-03|  -11.803681|   -7.770069|   -0.187394|    0.001070|
|        8373|    0.002378|  2.6322e-03|  -11.804202|   -7.945240|   -0.187394|    0.001070|
|        8374|    0.001916|  2.6322e-03|  -11.805500|   -7.784305|   -0.187394|    0.001070|
|        8375|    0.001840|  2.6321e-03|  -11.806034|   -7.959037|   -0.187394|    0.001070|
|        8376|    0.001853|  2.6320e-03|  -11.806687|   -7.979100|   -0.187394|    0.001070|
|        8377|    0.001861|  2.6319e-03|  -11.807323|   -7.983614|   -0.187394|    0.001070|
|        8378|    0.001896|  2.6318e-03|  -11.807920|   -7.983431|   -0.187394|    0.001070|
|        8379|    0.001815|  2.6317e-03|  -11.808507|   -7.980647|   -0.187394|    0.001070|
|        8380|    0.001842|  2.6316e-03|  -11.809720|   -7.785891|   -0.187394|    0.001070|
|        8381|    0.001860|  2.6315e-03|  -11.810227|   -7.959265|   -0.187394|    0.001070|
|        8382|    0.001811|  2.6314e-03|  -11.811522|   -7.798422|   -0.187394|    0.001070|
|        8383|    0.001909|  2.6313e-03|  -11.812038|   -7.971346|   -0.187394|    0.001070|
|        8384|    0.001811|  2.6312e-03|  -11.812689|   -7.990560|   -0.187394|    0.001070|
|        8385|    0.001849|  2.6311e-03|  -11.813318|   -7.993069|   -0.187394|    0.001070|
|        8386|    0.001851|  2.6310e-03|  -11.813915|   -7.992799|   -0.187394|    0.001070|
|        8387|    0.001841|  2.6309e-03|  -11.815110|   -7.795785|   -0.187394|    0.001070|
|        8388|    0.001853|  2.6309e-03|  -11.815592|   -7.965316|   -0.187394|    0.001070|
|        8389|    0.001917|  2.6308e-03|  -11.816249|   -7.987319|   -0.187394|    0.001070|
|        8390|    0.001822|  2.6307e-03|  -11.816906|   -7.996638|   -0.187394|    0.001070|
|        8391|    0.002325|  2.6306e-03|  -11.817516|   -8.002039|   -0.187394|    0.001070|
|        8392|    0.002060|  2.6306e-03|  -11.818099|   -8.000034|   -0.187394|    0.001070|
|        8393|    0.002427|  2.6305e-03|  -11.819293|   -7.805846|   -0.187394|    0.001070|
|        8394|    0.002507|  2.6305e-03|  -11.819774|   -7.977551|   -0.187394|    0.001070|
|        8395|    0.002053|  2.6305e-03|  -11.820430|   -7.999969|   -0.187394|    0.001070|
|        8396|    0.001951|  2.6304e-03|  -11.821080|   -8.009381|   -0.187394|    0.001070|
|        8397|    0.002225|  2.6303e-03|  -11.821687|   -8.013827|   -0.187394|    0.001070|
|        8398|    0.002629|  2.6303e-03|  -11.822262|   -8.011276|   -0.187394|    0.001070|
|        8399|    0.001860|  2.6302e-03|  -11.822840|   -8.007953|   -0.187394|    0.001070|
|        8400|    0.002894|  2.6303e-03|  -11.823430|   -8.009112|   -0.187394|    0.001070|
|        8401|    0.002221|  2.6302e-03|  -11.824661|   -7.821722|   -0.187394|    0.001070|
|        8402|    0.001853|  2.6301e-03|  -11.825143|   -7.994361|   -0.187394|    0.001070|
|        8403|    0.001814|  2.6300e-03|  -11.825787|   -8.016588|   -0.187394|    0.001070|
|        8404|    0.002712|  2.6300e-03|  -11.826426|   -8.025123|   -0.187394|    0.001070|
|        8405|    0.003494|  2.6301e-03|  -11.827017|   -8.027054|   -0.187394|    0.001070|
|        8406|    0.003227|  2.6302e-03|  -11.827585|   -8.023788|   -0.187394|    0.001070|
|        8407|    0.002311|  2.6302e-03|  -11.828785|   -7.827377|   -0.187394|    0.001070|
|        8408|    0.002000|  2.6301e-03|  -11.829250|   -7.996207|   -0.187394|    0.001070|
|        8409|    0.002499|  2.6301e-03|  -11.829896|   -8.019722|   -0.187394|    0.001070|
|        8410|    0.003004|  2.6301e-03|  -11.830540|   -8.027004|   -0.187394|    0.001070|
|        8411|    0.002635|  2.6301e-03|  -11.831136|   -8.030748|   -0.187394|    0.001070|
|        8412|    0.002926|  2.6302e-03|  -11.831704|   -8.027904|   -0.187394|    0.001070|
|        8413|    0.002937|  2.6302e-03|  -11.832270|   -8.023833|   -0.187394|    0.001070|
|        8414|    0.002345|  2.6302e-03|  -11.832854|   -8.023504|   -0.187394|    0.001070|
|        8415|    0.001873|  2.6301e-03|  -11.833452|   -8.025179|   -0.187394|    0.001070|
|        8416|    0.002332|  2.6300e-03|  -11.834054|   -8.028434|   -0.187394|    0.001070|
|        8417|    0.002148|  2.6300e-03|  -11.834650|   -8.033627|   -0.187394|    0.001070|
|        8418|    0.002103|  2.6299e-03|  -11.835242|   -8.036496|   -0.187394|    0.001070|
|        8419|    0.002575|  2.6299e-03|  -11.835824|   -8.038498|   -0.187394|    0.001070|
|        8420|    0.002544|  2.6299e-03|  -11.836406|   -8.041320|   -0.187394|    0.001070|
|        8421|    0.002148|  2.6299e-03|  -11.836992|   -8.042369|   -0.187394|    0.001070|
|        8422|    0.001846|  2.6298e-03|  -11.837578|   -8.043927|   -0.187394|    0.001070|
|        8423|    0.002291|  2.6297e-03|  -11.838169|   -8.045766|   -0.187394|    0.001070|
|        8424|    0.001845|  2.6296e-03|  -11.838753|   -8.047666|   -0.187394|    0.001070|
|        8425|    0.002603|  2.6296e-03|  -11.839336|   -8.048457|   -0.187394|    0.001070|
|        8426|    0.003027|  2.6297e-03|  -11.839923|   -8.049449|   -0.187394|    0.001070|
|        8427|    0.003781|  2.6298e-03|  -11.840503|   -8.050167|   -0.187394|    0.001070|
|        8428|    0.003171|  2.6299e-03|  -11.841086|   -8.052144|   -0.187394|    0.001070|
|        8429|    0.002804|  2.6299e-03|  -11.841670|   -8.052595|   -0.187394|    0.001070|
|        8430|    0.002144|  2.6298e-03|  -11.842250|   -8.052618|   -0.187394|    0.001070|
|        8431|    0.003521|  2.6299e-03|  -11.842829|   -8.053775|   -0.187394|    0.001070|
|        8432|    0.004021|  2.6301e-03|  -11.843412|   -8.053962|   -0.187394|    0.001070|
|        8433|    0.003581|  2.6302e-03|  -11.843991|   -8.054747|   -0.187394|    0.001070|
|        8434|    0.002849|  2.6302e-03|  -11.844574|   -8.055522|   -0.187394|    0.001070|
|        8435|    0.002667|  2.6302e-03|  -11.845151|   -8.055658|   -0.187394|    0.001070|
|        8436|    0.002237|  2.6302e-03|  -11.845730|   -8.056336|   -0.187394|    0.001070|
|        8437|    0.002876|  2.6302e-03|  -11.846310|   -8.057971|   -0.187394|    0.001070|
|        8438|    0.002088|  2.6302e-03|  -11.846888|   -8.058956|   -0.187394|    0.001070|
|        8439|    0.002520|  2.6302e-03|  -11.847462|   -8.058582|   -0.187394|    0.001070|
|        8440|    0.003458|  2.6302e-03|  -11.848043|   -8.059862|   -0.187394|    0.001070|
|        8441|    0.003724|  2.6304e-03|  -11.848618|   -8.060977|   -0.187394|    0.001070|
|        8442|    0.002769|  2.6304e-03|  -11.849197|   -8.061362|   -0.187394|    0.001070|
|        8443|    0.001963|  2.6303e-03|  -11.849773|   -8.062911|   -0.187394|    0.001070|
|        8444|    0.001908|  2.6302e-03|  -11.850348|   -8.063549|   -0.187394|    0.001070|
|        8445|    0.001841|  2.6301e-03|  -11.850921|   -8.064242|   -0.187394|    0.001070|
|        8446|    0.002105|  2.6301e-03|  -11.851499|   -8.067017|   -0.187394|    0.001070|
|        8447|    0.001906|  2.6300e-03|  -11.852073|   -8.067090|   -0.187394|    0.001070|
|        8448|    0.002313|  2.6300e-03|  -11.852649|   -8.067964|   -0.187394|    0.001070|
|        8449|    0.002805|  2.6300e-03|  -11.853221|   -8.069672|   -0.187394|    0.001070|
|        8450|    0.002211|  2.6299e-03|  -11.853794|   -8.070915|   -0.187394|    0.001070|
|        8451|    0.001863|  2.6298e-03|  -11.854368|   -8.071735|   -0.187394|    0.001070|
|        8452|    0.001870|  2.6297e-03|  -11.854940|   -8.072971|   -0.187394|    0.001070|
|        8453|    0.001824|  2.6296e-03|  -11.855512|   -8.074163|   -0.187394|    0.001070|
|        8454|    0.001944|  2.6296e-03|  -11.856086|   -8.075292|   -0.187394|    0.001070|
|        8455|    0.002546|  2.6296e-03|  -11.856656|   -8.076291|   -0.187394|    0.001070|
|        8456|    0.001871|  2.6295e-03|  -11.857225|   -8.077505|   -0.187394|    0.001070|
|        8457|    0.001869|  2.6294e-03|  -11.857797|   -8.078525|   -0.187394|    0.001070|
|        8458|    0.001939|  2.6293e-03|  -11.858369|   -8.080087|   -0.187394|    0.001070|
|        8459|    0.001821|  2.6292e-03|  -11.858937|   -8.080539|   -0.187394|    0.001070|
|        8460|    0.001916|  2.6291e-03|  -11.860129|   -7.894935|   -0.187394|    0.001070|
|        8461|    0.001908|  2.6290e-03|  -11.860554|   -8.061033|   -0.187394|    0.001070|
|        8462|    0.001933|  2.6289e-03|  -11.861167|   -8.082921|   -0.187394|    0.001070|
|        8463|    0.002521|  2.6289e-03|  -11.861781|   -8.087830|   -0.187394|    0.001070|
|        8464|    0.002338|  2.6289e-03|  -11.862346|   -8.088605|   -0.187394|    0.001070|
|        8465|    0.002835|  2.6289e-03|  -11.862893|   -8.084580|   -0.187394|    0.001070|
|        8466|    0.001877|  2.6288e-03|  -11.864056|   -7.891922|   -0.187394|    0.001070|
|        8467|    0.001917|  2.6288e-03|  -11.864482|   -8.058152|   -0.187394|    0.001070|
|        8468|    0.001957|  2.6287e-03|  -11.865736|   -7.900613|   -0.187394|    0.001070|
|        8469|    0.001950|  2.6286e-03|  -11.866193|   -8.066177|   -0.187394|    0.001070|
|        8470|    0.001844|  2.6285e-03|  -11.866806|   -8.086455|   -0.187394|    0.001070|
|        8471|    0.002004|  2.6284e-03|  -11.867392|   -8.087482|   -0.187394|    0.001070|
|        8472|    0.002619|  2.6284e-03|  -11.867940|   -8.087642|   -0.187394|    0.001070|
|        8473|    0.002516|  2.6284e-03|  -11.868482|   -8.082882|   -0.187394|    0.001070|
|        8474|    0.002002|  2.6283e-03|  -11.869651|   -7.894906|   -0.187394|    0.001070|
|        8475|    0.002107|  2.6283e-03|  -11.870095|   -8.061659|   -0.187394|    0.001070|
|        8476|    0.001900|  2.6282e-03|  -11.871345|   -7.909350|   -0.187394|    0.001070|
|        8477|    0.002883|  2.6282e-03|  -11.871801|   -8.077088|   -0.187394|    0.001070|
|        8478|    0.002135|  2.6282e-03|  -11.872408|   -8.097325|   -0.187394|    0.001070|
|        8479|    0.002558|  2.6282e-03|  -11.872992|   -8.101039|   -0.187394|    0.001070|
|        8480|    0.001991|  2.6281e-03|  -11.873538|   -8.100163|   -0.187394|    0.001070|
|        8481|    0.001848|  2.6280e-03|  -11.874075|   -8.098328|   -0.187394|    0.001070|
|        8482|    0.002531|  2.6280e-03|  -11.874632|   -8.095972|   -0.187394|    0.001070|
|        8483|    0.002998|  2.6280e-03|  -11.875819|   -7.913209|   -0.187394|    0.001070|
|        8484|    0.002844|  2.6280e-03|  -11.876258|   -8.083136|   -0.187394|    0.001070|
|        8485|    0.001943|  2.6280e-03|  -11.877506|   -7.930913|   -0.187394|    0.001070|
|        8486|    0.001924|  2.6279e-03|  -11.877950|   -8.094974|   -0.187394|    0.001070|
|        8487|    0.002019|  2.6278e-03|  -11.878554|   -8.115735|   -0.187394|    0.001070|
|        8488|    0.001863|  2.6277e-03|  -11.879135|   -8.117394|   -0.187394|    0.001070|
|        8489|    0.001917|  2.6276e-03|  -11.880282|   -7.930596|   -0.187394|    0.001070|
|        8490|    0.001910|  2.6276e-03|  -11.880682|   -8.089933|   -0.187394|    0.001070|
|        8491|    0.001998|  2.6275e-03|  -11.881291|   -8.109977|   -0.187394|    0.001070|
|        8492|    0.001843|  2.6274e-03|  -11.881907|   -8.116720|   -0.187394|    0.001070|
|        8493|    0.002271|  2.6273e-03|  -11.882477|   -8.118766|   -0.187394|    0.001070|
|        8494|    0.002369|  2.6273e-03|  -11.883017|   -8.119121|   -0.187394|    0.001070|
|        8495|    0.002540|  2.6273e-03|  -11.884165|   -7.932885|   -0.187394|    0.001070|
|        8496|    0.001889|  2.6272e-03|  -11.884587|   -8.096225|   -0.187394|    0.001070|
|        8497|    0.001886|  2.6271e-03|  -11.885205|   -8.121414|   -0.187394|    0.001070|
|        8498|    0.003146|  2.6272e-03|  -11.885816|   -8.127856|   -0.187394|    0.001070|
|        8499|    0.001933|  2.6271e-03|  -11.886377|   -8.132127|   -0.187394|    0.001070|
|        8500|    0.002287|  2.6271e-03|  -11.886909|   -8.129696|   -0.187394|    0.001070|
+-----------------------------------------------------------------------+
|        File Writing Summary       |              Filename             |
+-----------------------------------------------------------------------+
|SU2 binary restart                 |restart_flow.dat                   |
|Paraview                           |flow.vtu                           |
|Paraview surface                   |surface_flow.vtu                   |
+-----------------------------------------------------------------------+
+------------------------------------------------------------------------------------------+
|  Inner_Iter|   Time(sec)|   Time(sec)|    rms[Rho]|   rms[RhoE]|          CL|          CD|
+------------------------------------------------------------------------------------------+
|        8501|    0.009994|  2.6279e-03|  -11.887444|   -8.127916|   -0.187394|    0.001070|
|        8502|    0.001985|  2.6279e-03|  -11.888607|   -7.942113|   -0.187394|    0.001070|
|        8503|    0.002731|  2.6279e-03|  -11.889040|   -8.107801|   -0.187394|    0.001070|
|        8504|    0.003357|  2.6280e-03|  -11.890281|   -7.957110|   -0.187394|    0.001070|
|        8505|    0.002811|  2.6280e-03|  -11.890724|   -8.117879|   -0.187394|    0.001070|
|        8506|    0.003121|  2.6280e-03|  -11.891325|   -8.137227|   -0.187394|    0.001070|
|        8507|    0.002774|  2.6281e-03|  -11.891899|   -8.139650|   -0.187394|    0.001070|
|        8508|    0.002566|  2.6280e-03|  -11.892433|   -8.138240|   -0.187394|    0.001070|
|        8509|    0.003349|  2.6281e-03|  -11.893564|   -7.948098|   -0.187394|    0.001070|
|        8510|    0.002909|  2.6282e-03|  -11.893983|   -8.108666|   -0.187394|    0.001070|
|        8511|    0.002144|  2.6281e-03|  -11.894600|   -8.132180|   -0.187394|    0.001070|
|        8512|    0.002677|  2.6281e-03|  -11.895212|   -8.139204|   -0.187394|    0.001070|
|        8513|    0.003139|  2.6282e-03|  -11.895771|   -8.142820|   -0.187394|    0.001070|
|        8514|    0.002744|  2.6282e-03|  -11.896299|   -8.143197|   -0.187394|    0.001070|
|        8515|    0.003263|  2.6283e-03|  -11.897423|   -7.956822|   -0.187394|    0.001070|
|        8516|    0.003124|  2.6283e-03|  -11.897846|   -8.117631|   -0.187394|    0.001070|
|        8517|    0.003194|  2.6284e-03|  -11.898469|   -8.142077|   -0.187394|    0.001070|
|        8518|    0.002654|  2.6284e-03|  -11.899074|   -8.151167|   -0.187394|    0.001070|
|        8519|    0.002236|  2.6283e-03|  -11.899628|   -8.153999|   -0.187394|    0.001070|
|        8520|    0.003338|  2.6284e-03|  -11.900158|   -8.153339|   -0.187394|    0.001070|
|        8521|    0.003208|  2.6285e-03|  -11.900679|   -8.149693|   -0.187394|    0.001070|
|        8522|    0.002821|  2.6285e-03|  -11.901228|   -8.150165|   -0.187394|    0.001070|
|        8523|    0.003163|  2.6286e-03|  -11.901791|   -8.150973|   -0.187394|    0.001070|
|        8524|    0.002380|  2.6285e-03|  -11.902356|   -8.154640|   -0.187394|    0.001070|
|        8525|    0.002344|  2.6285e-03|  -11.902919|   -8.158937|   -0.187394|    0.001070|
|        8526|    0.003100|  2.6286e-03|  -11.903473|   -8.160925|   -0.187394|    0.001070|
|        8527|    0.003193|  2.6286e-03|  -11.904022|   -8.163922|   -0.187394|    0.001070|
|        8528|    0.003084|  2.6287e-03|  -11.904569|   -8.165855|   -0.187394|    0.001070|
|        8529|    0.002167|  2.6286e-03|  -11.905116|   -8.165754|   -0.187394|    0.001070|
|        8530|    0.002401|  2.6286e-03|  -11.905666|   -8.168186|   -0.187394|    0.001070|
|        8531|    0.002236|  2.6286e-03|  -11.906219|   -8.168713|   -0.187394|    0.001070|
|        8532|    0.002769|  2.6286e-03|  -11.906769|   -8.169611|   -0.187394|    0.001070|
|        8533|    0.003872|  2.6287e-03|  -11.907320|   -8.169931|   -0.187394|    0.001070|
|        8534|    0.002785|  2.6287e-03|  -11.907873|   -8.170519|   -0.187394|    0.001070|
|        8535|    0.001920|  2.6287e-03|  -11.908420|   -8.171798|   -0.187394|    0.001070|
|        8536|    0.002400|  2.6286e-03|  -11.908964|   -8.172070|   -0.187394|    0.001070|
|        8537|    0.002286|  2.6286e-03|  -11.909517|   -8.172982|   -0.187394|    0.001070|
|        8538|    0.002437|  2.6286e-03|  -11.910063|   -8.172810|   -0.187394|    0.001070|
|        8539|    0.002496|  2.6286e-03|  -11.910609|   -8.172406|   -0.187394|    0.001070|
|        8540|    0.002936|  2.6286e-03|  -11.911159|   -8.173136|   -0.187394|    0.001070|
|        8541|    0.002280|  2.6286e-03|  -11.911705|   -8.173301|   -0.187394|    0.001070|
|        8542|    0.001843|  2.6285e-03|  -11.912251|   -8.175070|   -0.187394|    0.001070|
|        8543|    0.001998|  2.6284e-03|  -11.912800|   -8.174097|   -0.187394|    0.001070|
|        8544|    0.001838|  2.6283e-03|  -11.913344|   -8.175208|   -0.187394|    0.001070|
|        8545|    0.002679|  2.6283e-03|  -11.913892|   -8.175200|   -0.187394|    0.001070|
|        8546|    0.002324|  2.6283e-03|  -11.914436|   -8.177199|   -0.187394|    0.001070|
|        8547|    0.001984|  2.6282e-03|  -11.914982|   -8.177830|   -0.187394|    0.001070|
|        8548|    0.001888|  2.6281e-03|  -11.915527|   -8.177440|   -0.187394|    0.001070|
|        8549|    0.002005|  2.6280e-03|  -11.916074|   -8.178649|   -0.187394|    0.001070|
|        8550|    0.002215|  2.6280e-03|  -11.916618|   -8.180199|   -0.187394|    0.001070|
|        8551|    0.001922|  2.6279e-03|  -11.917164|   -8.181116|   -0.187394|    0.001070|
|        8552|    0.002119|  2.6278e-03|  -11.917709|   -8.182314|   -0.187394|    0.001070|
|        8553|    0.001890|  2.6278e-03|  -11.918251|   -8.182228|   -0.187394|    0.001070|
|        8554|    0.002246|  2.6277e-03|  -11.918798|   -8.183733|   -0.187394|    0.001070|
|        8555|    0.001980|  2.6276e-03|  -11.919343|   -8.185287|   -0.187394|    0.001070|
|        8556|    0.002011|  2.6276e-03|  -11.919885|   -8.186270|   -0.187394|    0.001070|
|        8557|    0.001836|  2.6275e-03|  -11.920426|   -8.186879|   -0.187394|    0.001070|
|        8558|    0.002081|  2.6274e-03|  -11.920968|   -8.189221|   -0.187394|    0.001070|
|        8559|    0.002507|  2.6274e-03|  -11.921512|   -8.188517|   -0.187394|    0.001070|
|        8560|    0.002812|  2.6274e-03|  -11.922055|   -8.190429|   -0.187394|    0.001070|
|        8561|    0.001967|  2.6273e-03|  -11.922602|   -8.190921|   -0.187394|    0.001070|
|        8562|    0.002016|  2.6273e-03|  -11.923143|   -8.191477|   -0.187394|    0.001070|
|        8563|    0.001951|  2.6272e-03|  -11.923682|   -8.192765|   -0.187394|    0.001070|
|        8564|    0.002058|  2.6271e-03|  -11.924225|   -8.193003|   -0.187394|    0.001070|
|        8565|    0.001883|  2.6270e-03|  -11.924767|   -8.195499|   -0.187394|    0.001070|
|        8566|    0.002917|  2.6271e-03|  -11.925310|   -8.195718|   -0.187394|    0.001070|
|        8567|    0.002009|  2.6270e-03|  -11.925848|   -8.196469|   -0.187394|    0.001070|
|        8568|    0.002521|  2.6270e-03|  -11.926389|   -8.197770|   -0.187394|    0.001070|
|        8569|    0.001951|  2.6269e-03|  -11.926932|   -8.198218|   -0.187394|    0.001070|
|        8570|    0.001910|  2.6268e-03|  -11.928030|   -8.021154|   -0.187394|    0.001070|
|        8571|    0.002014|  2.6267e-03|  -11.928460|   -8.178891|   -0.187394|    0.001070|
|        8572|    0.001876|  2.6267e-03|  -11.929068|   -8.200184|   -0.187394|    0.001070|
|        8573|    0.001965|  2.6266e-03|  -11.929655|   -8.204047|   -0.187394|    0.001070|
|        8574|    0.002657|  2.6266e-03|  -11.930186|   -8.207314|   -0.187394|    0.001070|
|        8575|    0.002190|  2.6265e-03|  -11.930693|   -8.202858|   -0.187394|    0.001070|
|        8576|    0.001893|  2.6264e-03|  -11.931756|   -8.016905|   -0.187394|    0.001070|
|        8577|    0.003006|  2.6265e-03|  -11.932195|   -8.174996|   -0.187394|    0.001070|
|        8578|    0.002517|  2.6265e-03|  -11.933382|   -8.025936|   -0.187394|    0.001070|
|        8579|    0.002274|  2.6264e-03|  -11.933848|   -8.183490|   -0.187394|    0.001070|
|        8580|    0.002018|  2.6264e-03|  -11.934448|   -8.204801|   -0.187394|    0.001070|
|        8581|    0.001894|  2.6263e-03|  -11.935005|   -8.206321|   -0.187394|    0.001070|
|        8582|    0.002558|  2.6263e-03|  -11.935512|   -8.205937|   -0.187394|    0.001070|
|        8583|    0.002771|  2.6263e-03|  -11.936022|   -8.202453|   -0.187394|    0.001070|
|        8584|    0.002789|  2.6263e-03|  -11.936546|   -8.198561|   -0.187394|    0.001070|
|        8585|    0.002017|  2.6262e-03|  -11.937094|   -8.198405|   -0.187394|    0.001070|
|        8586|    0.001990|  2.6262e-03|  -11.938197|   -8.026986|   -0.187394|    0.001070|
|        8587|    0.002738|  2.6262e-03|  -11.938646|   -8.184455|   -0.187394|    0.001070|
|        8588|    0.002372|  2.6261e-03|  -11.939267|   -8.212420|   -0.187394|    0.001070|
|        8589|    0.001984|  2.6261e-03|  -11.939851|   -8.220479|   -0.187394|    0.001070|
|        8590|    0.002903|  2.6261e-03|  -11.940369|   -8.224216|   -0.187394|    0.001070|
|        8591|    0.002447|  2.6261e-03|  -11.941405|   -8.042878|   -0.187394|    0.001070|
|        8592|    0.002073|  2.6260e-03|  -11.941832|   -8.195055|   -0.187394|    0.001070|
|        8593|    0.002012|  2.6259e-03|  -11.942451|   -8.215383|   -0.187394|    0.001070|
|        8594|    0.003127|  2.6260e-03|  -11.943051|   -8.223915|   -0.187394|    0.001070|
|        8595|    0.003010|  2.6261e-03|  -11.943584|   -8.228833|   -0.187394|    0.001070|
|        8596|    0.001958|  2.6260e-03|  -11.944095|   -8.227498|   -0.187394|    0.001070|
|        8597|    0.002616|  2.6260e-03|  -11.945139|   -8.045334|   -0.187394|    0.001070|
|        8598|    0.002326|  2.6259e-03|  -11.945578|   -8.200004|   -0.187394|    0.001070|
|        8599|    0.001906|  2.6259e-03|  -11.946209|   -8.222769|   -0.187394|    0.001070|
|        8600|    0.002110|  2.6258e-03|  -11.946805|   -8.231302|   -0.187394|    0.001070|
|        8601|    0.002362|  2.6258e-03|  -11.947335|   -8.233684|   -0.187394|    0.001070|
|        8602|    0.002031|  2.6257e-03|  -11.947834|   -8.233711|   -0.187394|    0.001070|
|        8603|    0.002233|  2.6256e-03|  -11.948342|   -8.229939|   -0.187394|    0.001070|
|        8604|    0.002097|  2.6256e-03|  -11.948874|   -8.226065|   -0.187394|    0.001070|
|        8605|    0.001875|  2.6255e-03|  -11.949427|   -8.227625|   -0.187394|    0.001070|
|        8606|    0.003231|  2.6256e-03|  -11.949978|   -8.231055|   -0.187394|    0.001070|
|        8607|    0.003459|  2.6257e-03|  -11.950522|   -8.233416|   -0.187394|    0.001070|
|        8608|    0.003138|  2.6257e-03|  -11.951060|   -8.235896|   -0.187394|    0.001070|
|        8609|    0.003003|  2.6258e-03|  -11.951594|   -8.238133|   -0.187394|    0.001070|
|        8610|    0.002978|  2.6258e-03|  -11.952128|   -8.240218|   -0.187394|    0.001070|
|        8611|    0.002211|  2.6258e-03|  -11.953181|   -8.065116|   -0.187394|    0.001070|
|        8612|    0.003415|  2.6259e-03|  -11.953633|   -8.219587|   -0.187394|    0.001070|
|        8613|    0.003606|  2.6260e-03|  -11.954256|   -8.240156|   -0.187394|    0.001070|
|        8614|    0.002054|  2.6259e-03|  -11.954840|   -8.246498|   -0.187394|    0.001070|
|        8615|    0.002453|  2.6259e-03|  -11.955360|   -8.248380|   -0.187394|    0.001070|
|        8616|    0.002594|  2.6259e-03|  -11.955862|   -8.246431|   -0.187394|    0.001070|
|        8617|    0.002844|  2.6259e-03|  -11.956889|   -8.062545|   -0.187394|    0.001070|
|        8618|    0.003837|  2.6260e-03|  -11.957345|   -8.215737|   -0.187394|    0.001070|
|        8619|    0.002676|  2.6261e-03|  -11.957978|   -8.239010|   -0.187394|    0.001070|
|        8620|    0.003036|  2.6261e-03|  -11.958569|   -8.244501|   -0.187394|    0.001070|
|        8621|    0.002315|  2.6261e-03|  -11.959096|   -8.249968|   -0.187394|    0.001070|
|        8622|    0.002181|  2.6260e-03|  -11.959591|   -8.248190|   -0.187394|    0.001070|
|        8623|    0.001906|  2.6259e-03|  -11.960601|   -8.064879|   -0.187394|    0.001070|
|        8624|    0.002210|  2.6259e-03|  -11.961069|   -8.218217|   -0.187394|    0.001070|
|        8625|    0.002381|  2.6258e-03|  -11.961705|   -8.240416|   -0.187394|    0.001070|
|        8626|    0.002087|  2.6258e-03|  -11.962299|   -8.249365|   -0.187394|    0.001070|
|        8627|    0.002311|  2.6258e-03|  -11.962825|   -8.254393|   -0.187394|    0.001070|
|        8628|    0.003034|  2.6258e-03|  -11.963318|   -8.252925|   -0.187394|    0.001070|
|        8629|    0.003876|  2.6259e-03|  -11.963820|   -8.250508|   -0.187394|    0.001070|
|        8630|    0.003034|  2.6260e-03|  -11.964350|   -8.246989|   -0.187394|    0.001070|
|        8631|    0.003280|  2.6261e-03|  -11.964897|   -8.247908|   -0.187394|    0.001070|
|        8632|    0.002697|  2.6261e-03|  -11.965447|   -8.252357|   -0.187394|    0.001070|
|        8633|    0.002022|  2.6260e-03|  -11.965993|   -8.255768|   -0.187394|    0.001070|
|        8634|    0.001890|  2.6259e-03|  -11.966530|   -8.257139|   -0.187394|    0.001070|
|        8635|    0.002357|  2.6259e-03|  -11.967059|   -8.260225|   -0.187394|    0.001070|
|        8636|    0.002866|  2.6259e-03|  -11.967589|   -8.263432|   -0.187394|    0.001070|
|        8637|    0.001919|  2.6258e-03|  -11.968117|   -8.264134|   -0.187394|    0.001070|
|        8638|    0.002166|  2.6258e-03|  -11.968647|   -8.264313|   -0.187394|    0.001070|
|        8639|    0.003908|  2.6259e-03|  -11.969189|   -8.267002|   -0.187394|    0.001070|
|        8640|    0.003409|  2.6260e-03|  -11.969723|   -8.266011|   -0.187394|    0.001070|
|        8641|    0.003141|  2.6261e-03|  -11.970258|   -8.268180|   -0.187394|    0.001070|
|        8642|    0.002999|  2.6261e-03|  -11.970791|   -8.268573|   -0.187394|    0.001070|
|        8643|    0.003635|  2.6262e-03|  -11.971320|   -8.269121|   -0.187394|    0.001070|
|        8644|    0.003068|  2.6263e-03|  -11.971855|   -8.269784|   -0.187394|    0.001070|
|        8645|    0.002738|  2.6263e-03|  -11.972388|   -8.269973|   -0.187394|    0.001070|
|        8646|    0.003365|  2.6264e-03|  -11.972920|   -8.271341|   -0.187394|    0.001070|
|        8647|    0.003845|  2.6265e-03|  -11.973451|   -8.270956|   -0.187394|    0.001070|
|        8648|    0.003870|  2.6267e-03|  -11.973980|   -8.270464|   -0.187394|    0.001070|
|        8649|    0.003277|  2.6267e-03|  -11.974513|   -8.271733|   -0.187394|    0.001070|
|        8650|    0.002880|  2.6268e-03|  -11.975046|   -8.271575|   -0.187394|    0.001070|
|        8651|    0.002881|  2.6268e-03|  -11.975579|   -8.271800|   -0.187394|    0.001070|
|        8652|    0.002927|  2.6268e-03|  -11.976112|   -8.270487|   -0.187394|    0.001070|
|        8653|    0.002275|  2.6268e-03|  -11.976642|   -8.272911|   -0.187394|    0.001070|
|        8654|    0.002445|  2.6268e-03|  -11.977174|   -8.273908|   -0.187394|    0.001070|
|        8655|    0.002976|  2.6268e-03|  -11.977705|   -8.273925|   -0.187394|    0.001070|
|        8656|    0.002523|  2.6268e-03|  -11.978237|   -8.273273|   -0.187394|    0.001070|
|        8657|    0.001874|  2.6267e-03|  -11.978763|   -8.275155|   -0.187394|    0.001070|
|        8658|    0.001890|  2.6266e-03|  -11.979299|   -8.275473|   -0.187394|    0.001070|
|        8659|    0.002820|  2.6267e-03|  -11.979831|   -8.275927|   -0.187394|    0.001070|
|        8660|    0.001889|  2.6266e-03|  -11.980362|   -8.276110|   -0.187394|    0.001070|
|        8661|    0.001851|  2.6265e-03|  -11.980890|   -8.278253|   -0.187394|    0.001070|
|        8662|    0.001996|  2.6264e-03|  -11.981421|   -8.278618|   -0.187394|    0.001070|
|        8663|    0.002582|  2.6264e-03|  -11.981956|   -8.279540|   -0.187394|    0.001070|
|        8664|    0.002021|  2.6263e-03|  -11.982485|   -8.279298|   -0.187394|    0.001070|
|        8665|    0.001874|  2.6262e-03|  -11.983016|   -8.281751|   -0.187394|    0.001070|
|        8666|    0.001988|  2.6262e-03|  -11.983547|   -8.281070|   -0.187394|    0.001070|
|        8667|    0.001833|  2.6261e-03|  -11.984074|   -8.283519|   -0.187394|    0.001070|
|        8668|    0.002416|  2.6261e-03|  -11.984606|   -8.284189|   -0.187394|    0.001070|
|        8669|    0.001988|  2.6260e-03|  -11.985139|   -8.284372|   -0.187394|    0.001070|
|        8670|    0.001896|  2.6259e-03|  -11.985668|   -8.284513|   -0.187394|    0.001070|
|        8671|    0.001842|  2.6258e-03|  -11.986197|   -8.286038|   -0.187394|    0.001070|
|        8672|    0.002354|  2.6258e-03|  -11.986729|   -8.286610|   -0.187394|    0.001070|
|        8673|    0.002503|  2.6258e-03|  -11.987257|   -8.288424|   -0.187394|    0.001070|
|        8674|    0.001921|  2.6257e-03|  -11.987787|   -8.288573|   -0.187394|    0.001070|
|        8675|    0.001927|  2.6256e-03|  -11.988318|   -8.288792|   -0.187394|    0.001070|
|        8676|    0.001802|  2.6255e-03|  -11.988848|   -8.289177|   -0.187394|    0.001070|
|        8677|    0.002054|  2.6254e-03|  -11.989376|   -8.289959|   -0.187394|    0.001070|
|        8678|    0.002536|  2.6254e-03|  -11.989911|   -8.291632|   -0.187394|    0.001070|
|        8679|    0.003037|  2.6255e-03|  -11.990437|   -8.291306|   -0.187394|    0.001070|
|        8680|    0.002106|  2.6254e-03|  -11.990964|   -8.292223|   -0.187394|    0.001070|
|        8681|    0.001883|  2.6253e-03|  -11.991497|   -8.293828|   -0.187394|    0.001070|
|        8682|    0.001858|  2.6252e-03|  -11.992025|   -8.293597|   -0.187394|    0.001070|
|        8683|    0.001891|  2.6252e-03|  -11.992553|   -8.294088|   -0.187394|    0.001070|
|        8684|    0.001942|  2.6251e-03|  -11.993085|   -8.295151|   -0.187394|    0.001070|
|        8685|    0.001914|  2.6250e-03|  -11.993615|   -8.294790|   -0.187394|    0.001070|
|        8686|    0.002682|  2.6250e-03|  -11.994147|   -8.296786|   -0.187394|    0.001070|
|        8687|    0.001998|  2.6249e-03|  -11.994673|   -8.296794|   -0.187394|    0.001070|
|        8688|    0.001868|  2.6248e-03|  -11.995203|   -8.297950|   -0.187394|    0.001070|
|        8689|    0.001876|  2.6248e-03|  -11.995729|   -8.296967|   -0.187394|    0.001070|
|        8690|    0.001828|  2.6247e-03|  -11.996259|   -8.300166|   -0.187394|    0.001070|
|        8691|    0.001866|  2.6246e-03|  -11.996791|   -8.299379|   -0.187394|    0.001070|
|        8692|    0.001854|  2.6245e-03|  -11.997316|   -8.300597|   -0.187394|    0.001070|
|        8693|    0.001861|  2.6244e-03|  -11.997848|   -8.301373|   -0.187394|    0.001070|
|        8694|    0.001838|  2.6243e-03|  -11.998380|   -8.301626|   -0.187394|    0.001070|
|        8695|    0.001913|  2.6242e-03|  -11.998906|   -8.301891|   -0.187394|    0.001070|
|        8696|    0.001834|  2.6241e-03|  -11.999436|   -8.303428|   -0.187394|    0.001070|
|        8697|    0.002221|  2.6241e-03|  -11.999967|   -8.304279|   -0.187394|    0.001070|
|        8698|    0.002387|  2.6241e-03|  -12.000493|   -8.304409|   -0.187394|    0.001070|

----------------------------- Solver Exit -------------------------------
All convergence criteria satisfied.
+-----------------------------------------------------------------------+
|      Convergence Field     |     Value    |   Criterion  |  Converged |
+-----------------------------------------------------------------------+
|                    rms[Rho]|      -12.0005|         < -12|         Yes|
+-----------------------------------------------------------------------+
-------------------------------------------------------------------------
+-----------------------------------------------------------------------+
|        File Writing Summary       |              Filename             |
+-----------------------------------------------------------------------+
|SU2 binary restart                 |restart_flow.dat                   |
|Paraview                           |flow.vtu                           |
|Paraview surface                   |surface_flow.vtu                   |
+-----------------------------------------------------------------------+

--------------------------- Finalizing Solver ---------------------------
Deleted CNumerics container.
Deleted CIntegration container.
Deleted CSolver container.
Deleted CIteration container.
Deleted CInterface container.
Deleted CGeometry container.
Deleted CFreeFormDefBox class.
Deleted CSurfaceMovement class.
Deleted CVolumetricMovement class.
Deleted CConfig container.
Deleted nInst container.
Deleted COutput class.
-------------------------------------------------------------------------

------------------------- Exit Success (SU2_CFD) ------------------------

